/*
Navicat MySQL Data Transfer

Source Server         : TDOA
Source Server Version : 50525
Source Host           : localhost:3305
Source Database       : td_oa

Target Server Type    : MYSQL
Target Server Version : 50525
File Encoding         : 65001

Date: 2017-12-18 23:53:43
*/

SET FOREIGN_KEY_CHECKS=0;

-- ----------------------------
-- Table structure for accident
-- ----------------------------
DROP TABLE IF EXISTS `accident`;
CREATE TABLE `accident` (
  `id` int(11) NOT NULL AUTO_INCREMENT,
  `accident_no` varchar(255) NOT NULL,
  `the_centre` int(11) NOT NULL,
  `accident_time` int(11) NOT NULL,
  `location` varchar(255) NOT NULL,
  `form` varchar(255) NOT NULL,
  `all_duty` varchar(255) NOT NULL,
  `same_duty` varchar(255) NOT NULL,
  `other_duty` text NOT NULL,
  `suggestion` text NOT NULL,
  `submit_time` int(11) NOT NULL,
  `submit_user` int(11) NOT NULL,
  `create_time` int(11) NOT NULL,
  `update_time` int(11) NOT NULL,
  `status` int(11) NOT NULL,
  `audit_suggestion` varchar(255) NOT NULL,
  `audit_user` int(11) NOT NULL,
  `audit_time` int(11) NOT NULL,
  `remark` text NOT NULL,
  PRIMARY KEY (`id`)
) ENGINE=InnoDB DEFAULT CHARSET=utf8;

-- ----------------------------
-- Records of accident
-- ----------------------------

-- ----------------------------
-- Table structure for accident_audit_log
-- ----------------------------
DROP TABLE IF EXISTS `accident_audit_log`;
CREATE TABLE `accident_audit_log` (
  `id` int(11) NOT NULL AUTO_INCREMENT,
  `accident_id` int(11) NOT NULL,
  `audit_status` int(11) NOT NULL,
  `audit_suggestion` text NOT NULL,
  `audit_user` int(11) NOT NULL,
  `audit_time` int(11) NOT NULL,
  PRIMARY KEY (`id`)
) ENGINE=InnoDB DEFAULT CHARSET=utf8;

-- ----------------------------
-- Records of accident_audit_log
-- ----------------------------

-- ----------------------------
-- Table structure for accident_code
-- ----------------------------
DROP TABLE IF EXISTS `accident_code`;
CREATE TABLE `accident_code` (
  `id` int(11) NOT NULL AUTO_INCREMENT,
  `category` varchar(255) NOT NULL,
  `name` varchar(255) NOT NULL,
  `order_no` int(11) NOT NULL,
  `is_buildin` int(11) NOT NULL,
  PRIMARY KEY (`id`)
) ENGINE=InnoDB DEFAULT CHARSET=utf8;

-- ----------------------------
-- Records of accident_code
-- ----------------------------

-- ----------------------------
-- Table structure for accident_photo
-- ----------------------------
DROP TABLE IF EXISTS `accident_photo`;
CREATE TABLE `accident_photo` (
  `id` int(11) NOT NULL AUTO_INCREMENT,
  `accident_id` int(11) NOT NULL,
  `category` int(11) NOT NULL,
  `file_name` varchar(255) NOT NULL,
  `md5_value` varchar(255) NOT NULL,
  `create_time` int(11) NOT NULL,
  PRIMARY KEY (`id`)
) ENGINE=InnoDB DEFAULT CHARSET=utf8;

-- ----------------------------
-- Records of accident_photo
-- ----------------------------

-- ----------------------------
-- Table structure for accident_street
-- ----------------------------
DROP TABLE IF EXISTS `accident_street`;
CREATE TABLE `accident_street` (
  `id` int(11) NOT NULL AUTO_INCREMENT,
  `name` varchar(255) NOT NULL,
  `parent_name` varchar(255) NOT NULL,
  PRIMARY KEY (`id`)
) ENGINE=InnoDB DEFAULT CHARSET=utf8;

-- ----------------------------
-- Records of accident_street
-- ----------------------------

-- ----------------------------
-- Table structure for accident_user
-- ----------------------------
DROP TABLE IF EXISTS `accident_user`;
CREATE TABLE `accident_user` (
  `id` int(11) NOT NULL AUTO_INCREMENT,
  `accident_id` int(11) NOT NULL,
  `name` varchar(255) NOT NULL,
  `driver_licence` varchar(255) NOT NULL,
  `car_no` varchar(255) NOT NULL,
  `insurance_company` varchar(255) NOT NULL,
  `insurance_no` varchar(255) NOT NULL,
  `hit_part` varchar(255) NOT NULL,
  PRIMARY KEY (`id`)
) ENGINE=InnoDB DEFAULT CHARSET=utf8;

-- ----------------------------
-- Records of accident_user
-- ----------------------------

-- ----------------------------
-- Table structure for address
-- ----------------------------
DROP TABLE IF EXISTS `address`;
CREATE TABLE `address` (
  `id` int(11) NOT NULL AUTO_INCREMENT COMMENT '自增主键',
  `user_id` int(11) NOT NULL DEFAULT '0' COMMENT '创建人id',
  `group_id` int(11) NOT NULL DEFAULT '0' COMMENT '分组id',
  `psn_name` varchar(120) NOT NULL DEFAULT '' COMMENT '联系人姓名',
  `psn_name_index` varchar(32) NOT NULL DEFAULT '' COMMENT '名称拼音索引',
  `sex` char(1) NOT NULL DEFAULT '' COMMENT '联系人性别',
  `nick_name` varchar(50) NOT NULL DEFAULT '' COMMENT '联系人昵称',
  `birthday` int(11) NOT NULL DEFAULT '0' COMMENT '联系人生日',
  `ministration` varchar(50) NOT NULL DEFAULT '' COMMENT '联系人职务',
  `mate` varchar(50) NOT NULL DEFAULT '' COMMENT '联系人配偶',
  `child` varchar(50) NOT NULL DEFAULT '' COMMENT '联系人子女',
  `dept_name` varchar(50) NOT NULL DEFAULT '' COMMENT '联系人单位名称',
  `add_dept` varchar(200) NOT NULL DEFAULT '' COMMENT '联系人单位地址',
  `post_no_dept` varchar(50) NOT NULL DEFAULT '' COMMENT '联系人单位邮编',
  `tel_no_dept` varchar(50) NOT NULL DEFAULT '' COMMENT '联系人工作电话',
  `fax_no_dept` varchar(50) NOT NULL DEFAULT '' COMMENT '联系人工作传真',
  `add_home` varchar(200) NOT NULL DEFAULT '' COMMENT '联系人家庭地址',
  `post_no_home` varchar(50) NOT NULL DEFAULT '' COMMENT '联系人家庭邮编',
  `tel_no_home` varchar(50) NOT NULL DEFAULT '' COMMENT '联系人家庭电话',
  `mobile_no` varchar(50) NOT NULL DEFAULT '' COMMENT '联系人手机号',
  `bp_no` varchar(50) NOT NULL DEFAULT '' COMMENT '联系人小灵通',
  `email` varchar(100) NOT NULL DEFAULT '' COMMENT '联系人电子邮件',
  `qicq_no` varchar(50) NOT NULL DEFAULT '' COMMENT '联系人QQ号',
  `icq_no` varchar(50) NOT NULL DEFAULT '' COMMENT '联系人MSN号',
  `notes` text NOT NULL COMMENT '联系人备注',
  `psn_no` int(11) NOT NULL DEFAULT '0',
  `sms_flag` char(1) NOT NULL DEFAULT '0',
  `share_user` text NOT NULL COMMENT '把联系人共享给系统指定用户',
  `manage_user` text NOT NULL COMMENT '把联系人管理权限给系统指定用户',
  `add_share_name` varchar(11) NOT NULL COMMENT '联系人管理权限给系统指定用户',
  `add_start` int(11) NOT NULL DEFAULT '0' COMMENT '共享开始时间',
  `create_time` int(11) NOT NULL COMMENT '共享开始时间',
  `add_end` int(11) NOT NULL DEFAULT '0' COMMENT '共享结束时间',
  `add_field` text NOT NULL,
  PRIMARY KEY (`id`),
  KEY `idx_user_id` (`user_id`),
  KEY `idx_group_id` (`group_id`),
  KEY `idx_psn_name` (`psn_name`)
) ENGINE=InnoDB AUTO_INCREMENT=13 DEFAULT CHARSET=utf8;

-- ----------------------------
-- Records of address
-- ----------------------------
INSERT INTO `address` VALUES ('1', '1', '1', '王林宗', '', '1', '', '0', '', '', '', '', '', '', '88522116', '', '', '', '', '13866969695', '', '', '', '', '', '0', '0', '', '1,', '王林宗', '0', '1371189524', '0', '');
INSERT INTO `address` VALUES ('2', '1', '1', '毛慧青', '', '1', '', '0', '', '', '', '', '', '', '88502952', '', '', '', '', '13677362746', '', '', '', '', '', '0', '0', '', '', '', '0', '1371190311', '0', '');
INSERT INTO `address` VALUES ('3', '1', '1', '刘云青', '', '1', '', '0', '', '', '', '', '', '', '88506091', '', '', '', '', '16877894487', '', '', '', '', '', '0', '0', '', '', '', '0', '1371190355', '0', '');
INSERT INTO `address` VALUES ('4', '1', '1', '叶宝国', '', '1', '', '0', '', '', '', '', '', '', '', '', '', '', '', '13543435656', '', '', '', '', '', '0', '0', '', '', '', '0', '1371190463', '0', '');
INSERT INTO `address` VALUES ('5', '1', '2', '李新旺', '', '1', '', '0', '', '', '', '', '', '', '', '', '', '', '', '13876768989', '', '', '', '', '', '0', '0', '', '', '', '0', '1371190479', '0', '');
INSERT INTO `address` VALUES ('6', '1', '2', '李俊舞', '', '1', '', '0', '', '', '', '', '', '', '', '', '', '', '', '13434345656', '', '', '', '', '', '0', '0', '', '1,', '李俊舞', '0', '1371190497', '0', '');
INSERT INTO `address` VALUES ('7', '1', '2', '徐旭勇', '', '1', '', '0', '', '', '', '', '', '', '', '', '', '', '', '13234345656', '', '', '', '', '', '0', '0', '', '', '', '0', '1371190554', '0', '');
INSERT INTO `address` VALUES ('8', '1', '2', '林友谊', '', '1', '', '0', '', '', '', '', '', '', '', '', '', '', '', '146787890', '', '', '', '', '', '0', '0', '', '1,', '林友谊', '0', '1371190571', '0', '');
INSERT INTO `address` VALUES ('9', '1', '2', '周成春', '', '1', '', '0', '', '', '', '', '', '', '', '', '', '', '', '156787890', '', '', '', '', '', '0', '0', '', '', '', '0', '1371190594', '0', '');
INSERT INTO `address` VALUES ('10', '1', '3', '杨闻捷', '', '1', '', '0', '', '', '', '', '', '', '', '', '', '', '', '14567678989', '', '', '', '', '', '0', '0', '', '', '', '0', '1371190614', '0', '');
INSERT INTO `address` VALUES ('11', '1', '3', '姜美玲', '', '1', '', '0', '', '', '', '', '', '', '', '', '', '', '', '14789890901', '', '', '', '', '', '0', '0', '', '', '', '0', '1371190629', '0', '');
INSERT INTO `address` VALUES ('12', '1', '3', '周进海', '', '1', '', '0', '', '', '', '', '', '', '', '', '', '', '', '16789090911', '', '', '', '', '', '0', '0', '', '1,', '周进海', '0', '1371190669', '0', '');

-- ----------------------------
-- Table structure for address_group
-- ----------------------------
DROP TABLE IF EXISTS `address_group`;
CREATE TABLE `address_group` (
  `id` int(11) NOT NULL AUTO_INCREMENT COMMENT '自增主键',
  `group_name` varchar(200) NOT NULL DEFAULT '' COMMENT '分组名称',
  `user_id` varchar(200) NOT NULL DEFAULT '' COMMENT '分组创建者',
  `order_no` int(11) NOT NULL DEFAULT '0',
  `support_dept` text NOT NULL,
  `support_user` text NOT NULL,
  `share_group_id` int(11) NOT NULL,
  `share_user_id` varchar(200) NOT NULL,
  PRIMARY KEY (`id`),
  KEY `idx_group_name` (`group_name`),
  KEY `idx_user_id` (`user_id`),
  KEY `idx_order_no` (`order_no`)
) ENGINE=InnoDB AUTO_INCREMENT=4 DEFAULT CHARSET=utf8;

-- ----------------------------
-- Records of address_group
-- ----------------------------
INSERT INTO `address_group` VALUES ('1', '市政府', '1', '0', '', '', '0', '');
INSERT INTO `address_group` VALUES ('2', '开发区企业', '1', '0', '', '', '0', '');
INSERT INTO `address_group` VALUES ('3', '日常事务', '1', '0', '', '', '0', '');

-- ----------------------------
-- Table structure for application
-- ----------------------------
DROP TABLE IF EXISTS `application`;
CREATE TABLE `application` (
  `id` int(11) NOT NULL AUTO_INCREMENT COMMENT '自增主键',
  `category_id` int(11) NOT NULL DEFAULT '0' COMMENT '分类ID',
  `app_name` varchar(40) NOT NULL DEFAULT '' COMMENT '应用名',
  `app_path` varchar(255) NOT NULL DEFAULT '' COMMENT '应用路径',
  `app_icon` varchar(40) NOT NULL DEFAULT '' COMMENT '应用图标',
  `app_desc` varchar(255) NOT NULL DEFAULT '' COMMENT '应用描述',
  `app_order` int(11) NOT NULL COMMENT '应用排序号',
  `is_open` tinyint(4) NOT NULL DEFAULT '0' COMMENT '0:不在新窗口打开;1:在新窗口打开',
  PRIMARY KEY (`id`),
  KEY `category_id` (`category_id`),
  CONSTRAINT `category_id` FOREIGN KEY (`category_id`) REFERENCES `app_category` (`id`) ON UPDATE CASCADE
) ENGINE=InnoDB AUTO_INCREMENT=231 DEFAULT CHARSET=utf8;

-- ----------------------------
-- Records of application
-- ----------------------------
INSERT INTO `application` VALUES ('1', '1', '个人邮件', 'email/inbox/index', 'icon-envelop-2', '接收和发送邮件', '0', '0');
INSERT INTO `application` VALUES ('2', '1', '消息管理', 'message/message/list', 'icon-bubble-dots-3', '查看系统消息及用户聊天漫游记录', '0', '0');
INSERT INTO `application` VALUES ('3', '1', '应用提醒', 'notification/default/index', 'icon-volume-medium-2', '管理OA事务提醒', '0', '0');
INSERT INTO `application` VALUES ('4', '1', '手机短信', 'sms/default/index', 'icon-mobile', '发送手机短信', '0', '0');
INSERT INTO `application` VALUES ('5', '1', '日程安排', 'calendar/default/index', 'icon-calendar-2', '管理您的日程安排', '0', '0');
INSERT INTO `application` VALUES ('6', '1', '个人文件柜', 'file/private/index', 'icon-folder-open-2', '您的个人文件存储服务', '0', '0');
INSERT INTO `application` VALUES ('7', '1', '工作日志', 'diary/default/index', 'icon-address-book', '管理您的工作日志', '0', '0');
INSERT INTO `application` VALUES ('8', '1', '通讯簿', 'address/default/public', 'icon-address-book', '管理您的通讯簿', '0', '0');
INSERT INTO `application` VALUES ('9', '1', '便签', 'note/default/index', 'icon-quill-3', '记录和规划您的工作事项', '0', '0');
INSERT INTO `application` VALUES ('10', '1', '控制面板', 'settings/profile/index', 'icon-cogs', '管理您的个性化设置', '4', '0');
INSERT INTO `application` VALUES ('11', '1', '即时通讯群', 'ispirit/management/index', 'icon-cogs', '即时通讯相关管理功能', '3', '0');
INSERT INTO `application` VALUES ('25', '3', '新闻', 'news/default/index', 'icon-newspaper', '新闻中心', '0', '0');
INSERT INTO `application` VALUES ('26', '3', '新闻管理', 'news/admin/index', 'icon-newspaper', '新闻管理', '0', '0');
INSERT INTO `application` VALUES ('27', '3', '公告通知', 'notify/default/index', 'icon-bullhorn', '公告通知', '0', '0');
INSERT INTO `application` VALUES ('28', '3', '公告通知管理', 'notify/admin/index', 'icon-bullhorn', '公告通知管理', '0', '0');
INSERT INTO `application` VALUES ('29', '3', '投票', 'vote/default/index', 'icon-ticket', '所有投票', '0', '0');
INSERT INTO `application` VALUES ('30', '3', '投票管理', 'vote/admin/index', 'icon-ticket', '一般性事务投票表决', '0', '0');
INSERT INTO `application` VALUES ('37', '4', '发起事务', 'workflow/app/approval', ' icon-file-plus-2', '发起审批任务', '0', '0');
INSERT INTO `application` VALUES ('38', '4', '待办事务', 'workflow/app/index', 'icon-stack-list', '我的待办行政审批任务', '0', '0');
INSERT INTO `application` VALUES ('39', '4', '事务查询', 'workflow/query/index', 'icon-search-2', '按权限任务审批任务', '0', '0');
INSERT INTO `application` VALUES ('40', '4', '事务监控', 'workflow/appmanage/index', 'icon-stack-user', '管理员对行政审批任务进行监控', '0', '0');
INSERT INTO `application` VALUES ('41', '4', '事务统计', 'workflow/appstat/index', 'icon-chart', '统计图表展示', '0', '0');
INSERT INTO `application` VALUES ('46', '6', '档案借阅', 'archive/borrow/index', 'icon-reading', '档案、文件借阅办理', '5', '0');
INSERT INTO `application` VALUES ('47', '6', '档案管理', 'archive/manage/index', 'icon-archive', '管理归档文件', '4', '0');
INSERT INTO `application` VALUES ('48', '6', '卷库管理', 'archive/catalogue/admin', 'icon-library', '卷库管理', '1', '0');
INSERT INTO `application` VALUES ('49', '6', '文件管理', 'archive/default/admin', 'icon-books', '预归档管理', '2', '0');
INSERT INTO `application` VALUES ('50', '6', '档案设置', 'archive/setting/default', 'icon-cog-3', '档案系统管理', '9', '0');
INSERT INTO `application` VALUES ('51', '6', '日志管理', 'archive/log/index', 'icon-list-5', '档案日志管理', '8', '0');
INSERT INTO `application` VALUES ('52', '6', '档案统计', 'archive/chart/index', 'icon-chart', '档案统计', '6', '0');
INSERT INTO `application` VALUES ('56', '8', '图书借阅', 'book/default/index', 'icon-book', '图书借阅申请', '0', '0');
INSERT INTO `application` VALUES ('57', '8', '图书管理', 'book/admin/index', 'icon-book', '图书信息管理与维护', '0', '0');
INSERT INTO `application` VALUES ('58', '11', '办公用品管理', 'office/supplies/index', 'icon-cart-6', '用车申请', '0', '0');
INSERT INTO `application` VALUES ('59', '23', '车辆管理', 'vehicle/default/index', 'icon-car', '车辆信息维护与管理', '0', '0');
INSERT INTO `application` VALUES ('60', '11', '会议申请', 'meeting/apply/index', 'icon-user-7', '会议申请', '0', '0');
INSERT INTO `application` VALUES ('61', '11', '会议审批', 'meeting/approval/index', 'icon-quill-2', '会议审批', '0', '0');
INSERT INTO `application` VALUES ('62', '11', '会议查询', 'meeting/search/index', 'icon-search-4', '会议查询', '0', '0');
INSERT INTO `application` VALUES ('63', '11', '会议设置', 'meeting/default/index', 'icon-cog-7', '基础设置', '0', '0');
INSERT INTO `application` VALUES ('64', '11', '资产管理', 'asset/admin/index', 'icon-coins', '资产管理', '1', '0');
INSERT INTO `application` VALUES ('65', '8', '公共文件柜', 'file/public/index', 'icon-folder-download', '提供文件共享功能，目录支持复杂权限分级', '0', '0');
INSERT INTO `application` VALUES ('66', '8', '公共文件柜设置', 'file/config/index', 'icon-cog', '公共文件柜权限设置', '0', '0');
INSERT INTO `application` VALUES ('71', '9', '系统代码管理', 'sys/code/index', 'icon-code', '系统分类代码数据维护', '0', '0');
INSERT INTO `application` VALUES ('72', '9', '系统参数管理', 'sys/params/interface', 'icon-code', '系统参数维护', '0', '0');
INSERT INTO `application` VALUES ('73', '9', '系统资源管理', 'sys/resource/index', 'icon-storage', '系统数据资源管理', '0', '0');
INSERT INTO `application` VALUES ('74', '9', '系统提醒设置', 'sys/remind/index', 'icon-notification', '系统提醒设置', '0', '0');
INSERT INTO `application` VALUES ('76', '9', '桌面模块管理', 'sys/desktop/index', 'icon-screen-3', '桌面模块管理', '0', '0');
INSERT INTO `application` VALUES ('78', '9', '应用管理', 'sys/app/index', 'icon-cube', '管理系统应用', '0', '0');
INSERT INTO `application` VALUES ('79', '9', '数据库管理', 'sys/database/list', 'icon-database', '数据库管理（管理员高级操作，慎用！）', '0', '0');
INSERT INTO `application` VALUES ('80', '9', '附件管理', 'sys/attachment/position', 'icon-attachment', '附件存储相关设置', '0', '0');
INSERT INTO `application` VALUES ('81', '9', '定时任务管理', 'sys/task/index', 'icon-clock', '定时任务管理', '0', '0');
INSERT INTO `application` VALUES ('82', '9', '日志管理', 'sys/log/index', 'icon-database', '系统日志管理', '0', '0');
INSERT INTO `application` VALUES ('83', '9', '印章管理', 'sys/seal/index', 'icon-pushpin', '电子印章管理', '0', '0');
INSERT INTO `application` VALUES ('84', '9', '表单管理', 'form/sort/index', 'icon-table', 'AIP、HTML多种类型表单管理', '0', '0');
INSERT INTO `application` VALUES ('85', '9', '自动编号', 'sys/rule/index', 'icon-interset', '规则生成模块', '0', '0');
INSERT INTO `application` VALUES ('86', '9', '流程管理', 'workflow/define/index', 'icon-network', '流程引擎管理', '0', '0');
INSERT INTO `application` VALUES ('87', '4', '事务流程管理', 'workflow/defineapp/index', 'icon-cube-3', '流程应用管理', '0', '0');
INSERT INTO `application` VALUES ('88', '9', '接口管理', 'webservice/default/exefunctions', 'icon-cogs', 'webservice管理应用', '0', '0');
INSERT INTO `application` VALUES ('90', '9', '信息发布设置', 'sys/information/default/index', 'icon-cogs', '信息发布设置', '0', '0');
INSERT INTO `application` VALUES ('91', '9', '模版管理', 'sys/template/index', 'icon-insert-template', '模版管理', '0', '0');
INSERT INTO `application` VALUES ('92', '9', '系统模块管理', 'sys/module/index', 'icon-cube4', '系统模块管理', '0', '0');
INSERT INTO `application` VALUES ('93', '9', '短信设置', 'sms/config/index', 'icon-mobile-3', '手机短信管理', '0', '0');
INSERT INTO `application` VALUES ('94', '9', '实用工具管理', 'sys/toolkits/index', 'icon-tools', '实用工具管理', '0', '0');
INSERT INTO `application` VALUES ('95', '9', '系统文档管理', 'help/index/index', 'icon-question', '内置系统帮助文档管理', '0', '1');
INSERT INTO `application` VALUES ('96', '9', '系统文档', 'help/list/index', 'icon-question', '内置系统帮助文档', '0', '1');
INSERT INTO `application` VALUES ('97', '9', '界面管理', 'theme/manage/index', 'icon-screen', '用户界面管理', '9', '0');
INSERT INTO `application` VALUES ('98', '9', '系统信息', 'sys/info/index', 'icon-info', '系统基本信息', '99', '0');
INSERT INTO `application` VALUES ('99', '10', '门户管理', 'cms/default/index', 'icon-home-10', '站点管理', '0', '0');
INSERT INTO `application` VALUES ('100', '10', '栏目管理', 'cms/category/index', 'icon-folder-6', '栏目管理', '0', '0');
INSERT INTO `application` VALUES ('101', '10', '内容管理', 'cms/content/index', 'icon-file-8', '内容管理', '0', '0');
INSERT INTO `application` VALUES ('102', '10', '发布管理', 'cms/publish/index', 'icon-podcast-3', '发布管理', '0', '0');
INSERT INTO `application` VALUES ('103', '12', '单位管理', 'sys/unit/index', 'icon-office', '单位信息管理', '1', '0');
INSERT INTO `application` VALUES ('104', '12', '用户管理', 'sys/user/index', 'icon-user', '用户信息管理', '2', '0');
INSERT INTO `application` VALUES ('105', '12', '组织管理', 'sys/org/index', 'icon-tree-5', '组织机构管理', '3', '0');
INSERT INTO `application` VALUES ('107', '12', '岗位管理', 'sys/position/index', 'icon-stack-user', '用户维度管理', '5', '0');
INSERT INTO `application` VALUES ('108', '12', '角色管理', 'sys/auth/role/index', 'icon-users', '用户角色管理', '6', '0');
INSERT INTO `application` VALUES ('109', '12', '授权管理', 'sys/auth/assignment/index', 'icon-user-plus', '用户权限管理', '7', '0');
INSERT INTO `application` VALUES ('112', '9', '公共通讯簿设置', 'address/setting/index', 'icon-cog-2', '管理公共通讯簿分组', '0', '0');
INSERT INTO `application` VALUES ('113', '1', '工作委托', 'delegate/default/index', 'icon-arrow-5', '委托工作', '2', '0');
INSERT INTO `application` VALUES ('114', '9', '服务器监控', 'sys/monitor/index', 'icon-office', '监控服务器', '0', '0');
INSERT INTO `application` VALUES ('115', '9', '移动应用设置', 'sys/mobile/index', 'icon-mobile', '移动应用设置', '0', '0');
INSERT INTO `application` VALUES ('116', '1', '个人考勤', 'attendance/personal/index', 'icon-user', '个人考勤', '0', '0');
INSERT INTO `application` VALUES ('117', '21', '考勤设置', 'attendance/config/index', 'icon-cog', '考勤设置', '1', '0');
INSERT INTO `application` VALUES ('118', '11', '我的会议', 'meeting/mymeeting/index', 'icon-user-7', '我的会议', '0', '0');
INSERT INTO `application` VALUES ('119', '12', '公共分组管理', 'sys/group/index', 'icon-user-3', '管理公共用户组和公共部门组', '7', '0');
INSERT INTO `application` VALUES ('122', '13', '档案信息', 'edufile/file/index', 'icon-file', '档案信息', '0', '0');
INSERT INTO `application` VALUES ('125', '14', '课程设置', 'educourse/setting/index', 'icon-cog', '课程设置', '1', '0');
INSERT INTO `application` VALUES ('129', '14', '任课老师', 'eduteacher/default/index', 'icon-user', '任课老师', '6', '0');
INSERT INTO `application` VALUES ('130', '14', '电子校历', 'educalendar/Calendar/index', 'icon-calendar', '电子校历', '7', '0');
INSERT INTO `application` VALUES ('131', '15', '教学资料 ', 'eduresources/default/index', 'icon-stack-empty', '教学资料 ', '0', '0');
INSERT INTO `application` VALUES ('132', '15', '学生作业', 'eduhomework/admin/index', 'icon-pencil-5', '学生作业', '0', '0');
INSERT INTO `application` VALUES ('133', '15', '实践活动', 'edupractice/default/index', 'icon-flip-2', '实践活动', '0', '0');
INSERT INTO `application` VALUES ('136', '16', '学生组织', 'eduorg/default/create', 'icon-cog', '年级班级', '0', '0');
INSERT INTO `application` VALUES ('137', '16', '学生家长', 'edustudent/default/index', 'icon-user', '学生信息', '0', '0');
INSERT INTO `application` VALUES ('139', '16', '班委管理', 'educommittee/committee/index', 'icon-cog', '班委管理', '0', '0');
INSERT INTO `application` VALUES ('140', '16', '学生奖惩', 'edureward/default/index', 'icon-bookmark', '学生奖惩', '0', '0');
INSERT INTO `application` VALUES ('141', '16', '学生照片', 'edualbum/admin/index', 'icon-vcard', '学生照片', '0', '0');
INSERT INTO `application` VALUES ('142', '16', '学生文章', 'eduarticle/article/index', 'icon-file', '学生文章\n', '0', '0');
INSERT INTO `application` VALUES ('143', '17', '学籍信息', 'edusrecord/default/index', 'icon-newspaper', '学籍信息', '0', '0');
INSERT INTO `application` VALUES ('144', '17', '学籍查询', 'edusrecord/default/list', 'icon-search-2', '学籍查询', '0', '0');
INSERT INTO `application` VALUES ('145', '17', '学籍统计', 'edusrecord/default/chart', 'icon-bars-2', '学籍统计', '0', '0');
INSERT INTO `application` VALUES ('149', '17', '学籍代码设置', 'edusrecord/srecordCode/index', 'icon-code', '学籍代码设置', '0', '0');
INSERT INTO `application` VALUES ('150', '17', '班主任学籍管理', 'edusrecord/default/headmaster', 'icon-cog-5', '班主任学籍管理', '0', '0');
INSERT INTO `application` VALUES ('151', '18', '考试管理', 'eduexam/admin/index', 'icon-cog-2', '考试管理', '0', '0');
INSERT INTO `application` VALUES ('152', '18', '成绩录入', 'eduscore/default/index', 'icon-cog-2', '成绩管理', '0', '0');
INSERT INTO `application` VALUES ('158', '20', '教育分享', 'edushare/admin/index', 'icon-share-2', '教育分享', '1', '0');
INSERT INTO `application` VALUES ('159', '20', '校讯管理', 'edumotto/default/index', 'icon-file-4', '校讯管理', '2', '0');
INSERT INTO `application` VALUES ('161', '20', '提问管理', 'eduxsjzask/default/index', 'icon-question', '提问管理', '3', '0');
INSERT INTO `application` VALUES ('162', '20', '群信息管理', 'edumessage/default/index', 'icon-users-4', '群信息管理', '5', '0');
INSERT INTO `application` VALUES ('163', '14', '课表管理', 'eduarrangecourse/default/index', 'icon-home-8', '', '2', '0');
INSERT INTO `application` VALUES ('164', '20', '问卷调查(学生/家长)', 'edusurvey/admin/index', 'icon-pencil-4', '', '7', '0');
INSERT INTO `application` VALUES ('165', '20', '手机短信(学生/家长)', 'edusms/default/index', 'icon-mobile', '', '8', '0');
INSERT INTO `application` VALUES ('168', '13', '进修培训', 'edutrainingplan/default/index', 'icon-stairs-down', '', '0', '0');
INSERT INTO `application` VALUES ('169', '14', '教务设置', 'sys/params/edusetpara', 'icon-cogs', '', '8', '0');
INSERT INTO `application` VALUES ('170', '13', '获奖审批', 'eduteacheraward/default/index', 'icon-stack-checkmark', '获奖审批', '0', '0');
INSERT INTO `application` VALUES ('172', '16', '毕业生管理', 'edustudent/graduate/index', 'icon-profile', '', '1', '0');
INSERT INTO `application` VALUES ('173', '20', '学校通知', 'edunotice/default/index', 'icon-bullhorn', '管理学生和家长通知', '0', '0');
INSERT INTO `application` VALUES ('174', '16', '学生请假', 'edustudentleave/default/index', 'icon-clock-5', '', '0', '0');
INSERT INTO `application` VALUES ('175', '13', '档案代码设置', 'edufile/fileCode/index', 'icon-libreoffice', '', '0', '0');
INSERT INTO `application` VALUES ('176', '16', '学生大事记', 'edumemorabilia/admin/index', 'icon-profile', '学生大事记', '0', '0');
INSERT INTO `application` VALUES ('177', '9', '领导设置', 'sys/leader/index', 'icon-users', '单位领导及领导助理设置', '10', '0');
INSERT INTO `application` VALUES ('178', '20', '消息管理(学生/家长)', 'edusms/admin/index', 'icon-bubbles-4', '消息管理', '9', '0');
INSERT INTO `application` VALUES ('179', '13', '我的档案', 'edufile/myfile/index', 'icon-books', '', '0', '0');
INSERT INTO `application` VALUES ('180', '10', '友情链接', 'cms/friendlylink/index', 'icon-link', '门户、空间友情链接', '0', '0');
INSERT INTO `application` VALUES ('181', '4', '业务引擎设置', 'workflow/hook/index', 'icon-network', '业务引擎设置', '0', '0');
INSERT INTO `application` VALUES ('182', '3', '公告通知审批', 'notify/auditing/index', 'icon-bullhorn', '公告通知审批', '0', '0');
INSERT INTO `application` VALUES ('183', '21', '考勤统计', 'attendance/query/index', 'icon-search-3', '考勤统计', '0', '0');
INSERT INTO `application` VALUES ('184', '21', '考勤记录', 'attendance/manage/index', 'icon-user', '考勤记录', '0', '0');
INSERT INTO `application` VALUES ('185', '14', '选课管理', 'eduoptcourse/elective/index', 'icon-cog', '选课管理', '10', '0');
INSERT INTO `application` VALUES ('186', '15', '选修课表', 'eduoptcourse/schedule/index', 'icon-file', '选修课表', '10', '0');
INSERT INTO `application` VALUES ('187', '22', '注册家长管理', 'eduenrollment/default/index', 'icon-users', '注册家长管理', '0', '0');
INSERT INTO `application` VALUES ('188', '22', '报名统计信息', 'eduenrollment/statistics/index', 'icon-bars', '报名统计信息', '0', '0');
INSERT INTO `application` VALUES ('189', '22', '报名相关通知', 'eduenrollment/notice/index', 'icon-bullhorn', '报名相关通知', '0', '0');
INSERT INTO `application` VALUES ('190', '22', '幼儿园报名管理', 'eduenrollment/dergarten/index', 'icon-office', '幼儿园报名管理', '0', '0');
INSERT INTO `application` VALUES ('191', '22', '小学报名管理', 'eduenrollment/primary/index', 'icon-office', '小学报名管理', '0', '0');
INSERT INTO `application` VALUES ('192', '22', '初中报名管理', 'eduenrollment/juniormiddle/index', 'icon-office', '初中报名管理', '0', '0');
INSERT INTO `application` VALUES ('193', '22', '高中报名管理', 'eduenrollment/highschool/index', 'icon-office', '高中报名管理', '0', '0');
INSERT INTO `application` VALUES ('194', '22', '招生设置', 'eduenrollment/enrollsetting/index', 'icon-cog-2', '招生设置', '0', '0');
INSERT INTO `application` VALUES ('195', '14', '排课管理', 'rowclass/default/index', 'icon-pencil-5', '排课管理', '0', '0');
INSERT INTO `application` VALUES ('196', '1', '讨论区', 'bbs/default/index', 'icon-bubbles-5', '讨论区', '0', '0');
INSERT INTO `application` VALUES ('197', '9', '讨论区管理', 'bbs/admin/index', 'icon-cog', '讨论区管理', '0', '0');
INSERT INTO `application` VALUES ('198', '8', '图片浏览', 'picset/pic/index', 'icon-image', '图片浏览', '0', '0');
INSERT INTO `application` VALUES ('199', '8', '图片浏览设置', 'picset/default/index', 'icon-cog', '图片浏览设置', '0', '0');
INSERT INTO `application` VALUES ('200', '21', '考勤审批', 'attendance/approval/index', 'icon-stack-checkmark', '考勤审批', '0', '0');
INSERT INTO `application` VALUES ('201', '9', '数据源管理', 'sys/datasrc/index', 'icon-database', '数据源管理', '0', '0');
INSERT INTO `application` VALUES ('202', '9', '自定义字段管理', 'sys/field/index', 'icon-code', '自定义字段管理', '0', '0');
INSERT INTO `application` VALUES ('203', '9', '微信企业号', 'qyapp/weixin/index', 'icon-bubbles', '微信企业号', '0', '0');
INSERT INTO `application` VALUES ('204', '23', '车辆使用申请', 'vehicle/apply/index', 'icon-hand', '车辆使用申请', '0', '0');
INSERT INTO `application` VALUES ('205', '23', '部门审批管理', 'vehicle/manage/index', 'icon-pencil-5', '部门审批管理', '0', '0');
INSERT INTO `application` VALUES ('206', '23', '调度员审批管理', 'vehicle/checkup/index', 'icon-stack-plus', '调度员审批管理', '0', '0');
INSERT INTO `application` VALUES ('207', '23', '调度人员管理', 'vehicle/operator/index', 'icon-user-plus', '调度人员管理', '0', '0');
INSERT INTO `application` VALUES ('208', '23', '车辆使用查询', 'vehicle/query/index', 'icon-search-2', '车辆使用查询', '0', '0');
INSERT INTO `application` VALUES ('209', '23', '车辆维护管理', 'vehicle/service/index', 'icon-cog-2', '车辆维护管理', '0', '0');
INSERT INTO `application` VALUES ('210', '11', '办公用品申请', 'office/index/index', 'icon-database-3', '办公用品申请', '9', '0');
INSERT INTO `application` VALUES ('211', '11', '办公用品库管理', 'office/warehouse/index', 'icon-database-3', '办公用品库管理', '10', '0');
INSERT INTO `application` VALUES ('212', '11', '库存管理', 'office/stock/index', 'icon-database-3', '库存管理', '12', '0');
INSERT INTO `application` VALUES ('213', '11', '办公用品审批', 'office/approval/index', 'icon-database-3', '办公用品审批', '13', '0');
INSERT INTO `application` VALUES ('214', '11', '办公用品发放', 'office/handout/index', 'icon-database-3', '办公用品发放', '14', '0');
INSERT INTO `application` VALUES ('215', '11', '办公用品操作日志', 'office/operation/index', 'icon-database-3', '办公用品操作日志', '15', '0');
INSERT INTO `application` VALUES ('216', '8', '网络硬盘', 'netdisk/default/index', 'icon-folder', '网络硬盘', '0', '0');
INSERT INTO `application` VALUES ('217', '8', '网络硬盘设置', 'netdisk/config/index', 'icon-folder', '网络硬盘设置', '0', '0');
INSERT INTO `application` VALUES ('218', '21', '工资项管理', 'payslip/default/index', 'icon-coin', '工资项管理', '0', '0');
INSERT INTO `application` VALUES ('219', '21', '工资条管理', 'payslip/admin/index', 'icon-coin', '工资条管理', '0', '0');
INSERT INTO `application` VALUES ('220', '21', '工资条查询', 'payslip/search/index', 'icon-coin', '工资条查询', '0', '0');
INSERT INTO `application` VALUES ('221', '21', '工资条设置', 'payslip/setting/index', 'icon-coin', '工资条设置', '0', '0');
INSERT INTO `application` VALUES ('222', '21', '工资总表', 'payslip/total/index', 'icon-coin', '工资总表', '0', '0');
INSERT INTO `application` VALUES ('223', '14', '学生素质报告单打印', 'edurecord/default/index', 'icon-pencil', '学生素质报告单打印', '0', '0');
INSERT INTO `application` VALUES ('224', '14', '分数等级设置', 'edurecord/setting/index', 'icon-pencil', '分数等级设置', '0', '0');
INSERT INTO `application` VALUES ('225', '6', '借阅归还', 'archive/manage/approve', 'icon-pencil', '借阅归还', '0', '0');
INSERT INTO `application` VALUES ('226', '6', '卷盒管理', 'archive/box/admin', 'icon-archive', '卷盒管理', '0', '0');
INSERT INTO `application` VALUES ('227', '13', '获奖登记', 'eduteacheraward/personal/index', 'icon-pencil-5', '获奖登记', '0', '0');
INSERT INTO `application` VALUES ('228', '13', '获奖审批设置', 'eduteacheraward/config/index', 'icon-cog-2', '获奖审批设置', '0', '0');
INSERT INTO `application` VALUES ('229', '4', '待办事务【移交】', 'workflow/transition/index', 'icon-stack-list', '移交给我的事务审批任务', '0', '0');
INSERT INTO `application` VALUES ('230', '21', '工作移交', 'transition/default/workflow', 'icon-stack-list', '工作移交', '0', '0');

-- ----------------------------
-- Table structure for app_category
-- ----------------------------
DROP TABLE IF EXISTS `app_category`;
CREATE TABLE `app_category` (
  `id` int(11) NOT NULL AUTO_INCREMENT COMMENT '自增主键',
  `category_name` varchar(40) NOT NULL DEFAULT '' COMMENT '分类名称',
  `category_order` int(11) NOT NULL COMMENT '分类排序号',
  `category_icon` varchar(40) NOT NULL DEFAULT '' COMMENT '分类图标',
  `parent_id` int(11) NOT NULL DEFAULT '0' COMMENT '上级分类ID',
  PRIMARY KEY (`id`)
) ENGINE=InnoDB AUTO_INCREMENT=24 DEFAULT CHARSET=utf8;

-- ----------------------------
-- Records of app_category
-- ----------------------------
INSERT INTO `app_category` VALUES ('1', '个人办公', '1', 'icon-user', '0');
INSERT INTO `app_category` VALUES ('3', '信息发布', '3', 'icon-newspaper', '0');
INSERT INTO `app_category` VALUES ('4', '事务审批', '2', 'icon-stack-list', '0');
INSERT INTO `app_category` VALUES ('6', '档案管理', '57', 'icon-archive', '0');
INSERT INTO `app_category` VALUES ('8', '知识管理', '4', 'icon-books', '0');
INSERT INTO `app_category` VALUES ('9', '系统管理', '59', 'icon-cog', '0');
INSERT INTO `app_category` VALUES ('10', '门户管理', '56', 'icon-file-8', '0');
INSERT INTO `app_category` VALUES ('11', '资源管理', '5', 'icon-user-7', '0');
INSERT INTO `app_category` VALUES ('12', '组织机构', '58', 'icon-tree-5', '0');
INSERT INTO `app_category` VALUES ('13', '教师档案', '21', 'icon-archive', '0');
INSERT INTO `app_category` VALUES ('14', '教务管理', '22', 'icon-stack-empty', '0');
INSERT INTO `app_category` VALUES ('15', '教学管理', '23', 'icon-pencil', '0');
INSERT INTO `app_category` VALUES ('16', '学生管理', '24', 'icon-user', '0');
INSERT INTO `app_category` VALUES ('17', '学籍管理', '25', 'icon-vcard', '0');
INSERT INTO `app_category` VALUES ('18', '成绩考试', '26', 'icon-newspaper', '0');
INSERT INTO `app_category` VALUES ('20', '互动管理', '27', 'icon-bubbles-3', '0');
INSERT INTO `app_category` VALUES ('21', '人事管理', '57', 'icon-users', '0');
INSERT INTO `app_category` VALUES ('22', '招生报名', '26', 'icon-grid-5', '0');
INSERT INTO `app_category` VALUES ('23', '车辆安排', '10', 'icon-car', '0');

-- ----------------------------
-- Table structure for app_clicks
-- ----------------------------
DROP TABLE IF EXISTS `app_clicks`;
CREATE TABLE `app_clicks` (
  `id` int(11) NOT NULL AUTO_INCREMENT,
  `app_name` varchar(100) NOT NULL,
  `app_path` varchar(100) NOT NULL,
  `click_user` int(11) NOT NULL,
  `clicks` int(11) NOT NULL,
  PRIMARY KEY (`id`)
) ENGINE=InnoDB AUTO_INCREMENT=36 DEFAULT CHARSET=utf8;

-- ----------------------------
-- Records of app_clicks
-- ----------------------------
INSERT INTO `app_clicks` VALUES ('1', '栏目管理', '/cms/category/index', '1', '2');
INSERT INTO `app_clicks` VALUES ('2', '学校通知', '/edunotice/default/index', '1', '2');
INSERT INTO `app_clicks` VALUES ('3', '教务设置', '/sys/params/edusetpara', '1', '2');
INSERT INTO `app_clicks` VALUES ('4', '选课管理', '/eduoptcourse/elective/index', '1', '4');
INSERT INTO `app_clicks` VALUES ('5', '学生家长', '/edustudent/default/index', '1', '5');
INSERT INTO `app_clicks` VALUES ('6', '学生组织', '/eduorg/default/create', '1', '1');
INSERT INTO `app_clicks` VALUES ('7', '班委管理', '/educommittee/committee/index', '1', '1');
INSERT INTO `app_clicks` VALUES ('8', '学生奖惩', '/edureward/default/index', '1', '1');
INSERT INTO `app_clicks` VALUES ('9', '学生照片', '/edualbum/admin/index', '1', '1');
INSERT INTO `app_clicks` VALUES ('10', '学籍信息', '/edusrecord/default/index', '1', '5');
INSERT INTO `app_clicks` VALUES ('11', '系统代码管理', '/sys/code/index', '1', '3');
INSERT INTO `app_clicks` VALUES ('12', '系统信息', '/sys/info/index', '1', '3');
INSERT INTO `app_clicks` VALUES ('13', '领导设置', '/sys/leader/index', '1', '5');
INSERT INTO `app_clicks` VALUES ('14', '界面管理', '/theme/manage/index', '1', '5');
INSERT INTO `app_clicks` VALUES ('15', '微信企业号', '/qyapp/weixin/index', '1', '1');
INSERT INTO `app_clicks` VALUES ('16', '自定义字段管理', '/sys/field/index', '1', '1');
INSERT INTO `app_clicks` VALUES ('17', '数据源管理', '/sys/datasrc/index', '1', '1');
INSERT INTO `app_clicks` VALUES ('18', '实用工具管理', '/sys/toolkits/index', '1', '1');
INSERT INTO `app_clicks` VALUES ('19', '系统参数管理', '/sys/params/interface', '1', '3');
INSERT INTO `app_clicks` VALUES ('20', '系统资源管理', '/sys/resource/index', '1', '1');
INSERT INTO `app_clicks` VALUES ('21', '系统提醒设置', '/sys/remind/index', '1', '1');
INSERT INTO `app_clicks` VALUES ('22', '桌面模块管理', '/sys/desktop/index', '1', '1');
INSERT INTO `app_clicks` VALUES ('23', '应用管理', '/sys/app/index', '1', '1');
INSERT INTO `app_clicks` VALUES ('24', '数据库管理', '/sys/database/list', '1', '1');
INSERT INTO `app_clicks` VALUES ('25', '附件管理', '/sys/attachment/position', '1', '1');
INSERT INTO `app_clicks` VALUES ('26', '定时任务管理', '/sys/task/index', '1', '1');
INSERT INTO `app_clicks` VALUES ('27', '日志管理', '/sys/log/index', '1', '1');
INSERT INTO `app_clicks` VALUES ('28', '印章管理', '/sys/seal/index', '1', '1');
INSERT INTO `app_clicks` VALUES ('29', '表单管理', '/form/sort/index', '1', '1');
INSERT INTO `app_clicks` VALUES ('30', '信息发布设置', '/sys/information/default/index', '1', '1');
INSERT INTO `app_clicks` VALUES ('31', '模版管理', '/sys/template/index', '1', '1');
INSERT INTO `app_clicks` VALUES ('32', '服务器监控', '/sys/monitor/index', '1', '1');
INSERT INTO `app_clicks` VALUES ('33', '移动应用设置', '/sys/mobile/index', '1', '1');
INSERT INTO `app_clicks` VALUES ('34', '教学资料 ', '/eduresources/default/index', '1', '1');
INSERT INTO `app_clicks` VALUES ('35', '学籍查询', '/edusrecord/default/list', '1', '1');

-- ----------------------------
-- Table structure for archive
-- ----------------------------
DROP TABLE IF EXISTS `archive`;
CREATE TABLE `archive` (
  `id` int(11) NOT NULL AUTO_INCREMENT COMMENT '自增主键',
  `doc_guid` char(36) NOT NULL,
  `unit_code` varchar(32) NOT NULL DEFAULT '000000000' COMMENT '组织机构代码',
  `fonds_no` varchar(10) NOT NULL DEFAULT '00000' COMMENT '全宗号',
  `year` varchar(10) NOT NULL COMMENT '年度',
  `save_date` varchar(13) NOT NULL COMMENT '保管期限',
  `org_no` varchar(11) NOT NULL COMMENT '归档机构',
  `box_id` int(11) NOT NULL COMMENT '卷盒号',
  `file_no` int(11) NOT NULL COMMENT '件号',
  `archive_no` varchar(100) NOT NULL COMMENT '档号',
  `file_name` text NOT NULL COMMENT '文件标题',
  `send_unit` varchar(200) NOT NULL COMMENT '发文单位',
  `file_code` varchar(200) NOT NULL COMMENT '文件编号',
  `carrier_no` varchar(10) NOT NULL COMMENT '载体数量',
  `date` int(11) NOT NULL COMMENT '时间',
  `carrier_type` varchar(20) NOT NULL COMMENT '载体单位',
  `type` varchar(13) NOT NULL COMMENT '文种',
  `secret` varchar(13) NOT NULL COMMENT '秘密等级',
  `urgency` varchar(13) NOT NULL COMMENT '紧急程度',
  `remark` text NOT NULL COMMENT '备注',
  `user_id` int(11) NOT NULL COMMENT '归档人',
  `is_arch` tinyint(1) NOT NULL COMMENT '是否归档',
  `is_del` tinyint(1) NOT NULL COMMENT '是否删除',
  PRIMARY KEY (`id`)
) ENGINE=InnoDB AUTO_INCREMENT=17 DEFAULT CHARSET=utf8;

-- ----------------------------
-- Records of archive
-- ----------------------------
INSERT INTO `archive` VALUES ('1', '', '000000000', '00000', '', '1', '0', '4', '1', '', '关于市政府市容市貌政策研究会', '市政府办公室', '市政办字10号', '', '1370487000', '', '2', '1', '1', '', '1', '0', '0');
INSERT INTO `archive` VALUES ('2', '', '000000000', '00000', '', '1', '0', '4', '2', '', '关于市政内容参考的协议内容', '市政府办公室', '市政办字2号', '', '1370043300', '', '1', '1', '1', '', '1', '0', '0');
INSERT INTO `archive` VALUES ('3', '', '000000000', '00000', '', '1', '0', '5', '19', '', '关于本市交通法规新规规定的通知', '市政府办公室', '市政办字19号', '', '1370043300', '', '1', '1', '1', '', '1', '1', '0');
INSERT INTO `archive` VALUES ('4', '', '000000000', '00000', '', '2', '0', '5', '1', '', '关于区议会人员调整通知', '区人民政府', '区政字1号', '', '1370023800', '', '2', '2', '1', '', '1', '1', '0');
INSERT INTO `archive` VALUES ('5', '', '000000000', '00000', '', '2', '0', '6', '12', '', '关于老干部活动中心建设的提议', '老干部局', '老干字12号', '', '1370043300', '', '2', '1', '1', '', '1', '1', '0');
INSERT INTO `archive` VALUES ('6', '', '000000000', '00000', '', '1', '0', '6', '15', '', '关于计划生育宣传海报的设计通知', '市宣传局', '宣传字15号', '', '1370468100', '', '2', '1', '1', '', '1', '1', '0');
INSERT INTO `archive` VALUES ('7', '', '000000000', '00000', '', '1', '0', '0', '33', '', '关于市区绿化的投标方案', '市政府办公室', '市政字33号', '', '1370129700', '', '1', '1', '1', '', '1', '0', '0');
INSERT INTO `archive` VALUES ('8', '', '000000000', '00000', '', '1', '0', '7', '22', '', '关于本市定点医院免费医疗的计划书', '市卫生局', '市卫字22号', '', '1370043300', '', '1', '2', '1', '', '1', '1', '0');
INSERT INTO `archive` VALUES ('9', '', '000000000', '00000', '', '1', '0', '11', '1', '', '关于市政府市容市貌政策研究会', '市政府办公室', '市政办字10号', '', '1370448000', '', '2', '1', '1', '', '1', '0', '0');
INSERT INTO `archive` VALUES ('10', '', '000000000', '00000', '', '1', '0', '0', '2', '', '关于市政内容参考的协议内容', '市政府办公室', '市政办字2号', '', '1370043300', '', '1', '1', '1', '', '1', '0', '0');
INSERT INTO `archive` VALUES ('11', '', '000000000', '00000', '', '1', '0', '9', '19', '', '关于本市交通法规新规规定的通知', '市政府办公室', '市政办字19号', '', '1370016000', '', '1', '1', '1', '', '1', '0', '0');
INSERT INTO `archive` VALUES ('12', '', '000000000', '00000', '', '2', '0', '10', '1', '', '关于区议会人员调整通知', '区人民政府', '区政字1号', '', '1370016000', '', '2', '2', '1', '', '1', '0', '0');
INSERT INTO `archive` VALUES ('13', '', '000000000', '00000', '', '2', '0', '6', '12', '', '关于老干部活动中心建设的提议', '老干部局', '老干字12号', '', '1370043300', '', '2', '1', '1', '', '1', '1', '0');
INSERT INTO `archive` VALUES ('14', '', '000000000', '00000', '', '1', '0', '6', '15', '', '关于计划生育宣传海报的设计通知', '市宣传局', '宣传字15号', '', '1370468100', '', '2', '1', '1', '', '1', '1', '0');
INSERT INTO `archive` VALUES ('15', '', '000000000', '00000', '', '1', '0', '7', '33', '', '关于市区绿化的投标方案', '市政府办公室', '市政字33号', '', '1370129700', '', '1', '1', '1', '', '1', '1', '1');
INSERT INTO `archive` VALUES ('16', '', '000000000', '00000', '', '1', '0', '0', '22', '', '关于本市定点医院免费医疗的计划书', '市卫生局', '市卫字22号', '', '1370043300', '', '1', '2', '1', '', '1', '0', '0');

-- ----------------------------
-- Table structure for arch_borrow
-- ----------------------------
DROP TABLE IF EXISTS `arch_borrow`;
CREATE TABLE `arch_borrow` (
  `id` int(11) NOT NULL AUTO_INCREMENT COMMENT '自增主键',
  `file_id` int(11) NOT NULL COMMENT '文件ID',
  `borrow_user` int(11) NOT NULL COMMENT '借阅人',
  `borrow_date` int(11) NOT NULL COMMENT '借阅日期',
  `back_date` int(11) NOT NULL COMMENT '归还日期',
  `run_id` int(11) NOT NULL,
  `shenpi_status` int(11) NOT NULL COMMENT '1：批准(审批状态)',
  `reason` text COMMENT '不批准原因',
  PRIMARY KEY (`id`)
) ENGINE=InnoDB AUTO_INCREMENT=4 DEFAULT CHARSET=utf8;

-- ----------------------------
-- Records of arch_borrow
-- ----------------------------
INSERT INTO `arch_borrow` VALUES ('1', '4', '1', '1371460704', '0', '0', '0', null);
INSERT INTO `arch_borrow` VALUES ('2', '5', '1', '1371460704', '0', '0', '0', null);
INSERT INTO `arch_borrow` VALUES ('3', '6', '1', '1371460704', '0', '0', '0', null);

-- ----------------------------
-- Table structure for arch_box
-- ----------------------------
DROP TABLE IF EXISTS `arch_box`;
CREATE TABLE `arch_box` (
  `id` int(11) NOT NULL AUTO_INCREMENT,
  `box_no` int(11) NOT NULL,
  `create_user` int(11) NOT NULL,
  `org_id` int(11) NOT NULL,
  `is_move` int(11) NOT NULL,
  `year` int(11) NOT NULL,
  `place_id` int(11) NOT NULL,
  `remark` varchar(400) NOT NULL,
  `is_arch` int(11) NOT NULL COMMENT '是否归档',
  `save_date` char(13) DEFAULT NULL COMMENT '保管期限',
  `secret` char(13) DEFAULT NULL COMMENT '秘密等级',
  `doc_num` varchar(100) DEFAULT NULL COMMENT '文件编号',
  PRIMARY KEY (`id`)
) ENGINE=InnoDB AUTO_INCREMENT=9 DEFAULT CHARSET=utf8;

-- ----------------------------
-- Records of arch_box
-- ----------------------------
INSERT INTO `arch_box` VALUES ('1', '1', '1', '1', '0', '2013', '0', '', '0', '51c94bf79fa60', '51c93f2124a4d', '');
INSERT INTO `arch_box` VALUES ('2', '6', '1', '1', '1', '2013', '9', '', '1', '51c94bf79fa60', '51c93f2124a4d', '');
INSERT INTO `arch_box` VALUES ('3', '7', '1', '1', '1', '2013', '9', '', '1', '51c94bf79fa60', '51c93f278477f', '');
INSERT INTO `arch_box` VALUES ('4', '8', '1', '1', '1', '2013', '9', '', '1', '51c94bfdb758a', '51c93f278477f', '');
INSERT INTO `arch_box` VALUES ('5', '5', '1', '1', '1', '2013', '9', '', '1', '51c94bfdb758a', '51c93f2d72bed', '');
INSERT INTO `arch_box` VALUES ('6', '2', '1', '1', '0', '2013', '0', '', '0', '51c94bfdb758a', '51c93f2d72bed', '');
INSERT INTO `arch_box` VALUES ('7', '3', '1', '1', '0', '2013', '0', '', '1', '51c94c03eacae', '51c93f19a88e1', '');
INSERT INTO `arch_box` VALUES ('8', '4', '1', '1', '0', '2013', '0', '', '0', '51c94c03eacae', '51c93f19a88e1', '');

-- ----------------------------
-- Table structure for arch_box_default
-- ----------------------------
DROP TABLE IF EXISTS `arch_box_default`;
CREATE TABLE `arch_box_default` (
  `id` int(11) NOT NULL AUTO_INCREMENT,
  `box_id` int(11) NOT NULL,
  `user_id` int(11) NOT NULL,
  `create_time` int(11) NOT NULL,
  PRIMARY KEY (`id`)
) ENGINE=InnoDB DEFAULT CHARSET=utf8;

-- ----------------------------
-- Records of arch_box_default
-- ----------------------------

-- ----------------------------
-- Table structure for arch_log
-- ----------------------------
DROP TABLE IF EXISTS `arch_log`;
CREATE TABLE `arch_log` (
  `id` int(11) NOT NULL AUTO_INCREMENT COMMENT '自增主键',
  `user_id` int(11) NOT NULL COMMENT '操作人ID',
  `user_name` varchar(200) NOT NULL COMMENT '操作人姓名',
  `log_type` varchar(64) NOT NULL COMMENT '日志类型',
  `log_time` int(11) NOT NULL COMMENT '日志时间戳',
  `model` varchar(64) NOT NULL COMMENT '关联模型名称',
  `pk` int(11) NOT NULL COMMENT '关联模型主键',
  `extra_data` text NOT NULL COMMENT '附加数据',
  `json` text NOT NULL COMMENT '相关json数据',
  PRIMARY KEY (`id`),
  KEY `user_id` (`user_id`,`model`),
  KEY `idx_pk` (`pk`)
) ENGINE=InnoDB DEFAULT CHARSET=utf8;

-- ----------------------------
-- Records of arch_log
-- ----------------------------

-- ----------------------------
-- Table structure for arch_tree
-- ----------------------------
DROP TABLE IF EXISTS `arch_tree`;
CREATE TABLE `arch_tree` (
  `id` int(11) NOT NULL AUTO_INCREMENT COMMENT '自增主键',
  `no` varchar(100) NOT NULL COMMENT '编号',
  `name` varchar(100) NOT NULL COMMENT '名称',
  `remark` varchar(400) NOT NULL COMMENT '备注',
  `parent_id` int(11) NOT NULL COMMENT '所属卷库',
  `create_date` int(11) NOT NULL COMMENT '创建时间',
  `create_user` int(11) NOT NULL COMMENT '创建人',
  `type` varchar(20) NOT NULL COMMENT '类型',
  `code` varchar(32) NOT NULL COMMENT '编码',
  PRIMARY KEY (`id`)
) ENGINE=InnoDB AUTO_INCREMENT=7 DEFAULT CHARSET=utf8;

-- ----------------------------
-- Records of arch_tree
-- ----------------------------
INSERT INTO `arch_tree` VALUES ('1', '001', '市政档案馆', '市政专用', '0', '1371440683', '1', '', '');
INSERT INTO `arch_tree` VALUES ('2', '002', '档案室', '', '1', '1371440711', '1', '', '');
INSERT INTO `arch_tree` VALUES ('3', '003', '档案架', '', '2', '1371440728', '1', '', '');
INSERT INTO `arch_tree` VALUES ('4', '011', '市纪委档案馆', '专用111', '0', '1371440755', '1', '', '');
INSERT INTO `arch_tree` VALUES ('5', '012', '档案室01', '', '4', '1371453049', '1', '', '');
INSERT INTO `arch_tree` VALUES ('6', '013', '档案架01', '', '9', '1371453068', '1', '', '');

-- ----------------------------
-- Table structure for asset
-- ----------------------------
DROP TABLE IF EXISTS `asset`;
CREATE TABLE `asset` (
  `id` int(11) NOT NULL AUTO_INCREMENT,
  `no` varchar(128) NOT NULL DEFAULT '' COMMENT '资产编号',
  `name` varchar(128) NOT NULL DEFAULT '' COMMENT '资产名称',
  `category_id` int(11) NOT NULL DEFAULT '0' COMMENT '资产类别',
  `dept_id` int(11) NOT NULL DEFAULT '0' COMMENT '所属部门',
  `original_val` decimal(20,2) NOT NULL DEFAULT '0.00' COMMENT '资产原值',
  `depr_rate` decimal(20,2) NOT NULL DEFAULT '0.00' COMMENT '折旧(率)',
  `depr_age` decimal(10,2) NOT NULL DEFAULT '0.00' COMMENT '折旧年限',
  `depr_month` decimal(20,2) NOT NULL DEFAULT '0.00' COMMENT '月折旧额',
  `depr_amount` decimal(20,2) NOT NULL DEFAULT '0.00' COMMENT '累计折旧',
  `depr_flag` char(1) NOT NULL DEFAULT '' COMMENT '折旧',
  `kind` varchar(10) NOT NULL DEFAULT '' COMMENT '资产性质',
  `add_proc_id` int(11) NOT NULL DEFAULT '0' COMMENT '增加类型',
  `del_date` int(11) NOT NULL DEFAULT '0' COMMENT '减少日期',
  `del_proc_id` int(11) NOT NULL DEFAULT '0' COMMENT '减少类型',
  `using_date` int(11) NOT NULL DEFAULT '0' COMMENT '启用日期',
  `keeper` int(11) NOT NULL DEFAULT '0' COMMENT '保管人',
  `remark` text NOT NULL,
  `create_time` int(11) NOT NULL,
  `create_user` int(11) NOT NULL,
  `custom_fields` text NOT NULL,
  PRIMARY KEY (`id`),
  KEY `fk_asset_category_id` (`category_id`),
  CONSTRAINT `fk_asset_category_id` FOREIGN KEY (`category_id`) REFERENCES `asset_category` (`id`) ON UPDATE CASCADE
) ENGINE=InnoDB DEFAULT CHARSET=utf8;

-- ----------------------------
-- Records of asset
-- ----------------------------

-- ----------------------------
-- Table structure for asset_category
-- ----------------------------
DROP TABLE IF EXISTS `asset_category`;
CREATE TABLE `asset_category` (
  `id` int(11) NOT NULL AUTO_INCREMENT,
  `name` varchar(32) NOT NULL,
  `order_no` varchar(4) NOT NULL,
  PRIMARY KEY (`id`)
) ENGINE=InnoDB DEFAULT CHARSET=utf8;

-- ----------------------------
-- Records of asset_category
-- ----------------------------

-- ----------------------------
-- Table structure for asset_maintenance
-- ----------------------------
DROP TABLE IF EXISTS `asset_maintenance`;
CREATE TABLE `asset_maintenance` (
  `id` int(11) NOT NULL AUTO_INCREMENT,
  `asset_id` int(11) NOT NULL,
  `type` varchar(64) NOT NULL,
  `date` int(11) NOT NULL,
  `user` int(11) NOT NULL,
  `remind_time` int(11) NOT NULL,
  `remark` text NOT NULL,
  `result` text NOT NULL,
  `create_user` int(11) NOT NULL,
  `create_time` int(11) NOT NULL,
  PRIMARY KEY (`id`),
  KEY `fk_asset_maintenance_asset_id` (`asset_id`),
  CONSTRAINT `fk_asset_maintenance_asset_id` FOREIGN KEY (`asset_id`) REFERENCES `asset` (`id`) ON DELETE CASCADE ON UPDATE CASCADE
) ENGINE=InnoDB DEFAULT CHARSET=utf8;

-- ----------------------------
-- Records of asset_maintenance
-- ----------------------------

-- ----------------------------
-- Table structure for asset_process_type
-- ----------------------------
DROP TABLE IF EXISTS `asset_process_type`;
CREATE TABLE `asset_process_type` (
  `id` int(11) NOT NULL AUTO_INCREMENT,
  `proc_type` varchar(10) NOT NULL DEFAULT '',
  `proc_name` varchar(50) NOT NULL DEFAULT '',
  `proc_desc` varchar(200) NOT NULL DEFAULT '',
  PRIMARY KEY (`id`)
) ENGINE=InnoDB AUTO_INCREMENT=13 DEFAULT CHARSET=utf8;

-- ----------------------------
-- Records of asset_process_type
-- ----------------------------
INSERT INTO `asset_process_type` VALUES ('1', 'A01', '购入', '购入不需安装的固定资产');
INSERT INTO `asset_process_type` VALUES ('2', 'A02', '购入', '购入需安装已完工的固定资产');
INSERT INTO `asset_process_type` VALUES ('3', 'A03', '转入', '其他单位转入的固定资产(新设备)');
INSERT INTO `asset_process_type` VALUES ('4', 'A04', '转入', '其他单位转入的固定资产(旧设备)');
INSERT INTO `asset_process_type` VALUES ('5', 'A05', '捐赠', '捐赠的固定资产');
INSERT INTO `asset_process_type` VALUES ('6', 'A06', '租赁', '融资租赁的固定资产');
INSERT INTO `asset_process_type` VALUES ('7', 'A07', '盘盈', '固定资产盘盈');
INSERT INTO `asset_process_type` VALUES ('8', 'D08', '转出', '固定资产出售');
INSERT INTO `asset_process_type` VALUES ('9', 'D09', '报废', '固定资产报废');
INSERT INTO `asset_process_type` VALUES ('10', 'D10', '损毁', '固定资产损毁');
INSERT INTO `asset_process_type` VALUES ('11', 'D11', '盘亏', '固定资产盘亏');
INSERT INTO `asset_process_type` VALUES ('12', 'D12', '清理', '固定资产清理');

-- ----------------------------
-- Table structure for attachment
-- ----------------------------
DROP TABLE IF EXISTS `attachment`;
CREATE TABLE `attachment` (
  `id` int(11) NOT NULL AUTO_INCREMENT,
  `pos_id` int(11) NOT NULL,
  `module` varchar(64) NOT NULL,
  `path` varchar(255) NOT NULL,
  `model` varchar(64) NOT NULL DEFAULT '',
  `attribute` varchar(64) NOT NULL,
  `pk` int(11) NOT NULL,
  `create_time` int(11) NOT NULL,
  PRIMARY KEY (`id`),
  KEY `idx_pos_id` (`pos_id`),
  KEY `idx_module` (`module`),
  KEY `idx_model` (`model`),
  KEY `idx_attribute` (`attribute`),
  KEY `idx_map` (`model`,`attribute`,`pk`),
  CONSTRAINT `pos_id` FOREIGN KEY (`pos_id`) REFERENCES `attachment_position` (`id`) ON UPDATE CASCADE
) ENGINE=InnoDB AUTO_INCREMENT=16 DEFAULT CHARSET=utf8;

-- ----------------------------
-- Records of attachment
-- ----------------------------
INSERT INTO `attachment` VALUES ('1', '1', 'sys', '1404', 'template_office', 'templateoffice', '1', '1397569497');
INSERT INTO `attachment` VALUES ('2', '1', 'sys', '1404', 'template_office', 'templateoffice', '2', '1397569548');
INSERT INTO `attachment` VALUES ('3', '1', 'sys', '1404', 'template_office', 'templateoffice', '3', '1397569920');
INSERT INTO `attachment` VALUES ('4', '1', 'sys', '1404', 'template_office', 'templateoffice', '4', '1397570131');
INSERT INTO `attachment` VALUES ('5', '1', 'sys', '1404', 'template_office', 'templateoffice', '5', '1397570153');
INSERT INTO `attachment` VALUES ('6', '1', 'sys', '1404', 'template_office', 'templateoffice', '6', '1397570204');
INSERT INTO `attachment` VALUES ('7', '1', 'sys', '1404', 'template_office', 'templateoffice', '7', '1397570260');
INSERT INTO `attachment` VALUES ('8', '1', 'sys', '1404', 'template_office', 'templateoffice', '8', '1397570295');
INSERT INTO `attachment` VALUES ('9', '1', 'sys', '1404', 'template_office', 'templateoffice', '9', '1397570329');
INSERT INTO `attachment` VALUES ('10', '1', 'sys', '1404', 'template_office', 'templateoffice', '10', '1397570358');
INSERT INTO `attachment` VALUES ('11', '1', 'sys', '1404', 'template_office', 'templateoffice', '11', '1397570393');
INSERT INTO `attachment` VALUES ('12', '1', 'sys', '1404', 'template_office', 'templateoffice', '12', '1397570447');
INSERT INTO `attachment` VALUES ('13', '1', 'sys', '1404', 'template_office', 'templateoffice', '13', '1397570922');
INSERT INTO `attachment` VALUES ('14', '1', 'sys', '1404', 'template_office', 'templateoffice', '14', '1397571401');
INSERT INTO `attachment` VALUES ('15', '1', 'sys', '1404', 'template_office', 'templateoffice', '15', '1397571675');

-- ----------------------------
-- Table structure for attachment_item
-- ----------------------------
DROP TABLE IF EXISTS `attachment_item`;
CREATE TABLE `attachment_item` (
  `id` int(11) NOT NULL AUTO_INCREMENT,
  `attachment_id` int(11) NOT NULL,
  `file_id` char(36) NOT NULL,
  `file_name` varchar(255) NOT NULL,
  `file_size` int(11) NOT NULL,
  `file_ext_name` varchar(64) NOT NULL,
  `file_hash` varchar(40) NOT NULL,
  `create_user` int(11) NOT NULL,
  `delete_flag` tinyint(3) NOT NULL DEFAULT '0',
  `reference_count` tinyint(3) NOT NULL DEFAULT '0',
  `create_time` int(11) NOT NULL,
  `update_time` int(11) NOT NULL,
  `people_type` tinyint(1) NOT NULL DEFAULT '0',
  PRIMARY KEY (`id`),
  KEY `idx_file_name` (`file_name`),
  KEY `attachment_id` (`attachment_id`),
  CONSTRAINT `attachment_id` FOREIGN KEY (`attachment_id`) REFERENCES `attachment` (`id`) ON DELETE CASCADE ON UPDATE CASCADE
) ENGINE=InnoDB AUTO_INCREMENT=16 DEFAULT CHARSET=utf8;

-- ----------------------------
-- Records of attachment_item
-- ----------------------------
INSERT INTO `attachment_item` VALUES ('1', '1', '534d37d97c52f', '决议.docx', '13809', 'docx', 'a49aed7b4e299bec229c50bf3e41102e', '1', '0', '0', '1397569497', '1397569497', '0');
INSERT INTO `attachment_item` VALUES ('2', '2', '534d380c3415a', '决定.docx', '13954', 'docx', 'd6a8b462bbab2810e2e8be4ab99baa6a', '1', '0', '0', '1397569548', '1397569548', '0');
INSERT INTO `attachment_item` VALUES ('3', '3', '534d39802d215', '命令.docx', '13947', 'docx', '72abbe80ac1032a9a7004e563147d6b0', '1', '0', '0', '1397569920', '1397569920', '0');
INSERT INTO `attachment_item` VALUES ('4', '4', '534d3a53b434e', '公告.docx', '12495', 'docx', '1beff955204a0e1b2e792a3e25499102', '1', '0', '0', '1397570131', '1397570131', '0');
INSERT INTO `attachment_item` VALUES ('5', '5', '534d3a695fde8', '通告.docx', '12509', 'docx', '9b9591b1d0c2a1d8504b7603aec5f23b', '1', '0', '0', '1397570153', '1397570153', '0');
INSERT INTO `attachment_item` VALUES ('6', '6', '534d3a9caa1e4', '意见.docx', '14201', 'docx', 'd74400bc9288745a48a2d84d262a546c', '1', '0', '0', '1397570204', '1397570204', '0');
INSERT INTO `attachment_item` VALUES ('7', '7', '534d3ad462d20', '通知.docx', '13872', 'docx', '2f49ea829d2d16a3054d781fd2718c7c', '1', '0', '0', '1397570260', '1397570260', '0');
INSERT INTO `attachment_item` VALUES ('8', '8', '534d3af79e7ff', '通报.docx', '12399', 'docx', '84397b295c36b08a6efa352de56e5740', '1', '0', '0', '1397570295', '1397570295', '0');
INSERT INTO `attachment_item` VALUES ('9', '9', '534d3b19cd3dc', '报告.docx', '13816', 'docx', '8f4301e8fb93e31e9ce78bb6ec2d509a', '1', '0', '0', '1397570329', '1397570329', '0');
INSERT INTO `attachment_item` VALUES ('10', '10', '534d3b366dc4f', '请示.docx', '12387', 'docx', '852b873a1897c949dee72418bf95b6aa', '1', '0', '0', '1397570358', '1397570358', '0');
INSERT INTO `attachment_item` VALUES ('11', '11', '534d3b59ec8dd', '批复.docx', '12724', 'docx', 'ad76526bdced82dd31a37d483f17ecb6', '1', '0', '0', '1397570393', '1397570393', '0');
INSERT INTO `attachment_item` VALUES ('12', '12', '534d3b8fc27be', '函.docx', '12367', 'docx', 'b4864f03e6d27c9929cda2abaaa21f58', '1', '0', '0', '1397570447', '1397570447', '0');
INSERT INTO `attachment_item` VALUES ('13', '13', '534d3d6a733d0', '纪要.docx', '12142', 'docx', '2fdc0788a62364f1a32786e183545ce2', '1', '0', '0', '1397570922', '1397570922', '0');
INSERT INTO `attachment_item` VALUES ('14', '14', '534d3f494a339', '议案.docx', '12297', 'docx', '5b49f2568124b1afb2ef97564d9c413c', '1', '0', '0', '1397571401', '1397571401', '0');
INSERT INTO `attachment_item` VALUES ('15', '15', '534d405b4cb8b', '公报.docx', '12248', 'docx', '9fe141448174388462a6f67dc65c174f', '1', '0', '0', '1397571675', '1397571675', '0');

-- ----------------------------
-- Table structure for attachment_position
-- ----------------------------
DROP TABLE IF EXISTS `attachment_position`;
CREATE TABLE `attachment_position` (
  `id` int(11) NOT NULL AUTO_INCREMENT,
  `pos_name` varchar(64) NOT NULL,
  `pos_path` varchar(255) NOT NULL,
  `is_active` char(1) NOT NULL,
  PRIMARY KEY (`id`)
) ENGINE=InnoDB DEFAULT CHARSET=utf8;

-- ----------------------------
-- Records of attachment_position
-- ----------------------------

-- ----------------------------
-- Table structure for attend_config
-- ----------------------------
DROP TABLE IF EXISTS `attend_config`;
CREATE TABLE `attend_config` (
  `id` int(11) NOT NULL AUTO_INCREMENT COMMENT '排班类型自增ID',
  `duty_name` varchar(100) NOT NULL DEFAULT '' COMMENT '排班类型说明',
  `general` varchar(200) NOT NULL DEFAULT '' COMMENT '公休日',
  `duty_time1` varchar(50) NOT NULL DEFAULT '' COMMENT '第一次登记时间',
  `duty_time2` varchar(50) NOT NULL DEFAULT '' COMMENT '第二次登记时间',
  `duty_time3` varchar(50) NOT NULL DEFAULT '' COMMENT '第三次登记时间',
  `duty_time4` varchar(50) NOT NULL DEFAULT '' COMMENT '第四次登记时间',
  `duty_time5` varchar(50) NOT NULL DEFAULT '' COMMENT '第五次登记时间',
  `duty_time6` varchar(50) NOT NULL DEFAULT '' COMMENT '第六次登记时间',
  `duty_type1` char(1) NOT NULL DEFAULT '' COMMENT '第一次登记时间的类型(1—上班,2—下班)',
  `duty_type2` char(1) NOT NULL DEFAULT '' COMMENT '第二次登记时间的类型(1—上班,2—下班)',
  `duty_type3` char(1) NOT NULL DEFAULT '' COMMENT '第三次登记时间的类型(1—上班,2—下班)',
  `duty_type4` char(1) NOT NULL DEFAULT '' COMMENT '第四次登记时间的类型(1—上班,2—下班)',
  `duty_type5` char(1) NOT NULL DEFAULT '' COMMENT '第五次登记时间的类型(1—上班,2—下班)',
  `duty_type6` char(1) NOT NULL DEFAULT '' COMMENT '第六次登记时间的类型(1—上班,2—下班)',
  PRIMARY KEY (`id`)
) ENGINE=InnoDB DEFAULT CHARSET=utf8 COMMENT='考勤排班类型';

-- ----------------------------
-- Records of attend_config
-- ----------------------------

-- ----------------------------
-- Table structure for attend_duty
-- ----------------------------
DROP TABLE IF EXISTS `attend_duty`;
CREATE TABLE `attend_duty` (
  `id` int(11) NOT NULL AUTO_INCREMENT COMMENT '自增ID',
  `create_user` int(11) NOT NULL COMMENT '登记人',
  `register_type` char(1) NOT NULL DEFAULT '' COMMENT '第几次登记',
  `register_time` int(11) NOT NULL COMMENT '登记时间',
  `register_ip` varchar(20) NOT NULL DEFAULT '' COMMENT '登记IP',
  `remark` text NOT NULL COMMENT '登记说明',
  `duty_type` int(11) NOT NULL COMMENT '排班类型',
  `is_mobile_duty` int(11) NOT NULL DEFAULT '0',
  `attend_mobile_id` int(11) NOT NULL,
  PRIMARY KEY (`id`)
) ENGINE=InnoDB DEFAULT CHARSET=utf8 COMMENT='上下班登记';

-- ----------------------------
-- Records of attend_duty
-- ----------------------------

-- ----------------------------
-- Table structure for attend_leave
-- ----------------------------
DROP TABLE IF EXISTS `attend_leave`;
CREATE TABLE `attend_leave` (
  `id` int(11) NOT NULL AUTO_INCREMENT,
  `user_id` int(11) NOT NULL,
  `leader_id` int(11) NOT NULL,
  `leave_reason` text NOT NULL,
  `leave_date1` int(11) NOT NULL,
  `leave_date2` int(11) NOT NULL,
  `annual_leave` decimal(10,1) NOT NULL DEFAULT '0.0',
  `status` int(11) NOT NULL,
  `allow` int(11) NOT NULL,
  `reason` text NOT NULL,
  `destroy_time` int(11) NOT NULL,
  `register_ip` varchar(255) NOT NULL,
  `record_time` int(11) NOT NULL,
  `leave_type` int(11) NOT NULL DEFAULT '1',
  `handle_time` int(11) NOT NULL,
  `create_user` int(11) NOT NULL,
  `order_no` int(11) NOT NULL,
  `to_id` text NOT NULL,
  `leave_days` decimal(10,1) NOT NULL DEFAULT '0.0',
  PRIMARY KEY (`id`)
) ENGINE=InnoDB DEFAULT CHARSET=utf8;

-- ----------------------------
-- Records of attend_leave
-- ----------------------------

-- ----------------------------
-- Table structure for attend_manager
-- ----------------------------
DROP TABLE IF EXISTS `attend_manager`;
CREATE TABLE `attend_manager` (
  `id` int(11) NOT NULL AUTO_INCREMENT,
  `managers` text NOT NULL,
  `dept_id_str` text NOT NULL,
  `manage_type` int(11) NOT NULL DEFAULT '0',
  PRIMARY KEY (`id`)
) ENGINE=InnoDB DEFAULT CHARSET=utf8;

-- ----------------------------
-- Records of attend_manager
-- ----------------------------

-- ----------------------------
-- Table structure for attend_mobile
-- ----------------------------
DROP TABLE IF EXISTS `attend_mobile`;
CREATE TABLE `attend_mobile` (
  `id` int(11) NOT NULL AUTO_INCREMENT,
  `create_user` int(11) NOT NULL,
  `create_time` int(11) NOT NULL,
  `lng` varchar(255) NOT NULL,
  `lat` varchar(255) NOT NULL,
  `location` varchar(255) NOT NULL,
  `remark` varchar(255) NOT NULL,
  `province` varchar(255) NOT NULL,
  `isfoot` int(11) NOT NULL,
  PRIMARY KEY (`id`)
) ENGINE=InnoDB DEFAULT CHARSET=utf8;

-- ----------------------------
-- Records of attend_mobile
-- ----------------------------

-- ----------------------------
-- Table structure for attend_mobile_out
-- ----------------------------
DROP TABLE IF EXISTS `attend_mobile_out`;
CREATE TABLE `attend_mobile_out` (
  `id` int(11) NOT NULL AUTO_INCREMENT,
  `user_id` int(11) NOT NULL,
  `user_name` varchar(64) NOT NULL DEFAULT '',
  `subject` varchar(120) NOT NULL DEFAULT '',
  `create_time` int(11) NOT NULL,
  `arrive_time` int(11) NOT NULL,
  `leave_time` int(11) NOT NULL,
  `arrive_place` varchar(64) NOT NULL DEFAULT '',
  `leave_place` varchar(64) NOT NULL DEFAULT '',
  `arrive_lng` varchar(20) NOT NULL DEFAULT '',
  `arrive_lat` varchar(20) NOT NULL DEFAULT '',
  `leave_lng` varchar(20) NOT NULL DEFAULT '',
  `leave_lat` varchar(20) NOT NULL DEFAULT '',
  `arrive_remark` text NOT NULL,
  `leave_remark` text NOT NULL,
  PRIMARY KEY (`id`)
) ENGINE=InnoDB DEFAULT CHARSET=utf8;

-- ----------------------------
-- Records of attend_mobile_out
-- ----------------------------

-- ----------------------------
-- Table structure for attend_out
-- ----------------------------
DROP TABLE IF EXISTS `attend_out`;
CREATE TABLE `attend_out` (
  `id` int(11) NOT NULL AUTO_INCREMENT,
  `user_id` int(11) NOT NULL,
  `leader_id` int(11) NOT NULL,
  `out_reason` text NOT NULL,
  `create_time` int(11) NOT NULL,
  `submit_time` int(11) NOT NULL,
  `out_time1` int(11) NOT NULL,
  `out_time2` int(11) NOT NULL,
  `allow` int(11) NOT NULL,
  `status` int(11) DEFAULT '1',
  `reason` text NOT NULL,
  `register_ip` varchar(255) NOT NULL,
  `handle_time` int(11) NOT NULL,
  `create_user` int(11) NOT NULL,
  `order_no` int(11) NOT NULL,
  `place` varchar(255) NOT NULL,
  `to_id` text NOT NULL,
  PRIMARY KEY (`id`)
) ENGINE=InnoDB DEFAULT CHARSET=utf8;

-- ----------------------------
-- Records of attend_out
-- ----------------------------

-- ----------------------------
-- Table structure for auth_assignment
-- ----------------------------
DROP TABLE IF EXISTS `auth_assignment`;
CREATE TABLE `auth_assignment` (
  `id` int(11) NOT NULL AUTO_INCREMENT,
  `auth_id` int(11) NOT NULL,
  `user_id` int(11) NOT NULL,
  `bizrule` text,
  `data` text,
  `is_main` tinyint(1) NOT NULL DEFAULT '0',
  PRIMARY KEY (`id`),
  KEY `idx_user_auth` (`auth_id`,`user_id`),
  KEY `user_id` (`user_id`),
  CONSTRAINT `auth_id` FOREIGN KEY (`auth_id`) REFERENCES `auth_item` (`id`) ON DELETE CASCADE ON UPDATE CASCADE,
  CONSTRAINT `user_id` FOREIGN KEY (`user_id`) REFERENCES `user` (`id`) ON DELETE CASCADE ON UPDATE CASCADE
) ENGINE=InnoDB AUTO_INCREMENT=5 DEFAULT CHARSET=utf8;

-- ----------------------------
-- Records of auth_assignment
-- ----------------------------
INSERT INTO `auth_assignment` VALUES ('1', '281', '2', null, 'N;', '0');
INSERT INTO `auth_assignment` VALUES ('2', '283', '11', null, 'N;', '0');
INSERT INTO `auth_assignment` VALUES ('3', '282', '5', null, 'N;', '0');
INSERT INTO `auth_assignment` VALUES ('4', '284', '1', null, 'N;', '0');

-- ----------------------------
-- Table structure for auth_item
-- ----------------------------
DROP TABLE IF EXISTS `auth_item`;
CREATE TABLE `auth_item` (
  `id` int(11) NOT NULL AUTO_INCREMENT,
  `name` varchar(64) NOT NULL,
  `type` int(11) NOT NULL COMMENT '0:操作;1:任务;2:角色',
  `description` text,
  `bizrule` text,
  `data` text,
  `order_no` int(11) NOT NULL,
  `auth_org` int(11) NOT NULL DEFAULT '0' COMMENT '角色所属组织',
  PRIMARY KEY (`id`),
  KEY `idx_name` (`name`),
  KEY `idx_type` (`type`)
) ENGINE=InnoDB AUTO_INCREMENT=385 DEFAULT CHARSET=utf8;

-- ----------------------------
-- Records of auth_item
-- ----------------------------
INSERT INTO `auth_item` VALUES ('1', '个人办公.个人邮件', '1', '', null, 'N;', '0', '0');
INSERT INTO `auth_item` VALUES ('2', 'email.create.*', '0', '个人邮件.邮件操作管理.*', null, 'N;', '0', '0');
INSERT INTO `auth_item` VALUES ('3', 'email.drafts.*', '0', '个人邮件.草稿箱管理.*', null, 'N;', '0', '0');
INSERT INTO `auth_item` VALUES ('4', 'email.inbox.*', '0', '个人邮件.收件箱管理.*', null, 'N;', '0', '0');
INSERT INTO `auth_item` VALUES ('5', 'email.sent.*', '0', '个人邮件.发件箱管理.*', null, 'N;', '0', '0');
INSERT INTO `auth_item` VALUES ('6', 'email.setting.*', '0', '个人邮件.其他文件夹管理.*', null, 'N;', '0', '0');
INSERT INTO `auth_item` VALUES ('7', 'email.trash.*', '0', '个人邮件.废纸篓管理.*', null, 'N;', '0', '0');
INSERT INTO `auth_item` VALUES ('8', 'email.webmail.*', '0', '个人邮件.外部邮箱设置.*', null, 'N;', '0', '0');
INSERT INTO `auth_item` VALUES ('9', '个人办公.消息管理', '1', '', null, 'N;', '0', '0');
INSERT INTO `auth_item` VALUES ('10', 'message.message.*', '0', '个人办公.消息管理', null, 'N;', '0', '0');
INSERT INTO `auth_item` VALUES ('11', '个人办公.应用提醒', '1', '', null, 'N;', '0', '0');
INSERT INTO `auth_item` VALUES ('12', 'notification.default.*', '0', '个人办公.应用提醒', null, 'N;', '0', '0');
INSERT INTO `auth_item` VALUES ('13', '个人办公.手机短信', '1', '', null, 'N;', '0', '0');
INSERT INTO `auth_item` VALUES ('14', 'sms.default.*', '0', '个人办公.手机短信', null, 'N;', '0', '0');
INSERT INTO `auth_item` VALUES ('15', '个人办公.日程安排', '1', '', null, 'N;', '0', '0');
INSERT INTO `auth_item` VALUES ('16', 'calendar.default.*', '0', '个人办公.日程安排', null, 'N;', '0', '0');
INSERT INTO `auth_item` VALUES ('17', '个人办公.个人文件柜', '1', '', null, 'N;', '0', '0');
INSERT INTO `auth_item` VALUES ('18', 'file.private.*', '0', '个人办公.个人文件柜', null, 'N;', '0', '0');
INSERT INTO `auth_item` VALUES ('19', '个人办公.工作日志', '1', '', null, 'N;', '0', '0');
INSERT INTO `auth_item` VALUES ('20', 'diary.default.*', '0', '个人办公.工作日志', null, 'N;', '0', '0');
INSERT INTO `auth_item` VALUES ('21', '个人办公.通讯簿', '1', '', null, 'N;', '0', '0');
INSERT INTO `auth_item` VALUES ('22', 'address.default.*', '0', '个人办公.通讯簿', null, 'N;', '0', '0');
INSERT INTO `auth_item` VALUES ('23', '个人办公.便签', '1', '', null, 'N;', '0', '0');
INSERT INTO `auth_item` VALUES ('24', 'note.default.*', '0', '个人办公.便签', null, 'N;', '0', '0');
INSERT INTO `auth_item` VALUES ('25', '个人办公.个人考勤', '1', '', null, 'N;', '0', '0');
INSERT INTO `auth_item` VALUES ('26', 'attendance.personal.*', '0', '个人办公.个人考勤', null, 'N;', '0', '0');
INSERT INTO `auth_item` VALUES ('27', '个人办公.工作委托', '1', '', null, 'N;', '0', '0');
INSERT INTO `auth_item` VALUES ('28', 'delegate.default.*', '0', '个人办公.工作委托', null, 'N;', '0', '0');
INSERT INTO `auth_item` VALUES ('29', '个人办公.即时通讯群', '1', '', null, 'N;', '0', '0');
INSERT INTO `auth_item` VALUES ('30', 'ispirit.management.*', '0', '个人办公.即时通讯群', null, 'N;', '0', '0');
INSERT INTO `auth_item` VALUES ('31', '个人办公.控制面板', '1', '', null, 'N;', '0', '0');
INSERT INTO `auth_item` VALUES ('32', 'settings.theme.*', '0', '控制面板.桌面设置.*', null, 'N;', '0', '0');
INSERT INTO `auth_item` VALUES ('33', 'settings.profile.*', '0', '控制面板.个人信息.*', null, 'N;', '0', '0');
INSERT INTO `auth_item` VALUES ('34', 'settings.security.*', '0', '控制面板.账号安全.*', null, 'N;', '0', '0');
INSERT INTO `auth_item` VALUES ('35', '信息发布.新闻', '1', '', null, 'N;', '0', '0');
INSERT INTO `auth_item` VALUES ('36', 'news.default.*', '0', '信息发布.新闻', null, 'N;', '0', '0');
INSERT INTO `auth_item` VALUES ('37', '信息发布.新闻管理', '1', '', null, 'N;', '0', '0');
INSERT INTO `auth_item` VALUES ('38', 'news.admin.*', '0', '信息发布.新闻管理', null, 'N;', '0', '0');
INSERT INTO `auth_item` VALUES ('39', '信息发布.公告通知', '1', '', null, 'N;', '0', '0');
INSERT INTO `auth_item` VALUES ('40', 'notify.default.*', '0', '信息发布.公告通知', null, 'N;', '0', '0');
INSERT INTO `auth_item` VALUES ('41', '信息发布.公告通知管理', '1', '', null, 'N;', '0', '0');
INSERT INTO `auth_item` VALUES ('42', 'notify.admin.*', '0', '信息发布.公告通知管理', null, 'N;', '0', '0');
INSERT INTO `auth_item` VALUES ('43', '信息发布.投票', '1', '', null, 'N;', '0', '0');
INSERT INTO `auth_item` VALUES ('44', 'vote.default.*', '0', '信息发布.投票', null, 'N;', '0', '0');
INSERT INTO `auth_item` VALUES ('45', '信息发布.投票管理', '1', '', null, 'N;', '0', '0');
INSERT INTO `auth_item` VALUES ('46', 'vote.admin.*', '0', '信息发布.投票管理', null, 'N;', '0', '0');
INSERT INTO `auth_item` VALUES ('47', '事务审批.发起事务', '1', '', null, 'N;', '0', '0');
INSERT INTO `auth_item` VALUES ('48', 'workflow.app.*', '0', '事务审批.发起事务', null, 'N;', '0', '0');
INSERT INTO `auth_item` VALUES ('49', '事务审批.待办事务', '1', '', null, 'N;', '0', '0');
INSERT INTO `auth_item` VALUES ('50', '事务审批.事务查询', '1', '', null, 'N;', '0', '0');
INSERT INTO `auth_item` VALUES ('51', 'workflow.query.*', '0', '事务审批.事务查询', null, 'N;', '0', '0');
INSERT INTO `auth_item` VALUES ('52', '事务审批.事务监控', '1', '', null, 'N;', '0', '0');
INSERT INTO `auth_item` VALUES ('53', 'workflow.appmanage.*', '0', '事务审批.事务监控', null, 'N;', '0', '0');
INSERT INTO `auth_item` VALUES ('54', '事务审批.事务统计', '1', '', null, 'N;', '0', '0');
INSERT INTO `auth_item` VALUES ('55', 'workflow.appstat.*', '0', '事务审批.事务统计', null, 'N;', '0', '0');
INSERT INTO `auth_item` VALUES ('56', '事务审批.事务流程管理', '1', '', null, 'N;', '0', '0');
INSERT INTO `auth_item` VALUES ('57', 'workflow.defineapp.*', '0', '事务审批.事务流程管理', null, 'N;', '0', '0');
INSERT INTO `auth_item` VALUES ('58', '档案管理.卷库管理', '1', '', null, 'N;', '0', '0');
INSERT INTO `auth_item` VALUES ('59', 'archive.catalogue.*', '0', '档案管理.卷库管理', null, 'N;', '0', '0');
INSERT INTO `auth_item` VALUES ('60', '档案管理.文件管理', '1', '', null, 'N;', '0', '0');
INSERT INTO `auth_item` VALUES ('61', 'archive.default.*', '0', '档案管理.预归档管理', null, 'N;', '0', '0');
INSERT INTO `auth_item` VALUES ('64', '档案管理.档案管理', '1', '', null, 'N;', '0', '0');
INSERT INTO `auth_item` VALUES ('65', 'archive.manage.*', '0', '档案管理.档案管理', null, 'N;', '0', '0');
INSERT INTO `auth_item` VALUES ('66', '档案管理.档案借阅', '1', '', null, 'N;', '0', '0');
INSERT INTO `auth_item` VALUES ('67', 'archive.borrow.*', '0', '档案管理.档案借阅', null, 'N;', '0', '0');
INSERT INTO `auth_item` VALUES ('68', '档案管理.档案统计', '1', '', null, 'N;', '0', '0');
INSERT INTO `auth_item` VALUES ('69', 'archive.chart.*', '0', '档案管理.档案统计', null, 'N;', '0', '0');
INSERT INTO `auth_item` VALUES ('70', '档案管理.日志管理', '1', '', null, 'N;', '0', '0');
INSERT INTO `auth_item` VALUES ('71', 'archive.log.*', '0', '档案管理.日志管理', null, 'N;', '0', '0');
INSERT INTO `auth_item` VALUES ('72', '档案管理.档案设置', '1', '', null, 'N;', '0', '0');
INSERT INTO `auth_item` VALUES ('73', 'archive.setting.*', '0', '档案管理.档案设置', null, 'N;', '0', '0');
INSERT INTO `auth_item` VALUES ('74', '知识管理.图书借阅', '1', '', null, 'N;', '0', '0');
INSERT INTO `auth_item` VALUES ('75', 'book.default.*', '0', '知识管理.图书借阅', null, 'N;', '0', '0');
INSERT INTO `auth_item` VALUES ('76', '知识管理.图书管理', '1', '', null, 'N;', '0', '0');
INSERT INTO `auth_item` VALUES ('77', 'book.admin.*', '0', '知识管理.图书管理', null, 'N;', '0', '0');
INSERT INTO `auth_item` VALUES ('78', '知识管理.公共文件柜', '1', '', null, 'N;', '0', '0');
INSERT INTO `auth_item` VALUES ('79', 'file.public.*', '0', '知识管理.公共文件柜', null, 'N;', '0', '0');
INSERT INTO `auth_item` VALUES ('80', '知识管理.公共文件柜设置', '1', '', null, 'N;', '0', '0');
INSERT INTO `auth_item` VALUES ('81', 'file.config.*', '0', '知识管理.公共文件柜设置', null, 'N;', '0', '0');
INSERT INTO `auth_item` VALUES ('82', '系统管理.系统代码管理', '1', '', null, 'N;', '0', '0');
INSERT INTO `auth_item` VALUES ('83', 'sys.code.*', '0', '系统管理.系统代码管理', null, 'N;', '0', '0');
INSERT INTO `auth_item` VALUES ('84', '系统管理.系统参数管理', '1', '', null, 'N;', '0', '0');
INSERT INTO `auth_item` VALUES ('85', 'sys.params.*', '0', '系统管理.系统参数管理', null, 'N;', '0', '0');
INSERT INTO `auth_item` VALUES ('86', '系统管理.系统资源管理', '1', '', null, 'N;', '0', '0');
INSERT INTO `auth_item` VALUES ('87', 'sys.resource.*', '0', '系统管理.系统资源管理', null, 'N;', '0', '0');
INSERT INTO `auth_item` VALUES ('88', '系统管理.系统提醒设置', '1', '', null, 'N;', '0', '0');
INSERT INTO `auth_item` VALUES ('89', 'sys.remind.*', '0', '系统管理.系统提醒设置', null, 'N;', '0', '0');
INSERT INTO `auth_item` VALUES ('90', '系统管理.桌面模块管理', '1', '', null, 'N;', '0', '0');
INSERT INTO `auth_item` VALUES ('91', 'sys.desktop.*', '0', '系统管理.桌面模块管理', null, 'N;', '0', '0');
INSERT INTO `auth_item` VALUES ('92', '系统管理.应用管理', '1', '', null, 'N;', '0', '0');
INSERT INTO `auth_item` VALUES ('93', 'sys.app.*', '0', '系统管理.应用管理', null, 'N;', '0', '0');
INSERT INTO `auth_item` VALUES ('94', '系统管理.数据库管理', '1', '', null, 'N;', '0', '0');
INSERT INTO `auth_item` VALUES ('95', 'sys.database.*', '0', '系统管理.数据库管理', null, 'N;', '0', '0');
INSERT INTO `auth_item` VALUES ('96', '系统管理.附件管理', '1', '', null, 'N;', '0', '0');
INSERT INTO `auth_item` VALUES ('97', 'sys.attachment.*', '0', '系统管理.附件管理', null, 'N;', '0', '0');
INSERT INTO `auth_item` VALUES ('98', '系统管理.定时任务管理', '1', '', null, 'N;', '0', '0');
INSERT INTO `auth_item` VALUES ('99', 'sys.task.*', '0', '系统管理.定时任务管理', null, 'N;', '0', '0');
INSERT INTO `auth_item` VALUES ('100', '系统管理.日志管理', '1', '', null, 'N;', '0', '0');
INSERT INTO `auth_item` VALUES ('101', 'sys.log.*', '0', '系统管理.日志管理', null, 'N;', '0', '0');
INSERT INTO `auth_item` VALUES ('102', '系统管理.印章管理', '1', '', null, 'N;', '0', '0');
INSERT INTO `auth_item` VALUES ('103', 'sys.seal.*', '0', '系统管理.印章管理', null, 'N;', '0', '0');
INSERT INTO `auth_item` VALUES ('104', '系统管理.表单管理', '1', '', null, 'N;', '0', '0');
INSERT INTO `auth_item` VALUES ('105', 'form.aip.*', '0', '表单管理模块.AIP表单.*\'', null, 'N;', '0', '0');
INSERT INTO `auth_item` VALUES ('106', 'form.aipfield.*', '0', '表单管理模块.AIP Field.*', null, 'N;', '0', '0');
INSERT INTO `auth_item` VALUES ('107', 'form.html.*', '0', '表单管理模块.HTML表单.*', null, 'N;', '0', '0');
INSERT INTO `auth_item` VALUES ('108', 'form.htmlfield.*', '0', '表单管理模块.Html Field.*', null, 'N;', '0', '0');
INSERT INTO `auth_item` VALUES ('109', 'form.sort.*', '0', '表单管理模块.表单管理.*', null, 'N;', '0', '0');
INSERT INTO `auth_item` VALUES ('110', 'form.type.*', '0', '表单管理模块.操作.*', null, 'N;', '0', '0');
INSERT INTO `auth_item` VALUES ('111', '系统管理.自动编号', '1', '', null, 'N;', '0', '0');
INSERT INTO `auth_item` VALUES ('112', 'sys.rule.*', '0', '系统管理.自动编号', null, 'N;', '0', '0');
INSERT INTO `auth_item` VALUES ('113', '系统管理.流程管理', '1', '', null, 'N;', '0', '0');
INSERT INTO `auth_item` VALUES ('114', 'workflow.define.*', '0', '系统管理.流程管理', null, 'N;', '0', '0');
INSERT INTO `auth_item` VALUES ('115', '系统管理.接口管理', '1', '', null, 'N;', '0', '0');
INSERT INTO `auth_item` VALUES ('116', 'webservice.default.*', '0', '系统管理.接口管理', null, 'N;', '0', '0');
INSERT INTO `auth_item` VALUES ('117', '系统管理.信息发布设置', '1', '', null, 'N;', '0', '0');
INSERT INTO `auth_item` VALUES ('118', 'sys/information.default.*', '0', '系统管理.信息发布设置', null, 'N;', '0', '0');
INSERT INTO `auth_item` VALUES ('119', '系统管理.模版管理', '1', '', null, 'N;', '0', '0');
INSERT INTO `auth_item` VALUES ('120', 'sys.template.*', '0', '模版管理.*', null, 'N;', '0', '0');
INSERT INTO `auth_item` VALUES ('121', 'sys.templatehtml.*', '0', 'HTML模版.*', null, 'N;', '0', '0');
INSERT INTO `auth_item` VALUES ('122', 'sys.templateoffice.*', '0', 'Word套红模版.*', null, 'N;', '0', '0');
INSERT INTO `auth_item` VALUES ('123', '系统管理.系统模块管理', '1', '', null, 'N;', '0', '0');
INSERT INTO `auth_item` VALUES ('124', 'sys.module.*', '0', '系统管理.系统模块管理', null, 'N;', '0', '0');
INSERT INTO `auth_item` VALUES ('125', '系统管理.短信设置', '1', '', null, 'N;', '0', '0');
INSERT INTO `auth_item` VALUES ('126', 'sms.config.*', '0', '系统管理.短信设置', null, 'N;', '0', '0');
INSERT INTO `auth_item` VALUES ('127', '系统管理.实用工具管理', '1', '', null, 'N;', '0', '0');
INSERT INTO `auth_item` VALUES ('128', 'sys.toolkits.*', '0', '系统管理.实用工具管理', null, 'N;', '0', '0');
INSERT INTO `auth_item` VALUES ('129', '系统管理.系统文档管理', '1', '', null, 'N;', '0', '0');
INSERT INTO `auth_item` VALUES ('130', 'help.index.*', '0', '系统管理.系统文档管理', null, 'N;', '0', '0');
INSERT INTO `auth_item` VALUES ('131', '系统管理.系统文档', '1', '', null, 'N;', '0', '0');
INSERT INTO `auth_item` VALUES ('132', 'help.list.*', '0', '系统管理.系统文档', null, 'N;', '0', '0');
INSERT INTO `auth_item` VALUES ('133', '系统管理.公共通讯簿设置', '1', '', null, 'N;', '0', '0');
INSERT INTO `auth_item` VALUES ('134', 'address.setting.*', '0', '系统管理.公共通讯簿设置', null, 'N;', '0', '0');
INSERT INTO `auth_item` VALUES ('135', '系统管理.服务器监控', '1', '', null, 'N;', '0', '0');
INSERT INTO `auth_item` VALUES ('136', 'sys.monitor.*', '0', '系统管理.服务器监控', null, 'N;', '0', '0');
INSERT INTO `auth_item` VALUES ('137', '系统管理.移动应用设置', '1', '', null, 'N;', '0', '0');
INSERT INTO `auth_item` VALUES ('138', 'mobile.api.*', '0', '移动应用.接口.*', null, 'N;', '0', '0');
INSERT INTO `auth_item` VALUES ('139', 'mobile.default.*', '0', '移动应用.基础应用.*', null, 'N;', '0', '0');
INSERT INTO `auth_item` VALUES ('140', 'mobile.address.*', '0', '移动应用.通讯簿.*', null, 'N;', '0', '0');
INSERT INTO `auth_item` VALUES ('141', 'mobile.calendar.*', '0', '移动应用.日程安排.*', null, 'N;', '0', '0');
INSERT INTO `auth_item` VALUES ('142', 'mobile.collect.*', '0', '移动应用.信息报送.*', null, 'N;', '0', '0');
INSERT INTO `auth_item` VALUES ('143', 'mobile.diary.*', '0', '移动应用.工作日志.*', null, 'N;', '0', '0');
INSERT INTO `auth_item` VALUES ('144', 'mobile.email.*', '0', '移动应用.邮件.*', null, 'N;', '0', '0');
INSERT INTO `auth_item` VALUES ('145', 'mobile.file.*', '0', '移动应用.文件柜.*', null, 'N;', '0', '0');
INSERT INTO `auth_item` VALUES ('146', 'mobile.message.*', '0', '移动应用.微讯.*', null, 'N;', '0', '0');
INSERT INTO `auth_item` VALUES ('147', 'mobile.news.*', '0', '移动应用.新闻.*', null, 'N;', '0', '0');
INSERT INTO `auth_item` VALUES ('148', 'mobile.notification.*', '0', '移动应用.事务提醒.*', null, 'N;', '0', '0');
INSERT INTO `auth_item` VALUES ('149', 'mobile.notify.*', '0', '移动应用.公告.*', null, 'N;', '0', '0');
INSERT INTO `auth_item` VALUES ('150', 'mobile.timeline.*', '0', '移动应用.大事记.*', null, 'N;', '0', '0');
INSERT INTO `auth_item` VALUES ('151', 'mobile.userinfo.*', '0', '移动应用.用户信息.*', null, 'N;', '0', '0');
INSERT INTO `auth_item` VALUES ('152', 'mobile.weather.*', '0', '移动应用.天气.*', null, 'N;', '0', '0');
INSERT INTO `auth_item` VALUES ('153', 'mobile.workflow.*', '0', '移动应用.工作流.*', null, 'N;', '0', '0');
INSERT INTO `auth_item` VALUES ('154', '系统管理.考勤设置', '1', '', null, 'N;', '0', '0');
INSERT INTO `auth_item` VALUES ('155', 'attendance.config.*', '0', '系统管理.考勤设置', null, 'N;', '0', '0');
INSERT INTO `auth_item` VALUES ('156', '系统管理.界面管理', '1', '', null, 'N;', '0', '0');
INSERT INTO `auth_item` VALUES ('157', 'theme.manage.*', '0', '界面主题.界面管理.*', null, 'N;', '0', '0');
INSERT INTO `auth_item` VALUES ('158', 'theme/classic.default.*', '0', '传统经典.首页.*', null, 'N;', '0', '0');
INSERT INTO `auth_item` VALUES ('159', 'theme/classic.desktop.*', '0', '传统经典.办公桌面.*', null, 'N;', '0', '0');
INSERT INTO `auth_item` VALUES ('160', 'theme/app.default.*', '0', '灵动应用.首页.*', null, 'N;', '0', '0');
INSERT INTO `auth_item` VALUES ('161', '系统管理.领导设置', '1', '', null, 'N;', '0', '0');
INSERT INTO `auth_item` VALUES ('162', 'sys.leader.*', '0', '系统管理.领导设置', null, 'N;', '0', '0');
INSERT INTO `auth_item` VALUES ('163', '系统管理.系统信息', '1', '', null, 'N;', '0', '0');
INSERT INTO `auth_item` VALUES ('164', 'sys.info.*', '0', '系统管理.系统信息', null, 'N;', '0', '0');
INSERT INTO `auth_item` VALUES ('165', '门户管理.门户管理', '1', '', null, 'N;', '0', '0');
INSERT INTO `auth_item` VALUES ('166', 'cms.default.*', '0', '门户管理.门户管理', null, 'N;', '0', '0');
INSERT INTO `auth_item` VALUES ('167', '门户管理.栏目管理', '1', '', null, 'N;', '0', '0');
INSERT INTO `auth_item` VALUES ('168', 'cms.category.*', '0', '门户管理.栏目管理', null, 'N;', '0', '0');
INSERT INTO `auth_item` VALUES ('169', '门户管理.内容管理', '1', '', null, 'N;', '0', '0');
INSERT INTO `auth_item` VALUES ('170', 'cms.content.*', '0', '门户管理.内容管理', null, 'N;', '0', '0');
INSERT INTO `auth_item` VALUES ('171', '门户管理.发布管理', '1', '', null, 'N;', '0', '0');
INSERT INTO `auth_item` VALUES ('172', 'cms.publish.*', '0', '门户管理.发布管理', null, 'N;', '0', '0');
INSERT INTO `auth_item` VALUES ('173', '门户管理.友情链接', '1', '', null, 'N;', '0', '0');
INSERT INTO `auth_item` VALUES ('174', 'cms.friendlylink.*', '0', '门户管理.友情链接', null, 'N;', '0', '0');
INSERT INTO `auth_item` VALUES ('175', '资源管理.办公用品管理', '1', '', null, 'N;', '0', '0');
INSERT INTO `auth_item` VALUES ('176', 'office.supplies.*', '0', '资源管理.办公用品管理', null, 'N;', '0', '0');
INSERT INTO `auth_item` VALUES ('177', '车辆安排.车辆管理', '1', '', null, 'N;', '0', '0');
INSERT INTO `auth_item` VALUES ('178', 'vehicle.default.*', '0', '资源管理.车辆管理', null, 'N;', '0', '0');
INSERT INTO `auth_item` VALUES ('179', '资源管理.会议申请', '1', '', null, 'N;', '0', '0');
INSERT INTO `auth_item` VALUES ('180', 'meeting.apply.*', '0', '资源管理.会议申请', null, 'N;', '0', '0');
INSERT INTO `auth_item` VALUES ('181', '资源管理.会议审批', '1', '', null, 'N;', '0', '0');
INSERT INTO `auth_item` VALUES ('182', 'meeting.approval.*', '0', '资源管理.会议审批', null, 'N;', '0', '0');
INSERT INTO `auth_item` VALUES ('183', '资源管理.会议查询', '1', '', null, 'N;', '0', '0');
INSERT INTO `auth_item` VALUES ('184', 'meeting.search.*', '0', '资源管理.会议查询', null, 'N;', '0', '0');
INSERT INTO `auth_item` VALUES ('185', '资源管理.会议设置', '1', '', null, 'N;', '0', '0');
INSERT INTO `auth_item` VALUES ('186', 'meeting.default.*', '0', '资源管理.会议设置', null, 'N;', '0', '0');
INSERT INTO `auth_item` VALUES ('187', '资源管理.我的会议', '1', '', null, 'N;', '0', '0');
INSERT INTO `auth_item` VALUES ('188', 'meeting.mymeeting.*', '0', '资源管理.我的会议', null, 'N;', '0', '0');
INSERT INTO `auth_item` VALUES ('189', '资源管理.资产管理', '1', '', null, 'N;', '0', '0');
INSERT INTO `auth_item` VALUES ('190', 'asset.admin.*', '0', '资源管理.资产管理', null, 'N;', '0', '0');
INSERT INTO `auth_item` VALUES ('191', '组织机构.单位管理', '1', '', null, 'N;', '0', '0');
INSERT INTO `auth_item` VALUES ('192', 'sys.unit.*', '0', '组织机构.单位管理', null, 'N;', '0', '0');
INSERT INTO `auth_item` VALUES ('193', '组织机构.用户管理', '1', '', null, 'N;', '0', '0');
INSERT INTO `auth_item` VALUES ('194', 'sys.user.*', '0', '组织机构.用户管理', null, 'N;', '0', '0');
INSERT INTO `auth_item` VALUES ('195', '组织机构.组织管理', '1', '', null, 'N;', '0', '0');
INSERT INTO `auth_item` VALUES ('196', 'sys.org.*', '0', '组织机构.组织管理', null, 'N;', '0', '0');
INSERT INTO `auth_item` VALUES ('197', '组织机构.维度管理', '1', '', null, 'N;', '0', '0');
INSERT INTO `auth_item` VALUES ('198', 'sys.dimension.*', '0', '组织机构.维度管理', null, 'N;', '0', '0');
INSERT INTO `auth_item` VALUES ('199', '组织机构.岗位管理', '1', '', null, 'N;', '0', '0');
INSERT INTO `auth_item` VALUES ('200', 'sys.position.*', '0', '组织机构.岗位管理', null, 'N;', '0', '0');
INSERT INTO `auth_item` VALUES ('201', '组织机构.角色管理', '1', '', null, 'N;', '0', '0');
INSERT INTO `auth_item` VALUES ('202', 'sys/auth.task.*', '0', '组织机构.角色管理', null, 'N;', '0', '0');
INSERT INTO `auth_item` VALUES ('203', '组织机构.授权管理', '1', '', null, 'N;', '0', '0');
INSERT INTO `auth_item` VALUES ('204', 'sys/auth.assignment.*', '0', '组织机构.授权管理', null, 'N;', '0', '0');
INSERT INTO `auth_item` VALUES ('205', '组织机构.公共分组管理', '1', '', null, 'N;', '0', '0');
INSERT INTO `auth_item` VALUES ('206', 'sys.group.*', '0', '组织机构.公共分组管理', null, 'N;', '0', '0');
INSERT INTO `auth_item` VALUES ('207', '教师档案.档案信息', '1', '', null, 'N;', '0', '0');
INSERT INTO `auth_item` VALUES ('208', 'edufile.file.*', '0', '教师档案.档案信息', null, 'N;', '0', '0');
INSERT INTO `auth_item` VALUES ('209', '教师档案.进修培训', '1', '', null, 'N;', '0', '0');
INSERT INTO `auth_item` VALUES ('210', 'edutrainingplan.default.*', '0', '教师档案.进修培训', null, 'N;', '0', '0');
INSERT INTO `auth_item` VALUES ('211', '教师档案.获奖审批', '1', '', null, 'N;', '0', '0');
INSERT INTO `auth_item` VALUES ('212', 'eduteacheraward.default.*', '0', '教师档案.教师获奖', null, 'N;', '0', '0');
INSERT INTO `auth_item` VALUES ('213', '教师档案.档案代码设置', '1', '', null, 'N;', '0', '0');
INSERT INTO `auth_item` VALUES ('214', 'edufile.fileCode.*', '0', '教师档案.档案代码设置', null, 'N;', '0', '0');
INSERT INTO `auth_item` VALUES ('215', '教师档案.我的档案', '1', '', null, 'N;', '0', '0');
INSERT INTO `auth_item` VALUES ('216', 'edufile.myfile.*', '0', '教师档案.我的档案', null, 'N;', '0', '0');
INSERT INTO `auth_item` VALUES ('217', '教务管理.课程设置', '1', '', null, 'N;', '0', '0');
INSERT INTO `auth_item` VALUES ('218', 'educourse.setting.*', '0', '教务管理.课程设置', null, 'N;', '0', '0');
INSERT INTO `auth_item` VALUES ('219', '教务管理.课表管理', '1', '', null, 'N;', '0', '0');
INSERT INTO `auth_item` VALUES ('220', 'eduarrangecourse.default.*', '0', '教务管理.课表管理', null, 'N;', '0', '0');
INSERT INTO `auth_item` VALUES ('221', '教务管理.任课老师', '1', '', null, 'N;', '0', '0');
INSERT INTO `auth_item` VALUES ('222', 'eduteacher.default.*', '0', '教务管理.任课老师', null, 'N;', '0', '0');
INSERT INTO `auth_item` VALUES ('223', '教务管理.电子校历', '1', '', null, 'N;', '0', '0');
INSERT INTO `auth_item` VALUES ('224', 'educalendar.Calendar.*', '0', '教务管理.电子校历', null, 'N;', '0', '0');
INSERT INTO `auth_item` VALUES ('225', '教务管理.教务设置', '1', '', null, 'N;', '0', '0');
INSERT INTO `auth_item` VALUES ('226', 'sys.params.edusetpara', '0', '教务管理.教务设置', null, 'N;', '0', '0');
INSERT INTO `auth_item` VALUES ('227', '教学管理.教学资料 ', '1', '', null, 'N;', '0', '0');
INSERT INTO `auth_item` VALUES ('228', 'eduresources.default.*', '0', '教学管理.教学资料 ', null, 'N;', '0', '0');
INSERT INTO `auth_item` VALUES ('229', '教学管理.学生作业', '1', '', null, 'N;', '0', '0');
INSERT INTO `auth_item` VALUES ('230', 'eduhomework.admin.*', '0', '教学管理.学生作业', null, 'N;', '0', '0');
INSERT INTO `auth_item` VALUES ('231', '教学管理.实践活动', '1', '', null, 'N;', '0', '0');
INSERT INTO `auth_item` VALUES ('232', 'edupractice.default.*', '0', '教学管理.实践活动', null, 'N;', '0', '0');
INSERT INTO `auth_item` VALUES ('233', '学生管理.学生组织', '1', '', null, 'N;', '0', '0');
INSERT INTO `auth_item` VALUES ('234', 'eduorg.default.*', '0', '学生管理.学生组织', null, 'N;', '0', '0');
INSERT INTO `auth_item` VALUES ('235', '学生管理.学生家长', '1', '', null, 'N;', '0', '0');
INSERT INTO `auth_item` VALUES ('236', 'edustudent.default.*', '0', '学生管理.学生家长', null, 'N;', '0', '0');
INSERT INTO `auth_item` VALUES ('237', '学生管理.班委管理', '1', '', null, 'N;', '0', '0');
INSERT INTO `auth_item` VALUES ('238', 'educommittee.committee.*', '0', '学生管理.班委管理', null, 'N;', '0', '0');
INSERT INTO `auth_item` VALUES ('239', '学生管理.学生奖惩', '1', '', null, 'N;', '0', '0');
INSERT INTO `auth_item` VALUES ('240', 'edureward.default.*', '0', '学生管理.学生奖惩', null, 'N;', '0', '0');
INSERT INTO `auth_item` VALUES ('241', '学生管理.学生照片', '1', '', null, 'N;', '0', '0');
INSERT INTO `auth_item` VALUES ('242', 'edualbum.admin.*', '0', '学生管理.学生照片', null, 'N;', '0', '0');
INSERT INTO `auth_item` VALUES ('243', '学生管理.学生文章', '1', '', null, 'N;', '0', '0');
INSERT INTO `auth_item` VALUES ('244', 'eduarticle.article.*', '0', '学生管理.学生文章', null, 'N;', '0', '0');
INSERT INTO `auth_item` VALUES ('245', '学生管理.学生请假', '1', '', null, 'N;', '0', '0');
INSERT INTO `auth_item` VALUES ('246', 'edustudentleave.default.*', '0', '学生管理.学生请假', null, 'N;', '0', '0');
INSERT INTO `auth_item` VALUES ('247', '学生管理.学生大事记', '1', '', null, 'N;', '0', '0');
INSERT INTO `auth_item` VALUES ('248', 'edumemorabilia.admin.*', '0', '学生管理.学生大事记', null, 'N;', '0', '0');
INSERT INTO `auth_item` VALUES ('249', '学生管理.毕业生管理', '1', '', null, 'N;', '0', '0');
INSERT INTO `auth_item` VALUES ('250', 'edustudent.graduate.*', '0', '学生管理.毕业生管理', null, 'N;', '0', '0');
INSERT INTO `auth_item` VALUES ('251', '学籍管理.学籍信息', '1', '', null, 'N;', '0', '0');
INSERT INTO `auth_item` VALUES ('252', 'edusrecord.default.*', '0', '学籍管理.学籍信息', null, 'N;', '0', '0');
INSERT INTO `auth_item` VALUES ('253', '学籍管理.学籍查询', '1', '', null, 'N;', '0', '0');
INSERT INTO `auth_item` VALUES ('254', 'edusrecord.default.list', '0', '学籍管理.学籍查询', null, 'N;', '0', '0');
INSERT INTO `auth_item` VALUES ('255', '学籍管理.学籍统计', '1', '', null, 'N;', '0', '0');
INSERT INTO `auth_item` VALUES ('256', 'edusrecord.default.chart', '0', '学籍管理.学籍统计', null, 'N;', '0', '0');
INSERT INTO `auth_item` VALUES ('257', '学籍管理.学籍代码设置', '1', '', null, 'N;', '0', '0');
INSERT INTO `auth_item` VALUES ('258', 'edusrecord.srecordCode.*', '0', '学籍管理.学籍代码设置', null, 'N;', '0', '0');
INSERT INTO `auth_item` VALUES ('259', '学籍管理.班主任学籍管理', '1', '', null, 'N;', '0', '0');
INSERT INTO `auth_item` VALUES ('260', 'edusrecord.default.headmaster', '0', '学籍管理.班主任学籍管理', null, 'N;', '0', '0');
INSERT INTO `auth_item` VALUES ('261', '成绩考试.考试管理', '1', '', null, 'N;', '0', '0');
INSERT INTO `auth_item` VALUES ('262', 'eduexam.admin.*', '0', '成绩考试.考试管理', null, 'N;', '0', '0');
INSERT INTO `auth_item` VALUES ('263', '成绩考试.成绩录入', '1', '', null, 'N;', '0', '0');
INSERT INTO `auth_item` VALUES ('264', 'eduscore.default.*', '0', '成绩考试.成绩录入', null, 'N;', '0', '0');
INSERT INTO `auth_item` VALUES ('265', '互动管理.学校通知', '1', '', null, 'N;', '0', '0');
INSERT INTO `auth_item` VALUES ('266', 'edunotice.default.*', '0', '互动管理.学校通知', null, 'N;', '0', '0');
INSERT INTO `auth_item` VALUES ('267', '互动管理.教育分享', '1', '', null, 'N;', '0', '0');
INSERT INTO `auth_item` VALUES ('268', 'edushare.admin.*', '0', '互动管理.教育分享', null, 'N;', '0', '0');
INSERT INTO `auth_item` VALUES ('269', '互动管理.校讯管理', '1', '', null, 'N;', '0', '0');
INSERT INTO `auth_item` VALUES ('270', 'edumotto.default.*', '0', '互动管理.校讯管理', null, 'N;', '0', '0');
INSERT INTO `auth_item` VALUES ('271', '互动管理.提问管理', '1', '', null, 'N;', '0', '0');
INSERT INTO `auth_item` VALUES ('272', 'eduxsjzask.default.*', '0', '互动管理.提问管理', null, 'N;', '0', '0');
INSERT INTO `auth_item` VALUES ('273', '互动管理.群信息管理', '1', '', null, 'N;', '0', '0');
INSERT INTO `auth_item` VALUES ('274', 'edumessage.default.*', '0', '互动管理.群信息管理', null, 'N;', '0', '0');
INSERT INTO `auth_item` VALUES ('275', '互动管理.问卷调查(学生/家长)', '1', '', null, 'N;', '0', '0');
INSERT INTO `auth_item` VALUES ('276', 'edusurvey.admin.*', '0', '互动管理.问卷调查(学生/家长)', null, 'N;', '0', '0');
INSERT INTO `auth_item` VALUES ('277', '互动管理.手机短信(学生/家长)', '1', '', null, 'N;', '0', '0');
INSERT INTO `auth_item` VALUES ('278', 'edusms.default.*', '0', '互动管理.手机短信(学生/家长)', null, 'N;', '0', '0');
INSERT INTO `auth_item` VALUES ('279', '互动管理.消息管理(学生/家长)', '1', '', null, 'N;', '0', '0');
INSERT INTO `auth_item` VALUES ('280', 'edusms.admin.*', '0', '互动管理.消息管理(学生/家长)', null, 'N;', '0', '0');
INSERT INTO `auth_item` VALUES ('281', '校领导', '2', '校领导', null, 'N;', '1', '1');
INSERT INTO `auth_item` VALUES ('282', '任课教师', '2', '任课教师', null, 'N;', '2', '0');
INSERT INTO `auth_item` VALUES ('283', '班主任', '2', '班主任', null, 'N;', '3', '0');
INSERT INTO `auth_item` VALUES ('284', '系统管理员', '2', '系统管理员', null, 'N;', '4', '0');
INSERT INTO `auth_item` VALUES ('285', '科主任', '2', '', null, 'N;', '50', '0');
INSERT INTO `auth_item` VALUES ('286', '部门主管', '2', '', null, 'N;', '40', '0');
INSERT INTO `auth_item` VALUES ('287', '测试', '1', '测试', null, 'N;', '11', '0');
INSERT INTO `auth_item` VALUES ('289', 'edusrecord.srecordAttend.*', '0', '学籍管理.出勤', null, 'N;', '0', '0');
INSERT INTO `auth_item` VALUES ('290', 'edusrecord.srecordChange.*', '0', '学籍管理.变动', null, 'N;', '0', '0');
INSERT INTO `auth_item` VALUES ('291', 'edusrecord.srecordEvaluate.*', '0', '学籍管理.评价', null, 'N;', '0', '0');
INSERT INTO `auth_item` VALUES ('292', 'edusrecord.srecordExperience .*', '0', '学籍管理.教育经历', null, 'N;', '0', '0');
INSERT INTO `auth_item` VALUES ('293', 'edusrecord.srecordFamily.*', '0', '学籍管理.家庭成员', null, 'N;', '0', '0');
INSERT INTO `auth_item` VALUES ('294', 'edusrecord.srecordGraduation.*', '0', '学籍管理.毕业信息', null, 'N;', '0', '0');
INSERT INTO `auth_item` VALUES ('295', 'edusrecord.srecordHealth.*', '0', '学籍管理.健康', null, 'N;', '0', '0');
INSERT INTO `auth_item` VALUES ('296', 'edusrecord.srecordHindicator.*', '0', '学籍管理.体质指标', null, 'N;', '0', '0');
INSERT INTO `auth_item` VALUES ('297', 'edusrecord.srecordPosition.*', '0', '学籍管理.职务', null, 'N;', '0', '0');
INSERT INTO `auth_item` VALUES ('298', 'edusrecord.srecordRemark.*', '0', '学籍管理.评价', null, 'N;', '0', '0');
INSERT INTO `auth_item` VALUES ('299', 'edusrecord.srecordReward.*', '0', '学籍管理.奖惩信息', null, 'N;', '0', '0');
INSERT INTO `auth_item` VALUES ('300', 'edusrecord.srecordScore.*', '0', '学籍管理.成绩', null, 'N;', '0', '0');
INSERT INTO `auth_item` VALUES ('301', 'edusrecord.srecordSpeciality.*', '0', '学籍管理.特长', null, 'N;', '0', '0');
INSERT INTO `auth_item` VALUES ('302', 'edusrecord.srecordSubsidize.*', '0', '学籍管理.补助信息', null, 'N;', '0', '0');
INSERT INTO `auth_item` VALUES ('303', 'edusrecord.studentExt.*', '0', '学籍管理.学生扩展信息', null, 'N;', '0', '0');
INSERT INTO `auth_item` VALUES ('304', 'notify.auditing.*', '0', '信息发布.公告通知审批.*', null, 'N;', '0', '0');
INSERT INTO `auth_item` VALUES ('305', '信息发布.公告通知审批', '1', '', null, 'N;', '0', '0');
INSERT INTO `auth_item` VALUES ('306', 'eduoptcourse.elective.*', '0', '教务管理.选课管理.*', null, 'N;', '0', '0');
INSERT INTO `auth_item` VALUES ('307', '教务管理.选课管理', '1', '', null, 'N;', '0', '0');
INSERT INTO `auth_item` VALUES ('308', 'eduoptcourse.schedule.*', '0', '教学管理.选修课表.*', null, 'N;', '0', '0');
INSERT INTO `auth_item` VALUES ('309', '教学管理.选修课表', '1', '', null, 'N;', '0', '0');
INSERT INTO `auth_item` VALUES ('310', '招生报名.注册家长管理', '1', '', null, 'N;', '0', '0');
INSERT INTO `auth_item` VALUES ('311', 'eduenrollment.default.*', '0', '招生报名.注册家长管理', null, 'N;', '0', '0');
INSERT INTO `auth_item` VALUES ('312', '招生报名.报名统计信息', '1', '', null, 'N;', '0', '0');
INSERT INTO `auth_item` VALUES ('313', 'eduenrollment.statistics.*', '0', '招生报名.报名统计信息', null, 'N;', '0', '0');
INSERT INTO `auth_item` VALUES ('314', '招生报名.报名相关通知', '1', '', null, 'N;', '0', '0');
INSERT INTO `auth_item` VALUES ('315', 'eduenrollment.notice.*', '0', '招生报名.报名相关通知', null, 'N;', '0', '0');
INSERT INTO `auth_item` VALUES ('316', '招生报名.幼儿园报名管理', '1', '', null, 'N;', '0', '0');
INSERT INTO `auth_item` VALUES ('317', 'eduenrollment.dergarten.*', '0', '招生报名.幼儿园报名管理', null, 'N;', '0', '0');
INSERT INTO `auth_item` VALUES ('318', '招生报名.小学报名管理', '1', '', null, 'N;', '0', '0');
INSERT INTO `auth_item` VALUES ('319', 'eduenrollment.primary.*', '0', '招生报名.小学报名管理', null, 'N;', '0', '0');
INSERT INTO `auth_item` VALUES ('320', '招生报名.初中报名管理', '1', '', null, 'N;', '0', '0');
INSERT INTO `auth_item` VALUES ('321', 'eduenrollment.juniormiddle.*', '0', '招生报名.初中报名管理', null, 'N;', '0', '0');
INSERT INTO `auth_item` VALUES ('322', '招生报名.高中报名管理', '1', '', null, 'N;', '0', '0');
INSERT INTO `auth_item` VALUES ('323', 'eduenrollment.highschool.*', '0', '招生报名.高中报名管理', null, 'N;', '0', '0');
INSERT INTO `auth_item` VALUES ('324', '招生报名.招生设置', '1', '', null, 'N;', '0', '0');
INSERT INTO `auth_item` VALUES ('325', 'eduenrollment.enrollsetting.*', '0', '招生报名.招生设置', null, 'N;', '0', '0');
INSERT INTO `auth_item` VALUES ('326', '教务管理.排课管理', '1', '', null, 'N;', '0', '0');
INSERT INTO `auth_item` VALUES ('327', 'rowclass.default.*', '0', '教务管理.排课管理', null, 'N;', '0', '0');
INSERT INTO `auth_item` VALUES ('328', '个人办公.讨论区', '1', '', null, 'N;', '0', '0');
INSERT INTO `auth_item` VALUES ('329', 'bbs.default.*', '0', '个人办公.讨论区', null, 'N;', '0', '0');
INSERT INTO `auth_item` VALUES ('330', '系统管理.讨论区管理', '1', '', null, 'N;', '0', '0');
INSERT INTO `auth_item` VALUES ('331', 'bbs.admin.*', '0', '系统管理.讨论区管理', null, 'N;', '0', '0');
INSERT INTO `auth_item` VALUES ('332', '知识管理.图片浏览', '1', '', null, 'N;', '0', '0');
INSERT INTO `auth_item` VALUES ('333', 'picset.pic.*', '0', '知识管理.图片浏览', null, 'N;', '0', '0');
INSERT INTO `auth_item` VALUES ('334', '知识管理.图片浏览设置', '1', '', null, 'N;', '0', '0');
INSERT INTO `auth_item` VALUES ('335', 'picset.default.*', '0', '知识管理.图片浏览设置', null, 'N;', '0', '0');
INSERT INTO `auth_item` VALUES ('336', '人事管理.考勤审批', '1', '', null, 'N;', '0', '0');
INSERT INTO `auth_item` VALUES ('337', 'attendance.approval.*', '0', '人事管理.考勤审批', null, 'N;', '0', '0');
INSERT INTO `auth_item` VALUES ('338', '系统管理.数据源管理', '1', '', null, 'N;', '0', '0');
INSERT INTO `auth_item` VALUES ('339', 'sys.datasrc.*', '0', '系统管理.数据源管理', null, 'N;', '0', '0');
INSERT INTO `auth_item` VALUES ('340', '系统管理.自定义字段管理', '1', '', null, 'N;', '0', '0');
INSERT INTO `auth_item` VALUES ('341', 'sys.field.*', '0', '系统管理.自定义字段管理', null, 'N;', '0', '0');
INSERT INTO `auth_item` VALUES ('342', '系统管理.微信企业号', '1', '', null, 'N;', '0', '0');
INSERT INTO `auth_item` VALUES ('343', 'qyapp.weixin.*', '0', '系统管理.微信企业号', null, 'N;', '0', '0');
INSERT INTO `auth_item` VALUES ('344', '资源管理.办公用品申请', '1', '', null, 'N;', '0', '0');
INSERT INTO `auth_item` VALUES ('345', 'office.index.*', '0', '资源管理.办公用品申请', null, 'N;', '0', '0');
INSERT INTO `auth_item` VALUES ('346', '资源管理.办公用品库管理', '1', '', null, 'N;', '0', '0');
INSERT INTO `auth_item` VALUES ('347', 'office.warehouse.*', '0', '资源管理.办公用品库管理', null, 'N;', '0', '0');
INSERT INTO `auth_item` VALUES ('348', '资源管理.库存管理', '1', '', null, 'N;', '0', '0');
INSERT INTO `auth_item` VALUES ('349', 'office.stock.*', '0', '资源管理.库存管理', null, 'N;', '0', '0');
INSERT INTO `auth_item` VALUES ('350', '资源管理.办公用品审批', '1', '', null, 'N;', '0', '0');
INSERT INTO `auth_item` VALUES ('351', 'office.approval.*', '0', '资源管理.办公用品审批', null, 'N;', '0', '0');
INSERT INTO `auth_item` VALUES ('352', '资源管理.办公用品发放', '1', '', null, 'N;', '0', '0');
INSERT INTO `auth_item` VALUES ('353', 'office.handout.*', '0', '资源管理.办公用品发放', null, 'N;', '0', '0');
INSERT INTO `auth_item` VALUES ('354', '资源管理.办公用品操作日志', '1', '', null, 'N;', '0', '0');
INSERT INTO `auth_item` VALUES ('355', 'office.operation.*', '0', '资源管理.办公用品操作日志', null, 'N;', '0', '0');
INSERT INTO `auth_item` VALUES ('356', '知识管理.网络硬盘', '1', '', null, 'N;', '0', '0');
INSERT INTO `auth_item` VALUES ('357', 'netdisk.default.*', '0', '知识管理.网络硬盘', null, 'N;', '0', '0');
INSERT INTO `auth_item` VALUES ('358', '知识管理.网络硬盘设置', '1', '', null, 'N;', '0', '0');
INSERT INTO `auth_item` VALUES ('359', 'netdisk.config.*', '0', '知识管理.网络硬盘设置', null, 'N;', '0', '0');
INSERT INTO `auth_item` VALUES ('360', '人事管理.工资项管理', '1', '', null, 'N;', '0', '0');
INSERT INTO `auth_item` VALUES ('361', 'payslip.default.*', '0', '人事管理.工资项管理', null, 'N;', '0', '0');
INSERT INTO `auth_item` VALUES ('362', '人事管理.工资条管理', '1', '', null, 'N;', '0', '0');
INSERT INTO `auth_item` VALUES ('363', 'payslip.admin.*', '0', '人事管理.工资条管理', null, 'N;', '0', '0');
INSERT INTO `auth_item` VALUES ('364', '人事管理.工资条查询', '1', '', null, 'N;', '0', '0');
INSERT INTO `auth_item` VALUES ('365', 'payslip.search.*', '0', '人事管理.工资条查询', null, 'N;', '0', '0');
INSERT INTO `auth_item` VALUES ('366', '人事管理.工资条设置', '1', '', null, 'N;', '0', '0');
INSERT INTO `auth_item` VALUES ('367', 'payslip.setting.*', '0', '人事管理.工资条设置', null, 'N;', '0', '0');
INSERT INTO `auth_item` VALUES ('368', '人事管理.工资总表', '1', '', null, 'N;', '0', '0');
INSERT INTO `auth_item` VALUES ('369', 'payslip.total.*', '0', '人事管理.工资总表', null, 'N;', '0', '0');
INSERT INTO `auth_item` VALUES ('370', '教务管理.学生素质报告单打印', '1', '', null, 'N;', '0', '0');
INSERT INTO `auth_item` VALUES ('371', 'edurecord.default.*', '0', '教务管理.学生素质报告单打印', null, 'N;', '0', '0');
INSERT INTO `auth_item` VALUES ('372', '教务管理.分数等级设置', '1', '', null, 'N;', '0', '0');
INSERT INTO `auth_item` VALUES ('373', 'edurecord.setting.*', '0', '教务管理.分数等级设置', null, 'N;', '0', '0');
INSERT INTO `auth_item` VALUES ('374', '档案管理.借阅归还', '1', '', null, 'N;', '0', '0');
INSERT INTO `auth_item` VALUES ('375', '档案管理.卷盒管理', '1', '', null, 'N;', '0', '0');
INSERT INTO `auth_item` VALUES ('376', 'archive.box.*', '0', '档案管理.卷盒管理', null, 'N;', '0', '0');
INSERT INTO `auth_item` VALUES ('377', '教师档案.获奖登记', '1', '', null, 'N;', '0', '0');
INSERT INTO `auth_item` VALUES ('378', 'eduteacheraward.personal.*', '0', '教师档案.获奖登记', null, 'N;', '0', '0');
INSERT INTO `auth_item` VALUES ('379', '教师档案.获奖审批设置', '1', '', null, 'N;', '0', '0');
INSERT INTO `auth_item` VALUES ('380', 'eduteacheraward.config.*', '0', '教师档案.获奖审批设置', null, 'N;', '0', '0');
INSERT INTO `auth_item` VALUES ('381', '事务审批.待办事务【移交】', '1', '', null, 'N;', '0', '0');
INSERT INTO `auth_item` VALUES ('382', 'workflow.transition.*', '0', '事务审批.待办事务【移交】', null, 'N;', '0', '0');
INSERT INTO `auth_item` VALUES ('383', '人事管理.工作移交', '1', '', null, 'N;', '0', '0');
INSERT INTO `auth_item` VALUES ('384', 'transition.default.*', '0', '人事管理.工作移交', null, 'N;', '0', '0');

-- ----------------------------
-- Table structure for auth_item_child
-- ----------------------------
DROP TABLE IF EXISTS `auth_item_child`;
CREATE TABLE `auth_item_child` (
  `parent` int(11) NOT NULL,
  `child` int(11) NOT NULL,
  PRIMARY KEY (`parent`,`child`),
  KEY `child` (`child`),
  CONSTRAINT `child` FOREIGN KEY (`child`) REFERENCES `auth_item` (`id`) ON DELETE CASCADE ON UPDATE CASCADE,
  CONSTRAINT `parent` FOREIGN KEY (`parent`) REFERENCES `auth_item` (`id`) ON DELETE CASCADE ON UPDATE CASCADE
) ENGINE=InnoDB DEFAULT CHARSET=utf8;

-- ----------------------------
-- Records of auth_item_child
-- ----------------------------
INSERT INTO `auth_item_child` VALUES ('281', '1');
INSERT INTO `auth_item_child` VALUES ('282', '1');
INSERT INTO `auth_item_child` VALUES ('283', '1');
INSERT INTO `auth_item_child` VALUES ('284', '1');
INSERT INTO `auth_item_child` VALUES ('286', '1');
INSERT INTO `auth_item_child` VALUES ('1', '2');
INSERT INTO `auth_item_child` VALUES ('1', '3');
INSERT INTO `auth_item_child` VALUES ('1', '4');
INSERT INTO `auth_item_child` VALUES ('1', '5');
INSERT INTO `auth_item_child` VALUES ('1', '6');
INSERT INTO `auth_item_child` VALUES ('1', '7');
INSERT INTO `auth_item_child` VALUES ('1', '8');
INSERT INTO `auth_item_child` VALUES ('281', '9');
INSERT INTO `auth_item_child` VALUES ('282', '9');
INSERT INTO `auth_item_child` VALUES ('283', '9');
INSERT INTO `auth_item_child` VALUES ('284', '9');
INSERT INTO `auth_item_child` VALUES ('286', '9');
INSERT INTO `auth_item_child` VALUES ('9', '10');
INSERT INTO `auth_item_child` VALUES ('281', '11');
INSERT INTO `auth_item_child` VALUES ('282', '11');
INSERT INTO `auth_item_child` VALUES ('283', '11');
INSERT INTO `auth_item_child` VALUES ('284', '11');
INSERT INTO `auth_item_child` VALUES ('286', '11');
INSERT INTO `auth_item_child` VALUES ('11', '12');
INSERT INTO `auth_item_child` VALUES ('281', '13');
INSERT INTO `auth_item_child` VALUES ('282', '13');
INSERT INTO `auth_item_child` VALUES ('283', '13');
INSERT INTO `auth_item_child` VALUES ('284', '13');
INSERT INTO `auth_item_child` VALUES ('286', '13');
INSERT INTO `auth_item_child` VALUES ('13', '14');
INSERT INTO `auth_item_child` VALUES ('281', '15');
INSERT INTO `auth_item_child` VALUES ('282', '15');
INSERT INTO `auth_item_child` VALUES ('283', '15');
INSERT INTO `auth_item_child` VALUES ('284', '15');
INSERT INTO `auth_item_child` VALUES ('286', '15');
INSERT INTO `auth_item_child` VALUES ('15', '16');
INSERT INTO `auth_item_child` VALUES ('281', '17');
INSERT INTO `auth_item_child` VALUES ('282', '17');
INSERT INTO `auth_item_child` VALUES ('283', '17');
INSERT INTO `auth_item_child` VALUES ('284', '17');
INSERT INTO `auth_item_child` VALUES ('286', '17');
INSERT INTO `auth_item_child` VALUES ('17', '18');
INSERT INTO `auth_item_child` VALUES ('281', '19');
INSERT INTO `auth_item_child` VALUES ('282', '19');
INSERT INTO `auth_item_child` VALUES ('283', '19');
INSERT INTO `auth_item_child` VALUES ('284', '19');
INSERT INTO `auth_item_child` VALUES ('286', '19');
INSERT INTO `auth_item_child` VALUES ('19', '20');
INSERT INTO `auth_item_child` VALUES ('281', '21');
INSERT INTO `auth_item_child` VALUES ('282', '21');
INSERT INTO `auth_item_child` VALUES ('283', '21');
INSERT INTO `auth_item_child` VALUES ('284', '21');
INSERT INTO `auth_item_child` VALUES ('286', '21');
INSERT INTO `auth_item_child` VALUES ('21', '22');
INSERT INTO `auth_item_child` VALUES ('287', '22');
INSERT INTO `auth_item_child` VALUES ('281', '23');
INSERT INTO `auth_item_child` VALUES ('282', '23');
INSERT INTO `auth_item_child` VALUES ('283', '23');
INSERT INTO `auth_item_child` VALUES ('284', '23');
INSERT INTO `auth_item_child` VALUES ('286', '23');
INSERT INTO `auth_item_child` VALUES ('23', '24');
INSERT INTO `auth_item_child` VALUES ('281', '25');
INSERT INTO `auth_item_child` VALUES ('282', '25');
INSERT INTO `auth_item_child` VALUES ('283', '25');
INSERT INTO `auth_item_child` VALUES ('284', '25');
INSERT INTO `auth_item_child` VALUES ('286', '25');
INSERT INTO `auth_item_child` VALUES ('25', '26');
INSERT INTO `auth_item_child` VALUES ('281', '27');
INSERT INTO `auth_item_child` VALUES ('282', '27');
INSERT INTO `auth_item_child` VALUES ('283', '27');
INSERT INTO `auth_item_child` VALUES ('284', '27');
INSERT INTO `auth_item_child` VALUES ('286', '27');
INSERT INTO `auth_item_child` VALUES ('27', '28');
INSERT INTO `auth_item_child` VALUES ('281', '29');
INSERT INTO `auth_item_child` VALUES ('282', '29');
INSERT INTO `auth_item_child` VALUES ('283', '29');
INSERT INTO `auth_item_child` VALUES ('284', '29');
INSERT INTO `auth_item_child` VALUES ('286', '29');
INSERT INTO `auth_item_child` VALUES ('29', '30');
INSERT INTO `auth_item_child` VALUES ('281', '31');
INSERT INTO `auth_item_child` VALUES ('282', '31');
INSERT INTO `auth_item_child` VALUES ('283', '31');
INSERT INTO `auth_item_child` VALUES ('284', '31');
INSERT INTO `auth_item_child` VALUES ('286', '31');
INSERT INTO `auth_item_child` VALUES ('31', '32');
INSERT INTO `auth_item_child` VALUES ('31', '33');
INSERT INTO `auth_item_child` VALUES ('31', '34');
INSERT INTO `auth_item_child` VALUES ('281', '35');
INSERT INTO `auth_item_child` VALUES ('282', '35');
INSERT INTO `auth_item_child` VALUES ('283', '35');
INSERT INTO `auth_item_child` VALUES ('284', '35');
INSERT INTO `auth_item_child` VALUES ('286', '35');
INSERT INTO `auth_item_child` VALUES ('35', '36');
INSERT INTO `auth_item_child` VALUES ('281', '37');
INSERT INTO `auth_item_child` VALUES ('284', '37');
INSERT INTO `auth_item_child` VALUES ('286', '37');
INSERT INTO `auth_item_child` VALUES ('37', '38');
INSERT INTO `auth_item_child` VALUES ('281', '39');
INSERT INTO `auth_item_child` VALUES ('282', '39');
INSERT INTO `auth_item_child` VALUES ('283', '39');
INSERT INTO `auth_item_child` VALUES ('284', '39');
INSERT INTO `auth_item_child` VALUES ('286', '39');
INSERT INTO `auth_item_child` VALUES ('39', '40');
INSERT INTO `auth_item_child` VALUES ('281', '41');
INSERT INTO `auth_item_child` VALUES ('284', '41');
INSERT INTO `auth_item_child` VALUES ('286', '41');
INSERT INTO `auth_item_child` VALUES ('41', '42');
INSERT INTO `auth_item_child` VALUES ('281', '43');
INSERT INTO `auth_item_child` VALUES ('282', '43');
INSERT INTO `auth_item_child` VALUES ('283', '43');
INSERT INTO `auth_item_child` VALUES ('284', '43');
INSERT INTO `auth_item_child` VALUES ('286', '43');
INSERT INTO `auth_item_child` VALUES ('43', '44');
INSERT INTO `auth_item_child` VALUES ('281', '45');
INSERT INTO `auth_item_child` VALUES ('284', '45');
INSERT INTO `auth_item_child` VALUES ('286', '45');
INSERT INTO `auth_item_child` VALUES ('45', '46');
INSERT INTO `auth_item_child` VALUES ('281', '47');
INSERT INTO `auth_item_child` VALUES ('282', '47');
INSERT INTO `auth_item_child` VALUES ('283', '47');
INSERT INTO `auth_item_child` VALUES ('284', '47');
INSERT INTO `auth_item_child` VALUES ('286', '47');
INSERT INTO `auth_item_child` VALUES ('47', '48');
INSERT INTO `auth_item_child` VALUES ('281', '49');
INSERT INTO `auth_item_child` VALUES ('282', '49');
INSERT INTO `auth_item_child` VALUES ('283', '49');
INSERT INTO `auth_item_child` VALUES ('284', '49');
INSERT INTO `auth_item_child` VALUES ('286', '49');
INSERT INTO `auth_item_child` VALUES ('281', '50');
INSERT INTO `auth_item_child` VALUES ('282', '50');
INSERT INTO `auth_item_child` VALUES ('283', '50');
INSERT INTO `auth_item_child` VALUES ('284', '50');
INSERT INTO `auth_item_child` VALUES ('286', '50');
INSERT INTO `auth_item_child` VALUES ('50', '51');
INSERT INTO `auth_item_child` VALUES ('281', '52');
INSERT INTO `auth_item_child` VALUES ('284', '52');
INSERT INTO `auth_item_child` VALUES ('286', '52');
INSERT INTO `auth_item_child` VALUES ('52', '53');
INSERT INTO `auth_item_child` VALUES ('281', '54');
INSERT INTO `auth_item_child` VALUES ('284', '54');
INSERT INTO `auth_item_child` VALUES ('286', '54');
INSERT INTO `auth_item_child` VALUES ('54', '55');
INSERT INTO `auth_item_child` VALUES ('281', '56');
INSERT INTO `auth_item_child` VALUES ('284', '56');
INSERT INTO `auth_item_child` VALUES ('286', '56');
INSERT INTO `auth_item_child` VALUES ('56', '57');
INSERT INTO `auth_item_child` VALUES ('281', '58');
INSERT INTO `auth_item_child` VALUES ('284', '58');
INSERT INTO `auth_item_child` VALUES ('286', '58');
INSERT INTO `auth_item_child` VALUES ('58', '59');
INSERT INTO `auth_item_child` VALUES ('281', '60');
INSERT INTO `auth_item_child` VALUES ('284', '60');
INSERT INTO `auth_item_child` VALUES ('286', '60');
INSERT INTO `auth_item_child` VALUES ('60', '61');
INSERT INTO `auth_item_child` VALUES ('281', '64');
INSERT INTO `auth_item_child` VALUES ('284', '64');
INSERT INTO `auth_item_child` VALUES ('286', '64');
INSERT INTO `auth_item_child` VALUES ('64', '65');
INSERT INTO `auth_item_child` VALUES ('281', '66');
INSERT INTO `auth_item_child` VALUES ('284', '66');
INSERT INTO `auth_item_child` VALUES ('286', '66');
INSERT INTO `auth_item_child` VALUES ('66', '67');
INSERT INTO `auth_item_child` VALUES ('281', '68');
INSERT INTO `auth_item_child` VALUES ('284', '68');
INSERT INTO `auth_item_child` VALUES ('286', '68');
INSERT INTO `auth_item_child` VALUES ('68', '69');
INSERT INTO `auth_item_child` VALUES ('281', '70');
INSERT INTO `auth_item_child` VALUES ('284', '70');
INSERT INTO `auth_item_child` VALUES ('286', '70');
INSERT INTO `auth_item_child` VALUES ('70', '71');
INSERT INTO `auth_item_child` VALUES ('281', '72');
INSERT INTO `auth_item_child` VALUES ('284', '72');
INSERT INTO `auth_item_child` VALUES ('286', '72');
INSERT INTO `auth_item_child` VALUES ('72', '73');
INSERT INTO `auth_item_child` VALUES ('281', '74');
INSERT INTO `auth_item_child` VALUES ('282', '74');
INSERT INTO `auth_item_child` VALUES ('283', '74');
INSERT INTO `auth_item_child` VALUES ('284', '74');
INSERT INTO `auth_item_child` VALUES ('286', '74');
INSERT INTO `auth_item_child` VALUES ('74', '75');
INSERT INTO `auth_item_child` VALUES ('281', '76');
INSERT INTO `auth_item_child` VALUES ('284', '76');
INSERT INTO `auth_item_child` VALUES ('286', '76');
INSERT INTO `auth_item_child` VALUES ('76', '77');
INSERT INTO `auth_item_child` VALUES ('281', '78');
INSERT INTO `auth_item_child` VALUES ('282', '78');
INSERT INTO `auth_item_child` VALUES ('283', '78');
INSERT INTO `auth_item_child` VALUES ('284', '78');
INSERT INTO `auth_item_child` VALUES ('286', '78');
INSERT INTO `auth_item_child` VALUES ('78', '79');
INSERT INTO `auth_item_child` VALUES ('281', '80');
INSERT INTO `auth_item_child` VALUES ('284', '80');
INSERT INTO `auth_item_child` VALUES ('286', '80');
INSERT INTO `auth_item_child` VALUES ('80', '81');
INSERT INTO `auth_item_child` VALUES ('284', '82');
INSERT INTO `auth_item_child` VALUES ('286', '82');
INSERT INTO `auth_item_child` VALUES ('82', '83');
INSERT INTO `auth_item_child` VALUES ('284', '84');
INSERT INTO `auth_item_child` VALUES ('286', '84');
INSERT INTO `auth_item_child` VALUES ('84', '85');
INSERT INTO `auth_item_child` VALUES ('284', '86');
INSERT INTO `auth_item_child` VALUES ('286', '86');
INSERT INTO `auth_item_child` VALUES ('86', '87');
INSERT INTO `auth_item_child` VALUES ('284', '88');
INSERT INTO `auth_item_child` VALUES ('286', '88');
INSERT INTO `auth_item_child` VALUES ('88', '89');
INSERT INTO `auth_item_child` VALUES ('284', '90');
INSERT INTO `auth_item_child` VALUES ('286', '90');
INSERT INTO `auth_item_child` VALUES ('90', '91');
INSERT INTO `auth_item_child` VALUES ('284', '92');
INSERT INTO `auth_item_child` VALUES ('286', '92');
INSERT INTO `auth_item_child` VALUES ('92', '93');
INSERT INTO `auth_item_child` VALUES ('284', '94');
INSERT INTO `auth_item_child` VALUES ('286', '94');
INSERT INTO `auth_item_child` VALUES ('94', '95');
INSERT INTO `auth_item_child` VALUES ('284', '96');
INSERT INTO `auth_item_child` VALUES ('286', '96');
INSERT INTO `auth_item_child` VALUES ('96', '97');
INSERT INTO `auth_item_child` VALUES ('284', '98');
INSERT INTO `auth_item_child` VALUES ('286', '98');
INSERT INTO `auth_item_child` VALUES ('98', '99');
INSERT INTO `auth_item_child` VALUES ('284', '100');
INSERT INTO `auth_item_child` VALUES ('286', '100');
INSERT INTO `auth_item_child` VALUES ('100', '101');
INSERT INTO `auth_item_child` VALUES ('284', '102');
INSERT INTO `auth_item_child` VALUES ('286', '102');
INSERT INTO `auth_item_child` VALUES ('102', '103');
INSERT INTO `auth_item_child` VALUES ('284', '104');
INSERT INTO `auth_item_child` VALUES ('286', '104');
INSERT INTO `auth_item_child` VALUES ('104', '105');
INSERT INTO `auth_item_child` VALUES ('104', '106');
INSERT INTO `auth_item_child` VALUES ('104', '107');
INSERT INTO `auth_item_child` VALUES ('104', '108');
INSERT INTO `auth_item_child` VALUES ('104', '109');
INSERT INTO `auth_item_child` VALUES ('104', '110');
INSERT INTO `auth_item_child` VALUES ('284', '111');
INSERT INTO `auth_item_child` VALUES ('286', '111');
INSERT INTO `auth_item_child` VALUES ('111', '112');
INSERT INTO `auth_item_child` VALUES ('284', '113');
INSERT INTO `auth_item_child` VALUES ('286', '113');
INSERT INTO `auth_item_child` VALUES ('113', '114');
INSERT INTO `auth_item_child` VALUES ('284', '115');
INSERT INTO `auth_item_child` VALUES ('286', '115');
INSERT INTO `auth_item_child` VALUES ('115', '116');
INSERT INTO `auth_item_child` VALUES ('284', '117');
INSERT INTO `auth_item_child` VALUES ('286', '117');
INSERT INTO `auth_item_child` VALUES ('117', '118');
INSERT INTO `auth_item_child` VALUES ('284', '119');
INSERT INTO `auth_item_child` VALUES ('286', '119');
INSERT INTO `auth_item_child` VALUES ('119', '120');
INSERT INTO `auth_item_child` VALUES ('119', '121');
INSERT INTO `auth_item_child` VALUES ('119', '122');
INSERT INTO `auth_item_child` VALUES ('284', '123');
INSERT INTO `auth_item_child` VALUES ('286', '123');
INSERT INTO `auth_item_child` VALUES ('123', '124');
INSERT INTO `auth_item_child` VALUES ('284', '125');
INSERT INTO `auth_item_child` VALUES ('286', '125');
INSERT INTO `auth_item_child` VALUES ('125', '126');
INSERT INTO `auth_item_child` VALUES ('284', '127');
INSERT INTO `auth_item_child` VALUES ('286', '127');
INSERT INTO `auth_item_child` VALUES ('127', '128');
INSERT INTO `auth_item_child` VALUES ('284', '129');
INSERT INTO `auth_item_child` VALUES ('286', '129');
INSERT INTO `auth_item_child` VALUES ('129', '130');
INSERT INTO `auth_item_child` VALUES ('284', '131');
INSERT INTO `auth_item_child` VALUES ('286', '131');
INSERT INTO `auth_item_child` VALUES ('131', '132');
INSERT INTO `auth_item_child` VALUES ('284', '133');
INSERT INTO `auth_item_child` VALUES ('286', '133');
INSERT INTO `auth_item_child` VALUES ('133', '134');
INSERT INTO `auth_item_child` VALUES ('284', '135');
INSERT INTO `auth_item_child` VALUES ('286', '135');
INSERT INTO `auth_item_child` VALUES ('135', '136');
INSERT INTO `auth_item_child` VALUES ('284', '137');
INSERT INTO `auth_item_child` VALUES ('286', '137');
INSERT INTO `auth_item_child` VALUES ('284', '154');
INSERT INTO `auth_item_child` VALUES ('286', '154');
INSERT INTO `auth_item_child` VALUES ('154', '155');
INSERT INTO `auth_item_child` VALUES ('284', '156');
INSERT INTO `auth_item_child` VALUES ('286', '156');
INSERT INTO `auth_item_child` VALUES ('156', '157');
INSERT INTO `auth_item_child` VALUES ('156', '158');
INSERT INTO `auth_item_child` VALUES ('156', '159');
INSERT INTO `auth_item_child` VALUES ('156', '160');
INSERT INTO `auth_item_child` VALUES ('284', '161');
INSERT INTO `auth_item_child` VALUES ('286', '161');
INSERT INTO `auth_item_child` VALUES ('161', '162');
INSERT INTO `auth_item_child` VALUES ('284', '163');
INSERT INTO `auth_item_child` VALUES ('286', '163');
INSERT INTO `auth_item_child` VALUES ('163', '164');
INSERT INTO `auth_item_child` VALUES ('281', '165');
INSERT INTO `auth_item_child` VALUES ('284', '165');
INSERT INTO `auth_item_child` VALUES ('286', '165');
INSERT INTO `auth_item_child` VALUES ('165', '166');
INSERT INTO `auth_item_child` VALUES ('281', '167');
INSERT INTO `auth_item_child` VALUES ('284', '167');
INSERT INTO `auth_item_child` VALUES ('286', '167');
INSERT INTO `auth_item_child` VALUES ('167', '168');
INSERT INTO `auth_item_child` VALUES ('281', '169');
INSERT INTO `auth_item_child` VALUES ('284', '169');
INSERT INTO `auth_item_child` VALUES ('286', '169');
INSERT INTO `auth_item_child` VALUES ('169', '170');
INSERT INTO `auth_item_child` VALUES ('281', '171');
INSERT INTO `auth_item_child` VALUES ('284', '171');
INSERT INTO `auth_item_child` VALUES ('286', '171');
INSERT INTO `auth_item_child` VALUES ('171', '172');
INSERT INTO `auth_item_child` VALUES ('281', '173');
INSERT INTO `auth_item_child` VALUES ('284', '173');
INSERT INTO `auth_item_child` VALUES ('286', '173');
INSERT INTO `auth_item_child` VALUES ('173', '174');
INSERT INTO `auth_item_child` VALUES ('281', '175');
INSERT INTO `auth_item_child` VALUES ('284', '175');
INSERT INTO `auth_item_child` VALUES ('286', '175');
INSERT INTO `auth_item_child` VALUES ('175', '176');
INSERT INTO `auth_item_child` VALUES ('281', '177');
INSERT INTO `auth_item_child` VALUES ('284', '177');
INSERT INTO `auth_item_child` VALUES ('286', '177');
INSERT INTO `auth_item_child` VALUES ('177', '178');
INSERT INTO `auth_item_child` VALUES ('281', '179');
INSERT INTO `auth_item_child` VALUES ('282', '179');
INSERT INTO `auth_item_child` VALUES ('283', '179');
INSERT INTO `auth_item_child` VALUES ('284', '179');
INSERT INTO `auth_item_child` VALUES ('286', '179');
INSERT INTO `auth_item_child` VALUES ('179', '180');
INSERT INTO `auth_item_child` VALUES ('281', '181');
INSERT INTO `auth_item_child` VALUES ('284', '181');
INSERT INTO `auth_item_child` VALUES ('286', '181');
INSERT INTO `auth_item_child` VALUES ('181', '182');
INSERT INTO `auth_item_child` VALUES ('281', '183');
INSERT INTO `auth_item_child` VALUES ('282', '183');
INSERT INTO `auth_item_child` VALUES ('283', '183');
INSERT INTO `auth_item_child` VALUES ('284', '183');
INSERT INTO `auth_item_child` VALUES ('286', '183');
INSERT INTO `auth_item_child` VALUES ('183', '184');
INSERT INTO `auth_item_child` VALUES ('281', '185');
INSERT INTO `auth_item_child` VALUES ('284', '185');
INSERT INTO `auth_item_child` VALUES ('286', '185');
INSERT INTO `auth_item_child` VALUES ('185', '186');
INSERT INTO `auth_item_child` VALUES ('281', '187');
INSERT INTO `auth_item_child` VALUES ('282', '187');
INSERT INTO `auth_item_child` VALUES ('283', '187');
INSERT INTO `auth_item_child` VALUES ('284', '187');
INSERT INTO `auth_item_child` VALUES ('286', '187');
INSERT INTO `auth_item_child` VALUES ('187', '188');
INSERT INTO `auth_item_child` VALUES ('281', '189');
INSERT INTO `auth_item_child` VALUES ('284', '189');
INSERT INTO `auth_item_child` VALUES ('286', '189');
INSERT INTO `auth_item_child` VALUES ('189', '190');
INSERT INTO `auth_item_child` VALUES ('281', '191');
INSERT INTO `auth_item_child` VALUES ('284', '191');
INSERT INTO `auth_item_child` VALUES ('286', '191');
INSERT INTO `auth_item_child` VALUES ('191', '192');
INSERT INTO `auth_item_child` VALUES ('281', '193');
INSERT INTO `auth_item_child` VALUES ('284', '193');
INSERT INTO `auth_item_child` VALUES ('286', '193');
INSERT INTO `auth_item_child` VALUES ('193', '194');
INSERT INTO `auth_item_child` VALUES ('281', '195');
INSERT INTO `auth_item_child` VALUES ('284', '195');
INSERT INTO `auth_item_child` VALUES ('286', '195');
INSERT INTO `auth_item_child` VALUES ('195', '196');
INSERT INTO `auth_item_child` VALUES ('281', '197');
INSERT INTO `auth_item_child` VALUES ('284', '197');
INSERT INTO `auth_item_child` VALUES ('286', '197');
INSERT INTO `auth_item_child` VALUES ('197', '198');
INSERT INTO `auth_item_child` VALUES ('281', '199');
INSERT INTO `auth_item_child` VALUES ('284', '199');
INSERT INTO `auth_item_child` VALUES ('286', '199');
INSERT INTO `auth_item_child` VALUES ('199', '200');
INSERT INTO `auth_item_child` VALUES ('281', '201');
INSERT INTO `auth_item_child` VALUES ('284', '201');
INSERT INTO `auth_item_child` VALUES ('286', '201');
INSERT INTO `auth_item_child` VALUES ('201', '202');
INSERT INTO `auth_item_child` VALUES ('281', '203');
INSERT INTO `auth_item_child` VALUES ('284', '203');
INSERT INTO `auth_item_child` VALUES ('286', '203');
INSERT INTO `auth_item_child` VALUES ('203', '204');
INSERT INTO `auth_item_child` VALUES ('281', '205');
INSERT INTO `auth_item_child` VALUES ('284', '205');
INSERT INTO `auth_item_child` VALUES ('286', '205');
INSERT INTO `auth_item_child` VALUES ('205', '206');
INSERT INTO `auth_item_child` VALUES ('281', '207');
INSERT INTO `auth_item_child` VALUES ('284', '207');
INSERT INTO `auth_item_child` VALUES ('286', '207');
INSERT INTO `auth_item_child` VALUES ('207', '208');
INSERT INTO `auth_item_child` VALUES ('281', '209');
INSERT INTO `auth_item_child` VALUES ('284', '209');
INSERT INTO `auth_item_child` VALUES ('286', '209');
INSERT INTO `auth_item_child` VALUES ('209', '210');
INSERT INTO `auth_item_child` VALUES ('281', '211');
INSERT INTO `auth_item_child` VALUES ('284', '211');
INSERT INTO `auth_item_child` VALUES ('286', '211');
INSERT INTO `auth_item_child` VALUES ('211', '212');
INSERT INTO `auth_item_child` VALUES ('281', '213');
INSERT INTO `auth_item_child` VALUES ('284', '213');
INSERT INTO `auth_item_child` VALUES ('286', '213');
INSERT INTO `auth_item_child` VALUES ('213', '214');
INSERT INTO `auth_item_child` VALUES ('281', '215');
INSERT INTO `auth_item_child` VALUES ('282', '215');
INSERT INTO `auth_item_child` VALUES ('283', '215');
INSERT INTO `auth_item_child` VALUES ('284', '215');
INSERT INTO `auth_item_child` VALUES ('286', '215');
INSERT INTO `auth_item_child` VALUES ('215', '216');
INSERT INTO `auth_item_child` VALUES ('281', '217');
INSERT INTO `auth_item_child` VALUES ('282', '217');
INSERT INTO `auth_item_child` VALUES ('283', '217');
INSERT INTO `auth_item_child` VALUES ('284', '217');
INSERT INTO `auth_item_child` VALUES ('286', '217');
INSERT INTO `auth_item_child` VALUES ('217', '218');
INSERT INTO `auth_item_child` VALUES ('281', '219');
INSERT INTO `auth_item_child` VALUES ('282', '219');
INSERT INTO `auth_item_child` VALUES ('283', '219');
INSERT INTO `auth_item_child` VALUES ('284', '219');
INSERT INTO `auth_item_child` VALUES ('286', '219');
INSERT INTO `auth_item_child` VALUES ('219', '220');
INSERT INTO `auth_item_child` VALUES ('281', '221');
INSERT INTO `auth_item_child` VALUES ('283', '221');
INSERT INTO `auth_item_child` VALUES ('284', '221');
INSERT INTO `auth_item_child` VALUES ('286', '221');
INSERT INTO `auth_item_child` VALUES ('221', '222');
INSERT INTO `auth_item_child` VALUES ('281', '223');
INSERT INTO `auth_item_child` VALUES ('282', '223');
INSERT INTO `auth_item_child` VALUES ('283', '223');
INSERT INTO `auth_item_child` VALUES ('284', '223');
INSERT INTO `auth_item_child` VALUES ('286', '223');
INSERT INTO `auth_item_child` VALUES ('223', '224');
INSERT INTO `auth_item_child` VALUES ('281', '225');
INSERT INTO `auth_item_child` VALUES ('284', '225');
INSERT INTO `auth_item_child` VALUES ('286', '225');
INSERT INTO `auth_item_child` VALUES ('225', '226');
INSERT INTO `auth_item_child` VALUES ('281', '227');
INSERT INTO `auth_item_child` VALUES ('282', '227');
INSERT INTO `auth_item_child` VALUES ('284', '227');
INSERT INTO `auth_item_child` VALUES ('286', '227');
INSERT INTO `auth_item_child` VALUES ('227', '228');
INSERT INTO `auth_item_child` VALUES ('281', '229');
INSERT INTO `auth_item_child` VALUES ('282', '229');
INSERT INTO `auth_item_child` VALUES ('284', '229');
INSERT INTO `auth_item_child` VALUES ('286', '229');
INSERT INTO `auth_item_child` VALUES ('229', '230');
INSERT INTO `auth_item_child` VALUES ('281', '231');
INSERT INTO `auth_item_child` VALUES ('282', '231');
INSERT INTO `auth_item_child` VALUES ('283', '231');
INSERT INTO `auth_item_child` VALUES ('284', '231');
INSERT INTO `auth_item_child` VALUES ('286', '231');
INSERT INTO `auth_item_child` VALUES ('231', '232');
INSERT INTO `auth_item_child` VALUES ('281', '233');
INSERT INTO `auth_item_child` VALUES ('282', '233');
INSERT INTO `auth_item_child` VALUES ('283', '233');
INSERT INTO `auth_item_child` VALUES ('284', '233');
INSERT INTO `auth_item_child` VALUES ('286', '233');
INSERT INTO `auth_item_child` VALUES ('233', '234');
INSERT INTO `auth_item_child` VALUES ('281', '235');
INSERT INTO `auth_item_child` VALUES ('282', '235');
INSERT INTO `auth_item_child` VALUES ('283', '235');
INSERT INTO `auth_item_child` VALUES ('284', '235');
INSERT INTO `auth_item_child` VALUES ('286', '235');
INSERT INTO `auth_item_child` VALUES ('235', '236');
INSERT INTO `auth_item_child` VALUES ('281', '237');
INSERT INTO `auth_item_child` VALUES ('283', '237');
INSERT INTO `auth_item_child` VALUES ('284', '237');
INSERT INTO `auth_item_child` VALUES ('286', '237');
INSERT INTO `auth_item_child` VALUES ('237', '238');
INSERT INTO `auth_item_child` VALUES ('281', '239');
INSERT INTO `auth_item_child` VALUES ('282', '239');
INSERT INTO `auth_item_child` VALUES ('283', '239');
INSERT INTO `auth_item_child` VALUES ('284', '239');
INSERT INTO `auth_item_child` VALUES ('286', '239');
INSERT INTO `auth_item_child` VALUES ('239', '240');
INSERT INTO `auth_item_child` VALUES ('281', '241');
INSERT INTO `auth_item_child` VALUES ('282', '241');
INSERT INTO `auth_item_child` VALUES ('283', '241');
INSERT INTO `auth_item_child` VALUES ('284', '241');
INSERT INTO `auth_item_child` VALUES ('286', '241');
INSERT INTO `auth_item_child` VALUES ('241', '242');
INSERT INTO `auth_item_child` VALUES ('281', '243');
INSERT INTO `auth_item_child` VALUES ('282', '243');
INSERT INTO `auth_item_child` VALUES ('283', '243');
INSERT INTO `auth_item_child` VALUES ('284', '243');
INSERT INTO `auth_item_child` VALUES ('286', '243');
INSERT INTO `auth_item_child` VALUES ('243', '244');
INSERT INTO `auth_item_child` VALUES ('281', '245');
INSERT INTO `auth_item_child` VALUES ('282', '245');
INSERT INTO `auth_item_child` VALUES ('283', '245');
INSERT INTO `auth_item_child` VALUES ('284', '245');
INSERT INTO `auth_item_child` VALUES ('286', '245');
INSERT INTO `auth_item_child` VALUES ('245', '246');
INSERT INTO `auth_item_child` VALUES ('281', '247');
INSERT INTO `auth_item_child` VALUES ('282', '247');
INSERT INTO `auth_item_child` VALUES ('283', '247');
INSERT INTO `auth_item_child` VALUES ('284', '247');
INSERT INTO `auth_item_child` VALUES ('286', '247');
INSERT INTO `auth_item_child` VALUES ('247', '248');
INSERT INTO `auth_item_child` VALUES ('281', '249');
INSERT INTO `auth_item_child` VALUES ('283', '249');
INSERT INTO `auth_item_child` VALUES ('284', '249');
INSERT INTO `auth_item_child` VALUES ('286', '249');
INSERT INTO `auth_item_child` VALUES ('249', '250');
INSERT INTO `auth_item_child` VALUES ('281', '251');
INSERT INTO `auth_item_child` VALUES ('283', '251');
INSERT INTO `auth_item_child` VALUES ('284', '251');
INSERT INTO `auth_item_child` VALUES ('286', '251');
INSERT INTO `auth_item_child` VALUES ('251', '252');
INSERT INTO `auth_item_child` VALUES ('281', '253');
INSERT INTO `auth_item_child` VALUES ('283', '253');
INSERT INTO `auth_item_child` VALUES ('284', '253');
INSERT INTO `auth_item_child` VALUES ('286', '253');
INSERT INTO `auth_item_child` VALUES ('253', '254');
INSERT INTO `auth_item_child` VALUES ('281', '255');
INSERT INTO `auth_item_child` VALUES ('283', '255');
INSERT INTO `auth_item_child` VALUES ('284', '255');
INSERT INTO `auth_item_child` VALUES ('286', '255');
INSERT INTO `auth_item_child` VALUES ('255', '256');
INSERT INTO `auth_item_child` VALUES ('281', '257');
INSERT INTO `auth_item_child` VALUES ('283', '257');
INSERT INTO `auth_item_child` VALUES ('284', '257');
INSERT INTO `auth_item_child` VALUES ('286', '257');
INSERT INTO `auth_item_child` VALUES ('257', '258');
INSERT INTO `auth_item_child` VALUES ('281', '259');
INSERT INTO `auth_item_child` VALUES ('283', '259');
INSERT INTO `auth_item_child` VALUES ('284', '259');
INSERT INTO `auth_item_child` VALUES ('286', '259');
INSERT INTO `auth_item_child` VALUES ('259', '260');
INSERT INTO `auth_item_child` VALUES ('281', '261');
INSERT INTO `auth_item_child` VALUES ('282', '261');
INSERT INTO `auth_item_child` VALUES ('283', '261');
INSERT INTO `auth_item_child` VALUES ('284', '261');
INSERT INTO `auth_item_child` VALUES ('286', '261');
INSERT INTO `auth_item_child` VALUES ('261', '262');
INSERT INTO `auth_item_child` VALUES ('281', '263');
INSERT INTO `auth_item_child` VALUES ('282', '263');
INSERT INTO `auth_item_child` VALUES ('283', '263');
INSERT INTO `auth_item_child` VALUES ('284', '263');
INSERT INTO `auth_item_child` VALUES ('286', '263');
INSERT INTO `auth_item_child` VALUES ('263', '264');
INSERT INTO `auth_item_child` VALUES ('281', '265');
INSERT INTO `auth_item_child` VALUES ('282', '265');
INSERT INTO `auth_item_child` VALUES ('283', '265');
INSERT INTO `auth_item_child` VALUES ('284', '265');
INSERT INTO `auth_item_child` VALUES ('286', '265');
INSERT INTO `auth_item_child` VALUES ('265', '266');
INSERT INTO `auth_item_child` VALUES ('281', '267');
INSERT INTO `auth_item_child` VALUES ('282', '267');
INSERT INTO `auth_item_child` VALUES ('283', '267');
INSERT INTO `auth_item_child` VALUES ('284', '267');
INSERT INTO `auth_item_child` VALUES ('286', '267');
INSERT INTO `auth_item_child` VALUES ('267', '268');
INSERT INTO `auth_item_child` VALUES ('281', '269');
INSERT INTO `auth_item_child` VALUES ('284', '269');
INSERT INTO `auth_item_child` VALUES ('286', '269');
INSERT INTO `auth_item_child` VALUES ('269', '270');
INSERT INTO `auth_item_child` VALUES ('281', '271');
INSERT INTO `auth_item_child` VALUES ('282', '271');
INSERT INTO `auth_item_child` VALUES ('283', '271');
INSERT INTO `auth_item_child` VALUES ('284', '271');
INSERT INTO `auth_item_child` VALUES ('286', '271');
INSERT INTO `auth_item_child` VALUES ('271', '272');
INSERT INTO `auth_item_child` VALUES ('281', '273');
INSERT INTO `auth_item_child` VALUES ('282', '273');
INSERT INTO `auth_item_child` VALUES ('283', '273');
INSERT INTO `auth_item_child` VALUES ('284', '273');
INSERT INTO `auth_item_child` VALUES ('286', '273');
INSERT INTO `auth_item_child` VALUES ('273', '274');
INSERT INTO `auth_item_child` VALUES ('281', '275');
INSERT INTO `auth_item_child` VALUES ('282', '275');
INSERT INTO `auth_item_child` VALUES ('284', '275');
INSERT INTO `auth_item_child` VALUES ('286', '275');
INSERT INTO `auth_item_child` VALUES ('275', '276');
INSERT INTO `auth_item_child` VALUES ('281', '277');
INSERT INTO `auth_item_child` VALUES ('282', '277');
INSERT INTO `auth_item_child` VALUES ('284', '277');
INSERT INTO `auth_item_child` VALUES ('286', '277');
INSERT INTO `auth_item_child` VALUES ('277', '278');
INSERT INTO `auth_item_child` VALUES ('281', '279');
INSERT INTO `auth_item_child` VALUES ('282', '279');
INSERT INTO `auth_item_child` VALUES ('284', '279');
INSERT INTO `auth_item_child` VALUES ('286', '279');
INSERT INTO `auth_item_child` VALUES ('279', '280');
INSERT INTO `auth_item_child` VALUES ('251', '289');
INSERT INTO `auth_item_child` VALUES ('259', '289');
INSERT INTO `auth_item_child` VALUES ('251', '290');
INSERT INTO `auth_item_child` VALUES ('259', '290');
INSERT INTO `auth_item_child` VALUES ('251', '291');
INSERT INTO `auth_item_child` VALUES ('259', '291');
INSERT INTO `auth_item_child` VALUES ('251', '292');
INSERT INTO `auth_item_child` VALUES ('259', '292');
INSERT INTO `auth_item_child` VALUES ('251', '293');
INSERT INTO `auth_item_child` VALUES ('259', '293');
INSERT INTO `auth_item_child` VALUES ('251', '294');
INSERT INTO `auth_item_child` VALUES ('259', '294');
INSERT INTO `auth_item_child` VALUES ('251', '295');
INSERT INTO `auth_item_child` VALUES ('259', '295');
INSERT INTO `auth_item_child` VALUES ('251', '296');
INSERT INTO `auth_item_child` VALUES ('259', '296');
INSERT INTO `auth_item_child` VALUES ('251', '297');
INSERT INTO `auth_item_child` VALUES ('259', '297');
INSERT INTO `auth_item_child` VALUES ('251', '298');
INSERT INTO `auth_item_child` VALUES ('259', '298');
INSERT INTO `auth_item_child` VALUES ('251', '299');
INSERT INTO `auth_item_child` VALUES ('259', '299');
INSERT INTO `auth_item_child` VALUES ('251', '300');
INSERT INTO `auth_item_child` VALUES ('259', '300');
INSERT INTO `auth_item_child` VALUES ('251', '301');
INSERT INTO `auth_item_child` VALUES ('259', '301');
INSERT INTO `auth_item_child` VALUES ('251', '302');
INSERT INTO `auth_item_child` VALUES ('259', '302');
INSERT INTO `auth_item_child` VALUES ('251', '303');
INSERT INTO `auth_item_child` VALUES ('259', '303');
INSERT INTO `auth_item_child` VALUES ('305', '304');
INSERT INTO `auth_item_child` VALUES ('307', '306');
INSERT INTO `auth_item_child` VALUES ('309', '308');
INSERT INTO `auth_item_child` VALUES ('310', '311');
INSERT INTO `auth_item_child` VALUES ('312', '313');
INSERT INTO `auth_item_child` VALUES ('314', '315');
INSERT INTO `auth_item_child` VALUES ('316', '317');
INSERT INTO `auth_item_child` VALUES ('318', '319');
INSERT INTO `auth_item_child` VALUES ('320', '321');
INSERT INTO `auth_item_child` VALUES ('322', '323');
INSERT INTO `auth_item_child` VALUES ('324', '325');
INSERT INTO `auth_item_child` VALUES ('326', '327');
INSERT INTO `auth_item_child` VALUES ('328', '329');
INSERT INTO `auth_item_child` VALUES ('330', '331');
INSERT INTO `auth_item_child` VALUES ('332', '333');
INSERT INTO `auth_item_child` VALUES ('334', '335');
INSERT INTO `auth_item_child` VALUES ('336', '337');
INSERT INTO `auth_item_child` VALUES ('338', '339');
INSERT INTO `auth_item_child` VALUES ('340', '341');
INSERT INTO `auth_item_child` VALUES ('342', '343');
INSERT INTO `auth_item_child` VALUES ('344', '345');
INSERT INTO `auth_item_child` VALUES ('346', '347');
INSERT INTO `auth_item_child` VALUES ('348', '349');
INSERT INTO `auth_item_child` VALUES ('350', '351');
INSERT INTO `auth_item_child` VALUES ('352', '353');
INSERT INTO `auth_item_child` VALUES ('354', '355');
INSERT INTO `auth_item_child` VALUES ('356', '357');
INSERT INTO `auth_item_child` VALUES ('358', '359');
INSERT INTO `auth_item_child` VALUES ('360', '361');
INSERT INTO `auth_item_child` VALUES ('362', '363');
INSERT INTO `auth_item_child` VALUES ('364', '365');
INSERT INTO `auth_item_child` VALUES ('366', '367');
INSERT INTO `auth_item_child` VALUES ('368', '369');
INSERT INTO `auth_item_child` VALUES ('370', '371');
INSERT INTO `auth_item_child` VALUES ('372', '373');
INSERT INTO `auth_item_child` VALUES ('375', '376');
INSERT INTO `auth_item_child` VALUES ('377', '378');
INSERT INTO `auth_item_child` VALUES ('379', '380');
INSERT INTO `auth_item_child` VALUES ('381', '382');
INSERT INTO `auth_item_child` VALUES ('383', '384');

-- ----------------------------
-- Table structure for auth_log
-- ----------------------------
DROP TABLE IF EXISTS `auth_log`;
CREATE TABLE `auth_log` (
  `id` int(11) NOT NULL AUTO_INCREMENT,
  `user_name` varchar(128) NOT NULL,
  `auth_name` varchar(128) NOT NULL,
  `auth_description` varchar(128) NOT NULL,
  `type` tinyint(2) NOT NULL COMMENT '操作类型',
  `create_user` varchar(128) NOT NULL,
  `create_time` int(11) NOT NULL,
  `create_ip` varchar(32) NOT NULL,
  PRIMARY KEY (`id`)
) ENGINE=InnoDB DEFAULT CHARSET=utf8;

-- ----------------------------
-- Records of auth_log
-- ----------------------------

-- ----------------------------
-- Table structure for bbs_board
-- ----------------------------
DROP TABLE IF EXISTS `bbs_board`;
CREATE TABLE `bbs_board` (
  `id` int(11) NOT NULL AUTO_INCREMENT,
  `board_name` varchar(255) NOT NULL,
  `welcome_text` varchar(255) NOT NULL,
  `board_hoster` text NOT NULL,
  `board_no` int(11) NOT NULL,
  `lock_days_before` int(11) NOT NULL DEFAULT '0',
  `anonymity_yn` tinyint(1) NOT NULL DEFAULT '0',
  `need_check` tinyint(1) NOT NULL DEFAULT '0',
  PRIMARY KEY (`id`)
) ENGINE=InnoDB DEFAULT CHARSET=utf8;

-- ----------------------------
-- Records of bbs_board
-- ----------------------------

-- ----------------------------
-- Table structure for bbs_comment
-- ----------------------------
DROP TABLE IF EXISTS `bbs_comment`;
CREATE TABLE `bbs_comment` (
  `id` int(11) NOT NULL AUTO_INCREMENT,
  `board_id` int(11) NOT NULL,
  `user_id` int(11) NOT NULL,
  `subject` varchar(255) NOT NULL,
  `content` mediumtext NOT NULL,
  `submit_time` int(11) NOT NULL,
  `reply_count` int(11) NOT NULL DEFAULT '0',
  `read_count` int(11) NOT NULL DEFAULT '0',
  `parent_id` int(11) NOT NULL,
  `reader` text NOT NULL,
  `update_person` varchar(255) NOT NULL,
  `update_time` int(11) NOT NULL,
  `nick_name` varchar(255) NOT NULL,
  `top` int(11) NOT NULL DEFAULT '0',
  `lock_yn` tinyint(1) NOT NULL DEFAULT '0',
  `is_hide` tinyint(1) NOT NULL DEFAULT '0',
  `is_check` tinyint(1) NOT NULL DEFAULT '0',
  `to_id` text NOT NULL,
  PRIMARY KEY (`id`)
) ENGINE=InnoDB DEFAULT CHARSET=utf8;

-- ----------------------------
-- Records of bbs_comment
-- ----------------------------

-- ----------------------------
-- Table structure for book
-- ----------------------------
DROP TABLE IF EXISTS `book`;
CREATE TABLE `book` (
  `id` int(11) NOT NULL AUTO_INCREMENT,
  `name` varchar(200) DEFAULT NULL COMMENT '书名',
  `number` varchar(100) DEFAULT NULL COMMENT '图书编号',
  `type` char(13) DEFAULT NULL COMMENT '图书类型',
  `author` varchar(100) DEFAULT NULL COMMENT '作者',
  `isbn` varchar(30) DEFAULT NULL COMMENT 'isbn号',
  `pub_date` date DEFAULT NULL COMMENT '出版日期',
  `pub_house` varchar(100) DEFAULT NULL COMMENT '出版社',
  `address` varchar(200) DEFAULT NULL COMMENT '存放地址',
  `count` int(11) DEFAULT NULL COMMENT '数量',
  `price` float(10,2) DEFAULT NULL COMMENT '单价',
  `content` text COMMENT '内容简介',
  `remark` text COMMENT '备注',
  `create_user` int(11) DEFAULT NULL COMMENT '创建人',
  `create_time` int(11) DEFAULT NULL COMMENT '创建时间',
  `borrow_day` int(11) DEFAULT NULL COMMENT '借阅天数',
  PRIMARY KEY (`id`)
) ENGINE=InnoDB AUTO_INCREMENT=13 DEFAULT CHARSET=utf8;

-- ----------------------------
-- Records of book
-- ----------------------------
INSERT INTO `book` VALUES ('1', '老人与海', 'NO20131231', '52c2872cd8220', '海明威', '9787532227716', '2013-12-11', '中国人民文学出版社', '图书馆一层文学室', '3', '34.50', '《老人与海》改编自一个真实存在的故事。1935年，一个老渔民告诉海明威自己曾经捕猎到一条大马林鱼，但是后来被鲨鱼吃掉，老渔民的这段传奇经历引起了海明威的重视，他决定把老渔民的经历写成小说介绍给读者。[1]\r\n海明威创作《老人与海》时，把一切不必要向读者传达的内容信息都统统删除，只突出人物和故事情节，因此，他把社会背景淡化了，而更加侧重于人物的内心独白和动作，以更好的展示人物的性格，其他人物，都是淡淡几笔勾勒其模糊的形象。小说创作完成后只有几万字，为中篇小说。[1]', '', '1', '1388480463', '0');
INSERT INTO `book` VALUES ('2', 'PHP与Mysql高级编程', 'NO20131223', '561b787da4100', '不详', '1231245644543434', '2013-12-04', '图灵出版', '图书馆一层电子计算机类', '3', '45.30', '', '', '1', '1388480579', '0');
INSERT INTO `book` VALUES ('3', '飘', 'NO20131209', '561b787da4100', '玛格丽特·米切尔', '8958303029384', '2013-12-11', '国外文学出版社', '图书馆一层文学室', '3', '22.50', '', '', '1', '1388480649', '0');
INSERT INTO `book` VALUES ('4', '心理学入门', 'NO10215471', '561b787da4100', '（德）格尔德·米策尔', '9787511710321', '0000-00-00', '', '', '5', '30.70', '', '', '1', '1444640915', '30');
INSERT INTO `book` VALUES ('5', '白说', '1900474800', '561b7877a7e09', '白岩松', '9787535481108', '0000-00-00', '长江文艺出版社', '办公室', '10', '30.80', '', '', '1', '1446620685', '30');
INSERT INTO `book` VALUES ('6', '有些路，只能一个人走', '1900336037', '561b786e131aa', '这么远那么近', '9787206106804', '0000-00-00', '', '', '1', null, '', '', '1', '1446623877', '7');
INSERT INTO `book` VALUES ('7', '一只特立独行的猪', '1900093738', '561b786e131aa', '王小波', '9787531719199', '0000-00-00', '北方文艺出版社', '办公室', '5', '28.80', '', '', '1', '1446626628', '7');
INSERT INTO `book` VALUES ('8', '纪伯伦全集：先知', '1900457342', '561b786e131aa', '[黎]纪伯伦', '9787510827501', '0000-00-00', '九州出版社', '', '3', null, '', '', '1', '1446627048', '30');
INSERT INTO `book` VALUES ('9', '皮囊', '1900408167', '561b787da4100', '蔡崇达', '9787201088945', '0000-00-00', '天津人民出版社', '', '8', null, '', '', '1', '1446627212', '30');
INSERT INTO `book` VALUES ('10', '高等数学 第六版 上册', '1900141246', '5639c89d1d155', '同济大学数学系', '9787201088562', '0000-00-00', '高等教育出版社', '', '1', null, '', '', '1', '1446627397', '30');
INSERT INTO `book` VALUES ('11', '物种起源（全新修订版）进化与遗传的全面考察和经典阐述', '190009352', '5639c89d1d155', '达尔文', '9787201088351', '0000-00-00', '江苏人民出版社', '图书馆一层文学室', '1', null, '', '', '1', '1446628056', '10');
INSERT INTO `book` VALUES ('12', '相对论（一部开启现代科学与哲学思维模式的书）', '1900093320', '5639c89d1d155', '爱因斯坦', '9787511710529', '0000-00-00', '江苏人民出版社', '', '3', null, '', '', '1', '1446628252', '15');

-- ----------------------------
-- Table structure for book_borrow
-- ----------------------------
DROP TABLE IF EXISTS `book_borrow`;
CREATE TABLE `book_borrow` (
  `id` int(11) NOT NULL AUTO_INCREMENT,
  `book_id` int(11) DEFAULT NULL COMMENT '图书id',
  `borrow_user` int(11) DEFAULT NULL COMMENT '借阅人',
  `borrow_time` int(11) DEFAULT NULL COMMENT '借阅申请时间',
  `status` int(11) DEFAULT '0' COMMENT '0-借阅申请，1-申请通过，2-申请拒绝，3-图书归还',
  `back_time` int(11) DEFAULT NULL COMMENT '归还时间',
  `start_time` int(11) DEFAULT NULL COMMENT '开始时间',
  `remark` text COMMENT '备注',
  `approve_user` int(11) DEFAULT NULL COMMENT '审批人',
  PRIMARY KEY (`id`),
  KEY `book_id` (`book_id`),
  CONSTRAINT `book_id` FOREIGN KEY (`book_id`) REFERENCES `book` (`id`) ON DELETE CASCADE
) ENGINE=InnoDB DEFAULT CHARSET=utf8;

-- ----------------------------
-- Records of book_borrow
-- ----------------------------

-- ----------------------------
-- Table structure for calendar
-- ----------------------------
DROP TABLE IF EXISTS `calendar`;
CREATE TABLE `calendar` (
  `id` int(11) NOT NULL AUTO_INCREMENT COMMENT '自增主键',
  `create_user` int(11) NOT NULL COMMENT '创建人',
  `create_time` int(11) NOT NULL COMMENT '创建时间',
  `type_id` varchar(13) NOT NULL COMMENT '类别(系统代码中设置)',
  `title` text COMMENT '日程内容',
  `start` int(10) DEFAULT NULL COMMENT '开始时间',
  `end` int(10) DEFAULT NULL COMMENT '结束时间',
  `p_id` int(11) DEFAULT NULL COMMENT '周期性ID',
  `color` varchar(30) DEFAULT NULL COMMENT '背景颜色',
  `days` int(3) DEFAULT NULL COMMENT '天数',
  `all_day` tinyint(1) DEFAULT '0' COMMENT '是否整天',
  `event` text COMMENT '暂时为事件占位',
  `level` tinyint(1) DEFAULT '0' COMMENT '紧急程度',
  `remind_time` varchar(20) DEFAULT NULL COMMENT '提前时间',
  `is_remind` tinyint(1) DEFAULT '0' COMMENT '是否发送事务提醒',
  `owner` text COMMENT '所属者',
  `tasker` text COMMENT '任务者',
  `status` tinyint(1) DEFAULT '0' COMMENT '提醒状态',
  `is_contdown` tinyint(1) DEFAULT '0',
  `meeting_id` int(11) DEFAULT NULL,
  `custom_fields` text NOT NULL,
  PRIMARY KEY (`id`),
  KEY `idx_type_id` (`type_id`),
  KEY `idx_create_user` (`create_user`),
  KEY `idx_p_id` (`p_id`)
) ENGINE=InnoDB AUTO_INCREMENT=10 DEFAULT CHARSET=utf8;

-- ----------------------------
-- Records of calendar
-- ----------------------------
INSERT INTO `calendar` VALUES ('1', '1', '1371372239', '51bd6094de76a', '常务会议，培育和发展', '1371139200', '1371139200', null, 'rgb(51, 102, 204)', null, '1', null, '0', null, '0', null, null, '0', '0', null, '');
INSERT INTO `calendar` VALUES ('2', '1', '1371372243', '51bd608bf1ccf', '电子政务论坛', '1371484800', '1371484800', null, 'rgb(51, 102, 204)', null, '1', null, '0', null, '0', null, null, '0', '0', null, '');
INSERT INTO `calendar` VALUES ('3', '1', '1371372253', '51bd6094de76a', '常务会议，培育和发展', '1370793600', '1370793600', null, 'rgb(51, 102, 204)', null, '1', null, '0', null, '0', null, null, '0', '0', null, '');
INSERT INTO `calendar` VALUES ('4', '1', '1371372258', '51bd6094de76a', '周例会', '1370448000', '1370448000', null, 'rgb(51, 102, 204)', null, '1', null, '0', null, '0', null, null, '0', '0', null, '');
INSERT INTO `calendar` VALUES ('5', '1', '1371372262', '51bd6094de76a', '美讯科技智慧教育演示', '1371657600', '1371657600', null, 'rgb(51, 102, 204)', null, '1', null, '0', null, '0', null, null, '0', '0', null, '');
INSERT INTO `calendar` VALUES ('6', '1', '1388463030', '', '美讯科技智慧教育演示', '1387209600', '1387295940', null, '#dd4b39', null, '1', null, '0', null, '0', null, null, '0', '0', null, '');
INSERT INTO `calendar` VALUES ('7', '1', '1388463033', '', '电子政务论坛', '1387814400', '1387900740', null, '#dd4b39', null, '1', null, '0', null, '0', null, null, '0', '0', null, '');
INSERT INTO `calendar` VALUES ('8', '1', '1388463035', '', '电子政务论坛', '1388592000', '1388678340', null, '#dd4b39', null, '1', null, '0', null, '0', null, null, '0', '0', null, '');
INSERT INTO `calendar` VALUES ('9', '1', '1388463038', '', '周例会', '1388764800', '1388851140', null, '#dd4b39', null, '1', null, '0', null, '0', null, null, '0', '0', null, '');

-- ----------------------------
-- Table structure for calendar_period
-- ----------------------------
DROP TABLE IF EXISTS `calendar_period`;
CREATE TABLE `calendar_period` (
  `id` int(11) NOT NULL AUTO_INCREMENT COMMENT '自增主键',
  `type` char(2) DEFAULT NULL COMMENT '周期分类: 0 周 1 月 2 年',
  `remind_date` varchar(40) DEFAULT NULL COMMENT '提醒时间',
  `start_time` int(10) DEFAULT NULL COMMENT '开始时间',
  `end_time` int(10) DEFAULT NULL COMMENT '结束时间',
  PRIMARY KEY (`id`)
) ENGINE=InnoDB DEFAULT CHARSET=utf8;

-- ----------------------------
-- Records of calendar_period
-- ----------------------------

-- ----------------------------
-- Table structure for calendar_template
-- ----------------------------
DROP TABLE IF EXISTS `calendar_template`;
CREATE TABLE `calendar_template` (
  `id` int(11) NOT NULL AUTO_INCREMENT COMMENT '自增主键',
  `is_public` tinyint(1) NOT NULL DEFAULT '0' COMMENT '0：设置为全局模版;1：不设置为全局模块',
  `u_id` int(11) NOT NULL COMMENT '创建人',
  `title` text COMMENT '常用日程内容',
  `color` varchar(30) NOT NULL COMMENT '背景颜色',
  `order_no` int(11) NOT NULL DEFAULT '0' COMMENT '排序号',
  PRIMARY KEY (`id`)
) ENGINE=InnoDB AUTO_INCREMENT=5 DEFAULT CHARSET=utf8;

-- ----------------------------
-- Records of calendar_template
-- ----------------------------
INSERT INTO `calendar_template` VALUES ('1', '1', '1', '周例会', '', '8');
INSERT INTO `calendar_template` VALUES ('2', '0', '1', '电子政务论坛', '', '5');
INSERT INTO `calendar_template` VALUES ('3', '0', '1', '美讯科技智慧教育演示', '', '0');
INSERT INTO `calendar_template` VALUES ('4', '1', '1', '常务会议，培育和发展', '', '0');

-- ----------------------------
-- Table structure for cms_category
-- ----------------------------
DROP TABLE IF EXISTS `cms_category`;
CREATE TABLE `cms_category` (
  `id` int(11) NOT NULL AUTO_INCREMENT,
  `site_id` int(11) NOT NULL COMMENT '站点id',
  `type` char(1) NOT NULL COMMENT '栏目的类型（0分单页、1内容模型两种）',
  `model_type` int(11) NOT NULL COMMENT '模型类型',
  `parent_id` int(11) NOT NULL DEFAULT '0' COMMENT '父栏目id',
  `cate_name` varchar(20) NOT NULL COMMENT '栏目中文名称',
  `cate_identify` varchar(255) NOT NULL,
  `is_use` char(1) NOT NULL DEFAULT '0' COMMENT '是否启用栏目',
  `order_id` varchar(3) NOT NULL COMMENT '栏目排序，在导航上显示的顺序',
  `create_time` int(11) NOT NULL COMMENT '创建时间',
  `settings` text,
  `navigation` char(1) DEFAULT '0' COMMENT '导航不显示，0不显示，1显示',
  `parent_id_str` text NOT NULL,
  `marks` int(4) NOT NULL COMMENT '内容分数',
  `award_type` int(4) NOT NULL COMMENT '加分项',
  `award_marks` int(4) NOT NULL COMMENT '加分分数',
  PRIMARY KEY (`id`)
) ENGINE=InnoDB AUTO_INCREMENT=33 DEFAULT CHARSET=utf8;

-- ----------------------------
-- Records of cms_category
-- ----------------------------
INSERT INTO `cms_category` VALUES ('1', '1', '1', '0', '0', '门户首页', 'index', '1', '8', '1444283057', null, '0', '0,', '0', '0', '0');
INSERT INTO `cms_category` VALUES ('2', '1', '1', '0', '0', '学校概况', 'xuexiaogaikuang', '1', '7', '1444283067', null, '0', '0,', '0', '0', '0');
INSERT INTO `cms_category` VALUES ('3', '1', '1', '0', '0', '新闻动态', 'xinwendongtai', '1', '6', '1443425418', null, '1', '0,', '0', '0', '0');
INSERT INTO `cms_category` VALUES ('4', '1', '1', '0', '0', '教师风采', 'jiaoshifengcai', '1', '5', '1443425445', null, '1', '0,', '0', '0', '0');
INSERT INTO `cms_category` VALUES ('5', '1', '1', '0', '0', '学生风采', 'xueshengfengcai', '1', '4', '1443425481', null, '1', '0,', '0', '0', '0');
INSERT INTO `cms_category` VALUES ('6', '1', '1', '0', '0', '招生信息', 'zhaoshengxinxi', '1', '3', '1443425510', null, '1', '0,', '0', '0', '0');
INSERT INTO `cms_category` VALUES ('7', '1', '1', '0', '0', '教学资源', 'jiaoxueziyuan', '1', '2', '1443425540', null, '1', '0,', '0', '0', '0');
INSERT INTO `cms_category` VALUES ('8', '1', '1', '0', '0', '党建工作', 'dangjiangongzuo', '1', '1', '1443425560', null, '1', '0,', '0', '0', '0');
INSERT INTO `cms_category` VALUES ('9', '1', '1', '0', '1', '校园公告', 'xiaoyuangonggao', '1', '1', '1444282883', null, '0', '0,1,', '0', '0', '0');
INSERT INTO `cms_category` VALUES ('10', '1', '1', '0', '3', '校内新闻', 'xiaoneixinwen', '1', '3', '1443426716', null, '0', '0,3,', '0', '0', '0');
INSERT INTO `cms_category` VALUES ('11', '1', '1', '0', '3', '教育动态', 'jiaoyudongtai', '1', '2', '1443426752', null, '0', '0,3,', '0', '0', '0');
INSERT INTO `cms_category` VALUES ('12', '1', '1', '0', '3', '教育交流', 'jiaoyujiaoliu', '1', '1', '1443426776', null, '0', '0,3,', '0', '0', '0');
INSERT INTO `cms_category` VALUES ('13', '1', '1', '0', '4', '学校领导', 'xuexiaolingdao', '1', '5', '1443427422', null, '0', '0,1,', '0', '0', '0');
INSERT INTO `cms_category` VALUES ('14', '1', '1', '0', '4', '教师荣誉', 'jiaoshirongyu', '1', '1', '1443427912', null, '0', '0,4,', '0', '0', '0');
INSERT INTO `cms_category` VALUES ('15', '1', '1', '0', '4', '教育成果', 'jiaoyuchengguo', '1', '3', '1443427938', null, '0', '0,4,', '0', '0', '0');
INSERT INTO `cms_category` VALUES ('16', '1', '1', '0', '4', '名师风采', 'mingshifengcai', '1', '4', '1443427971', null, '0', '0,4,', '0', '0', '0');
INSERT INTO `cms_category` VALUES ('17', '1', '0', '0', '2', '学校简介', 'xuexiaojianjie', '1', '3', '1443428386', null, '0', '0,2,', '0', '0', '0');
INSERT INTO `cms_category` VALUES ('18', '1', '0', '0', '2', '现任领导', 'xianrenlingdao', '1', '2', '1443428427', null, '0', '0,2,', '0', '0', '0');
INSERT INTO `cms_category` VALUES ('19', '1', '1', '0', '2', '校园风光', 'xiaoyuanfengguang', '1', '1', '1443428497', null, '0', '0,2,', '0', '0', '0');
INSERT INTO `cms_category` VALUES ('20', '1', '1', '0', '5', '学生荣誉', 'xueshengrongyu', '1', '4', '1443428841', null, '0', '0,5,', '0', '0', '0');
INSERT INTO `cms_category` VALUES ('21', '1', '1', '0', '4', '校学生会', 'xiaoxueshenghui', '1', '2', '1443428884', null, '0', '0,4,', '0', '0', '0');
INSERT INTO `cms_category` VALUES ('22', '1', '1', '0', '5', '学生活动', 'xueshenghuodong', '1', '2', '1443428925', null, '0', '0,5,', '0', '0', '0');
INSERT INTO `cms_category` VALUES ('23', '1', '1', '0', '5', '知名校友', 'zhimingxiaoyou', '1', '1', '1443428983', null, '0', '0,5,', '0', '0', '0');
INSERT INTO `cms_category` VALUES ('24', '1', '1', '0', '5', '校学生会', 'xiaoxueshenghui', '1', '3', '1443429036', null, '0', '0,5,', '0', '0', '0');
INSERT INTO `cms_category` VALUES ('25', '1', '1', '0', '6', '招生资讯', 'zhaoshengzixun', '1', '2', '1443429118', null, '0', '0,6,', '0', '0', '0');
INSERT INTO `cms_category` VALUES ('26', '1', '1', '0', '6', '资助公告', 'zizhugonggao', '1', '1', '1443429161', null, '0', '0,6,', '0', '0', '0');
INSERT INTO `cms_category` VALUES ('27', '1', '0', '0', '7', '优秀课件', 'youxiukejian', '1', '3', '1443429204', null, '0', '0,7,', '0', '0', '0');
INSERT INTO `cms_category` VALUES ('28', '1', '0', '0', '7', '教学案例', 'jiaoxueanli', '1', '2', '1443429291', null, '0', '0,7,', '0', '0', '0');
INSERT INTO `cms_category` VALUES ('29', '1', '0', '0', '7', '微课堂', 'weiketang', '1', '1', '1443429323', null, '0', '0,7,', '0', '0', '0');
INSERT INTO `cms_category` VALUES ('30', '1', '1', '0', '8', '群众路线', 'qunzhongluxian', '1', '2', '1444357530', null, '0', '0,8,', '0', '0', '0');
INSERT INTO `cms_category` VALUES ('31', '1', '1', '0', '8', '争先创优', 'zhengxianchuangyou', '1', '1', '1443429419', null, '0', '0,8,', '0', '0', '0');
INSERT INTO `cms_category` VALUES ('32', '1', '0', '0', '0', '学校荣誉', 'xuexiaorongyu', '0', '9', '1444294192', null, '0', '0,', '0', '0', '0');

-- ----------------------------
-- Table structure for cms_column
-- ----------------------------
DROP TABLE IF EXISTS `cms_column`;
CREATE TABLE `cms_column` (
  `id` int(11) NOT NULL AUTO_INCREMENT,
  `stationId` int(11) NOT NULL,
  `columnId` int(11) NOT NULL,
  `name` varchar(200) NOT NULL,
  `parent_id` int(11) NOT NULL,
  PRIMARY KEY (`id`)
) ENGINE=InnoDB DEFAULT CHARSET=utf8;

-- ----------------------------
-- Records of cms_column
-- ----------------------------

-- ----------------------------
-- Table structure for cms_log
-- ----------------------------
DROP TABLE IF EXISTS `cms_log`;
CREATE TABLE `cms_log` (
  `id` int(11) NOT NULL AUTO_INCREMENT,
  `log_time` int(11) NOT NULL,
  `user_id` int(11) NOT NULL,
  `content` text NOT NULL,
  PRIMARY KEY (`id`)
) ENGINE=InnoDB DEFAULT CHARSET=utf8;

-- ----------------------------
-- Records of cms_log
-- ----------------------------

-- ----------------------------
-- Table structure for cms_model
-- ----------------------------
DROP TABLE IF EXISTS `cms_model`;
CREATE TABLE `cms_model` (
  `id` int(11) NOT NULL AUTO_INCREMENT,
  `name` varchar(20) NOT NULL,
  `description` varchar(30) NOT NULL,
  `identify` varchar(20) NOT NULL,
  `table_name` varchar(20) NOT NULL,
  `category_template` varchar(20) NOT NULL,
  `list_category` varchar(20) NOT NULL,
  `show_template` varchar(20) NOT NULL,
  `create_time` int(11) NOT NULL,
  PRIMARY KEY (`id`)
) ENGINE=InnoDB AUTO_INCREMENT=2 DEFAULT CHARSET=utf8;

-- ----------------------------
-- Records of cms_model
-- ----------------------------
INSERT INTO `cms_model` VALUES ('1', '默认模型', '默认模型', 'default', 'default', 'index.php', 'list.php', 'show.php', '0');

-- ----------------------------
-- Table structure for cms_model_article
-- ----------------------------
DROP TABLE IF EXISTS `cms_model_article`;
CREATE TABLE `cms_model_article` (
  `id` int(11) NOT NULL AUTO_INCREMENT,
  `cate_id` int(11) NOT NULL,
  `title` varchar(100) NOT NULL COMMENT '标题',
  `subject` varchar(100) DEFAULT NULL COMMENT '描述',
  `content` longtext NOT NULL COMMENT '内容',
  `create_user` int(11) NOT NULL COMMENT '创建人',
  `create_time` int(11) DEFAULT NULL COMMENT '创建时间',
  `update_time` int(11) DEFAULT NULL COMMENT '更新时间',
  `audit` char(1) DEFAULT '0' COMMENT '审核，默认通过',
  `delete_flag` char(1) DEFAULT '0' COMMENT '是否删除',
  `top` char(1) DEFAULT '0' COMMENT '置顶 0否，1是',
  `mark` varchar(20) DEFAULT NULL COMMENT '对文章加粗等操作',
  `link` varchar(200) DEFAULT NULL COMMENT '文章地址',
  `picture_link` varchar(200) DEFAULT NULL COMMENT '图片链接',
  `origin` varchar(50) DEFAULT NULL COMMENT '来源',
  `score` int(4) NOT NULL COMMENT '分数',
  `type` int(4) NOT NULL COMMENT '文章类型',
  PRIMARY KEY (`id`)
) ENGINE=InnoDB AUTO_INCREMENT=45 DEFAULT CHARSET=utf8;

-- ----------------------------
-- Records of cms_model_article
-- ----------------------------
INSERT INTO `cms_model_article` VALUES ('1', '9', '关于培育和践行社会主义核心价值观的意见 ', '培育和践行社会主义核心价值观', '<p style=\"margin: 7.5pt 0pt; padding: 0px; font-family: \'Microsoft YaHei\'; color: rgb(0, 0, 0); font-size: medium; line-height: 22.5pt; text-indent: 24pt;\"><span style=\"margin: 0px; padding: 0px; font-size: 12pt;\">近日，中共中央办公厅印发了《关于培育和践行社会主义核心价值观的意见》，并发出通知，要求各地区各部门结合实际认真贯彻执行。</span></p>\r\n\r\n<p style=\"margin: 7.5pt 0pt; padding: 0px; font-family: \'Microsoft YaHei\'; color: rgb(0, 0, 0); font-size: medium; line-height: 22.5pt; text-indent: 24pt;\"><span style=\"margin: 0px; padding: 0px; font-size: 12pt;\">《关于培育和践行社会主义核心价值观的意见》全文如下。</span></p>\r\n\r\n<p style=\"margin: 7.5pt 0pt; padding: 0px; font-family: \'Microsoft YaHei\'; color: rgb(0, 0, 0); font-size: medium; line-height: 22.5pt; text-indent: 24pt;\"><span style=\"margin: 0px; padding: 0px; font-size: 12pt;\">社会主义核心价值观是社会主义核心价值体系的内核，体现社会主义核心价值体系的根本性质和基本特征，反映社会主义核心价值体系的丰富内涵和实践要求，是社会主义核心价值体系的高度凝练和集中表达。为深入贯彻落实党的十八大和十八届三中全会精神，积极培育和践行社会主义核心价值观，现提出如下意见。</span></p>\r\n\r\n<p style=\"margin: 7.5pt 0pt; padding: 0px; font-family: \'Microsoft YaHei\'; color: rgb(0, 0, 0); font-size: medium; line-height: 22.5pt; text-indent: 24pt;\"><span style=\"margin: 0px; padding: 0px; font-size: 12pt; font-weight: bold;\">一、培育和践行社会主义核心价值观的重要意义和指导思想</span></p>\r\n\r\n<p style=\"margin: 7.5pt 0pt; padding: 0px; font-family: \'Microsoft YaHei\'; color: rgb(0, 0, 0); font-size: medium; line-height: 22.5pt; text-indent: 24pt;\"><span style=\"margin: 0px; padding: 0px; font-size: 12pt;\">（一）培育和践行社会主义核心价值观，是推进中国特色社会主义伟大事业、实现中华民族伟大复兴中国梦的战略任务。党的十八大提出，倡导富强、民主、文明、和谐，倡导自由、平等、公正、法治，倡导爱国、敬业、诚信、友善，积极培育和践行社会主义核心价值观。这与中国特色社会主义发展要求相契合，与中华优秀传统文化和人类文明优秀成果相承接，是我们党凝聚全党全社会价值共识作出的重要论断。富强、民主、文明、和谐是国家层面的价值目标，自由、平等、公正、法治是社会层面的价值取向，爱国、敬业、诚信、友善是公民个人层面的价值准则，这24个字是社会主义核心价值观的基本内容，为培育和践行社会主义核心价值观提供了基本遵循。面对世界范围思想文化交流交融交锋形势下价值观较量的新态势，面对改革开放和发展社会主义市场经济条件下思想意识多元多样多变的新特点，积极培育和践行社会主义核心价值观，对于巩固马克思主义在意识形态领域的指导地位、巩固全党全国人民团结奋斗的共同思想基础，对于促进人的全面发展、引领社会全面进步，对于集聚全面建成小康社会、实现中华民族伟大复兴中国梦的强大正能量，具有重要现实意义和深远历史意义。</span></p>\r\n\r\n<p style=\"margin: 7.5pt 0pt; padding: 0px; font-family: \'Microsoft YaHei\'; color: rgb(0, 0, 0); font-size: medium; line-height: 22.5pt; text-indent: 24pt;\"><span style=\"margin: 0px; padding: 0px; font-size: 12pt;\">（二）培育和践行社会主义核心价值观的指导思想是：高举中国特色社会主义伟大旗帜，以邓小平理论、&ldquo;三个代表&rdquo;重要思想、科学发展观为指导，深入学习贯彻党的十八大精神和习近平同志系列讲话精神，紧紧围绕坚持和发展中国特色社会主义这一主题，紧紧围绕实现中华民族伟大复兴中国梦这一目标，紧紧围绕&ldquo;三个倡导&rdquo;这一基本内容，注重宣传教育、示范引领、实践养成相统一，注重政策保障、制度规范、法律约束相衔接，使社会主义核心价值观融入人们生产生活和精神世界，激励全体人民为夺取中国特色社会主义新胜利而不懈奋斗。</span></p>\r\n\r\n<p style=\"margin: 7.5pt 0pt; padding: 0px; font-family: \'Microsoft YaHei\'; color: rgb(0, 0, 0); font-size: medium; line-height: 22.5pt; text-indent: 24pt;\"><span style=\"margin: 0px; padding: 0px; font-size: 12pt;\">（三）培育和践行社会主义核心价值观要坚持以下原则：坚持以人为本，尊重群众主体地位，关注人们利益诉求和价值愿望，促进人的全面发展；坚持以理想信念为核心，抓住世界观、人生观、价值观这个总开关，在全社会牢固树立中国特色社会主义共同理想，着力铸牢人们的精神支柱；坚持联系实际，区分层次和对象，加强分类指导，找准与人们思想的共鸣点、与群众利益的交汇点，做到贴近性、对象化、接地气；坚持改进创新，善于运用群众喜闻乐见的方式，搭建群众便于参与的平台，开辟群众乐于参与的渠道，积极推进理念创新、手段创新和基层工作创新，增强工作的吸引力感染力。</span></p>\r\n\r\n<p style=\"margin: 7.5pt 0pt; padding: 0px; font-family: \'Microsoft YaHei\'; color: rgb(0, 0, 0); font-size: medium; line-height: 22.5pt; text-indent: 24pt;\"><span style=\"margin: 0px; padding: 0px; font-size: 12pt; font-weight: bold;\">二、把培育和践行社会主义核心价值观融入国民教育全过程</span></p>\r\n\r\n<p style=\"margin: 7.5pt 0pt; padding: 0px; font-family: \'Microsoft YaHei\'; color: rgb(0, 0, 0); font-size: medium; line-height: 22.5pt; text-indent: 24pt;\"><span style=\"margin: 0px; padding: 0px; font-size: 12pt;\">（四）培育和践行社会主义核心价值观要从小抓起、从学校抓起。坚持育人为本、德育为先，围绕立德树人的根本任务，把社会主义核心价值观纳入国民教育总体规划，贯穿于基础教育、高等教育、职业技术教育、成人教育各领域，落实到教育教学和管理服务各环节，覆盖到所有学校和受教育者，形成课堂教学、社会实践、校园文化多位一体的育人平台，不断完善中华优秀传统文化教育，形成爱学习、爱劳动、爱祖国活动的有效形式和长效机制，努力培养德智体美全面发展的社会主义建设者和接班人。适应青少年身心特点和成长规律，深化未成年人思想道德建设和大学生思想政治教育，构建大中小学有效衔接的德育课程体系和教材体系，创新中小学德育课和高校思想政治理论课教育教学，推动社会主义核心价值观进教材、进课堂、进学生头脑。完善学校、家庭、社会三结合的教育网络，引导广大家庭和社会各方面主动配合学校教育，以良好的家庭氛围和社会风气巩固学校教育成果，形成家庭、社会与学校携手育人的强大合力。</span></p>\r\n\r\n<p style=\"margin: 7.5pt 0pt; padding: 0px; font-family: \'Microsoft YaHei\'; color: rgb(0, 0, 0); font-size: medium; line-height: 22.5pt; text-indent: 24pt;\"><span style=\"margin: 0px; padding: 0px; font-size: 12pt;\">（五）拓展青少年培育和践行社会主义核心价值观的有效途径。注重发挥社会实践的养成作用，完善实践教育教学体系，开发实践课程和活动课程，加强实践育人基地建设，打造大学生校外实践教育基地、高职实训基地、青少年社会实践活动基地，组织青少年参加力所能及的生产劳动和爱心公益活动、益德益智的科研发明和创新创造活动、形式多样的志愿服务和勤工俭学活动。注重发挥校园文化的熏陶作用，加强学校报刊、广播电视、网络建设，完善校园文化活动设施，重视校园人文环境培育和周边环境整治，建设体现社会主义特点、时代特征、学校特色的校园文化。</span></p>\r\n\r\n<p style=\"margin: 7.5pt 0pt; padding: 0px; font-family: \'Microsoft YaHei\'; color: rgb(0, 0, 0); font-size: medium; line-height: 22.5pt; text-indent: 24pt;\"><span style=\"margin: 0px; padding: 0px; font-size: 12pt;\">（六）建设师德高尚、业务精湛的高素质教师队伍。实施师德师风建设工程，坚持师德为上，完善教师职业道德规范，健全教师任职资格准入制度，将师德表现作为教师考核、聘任和评价的首要内容，形成师德师风建设长效机制。着重抓好学校党政干部和共青团干部，思想品德课、思想政治理论课和哲学社会科学课教师，辅导员和班主任队伍建设。引导广大教师自觉增强教书育人的荣誉感和责任感，学为人师、行为世范，做学生健康成长的指导者和引路人。</span></p>\r\n\r\n<p style=\"margin: 7.5pt 0pt; padding: 0px; font-family: \'Microsoft YaHei\'; color: rgb(0, 0, 0); font-size: medium; line-height: 22.5pt; text-indent: 24pt;\"><span style=\"margin: 0px; padding: 0px; font-size: 12pt; font-weight: bold;\">三、把培育和践行社会主义核心价值观落实到经济发展实践和社会治理中</span></p>\r\n\r\n<p style=\"margin: 7.5pt 0pt; padding: 0px; font-family: \'Microsoft YaHei\'; color: rgb(0, 0, 0); font-size: medium; line-height: 22.5pt; text-indent: 24pt;\"><span style=\"margin: 0px; padding: 0px; font-size: 12pt;\">（七）确立经济发展目标和发展规划，出台经济社会政策和重大改革措施，开展各项生产经营活动，要遵循社会主义核心价值观要求，做到讲社会责任、讲社会效益，讲守法经营、讲公平竞争、讲诚信守约，形成有利于弘扬社会主义核心价值观的良好政策导向、利益机制和社会环境。与人们生产生活和现实利益密切相关的具体政策措施，要注重经济行为和价值导向有机统一，经济效益和社会效益有机统一，实现市场经济和道德建设良性互动。建立完善相应的政策评估和纠偏机制，防止出现具体政策措施与社会主义核心价值观相背离的现象。</span></p>\r\n\r\n<p style=\"margin: 7.5pt 0pt; padding: 0px; font-family: \'Microsoft YaHei\'; color: rgb(0, 0, 0); font-size: medium; line-height: 22.5pt; text-indent: 24pt;\"><span style=\"margin: 0px; padding: 0px; font-size: 12pt;\">（八）法律法规是推广社会主流价值的重要保证。要把社会主义核心价值观贯彻到依法治国、依法执政、依法行政实践中，落实到立法、执法、司法、普法和依法治理各个方面，用法律的权威来增强人们培育和践行社会主义核心价值观的自觉性。厉行法治，严格执法，公正司法，捍卫宪法和法律尊严，维护社会公平正义。加强法制宣传教育，培育社会主义法治文化，弘扬社会主义法治精神，增强全社会学法尊法守法用法意识。注重把社会主义核心价值观相关要求上升为具体法律规定，充分发挥法律的规范、引导、保障、促进作用，形成有利于培育和践行社会主义核心价值观的良好法治环境。</span></p>\r\n\r\n<p style=\"margin: 7.5pt 0pt; padding: 0px; font-family: \'Microsoft YaHei\'; color: rgb(0, 0, 0); font-size: medium; line-height: 22.5pt; text-indent: 24pt;\"><span style=\"margin: 0px; padding: 0px; font-size: 12pt;\">（九）要把践行社会主义核心价值观作为社会治理的重要内容，融入制度建设和治理工作中，形成科学有效的诉求表达机制、利益协调机制、矛盾调处机制、权益保障机制，最大限度增进社会和谐。创新社会治理，完善激励机制，褒奖善行义举，实现治理效能与道德提升相互促进，形成好人好报、恩将德报的正向效应。完善市民公约、村规民约、学生守则、行业规范，强化规章制度实施力度，在日常治理中鲜明彰显社会主流价值，使正确行为得到鼓励、错误行为受到谴责。</span></p>\r\n\r\n<p style=\"margin: 7.5pt 0pt; padding: 0px; font-family: \'Microsoft YaHei\'; color: rgb(0, 0, 0); font-size: medium; line-height: 22.5pt; text-indent: 24pt;\"><span style=\"margin: 0px; padding: 0px; font-size: 12pt; font-weight: bold;\">四、加强社会主义核心价值观宣传教育</span></p>\r\n\r\n<p style=\"margin: 7.5pt 0pt; padding: 0px; font-family: \'Microsoft YaHei\'; color: rgb(0, 0, 0); font-size: medium; line-height: 22.5pt; text-indent: 24pt;\"><span style=\"margin: 0px; padding: 0px; font-size: 12pt;\">（十）用社会主义核心价值观引领社会思潮、凝聚社会共识。深入开展中国特色社会主义和中国梦宣传教育，不断增强人们的道路自信、理论自信、制度自信，坚定全社会全面深化改革的意志和决心。把社会主义核心价值观学习教育纳入各级党委（党组）中心组学习计划，纳入各级党委讲师团经常性宣讲内容。深入研究社会主义核心价值观的理论和实际问题，深刻解读社会主义核心价值观的丰富内涵和实践要求，为实践发展提供学理支撑。深入推进马克思主义理论研究和建设工程，发挥国家社科基金的导向带动作用，推出更多有分量有价值的研究成果。加强社会思潮动态分析，强化社会热点难点问题的正面引导，在尊重差异中扩大社会认同，在包容多样中形成思想共识。严格社团、讲座、论坛、研讨会、报告会的管理。</span></p>\r\n\r\n<p style=\"margin: 7.5pt 0pt; padding: 0px; font-family: \'Microsoft YaHei\'; color: rgb(0, 0, 0); font-size: medium; line-height: 22.5pt; text-indent: 24pt;\"><span style=\"margin: 0px; padding: 0px; font-size: 12pt;\">（十一）新闻媒体要发挥传播社会主流价值的主渠道作用。坚持团结稳定鼓劲、正面宣传为主，牢牢把握正确舆论导向，把社会主义核心价值观贯穿到日常形势宣传、成就宣传、主题宣传、典型宣传、热点引导和舆论监督中，弘扬主旋律，传播正能量，不断巩固壮大积极健康向上的主流思想舆论。党报党刊、通讯社、电台电视台要拿出重要版面时段、推出专栏专题，出版社要推出专项出版，运用新闻报道、言论评论、访谈节目、专题节目和各类出版物等形式传播社会主义核心价值观。都市类、行业类媒体要增强传播主流价值的社会责任，积极发挥自身优势，适应分众化特点，多联系群众身边事例，多运用大众化语言，在生动活泼的宣传报道中引导人们培育和践行社会主义核心价值观。强化传播媒介管理，不为错误观点提供传播渠道。新闻出版单位和从业人员要强化行业自律，切实增强传播社会主义核心价值观的责任意识和能力，将个人道德修养作为从业资格考评重要内容。</span></p>\r\n\r\n<p style=\"margin: 7.5pt 0pt; padding: 0px; font-family: \'Microsoft YaHei\'; color: rgb(0, 0, 0); font-size: medium; line-height: 22.5pt; text-indent: 24pt;\"><span style=\"margin: 0px; padding: 0px; font-size: 12pt;\">（十二）建设社会主义核心价值观的网上传播阵地。适应互联网快速发展形势，善于运用网络传播规律，把社会主义核心价值观体现到网络宣传、网络文化、网络服务中，用正面声音和先进文化占领网络阵地。做大做强重点新闻网站，发挥主要商业网站建设性作用，形成良好的网上舆论环境，集聚网上舆论引导合力。做好重大信息网上发布，回应网民关切，主动有效进行网上引导。推动中华优秀传统文化和当代文化精品网络化传播，创作适于新兴媒体传播、格调健康的网络文化作品。依法加强网络社会管理，加强对网络新技术新应用的管理，推进网络法制建设，规范网上信息传播秩序，整治网络淫秽色情和低俗信息，打击网络谣言和违法犯罪，使网络空间清朗起来。</span></p>\r\n\r\n<p style=\"margin: 7.5pt 0pt; padding: 0px; font-family: \'Microsoft YaHei\'; color: rgb(0, 0, 0); font-size: medium; line-height: 22.5pt; text-indent: 24pt;\"><span style=\"margin: 0px; padding: 0px; font-size: 12pt;\">（十三）发挥精神文化产品育人化人的重要功能。一切文化产品、文化服务和文化活动，都要弘扬社会主义核心价值观，传递积极人生追求、高尚思想境界和健康生活情趣。提升文化产品的思想品格和艺术品位，用思想性艺术性观赏性相统一的优秀作品，弘扬真善美，贬斥假恶丑。加强对新型文化业态、文化样式的引导，让不同类型文化产品都成为弘扬社会主流价值的生动载体。加大对优秀文化产品的推广力度，开展优秀文化产品展演展映展播活动、经典作品阅读观看活动。完善文化产品评价体系，坚持文艺评论评奖的正确价值取向。完善公共文化服务体系，提供均等优质的文化产品，开展多姿多彩的文化活动，丰富群众精神文化生活。</span></p>\r\n\r\n<p style=\"margin: 7.5pt 0pt; padding: 0px; font-family: \'Microsoft YaHei\'; color: rgb(0, 0, 0); font-size: medium; line-height: 22.5pt; text-indent: 24pt;\"><span style=\"margin: 0px; padding: 0px; font-size: 12pt; font-weight: bold;\">五、开展涵养社会主义核心价值观的实践活动</span></p>\r\n\r\n<p style=\"margin: 7.5pt 0pt; padding: 0px; font-family: \'Microsoft YaHei\'; color: rgb(0, 0, 0); font-size: medium; line-height: 22.5pt; text-indent: 24pt;\"><span style=\"margin: 0px; padding: 0px; font-size: 12pt;\">（十四）广泛开展道德实践活动。以诚信建设为重点，加强社会公德、职业道德、家庭美德、个人品德教育，形成修身律己、崇德向善、礼让宽容的道德风尚。大力宣传先进典型，评选表彰道德模范，形成学习先进、争当先进的浓厚风气。在国家博物馆设立英模陈列馆。深化公民道德宣传日活动，组织道德论坛、道德讲堂、道德修身等活动。加强政务诚信、商务诚信、社会诚信和司法公信建设，开展道德领域突出问题专项教育和治理，完善企业和个人信用记录，健全覆盖全社会的征信系统，加大对失信行为的约束和惩戒力度，在全社会广泛形成守信光荣、失信可耻的氛围。把开展道德实践活动与培育廉洁价值理念相结合，营造崇尚廉洁、鄙弃贪腐的良好社会风尚。</span></p>\r\n\r\n<p style=\"margin: 7.5pt 0pt; padding: 0px; font-family: \'Microsoft YaHei\'; color: rgb(0, 0, 0); font-size: medium; line-height: 22.5pt; text-indent: 24pt;\"><span style=\"margin: 0px; padding: 0px; font-size: 12pt;\">（十五）深化学雷锋志愿服务活动。大力弘扬雷锋精神，广泛开展形式多样的学雷锋实践活动，采取措施推动学雷锋活动常态化。以城乡社区为重点，以相互关爱、服务社会为主题，围绕扶贫济困、应急救援、大型活动、环境保护等方面，围绕空巢老人、留守妇女儿童、困难职工、残疾人等群体，组织开展各类形式的志愿服务活动，形成我为人人、人人为我的社会风气。把学雷锋和志愿服务结合起来，建立健全志愿服务制度，完善激励机制和政策法规保障机制，把学雷锋志愿服务活动做到基层、做到社区、做进家庭。</span></p>\r\n\r\n<p style=\"margin: 7.5pt 0pt; padding: 0px; font-family: \'Microsoft YaHei\'; color: rgb(0, 0, 0); font-size: medium; line-height: 22.5pt; text-indent: 24pt;\"><span style=\"margin: 0px; padding: 0px; font-size: 12pt;\">（十六）深化群众性精神文明创建活动。各类精神文明创建活动要在突出社会主义核心价值观的思想内涵上求实效。推进文明城市、文明村镇、文明单位、文明家庭等创建活动，开展全民阅读活动，不断提升公民文明素质和社会文明程度。广泛开展美丽中国建设宣传教育。开展礼节礼仪教育，在重要场所和重要活动中升挂国旗、奏唱国歌，在学校开学、学生毕业时举行庄重简朴的典礼，完善重大灾难哀悼纪念活动，使礼节礼仪成为培育社会主流价值的重要方式。加强对公民文明旅游的宣传教育、规范约束和社会监督，增强公民旅游的文明意识。</span></p>\r\n\r\n<p style=\"margin: 7.5pt 0pt; padding: 0px; font-family: \'Microsoft YaHei\'; color: rgb(0, 0, 0); font-size: medium; line-height: 22.5pt; text-indent: 24pt;\"><span style=\"margin: 0px; padding: 0px; font-size: 12pt;\">（十七）发挥优秀传统文化怡情养志、涵育文明的重要作用。中华优秀传统文化积淀着中华民族最深沉的精神追求，包含着中华民族最根本的精神基因，代表着中华民族独特的精神标识，是中华民族生生不息、发展壮大的丰厚滋养。建设优秀传统文化传承体系，加大文物保护和非物质文化遗产保护力度，加强对优秀传统文化思想价值的挖掘，梳理和萃取中华文化中的思想精华，作出通俗易懂的当代表达，赋予新的时代内涵，使之与中国特色社会主义相适应，让优秀传统文化在新的时代条件下不断发扬光大。重视民族传统节日的思想熏陶和文化教育功能，丰富民族传统节日的文化内涵，开展优秀传统文化教育普及活动，培育特色鲜明、气氛浓郁的节日文化。增加国民教育中优秀传统文化课程内容，分阶段有序推进学校优秀传统文化教育。开展移风易俗，创新民俗文化样式，形成与历史文化传统相承接、与时代发展相一致的新民俗。</span></p>\r\n\r\n<p style=\"margin: 7.5pt 0pt; padding: 0px; font-family: \'Microsoft YaHei\'; color: rgb(0, 0, 0); font-size: medium; line-height: 22.5pt; text-indent: 24pt;\"><span style=\"margin: 0px; padding: 0px; font-size: 12pt;\">（十八）发挥重要节庆日传播社会主流价值的独特优势。开展革命传统教育，加强对革命传统文化时代价值的阐发，发扬党领导人民在革命、建设、改革中形成的优良传统，弘扬民族精神和时代精神。挖掘各种重要节庆日、纪念日蕴藏的丰富教育资源，利用五四、七一、八一、十一等政治性节日，三八、五一、六一等国际性节日，党史国史上重大事件、重要人物纪念日等，举办庄严庄重、内涵丰富的群众性庆祝和纪念活动。利用党和国家成功举办大事、妥善应对难事的时机，因势利导地开展各类教育活动。加强爱国主义教育基地建设，形成实体展馆与网上展馆相结合、涵盖各个历史时期的爱国主义教育基地体系。推进公共博物馆、纪念馆、爱国主义教育基地和文化馆、图书馆、美术馆、科技馆等免费开放，积极发展红色旅游。</span></p>\r\n\r\n<p style=\"margin: 7.5pt 0pt; padding: 0px; font-family: \'Microsoft YaHei\'; color: rgb(0, 0, 0); font-size: medium; line-height: 22.5pt; text-indent: 24pt;\"><span style=\"margin: 0px; padding: 0px; font-size: 12pt;\">（十九）运用公益广告传播社会主流价值、引领文明风尚。围绕社会主义核心价值观，加强公益广告的选题规划和内容创意，形成公益广告传播先进文化、传扬新风正气的强大声势。加大公益广告刊播力度，广播电视、报纸期刊要拿出黄金时段、重要版面和显著位置，持续刊播公益广告。互联网和手机媒体要发挥传输快捷、覆盖广泛的优势，运用多种方式扩大公益广告的影响力。社会公共场所、公共交通工具要在适当位置悬挂张贴公益广告。各类公益广告要注重导向鲜明、富有内涵、引人向上，注重形式多样、品位高雅、创意新颖，体现时代感厚重感，增强传播力感染力。</span></p>\r\n\r\n<p style=\"margin: 7.5pt 0pt; padding: 0px; font-family: \'Microsoft YaHei\'; color: rgb(0, 0, 0); font-size: medium; line-height: 22.5pt; text-indent: 24pt;\"><span style=\"margin: 0px; padding: 0px; font-size: 12pt; font-weight: bold;\">六、加强对培育和践行社会主义核心价值观的组织领导</span></p>\r\n\r\n<p style=\"margin: 7.5pt 0pt; padding: 0px; font-family: \'Microsoft YaHei\'; color: rgb(0, 0, 0); font-size: medium; line-height: 22.5pt; text-indent: 24pt;\"><span style=\"margin: 0px; padding: 0px; font-size: 12pt;\">（二十）各级党委和政府要充分认识培育和践行社会主义核心价值观的重要性，把这项任务摆上重要位置，把握方向，制定政策，营造环境，切实负起政治责任和领导责任。把社会主义核心价值观要求体现到经济建设、政治建设、文化建设、社会建设、生态文明建设和党的建设各领域，推动培育和践行社会主义核心价值观同实际工作融为一体、相互促进。建立健全培育和践行社会主义核心价值观的领导体制和工作机制，加强统筹协调，加强组织实施，加强督促落实，提高工作科学化水平。党的基层组织要在推动社会主义核心价值观培育和践行方面，发挥政治核心作用和战斗堡垒作用，筑牢社会和谐的精神纽带，打牢党执政的思想基础。</span></p>\r\n\r\n<p style=\"margin: 7.5pt 0pt; padding: 0px; font-family: \'Microsoft YaHei\'; color: rgb(0, 0, 0); font-size: medium; line-height: 22.5pt; text-indent: 24pt;\"><span style=\"margin: 0px; padding: 0px; font-size: 12pt;\">（二十一）党员、干部要做培育和践行社会主义核心价值观的模范。党员、干部特别是领导干部要在培育和践行社会主义核心价值观方面带好头，以身作则、率先垂范，讲党性、重品行、作表率，为民、务实、清廉，以人格力量感召群众、引领风尚。加强理想信念教育，引导党员、干部着力增强走中国特色社会主义道路、为党和人民事业不懈奋斗的自觉性和坚定性，做共产主义远大理想和中国特色社会主义共同理想的坚定信仰者。加强党性教育，引导党员、干部贯彻党的群众路线，弘扬党的优良传统和作风，以优良党风促政风带民风。加强道德建设，引导党员、干部始终保持高洁生活情趣，坚守共产党人精神追求。</span></p>\r\n\r\n<p style=\"margin: 7.5pt 0pt; padding: 0px; font-family: \'Microsoft YaHei\'; color: rgb(0, 0, 0); font-size: medium; line-height: 22.5pt; text-indent: 24pt;\"><span style=\"margin: 0px; padding: 0px; font-size: 12pt;\">（二十二）培育和践行社会主义核心价值观是全社会的共同责任。坚持全党动手、全社会参与，把培育和践行社会主义核心价值观同各领域的行政管理、行业管理和社会管理结合起来，形成齐抓共管的工作格局。党政各部门，工会、共青团、妇联等人民团体，要在党委统一领导下，加强沟通、密切配合，形成共同推进社会主义核心价值观培育和践行的良好局面。各地区各部门各单位要制定实施方案，落实工作责任制，明确任务分工，完善工作措施。重视发挥民主党派和工商联的重要作用，支持民主党派和工商联开展培育和践行社会主义核心价值观的各项工作。加强同知识界的联系，引导知识分子用正确观点阐释和传播社会主义核心价值观。党委宣传部门要切实担负起组织指导、协调推进的重要职责，积极会同有关部门采取有力措施，推动各项任务落到实处。</span></p>\r\n\r\n<p style=\"margin: 7.5pt 0pt; padding: 0px; font-family: \'Microsoft YaHei\'; color: rgb(0, 0, 0); font-size: medium; line-height: 22.5pt; text-indent: 24pt;\"><span style=\"margin: 0px; padding: 0px; font-size: 12pt;\">（二十三）把培育和践行社会主义核心价值观的任务落实到基层。城乡基层是培育和践行社会主流价值的重要依托，农村、企业、社区、机关、学校等基层单位要重视社会主义核心价值观的培育和践行，使之融入基层党组织建设、基层政权建设中，融入城乡居民自治中，融入人们生产生活和工作学习中，努力实现全覆盖，推动社会主义核心价值观不断转化为社会群体意识和人们自觉行动。充分发挥工人、农民、知识分子的主力军作用，发挥党员、干部的模范带头作用，发挥青少年的生力军作用，发挥社会公众人物的示范作用，发挥非公有制经济组织和新社会组织从业人员的积极作用，形成人人践行社会主义核心价值观的生动景象。</span></p>\r\n', '1', '1443425684', '1443425684', '1', '0', '0', '', null, null, '自编', '0', '0');
INSERT INTO `cms_model_article` VALUES ('2', '9', '教育部通知', '教育部通知', '<div style=\"text-align: center; color: rgb(81, 81, 81); line-height: 27.2px; font-family: arial, simsun; font-size: 16px;\">&nbsp;关于2015年中秋放假通知&nbsp;</div>\r\n<span style=\"color: rgb(81, 81, 81); line-height: 27.2px; font-family: arial, simsun; font-size: 16px;\">各位同学：</span><br style=\"color: rgb(81, 81, 81); line-height: 27.2px; font-family: arial, simsun; font-size: 16px;\" />\r\n<span style=\"color: rgb(81, 81, 81); line-height: 27.2px; font-family: arial, simsun; font-size: 16px;\">&nbsp; &nbsp; &nbsp; &nbsp; &nbsp;中秋佳节将至，为让员工度过一个愉快的中秋佳节，根据国家节假日放假规定及结合我公司实际情况，现将我公司2015年中秋节放假具体安排如下：&nbsp;</span><br style=\"color: rgb(81, 81, 81); line-height: 27.2px; font-family: arial, simsun; font-size: 16px;\" />\r\n<span style=\"color: rgb(81, 81, 81); line-height: 27.2px; font-family: arial, simsun; font-size: 16px;\">1、&nbsp;中秋放假时间：&nbsp;</span><br style=\"color: rgb(81, 81, 81); line-height: 27.2px; font-family: arial, simsun; font-size: 16px;\" />\r\n<span style=\"color: rgb(81, 81, 81); line-height: 27.2px; font-family: arial, simsun; font-size: 16px;\">2015年09月26日至2015年09月27日（周六、日）共2天，2015年09月28日（周一）照常上班。</span><br style=\"color: rgb(81, 81, 81); line-height: 27.2px; font-family: arial, simsun; font-size: 16px;\" />\r\n<span style=\"color: rgb(81, 81, 81); line-height: 27.2px; font-family: arial, simsun; font-size: 16px;\">&nbsp;</span><br style=\"color: rgb(81, 81, 81); line-height: 27.2px; font-family: arial, simsun; font-size: 16px;\" />\r\n<span style=\"color: rgb(81, 81, 81); line-height: 27.2px; font-family: arial, simsun; font-size: 16px;\">2.请各部门人员离开前关闭电脑并切断插线板电源，关闭电灯、打印机和饮水机，各部门主管安排负责人检查本部门，公司最后离开人员确认好门窗的关闭状态，无误后方可锁门离开。</span><br style=\"color: rgb(81, 81, 81); line-height: 27.2px; font-family: arial, simsun; font-size: 16px;\" />\r\n<span style=\"color: rgb(81, 81, 81); line-height: 27.2px; font-family: arial, simsun; font-size: 16px;\">&nbsp;</span><br style=\"color: rgb(81, 81, 81); line-height: 27.2px; font-family: arial, simsun; font-size: 16px;\" />\r\n<span style=\"color: rgb(81, 81, 81); line-height: 27.2px; font-family: arial, simsun; font-size: 16px;\">3.请各部门主管提前做好工作安排，如需要安排员工值班倒休，请告知行政管理部。</span><br style=\"color: rgb(81, 81, 81); line-height: 27.2px; font-family: arial, simsun; font-size: 16px;\" />\r\n<span style=\"color: rgb(81, 81, 81); line-height: 27.2px; font-family: arial, simsun; font-size: 16px;\">&nbsp;</span><br style=\"color: rgb(81, 81, 81); line-height: 27.2px; font-family: arial, simsun; font-size: 16px;\" />\r\n<span style=\"color: rgb(81, 81, 81); line-height: 27.2px; font-family: arial, simsun; font-size: 16px;\">4.节假日期间外出出行请看好自己的行李物品，注意安全。</span><br style=\"color: rgb(81, 81, 81); line-height: 27.2px; font-family: arial, simsun; font-size: 16px;\" />\r\n<img src=\"/portal/attachment/index/id/149/code/G21GFeMGpUMEJ631g3XGZbBL37w323yUdMJU6LmneONul8aEVCJOD-TLIB9pHIfnatwHrfGx4wlQsyGuvsIuMRVEh1dLV3jN7wFvsRAJERX4FI1S3PturRhhxMvFkpzhgV_yuzBcDRtjH_ziwFZken-ROzHdzpXn-u01hZz65MVevewD6yvDe3bdJn5QgnrXApflNg1pCGQpHJQZ0WP02_hZE2K2nC4X\" /><br style=\"color: rgb(81, 81, 81); line-height: 27.2px; font-family: arial, simsun; font-size: 16px;\" />\r\n<span style=\"color: rgb(81, 81, 81); line-height: 27.2px; font-family: arial, simsun; font-size: 16px;\">在此祝大家中秋节快乐。</span>', '1', '1443425712', '1444441214', '1', '0', '1', '', null, null, '教育部', '0', '0');
INSERT INTO `cms_model_article` VALUES ('3', '10', '校训', '勤俭务实', '<div style=\"text-align: center;\"><span style=\"text-align: center; color: rgb(0, 0, 0); font-family: &quot;Microsoft YaHei&quot;; font-size: medium;\">勤俭务实</span><br />\r\n<br />\r\n<img src=\"/portal/attachment/index/id/96/code/CbYyz1MEEzH8dMCxQsosPgKFUu9RvAvSLNjGB-Q_3WwZYhKaf05q5QSgMTc9jiFJMX9vuWT0bGNeDA3c61cyecx2z1kBoCIWs5HU5vnCFAWgJXi3RJJDBSmhK6sXnp0W-wZsgWZ5llz4dztUCSgSh3Y5rhYf2VyShQnqcxJtjpXcFHFvxTgsFZzQBYRP7pgO\" /><br />\r\n今年以来，我校为大力倡导勤俭节约理念,杜绝铺张浪费现象，深入开展党的群众路线教育实践活动，多措并举，厉行节约，反对浪费，积极倡导干警树立勤俭节约的传统美德，&ldquo;厉行勤俭节约、反对铺张浪费&rdquo;在全院蔚然成风。 &nbsp;&nbsp;&nbsp;&nbsp;加强厉行节约教育。通过召开党组会、全院干警大会等多种形式，教育引导全体干警充分认识厉行勤俭节约、反对奢侈浪费的重大意义，牢固树立艰苦奋斗、厉行节约、勤俭办事的意识，从细处着眼、从小处着手、从自我做起，营造勤俭节约的良好氛围。 &nbsp;&nbsp;&nbsp;&nbsp;严格办公节约措施。落实节约措施，强化节约督查，推动节约型机关建设。推进办公电子化，充分利用办公自动化平台，提高文件运转实效。积极利用局域网、电子屏幕等媒介发布文件、通知，减少纸张使用，压缩印刷费用。加强办公用品管理，减少不必要的浪费。 &nbsp;&nbsp;&nbsp;&nbsp;强化公务用车管理。实行车辆统一调度和集中管理，合理安排车辆出行路线和用车人员搭配，降低车辆使用成本。加强车辆管理，实行8小时外车辆封存制度，杜绝私自出车、公车私用等现象。<br />\r\n<img src=\"/portal/attachment/index/id/116/code/qAvO4XLi-bxvFEwtfy6srooE4iADilmnW-YV_a3clmF54uxChsD996JRNjoSnRiPShnDHTrA4UeAaZS_x_n0SxT0hbJpykHtLgXqVhTzlvRpk1e-NFcR_8RopUSxgyOEKIjw7GrYYoCYXxvZbYy458tcMB_nKgNrJLKh7eshMUvGfgxWFkkt-jUZ2MajuVF2DAOja_u0dgGE_7w7E09xYfGAAX82o9mw\" />严格车辆保修和用油管理，从源头上控制油耗，减少维修费用。 &nbsp;&nbsp;&nbsp;&nbsp;严格控制公务接待和会议活动。修订公务接待制度，规定公务接待由院办公室统一审核、报批，实行对口业务部门按标准接待制度，控制陪餐人员，杜绝公务接待饮酒。精简会议活动，按照务实、节俭、高效的要求，严格控制会议数量、规模和时间。</div>\r\n', '1', '1443426858', '1444444593', '1', '0', '0', '', null, null, '校训', '0', '0');
INSERT INTO `cms_model_article` VALUES ('4', '10', '我校隆重举行2014年秋季田径运动会', '2014年秋季田径运动会', '<div style=\"margin: 0px; padding: 0px; font-family: \'Microsoft YaHei\'; color: rgb(0, 0, 0); font-size: medium; line-height: 29pt; text-indent: 28pt; background-image: initial; background-attachment: initial; background-size: initial; background-origin: initial; background-clip: initial; background-position: initial; background-repeat: initial;\"><span style=\"margin: 0px; padding: 0px; font-size: 14pt;\">我校2014年秋季田径运动会于8月27日上午8点在学校操场隆重开幕。校长翟远杰，党委书记黄存才，副校长王道云，副书记、副校长王代亮，副校长刘华，</span><span style=\"margin: 0px; padding: 0px; font-size: 14pt;\">嘉祥县&ldquo;贵人鸟&rdquo;专卖店总经理张振兵出席了开幕式。开幕式由副书记、副校长王代亮主持。</span></div>\r\n\r\n<div style=\"margin: 0px; padding: 0px; font-family: \'Microsoft YaHei\'; color: rgb(0, 0, 0); font-size: medium; line-height: 29pt; background-image: initial; background-attachment: initial; background-size: initial; background-origin: initial; background-clip: initial; background-position: initial; background-repeat: initial;\"><span style=\"margin: 0px; padding: 0px; font-size: 14pt;\">　　首先进行的是大会入场式和庄严的升旗仪式，在全体师生的凝视中，五星红旗冉冉升起在学校操场的上空。升旗仪式结束后，翟远杰校长发表了热情洋溢的开幕辞。他希望此次运动会不仅能够煅炼学生的身体素质，更重要的是能够培养他们吃苦耐劳的精神品质。希望全体运动员发扬&ldquo;更高、更快、更强&rdquo;的体育精神，积极参赛、顽强拼搏，顺利完成各项比赛。随后裁判员代表、运动员代表庄严宣誓，最后我校党委书记黄存才郑重地宣布秋季田径运动会正式开幕。</span></div>\r\n\r\n<div style=\"margin: 0px; padding: 0px; font-family: \'Microsoft YaHei\'; color: rgb(0, 0, 0); font-size: medium; line-height: 29pt; background-image: initial; background-attachment: initial; background-size: initial; background-origin: initial; background-clip: initial; background-position: initial; background-repeat: initial;\"><span style=\"margin: 0px; padding: 0px; font-size: 14pt;\">　　比赛正式开始后。运动场顿时热闹和活跃起来，加油声、呐喊声、欢呼声响彻了整个校园。醒目的标语，鲜艳的彩旗，校园广播里一次次播放着比赛的进程和各班通讯员热情洋溢的现场报道，将整个运动会推向了高潮。运动场上，运动员们奋勇争先，努力拼搏，充分展示着更快、更高、更强的体育精神，跳远运动员的矫健，实心球运动员的力量，短跑运动员的速度，跳高运动员的毅力&hellip;&hellip;无不为运动会增光添彩。围观的啦啦队更是激情澎湃，助威声震耳欲聋，班级的凝聚力在此刻达到了顶点。</span></div>\r\n\r\n<div style=\"margin: 0px; padding: 0px; font-family: \'Microsoft YaHei\'; color: rgb(0, 0, 0); font-size: medium; line-height: 29pt; background-image: initial; background-attachment: initial; background-size: initial; background-origin: initial; background-clip: initial; background-position: initial; background-repeat: initial;\"><span style=\"margin: 0px; padding: 0px; font-size: 14pt;\">　　举办运动会是我校全面贯彻素质教育要求，全面落实教育部让阳光体育活动走进校园，走进同学们生活的重要举措。通过举办运动会，学生身心得到锻炼，体质得到增强，个性得到张扬，品质得到敦行，团结合作意识、拼搏进取意识、快乐健康意识增强，师生之间情感交流加深，理解增进，有力地推动了学校整体工作的开展。</span><br />\r\n<br />\r\n<img src=\"/portal/attachment/index/id/97/code/voyGyUOuVj-MqXcpSD3nqJsIq2eDcmMiEDxsZXd_KcElC7hzsFSQKTzI0-ElhZoRzmWa0Ro_3WrNPs7X-ZQh0thSkR6qrhgo9LKBm-tL_oEwWx5b_SIk0jc0vfBE9Nq03u0qeZIxoFuIpzZP4-ap93jtUh8euxWvQuPcWfK5kAl2Mrso5tIyiffx443wL28R_aqWVPsFDkc%3D\" /><br />\r\n<br />\r\n<img src=\"/portal/attachment/index/id/98/code/hT4NMM9Rdy6yVT3QVFIpSVdnvXMWE4GLsvy28wHYMNaxE5SVmRuf4bQO2DukgVpG_3vP4St-0vb8WSZM1mI3nPhwlIJyKTwKx5puhM-SKijoCJU_kwena2LEVPAArahcBBgZrkCGgOqECJYA5NTyWG4Q0zizTNuaWtGdTodW7_SHucXalZZfY0LSZpqjqwQwnR4g1U-8UHI%3D\" /></div>\r\n', '1', '1443426951', '1443426998', '1', '0', '0', '', null, null, '自编', '0', '0');
INSERT INTO `cms_model_article` VALUES ('5', '10', '铸就高尚师德，提升教学技能 ——记科大附中2013-2014学年暑期校本培训', '铸就高尚师德，提升教学技能 ——记科大附中2013-2014学年暑期校本培训', '<p style=\"margin: 0px; padding: 0px; font-family: \'Microsoft YaHei\'; color: rgb(0, 0, 0); font-size: medium;\">根据包河区教育局的校本培训工作安排，科大附中结合学校实际开展了丰富多彩的校本培训活动。</p>\r\n\r\n<p style=\"margin: 0px; padding: 0px; font-family: \'Microsoft YaHei\'; color: rgb(0, 0, 0); font-size: medium;\">8月26日，学校召开了全体教职工大会。会上，蔡婉若副校长对本期校本培训工作进行了部署，学校按照部署计划，开展了为期两天的校本培训工作。</p>\r\n\r\n<p style=\"margin: 0px; padding: 0px; font-family: \'Microsoft YaHei\'; color: rgb(0, 0, 0); font-size: medium;\">一、师德与心理培训；</p>\r\n\r\n<p style=\"margin: 0px; padding: 0px; font-family: \'Microsoft YaHei\'; color: rgb(0, 0, 0); font-size: medium;\">&nbsp;8月27日上午，全体教师集中附中报告厅，会上，学校党总支书记方文琴方书记带领大家学习了教育部关于《严禁教师违规收受学生及家长礼品礼金等行为的规定》和《安徽省中小学教师职业道德考核办法（试行）》中对师德的&ldquo;11条底线要求&rdquo;，结合附中的实际情况、职务犯罪的有关知识和底线思维的积极作用等，对&ldquo;六项禁令&rdquo;和&ldquo;11条底线要求&rdquo;进行了具体解读，同时也传达了包河区教体局对严禁教师有偿家教、有偿补课的要求和规定，告诫所有老师严格自律、互相提醒、互相监督，坚守师德底线，绝不触碰&ldquo;红线&rdquo;。她要求学校所有领导干部都要带头执行规定，要求各年级都要向家长传达&ldquo;六项禁令&rdquo;，欢迎家长监督。</p>\r\n\r\n<p style=\"margin: 0px; padding: 0px; font-family: \'Microsoft YaHei\'; color: rgb(0, 0, 0); font-size: medium;\">之后，全体老师观看了教育部推荐给广大教师观看的影片《我的教师生涯》，影片讲述了一位下放农村的知识青年，扎根农村基层教育，把自己的一生都献给了当地教育事业的故事。影片主人公事迹朴实，人格高尚，主人公对教育事业的信仰和对每个学生的尊重和真爱，感动了在场观看的每一位老师。</p>\r\n\r\n<p style=\"margin: 0px; padding: 0px; font-family: \'Microsoft YaHei\'; color: rgb(0, 0, 0); font-size: medium;\">&nbsp;</p>\r\n\r\n<p style=\"margin: 0px; padding: 0px; font-family: \'Microsoft YaHei\'; color: rgb(0, 0, 0); font-size: medium;\">8月28日上午，学校邀请了中国科技大学心理中心主任沈克祥老师给全体教师做了一场《守护师魂，关心学生心理健康》的报告，沈老师从影响儿童心理发展的因素谈起，告诉我们心理学是什么，并向我们提出教育的目的究竟是什么？师魂是对学生的爱，怎样才是真正的爱呢？这些问题深深的震撼并吸引着每个老师。沈老师首先提醒大家，不要用爱心绑架孩子，教育是为了让孩子幸福愉悦健康成长、珍爱生命快乐活着，教育的最终目的是培养学生的健全人格，决不能给学生带来师源性心理伤害，不歧视，不放弃每个学生。接着，沈老师向大家解读了作为教师的三种境界：教书匠 ，名师，人师的区别，告诫我们做好人师是我们每一个教师应该追寻的目标。</p>\r\n\r\n<p style=\"margin: 0px; padding: 0px; font-family: \'Microsoft YaHei\'; color: rgb(0, 0, 0); font-size: medium;\">&nbsp;其次，沈老师运用心理学的理论知识，结合鲜活案例分析了家庭对每个孩子的成长和言行的巨大影响力，希望老师摆好自己的位置，明确自己的职责，分清角色，快乐而科学地做好教育工作。</p>\r\n\r\n<p style=\"margin: 0px; padding: 0px; font-family: \'Microsoft YaHei\'; color: rgb(0, 0, 0); font-size: medium;\">最后，沈老师提出好的关系胜过好的技术这一观点。说明了技术只是教育的一种手段，并不是我们想象的那样重要，维护良好的师生关系会对解决心理问题、对教育学生有更大的帮助，在此基础上他提出&ldquo;好的关系胜过好的教育&rdquo;这一结论。</p>\r\n\r\n<p style=\"margin: 0px; padding: 0px; font-family: \'Microsoft YaHei\'; color: rgb(0, 0, 0); font-size: medium;\">老师们被沈老师精彩的报告深深打动，牢牢吸引，大家认真聆听，详细记录，积极参与互动。会场不时发出会心的笑声和真诚的掌声。老师们纷纷表示获益匪浅，期待着下次的聆听。</p>\r\n', '1', '1443427225', '1443502115', '1', '0', '0', '', null, null, '自编', '0', '0');
INSERT INTO `cms_model_article` VALUES ('6', '13', '校长', '校长', '<div style=\"color: rgb(0, 0, 0); font-family: 宋体; font-size: 16px;\"><span id=\"ctl00_ctl00_ContentPlaceHolder1_ContentPlaceHolderSub_Label4\">&nbsp; &nbsp; 刘沪， 男， 研究员，1968年南昌四中高中毕业，1982年南昌师范大学数学系本科毕业，1988年教育系研究生毕业，1992年-1993年美国俄亥俄莱特州立大学访问学者。</span></div>\r\n\r\n<div style=\"color: rgb(0, 0, 0); font-family: 宋体; font-size: 16px;\"><span id=\"ctl00_ctl00_ContentPlaceHolder1_ContentPlaceHolderSub_Label5\">现任南昌师范大学附属中学校长兼党总支书记，创新人才教育研究会副会长，中国教育学会高中专业委员会常务理事，中国教育国际交流协会理事，南昌市兼职督学。南昌市先进工作者，南昌市杰出校长，宣武区模范校长、西城区模范校长。教育部《基础教育参考》、南昌师范大学《中国教师》杂志编委。曾担任南昌四中数学教师，南昌师范大学数学系教师、系主任助理，南昌师范大学副总务长、党总支书记等职务。1998年起任现职。</span></div>\r\n&nbsp;\r\n\r\n<table align=\"center\" border=\"0\" cellpadding=\"0\" cellspacing=\"0\" style=\"color: rgb(0, 0, 0); font-family: 宋体; font-size: 16px;\">\r\n	<tbody>\r\n		<tr>\r\n			<td><img src=\"http://www.bjsdfz.com/images/corner/all_zone_03.gif\" /></td>\r\n			<td background=\"http://www.bjsdfz.com/images/corner/all_zone_04.gif\">&nbsp;</td>\r\n			<td><img src=\"http://www.bjsdfz.com/images/corner/all_zone_05.gif\" /></td>\r\n		</tr>\r\n		<tr>\r\n			<td background=\"http://www.bjsdfz.com/images/corner/all_zone_07.gif\">&nbsp;</td>\r\n			<td><img src=\"/portal/attachment/index/id/148/code/CcxZHGrtv3iFfLMQSFFEEoDORRI_cPSWJuFoWkaw7DSAoKPqvTB7XQWhRyXlFHsHLGUGiYRxontYXz36vuUqRJf2R43Blqo0tyRBFU5Vo-qpkStbgAq5L2VEXzizFClNUkLU2llsp7QUlodIuTLpIoGsBBp_4SWDo4LKM7WR62N_R0Kalg_VScRfuL7d-meEjGaPOHl6K9NtBmwqzbEscovbRsOqbtzE\" /></td>\r\n			<td background=\"http://www.bjsdfz.com/images/corner/all_zone_09.gif\">&nbsp;</td>\r\n		</tr>\r\n		<tr>\r\n			<td><img src=\"http://www.bjsdfz.com/images/corner/all_zone_10.gif\" /></td>\r\n			<td background=\"http://www.bjsdfz.com/images/corner/all_zone_11.gif\"><img src=\"/portal/attachment/index/id/148/code/cAC1TDboWeuez03nQUAUHwoGucIThBp1HRN1YVsm7L_0VdXah32LKfdBTFmpgDyuKli5omMUwHM6jPzS1vf3MhnLrNvxROj0qhW2_ayAozn_dom7ocjDKd-HpumJWdzYxNUjXHCf9qgqKmoEBgBaQfl0h9HB321brppzjG_NBhegMdcbN9DIGgz7U3ikQX0Yy81DjOhfmmEXLmPPBExYThBkYGIGZA-Z\" /></td>\r\n			<td><img src=\"http://www.bjsdfz.com/images/corner/all_zone_12.gif\" /></td>\r\n		</tr>\r\n	</tbody>\r\n</table>\r\n<span style=\"color: rgb(0, 0, 0); font-family: 宋体; font-size: 16px;\">&nbsp;</span>\r\n\r\n<div style=\"color: rgb(0, 0, 0); font-family: 宋体; font-size: 16px;\">\r\n<ul>\r\n	<li class=\"fblue\"><span id=\"ctl00_ctl00_ContentPlaceHolder1_ContentPlaceHolderSub_Label6\">学术活动及学术成就</span></li>\r\n</ul>\r\n</div>\r\n\r\n<div style=\"color: rgb(0, 0, 0); font-family: 宋体; font-size: 16px;\"><span id=\"ctl00_ctl00_ContentPlaceHolder1_ContentPlaceHolderSub_Label7\">&nbsp; &nbsp; 文章和译著主要有：《职务聘任中的模糊数学方法》、《美国高校后勤服务的社会化》、《日本教师队伍的建设与管理》、《市场经济条件下的学校人事制度改革》、《钱学森中学时代的老师》、《南昌师大附中的历史是中国现代中学教育发展的缩影》、《杰出人才的成长有赖于优质教育》、《培养欣赏美创造美的意识和能力》、《学校文化是辉煌历史的积淀》、《让互联网成为青少年的良师益友》、《杰出人才培养的关键环节在中学》、《教育家林砺儒与全人格教育》等，主编人民教育出版社出版的中国名校丛书《南昌师大附中》、科学教育出版社出版《守望与凝思之间&mdash;&mdash;南昌师大附中教育创新研究》、南昌师范大学出版社出版《远行者的目光&mdash;&mdash;南昌师大附中教师海外学习工作见闻录》。</span></div>\r\n<span style=\"color: rgb(0, 0, 0); font-family: 宋体; font-size: 16px;\">&nbsp;</span>\r\n\r\n<div style=\"color: rgb(0, 0, 0); font-family: 宋体; font-size: 16px;\">\r\n<ul>\r\n	<li class=\"fblue\"><span id=\"ctl00_ctl00_ContentPlaceHolder1_ContentPlaceHolderSub_Label8\">社会活动</span></li>\r\n</ul>\r\n</div>\r\n\r\n<div style=\"color: rgb(0, 0, 0); font-family: 宋体; font-size: 16px;\"><span id=\"ctl00_ctl00_ContentPlaceHolder1_ContentPlaceHolderSub_Label9\">&nbsp; &nbsp; 1998年参加日本文部省学校运营管理研修班；2000年参加上海华东师范大学全国高中骨干校长研修班</span></div>\r\n', '1', '1443427522', '1444441470', '1', '0', '0', '', null, null, '自编', '0', '0');
INSERT INTO `cms_model_article` VALUES ('7', '16', '刘婷', '刘婷', '刘婷', '1', '1443428099', '1445912867', '1', '0', '0', '', null, null, '自编', '0', '0');
INSERT INTO `cms_model_article` VALUES ('8', '16', '刘俐彤', '刘俐彤', '<a href=\"http://121.40.134.14/general/system/portal/content/preview.php?content_id=572&amp;portal_id=12&amp;column_id=79&amp;column_name=%D1%A7%D0%A3%C3%C5%BB%A7%20%3E%3E%20%BD%CC%CA%A6%B7%E7%B2%C9%20%3E%3E%20%C3%FB%CA%A6%B7%E7%B2%C9&amp;use_flag=1&amp;content_type=0\" style=\"text-decoration: none; outline: none; color: rgb(22, 135, 203); font-family: Simsun, Arial, sans-serif; line-height: 20px;\">刘俐彤</a>', '1', '1443428129', '1443428129', '1', '0', '0', '', null, null, '自编', '0', '0');
INSERT INTO `cms_model_article` VALUES ('9', '16', '方芳', '方芳', '<a href=\"http://121.40.134.14/general/system/portal/content/preview.php?content_id=571&amp;portal_id=12&amp;column_id=79&amp;column_name=%D1%A7%D0%A3%C3%C5%BB%A7%20%3E%3E%20%BD%CC%CA%A6%B7%E7%B2%C9%20%3E%3E%20%C3%FB%CA%A6%B7%E7%B2%C9&amp;use_flag=1&amp;content_type=0\" style=\"text-decoration: none; outline: none; color: rgb(22, 135, 203); font-family: Simsun, Arial, sans-serif; line-height: 20px;\">方芳</a>', '1', '1443428153', '1443428153', '1', '0', '0', '', null, null, '自编', '0', '0');
INSERT INTO `cms_model_article` VALUES ('10', '16', '窦桂梅 ', '窦桂梅|高中三班|班主任|十年', '<div class=\"lemma-summary\" jquery111106306259880361316=\"203\">\r\n<div class=\"para\" jquery111106306259880361316=\"204\">&nbsp;&nbsp;&nbsp;&nbsp;&nbsp;&nbsp; 窦桂梅，女，1967年4月出生，汉族，中共党员。从教于清华附小，现任清华附小党总支书记、校长。全国著名特级教师，博士。教育部&ldquo;中小学教师国家级培训计划&rdquo;特聘专家、专题课程主持专家。教育部基础教育课程教材专家工作委员会委员。教育部全国教师教育课程资源专家委员会小学教育工作委员会委员。教育部高等学校小学教师培养教学指导委员会委员。<a href=\"http://baike.baidu.com/view/471818.htm\" jquery111106306259880361316=\"205\" target=\"_blank\"><font color=\"#0066cc\">南昌教育学院</font></a>兼职教授，东北师范大学、<a href=\"http://baike.baidu.com/view/9542.htm\" jquery111106306259880361316=\"206\" target=\"_blank\"><font color=\"#800080\">首都师范大学</font></a>兼职教授、硕士生导师，清华大学教育研究院基础教育研究所副所长。提名全国中小学中青年&ldquo;十杰教师&rdquo;，先后获得全国模范教师，全国师德先进个人，全国教育系统劳动模范，被评为&ldquo;建国六十年来从课堂里走出来的教育专家&rdquo;之一。2014年9月，窦桂梅带领语文团队获得首届基础教育国家级教学成果一等奖。</div>\r\n</div>\r\n', '1', '1443428181', '1444285202', '1', '0', '0', '', null, null, '自编', '0', '0');
INSERT INTO `cms_model_article` VALUES ('11', '19', '灯塔', '灯塔', '灯塔', '1', '1443428550', '1443502099', '1', '0', '0', '', null, null, '自编', '0', '0');
INSERT INTO `cms_model_article` VALUES ('12', '19', '郁金香', '郁金香', '<a href=\"http://121.40.134.14/general/system/portal/content/preview.php?content_id=597&amp;portal_id=12&amp;column_id=73&amp;column_name=%D1%A7%D0%A3%C3%C5%BB%A7%20%3E%3E%20%D1%A7%D0%A3%B8%C5%BF%F6%20%3E%3E%20%D0%A3%D4%B0%B7%E7%B9%E2&amp;use_flag=1&amp;content_type=0\" style=\"text-decoration: none; outline: none; color: rgb(22, 135, 203); font-family: Simsun, Arial, sans-serif; line-height: 20px;\">郁金香</a>', '1', '1443428566', '1443502084', '1', '0', '0', '', null, null, '自编', '0', '0');
INSERT INTO `cms_model_article` VALUES ('13', '19', '校园”摄影比赛入围奖照片', '校园”摄影比赛入围奖照片', '<a href=\"http://121.40.134.14/general/system/portal/content/preview.php?content_id=534&amp;portal_id=12&amp;column_id=73&amp;column_name=%D1%A7%D0%A3%C3%C5%BB%A7%20%3E%3E%20%D1%A7%D0%A3%B8%C5%BF%F6%20%3E%3E%20%D0%A3%D4%B0%B7%E7%B9%E2&amp;use_flag=1&amp;content_type=0\" style=\"text-decoration: none; outline: none; color: rgb(22, 135, 203); font-family: Simsun, Arial, sans-serif; line-height: 20px;\">校园&rdquo;摄影比赛入围奖照片</a>', '1', '1443428579', '1443502071', '1', '0', '0', '', null, null, '自编', '0', '0');
INSERT INTO `cms_model_article` VALUES ('14', '19', '读书岛-月牙湖', '读书岛-月牙湖', '<a href=\"http://121.40.134.14/general/system/portal/content/preview.php?content_id=531&amp;portal_id=12&amp;column_id=73&amp;column_name=%D1%A7%D0%A3%C3%C5%BB%A7%20%3E%3E%20%D1%A7%D0%A3%B8%C5%BF%F6%20%3E%3E%20%D0%A3%D4%B0%B7%E7%B9%E2&amp;use_flag=1&amp;content_type=0\" style=\"text-decoration: none; outline: none; color: rgb(22, 135, 203); font-family: Simsun, Arial, sans-serif; line-height: 20px;\">读书岛-月牙湖</a>', '1', '1443428592', '1443502056', '1', '0', '0', '', null, null, '自编', '0', '0');
INSERT INTO `cms_model_article` VALUES ('15', '19', '校园北面的读书岛', '校园北面的读书岛', '<a href=\"http://121.40.134.14/general/system/portal/content/preview.php?content_id=530&amp;portal_id=12&amp;column_id=73&amp;column_name=%D1%A7%D0%A3%C3%C5%BB%A7%20%3E%3E%20%D1%A7%D0%A3%B8%C5%BF%F6%20%3E%3E%20%D0%A3%D4%B0%B7%E7%B9%E2&amp;use_flag=1&amp;content_type=0\" style=\"text-decoration: none; outline: none; color: rgb(22, 135, 203); font-family: Simsun, Arial, sans-serif; line-height: 20px;\">校园北面的读书岛</a>', '1', '1443428604', '1443502046', '1', '0', '1', '', null, null, '自编', '0', '0');
INSERT INTO `cms_model_article` VALUES ('16', '11', '教育部：开展体育特长生入学复核 有问题不予注册 ', '教育部：开展体育特长生入学复核 有问题不予注册 ', '<div class=\"des\" style=\"color: rgb(0, 0, 0); font-family: 宋体; font-size: 16px;\"><strong>摘要：</strong>教育部办公厅日前发出了《关于做好2014年普通高等学校录取新生复查和学籍电子注册工作的通知》(以下简称《通知》)。《通知》要求，对艺术、体育专业或艺术、体育特长生等特殊类型录取新生要开展入学专业测试复核，发现问题的不予学籍注册，并报告有关部门倒查追责。</div>\r\n\r\n<p style=\"color: rgb(0, 0, 0); font-family: 宋体; font-size: 16px;\">　　教育部办公厅日前发出了《关于做好2014年普通高等学校录取新生复查和学籍电子注册工作的通知》(以下简称《通知》)。《通知》要求，对艺术、体育专业或艺术、体育特长生等特殊类型录取新生要开展入学专业测试复核，发现问题的不予学籍注册，并报告有关部门倒查追责。&nbsp;</p>\r\n\r\n<p style=\"color: rgb(0, 0, 0); font-family: 宋体; font-size: 16px;\">　　《通知》要求，各地、各高校要严格按照国家招生政策规定和学籍管理规定，认真开展新生入学资格审查，及时进行学籍电子注册。对新生报到所需录取通知书、身份证、户口迁移证、高考加分资格证明等材料与考生纸质档案、录取考生名册、电子档案逐一比对，严格核查。对艺术、体育专业或艺术、体育特长生等特殊类型录取新生要开展入学专业测试复核，发现问题的不予学籍注册，并报告有关部门倒查追责。对有疑问的信息，要认真与生源地省级招办核实。对于通过弄虚作假、徇私舞弊方式骗取高考加分资格、录取资格或企图冒名顶替入学的新生、未按规定公示有关资格身份的新生、未经核准计划录取的新生，一律不予学籍电子注册。</p>\r\n\r\n<p style=\"color: rgb(0, 0, 0); font-family: 宋体; font-size: 16px;\">　　《通知》强调，严禁在新生入学报到环节更改考生录取专业。不得在新生入学后将艺术、体育类专业学生调整到普通类专业，不得将外国语中学推荐保送录取的学生调整到非外语类专业。严禁将未经省级招生部门审核录取的学生留在学校学习，已经注册学籍的，一经查实，坚决取消学籍，杜绝任何学籍学历遗留隐患。对新生入学资格复查中发现的违规行为，一经查实，应记入学生诚信档案。对在新生入学资格复查及学籍电子注册工作中玩忽职守，导致学生无法按时、准确查询学籍信息的，将对有关责任人员予以通报，并追究相应责任。</p>\r\n\r\n<p style=\"color: rgb(0, 0, 0); font-family: 宋体; font-size: 16px;\">　　《通知》提示，教育部委托中国高等教育学生信息网届时对学生本人开放新生学籍信息网上查询。未在规定时间查询到学籍信息的新生，国家不予承认。</p>\r\n', '1', '1443433208', '1443433208', '1', '0', '0', '', null, null, '自编', '0', '0');
INSERT INTO `cms_model_article` VALUES ('17', '11', '青海今年秋季学期起义务教育“大学区”试点实施', '青海今年秋季学期起义务教育“大学区”试点实施', '<div class=\"des\" style=\"color: rgb(0, 0, 0); font-family: 宋体; font-size: 16px;\"><strong>摘要：</strong>8月28日，西宁市秋季开学工作会议召开。今秋起，西宁市将大手笔实施&ldquo;三批一轮&rdquo;规划、部分教师交流、百对城乡学校结对帮扶以及义务教育&ldquo;大学区&rdquo;试点。</div>\r\n<span style=\"color: rgb(0, 0, 0); font-family: 宋体; font-size: 16px;\">　　8月28日，西宁市秋季开学工作会议召开。今秋起，西宁市将大手笔实施&ldquo;三批一轮&rdquo;规划、部分教师交流、百对城乡学校结对帮扶以及义务教育&ldquo;大学区&rdquo;试点。</span>\r\n\r\n<p style=\"color: rgb(0, 0, 0); font-family: 宋体; font-size: 16px;\">　　今年秋季学期起，西宁市将围绕&ldquo;三批一轮&rdquo;教育布局结构调整规划，完成一期教育布局调整建设项目，督促配合西宁教育公司完成西宁十四中、五中、聋哑学校新校建设，并筹划新校搬迁运行方案和校园文化建设;推进二期教育布局调整暨标准化学校项目建设，争取完成海湖学校、西宁十三中、虎台分校、张家湾小学建设项目，全力推进区县标准化学校建设进程，力争标准化建设项目年底收官;启动三期教育布局调整项目。</p>\r\n\r\n<p style=\"color: rgb(0, 0, 0); font-family: 宋体; font-size: 16px;\">　　下半年，西宁市将积极争取国家资金，实施贫困地区义务教育薄弱学校&ldquo;改薄&rdquo;工程，做好学前教育达标晋级、高中特色发展、中职专业调整、民办教育促进、校园环境提升改造、音体美场馆建设、校外实践基地建设等十大类项目，通过分级、分类、分特色的资源配置，搭建西宁教育全面发展基础平台，实现教育资源结构配置基本定型。</p>\r\n\r\n<p style=\"color: rgb(0, 0, 0); font-family: 宋体; font-size: 16px;\">　　为促进教师专业成长，今起将逐步建立健全教师交流机制，推动10%教师校际间交流;开展&ldquo;百对城乡学校&rdquo;结对帮扶。开展&ldquo;名师进课堂&rdquo;教学诊断活动，启动&ldquo;进入全国百年名校观摩行&rdquo;活动。</p>\r\n\r\n<p style=\"color: rgb(0, 0, 0); font-family: 宋体; font-size: 16px;\">　　另外，西宁市还将推动义务教育学校&ldquo;大学区&rdquo;管理方式改革试点，健全义务教育均衡发展评估机制，落实中小学督学责任制;建立推进学前教育发展长效保障机制，建立幼儿园基本信息公示制度，深化幼儿园保育教育改革，提升学前教育发展水平;建立中小学学科教育教学研究基地。实施普及高中教育攻坚计划，推动普通高中多样化发展试点。</p>\r\n\r\n<p style=\"color: rgb(0, 0, 0); font-family: 宋体; font-size: 16px;\">　　此稿件为延展阅读内容，稿件来源为： 人民网。新华网不对本稿件内容真实性负责。如发现政治性、事实性、技术性差错和版权方面的问题及不良信息，请及时与我们联系，并提供稿件的纠错信息。</p>\r\n', '1', '1443433236', '1443433236', '1', '0', '0', '', null, null, '自编', '0', '0');
INSERT INTO `cms_model_article` VALUES ('18', '11', '芜湖师范学校探索校企合作的新模式 ', '芜湖师范学校探索校企合作的新模式 ', '<div class=\"des\" style=\"color: rgb(0, 0, 0); font-family: 宋体; font-size: 16px;\"><strong>摘要：</strong>为有效利用高端知名企业的智力资源和人才优势，积极参与芜湖市打造&ldquo;教育名城&rdquo;行动，使师范职业教育发展进入快车道，日前芜湖师范学校与深圳市国泰安信息技术有限公司作为&ldquo;甲、乙双方&rdquo;，在芜湖师范学校签订了《校企合作框架协议》。</div>\r\n<span style=\"color: rgb(0, 0, 0); font-family: 宋体; font-size: 16px;\">　　为有效利用高端知名企业的智力资源和人才优势，积极参与芜湖市打造&ldquo;教育名城&rdquo;行动，使师范职业教育发展进入快车道，日前芜湖师范学校与深圳市国泰安信息技术有限公司作为&ldquo;甲、乙双方&rdquo;，在芜湖师范学校签订了《校企合作框架协议》。</span>\r\n\r\n<p style=\"color: rgb(0, 0, 0); font-family: 宋体; font-size: 16px;\">　　此类校企合作的主要模式是：企业利用人才、技术资源优势、通过投标或校企合作等方式获得校方的项目，开展与校方的全面合作。双方合作项目涵盖：&ldquo;整体方案优化、硬件实训基地方案规划设计、人才培养模式改革、校教学体系改革、教学资源建设、师资队伍建设、全真实训幼儿园建设、幼师培养基地建设、校园文化项目建设&rdquo;等。</p>\r\n\r\n<p style=\"color: rgb(0, 0, 0); font-family: 宋体; font-size: 16px;\">　　协议双方在自愿平等的基础上，各自享有和履行自己的权利义务。协议的签订为双方的有效合作提供了法律保障。(</p>\r\n', '1', '1443433264', '1443433264', '1', '0', '0', '', null, null, '自编', '0', '0');
INSERT INTO `cms_model_article` VALUES ('19', '11', '青海省实行“1+9+3”政策 将义务教育拓展到学前教育', '青海省实行“1+9+3”政策 将义务教育拓展到学前教育', '<span style=\"color: rgb(0, 0, 0); font-family: 宋体; font-size: 16px;\">人民网西宁8月26日电(记者白宇)学前教育，是指从出生到六岁前儿童的教育。在我国西部等一些欠发达地区，学前教育一直是个被忽视的问题，学前教育小学化现象十分严重。为改善此现象，青海省教育厅特别邀请首都师范大学200余位老师奔赴青海，对4000多名老师进行学前教育培训任务。在开课仪式现场，记者采访到了青海省委教育工委书记燕海茂、青海教育厅副厅长薛建华和青海省教育厅基教处处长庞青。</span>\r\n<p style=\"color: rgb(0, 0, 0); font-family: 宋体; font-size: 16px;\">　　大力发展学前教育：培训先行、借力发展、创新思维</p>\r\n\r\n<p style=\"color: rgb(0, 0, 0); font-family: 宋体; font-size: 16px;\">　　燕书记表示，青海省基础教育在整体快速发展，但学前教育是当前一个薄弱环节。从2011年开始，各级政府把学前教育也列在了重要日程，加大力气快速发展，采取了一些列措施，比如基础建设、扶持政策、幼儿教育资助等。经过标准化学校建设、闲置学校资源重新布局之后，学前教育得到了很大的发展，入园普及率等有了大幅提升。</p>\r\n\r\n<p style=\"color: rgb(0, 0, 0); font-family: 宋体; font-size: 16px;\">　　另外，创新发展方面，在新的形势下，现有的条件不能满足需求，需要有创新思路来解决新的需求。青海省采取了解决教师队伍、培训先行，借力发展、理顺体制，注重基层等措施，来更有效的发展青海省教育。</p>\r\n\r\n<p style=\"color: rgb(0, 0, 0); font-family: 宋体; font-size: 16px;\">　　学前教育培训颠覆传统教学观</p>\r\n\r\n<p style=\"color: rgb(0, 0, 0); font-family: 宋体; font-size: 16px;\">　　&ldquo;这次学前教育培训，就是一种教学的颠覆&rdquo;薛厅长对于此次培训的意义，给了充分的肯定与寄望。薛厅长表示，这次学前教育培训，对于青海省教育有着里程碑的意义。他总结了3点带来的变化：</p>\r\n\r\n<p style=\"color: rgb(0, 0, 0); font-family: 宋体; font-size: 16px;\">　　1、理念的改变。青海省之前的学前教育长期缺乏系统的管理，没有先进理念进行指导，所以造成发展缓慢。通过这次和首师大合作，才真正意义上对学前教育有了一个全面的培训，这是一种颠覆。通过培训，让青海省的老师真正学到了学前教育到底要做什么、要怎么做，彻底打破了原有老师只会让儿童学知识的传统思想。</p>\r\n\r\n<p style=\"color: rgb(0, 0, 0); font-family: 宋体; font-size: 16px;\">　　2、自身的改变。多年来青海省一直在寻求理论与实践相结合、并且覆盖面广的培训，也曾联系了很多大学，但都因为各种客观原因没有实现。这次通过与首师大紧密的联系，通过学校独有的资源，将培训落实到了实处，彻底改变了青海省自身学前教育的状况。</p>\r\n\r\n<p style=\"color: rgb(0, 0, 0); font-family: 宋体; font-size: 16px;\">　　3、老师的改变。通过培训，老师们的反映都很强烈。培训注重基层，紧贴实际，得到了老师和学生们的欢迎，并在很短的时间内将培训所学知识很好的带到了日常工作当中，而且学生及家长反响很好，这也对一线学前教育发展起到了很好的促进作用。</p>\r\n\r\n<p style=\"color: rgb(0, 0, 0); font-family: 宋体; font-size: 16px;\">　　毛入园率大幅增加保教质量提升迅速</p>\r\n\r\n<p style=\"color: rgb(0, 0, 0); font-family: 宋体; font-size: 16px;\">　　当记者问到这次培训前后，有何具体变化时，庞处面带微笑的说：青海省学前教育发展很快，尤其是基层牧区乡村一级的幼儿园占比已经很高了。经过这几年大力发展，老师的来源渠道越来越广，一部分是高校的中职学校、学前教育毕业生，另外小学老师也在带学习幼儿园的课程，同时还有一些非专业人员在担任学前教育老师。但是，虽说幼儿园发展很快，园区建设速度加快，毛入园率也提升了，可保教质量还是醋在很大问题，教师专业水平不高，不知道如何设置学前教育课程等问题的存在，都造成了学前教育小学化等现象的存在。</p>\r\n\r\n<p style=\"color: rgb(0, 0, 0); font-family: 宋体; font-size: 16px;\">　　通过这次学前培训项目，变化很大。首先当地幼儿园园长懂得了一日活动应该如何去设计，老师学会了课程如何去开发，怎样结合当地现有的资源就地取材。</p>\r\n\r\n<p style=\"color: rgb(0, 0, 0); font-family: 宋体; font-size: 16px;\">　　青海省目前共有4688名老师，这次培训参与的老师达到了4200余人，90%的教师都参与了经过了一轮的培训。在这次培训中，我们不光是理论的学习，而且更注重实践，采取了&ldquo;培训+根岗&rdquo;的制度。当青海的老师培训完后，会派去南昌进行跟岗研修，去学习如何当园长、如何当老师。另外，这次培训也让青海的老师和首师大建立了良好的感情沟通关系，通过添加微信、QQ等通讯手段，不断和南昌的专家进行沟通，虽然天各一方，但依然能随时沟通，开拓了老师们的视野和思路，随时可以进行交流学习。</p>\r\n\r\n<p style=\"color: rgb(0, 0, 0); font-family: 宋体; font-size: 16px;\">　　实行&ldquo;1+9+3&rdquo;政策，将义务教育拓展到学前教育</p>\r\n\r\n<p style=\"color: rgb(0, 0, 0); font-family: 宋体; font-size: 16px;\">　　据薛厅长和庞处长介绍，青海省在学前投入方面也是空前的巨大。2010年-2013年，青海学前教育投入一共14个亿元，新建600多所幼儿园。而在2014一年中，共投入2.57个亿，来进行设施建设、老师培训等。</p>\r\n\r\n<p style=\"color: rgb(0, 0, 0); font-family: 宋体; font-size: 16px;\">　　在采访中发现，青海省的毛入园率从2010年48%提升到2013年的73.9%，变化十分巨大。当记者问到为何会出现此现象时，薛厅长对记者说：青海省之所以毛入园率这么高，跟青海省实行的&ldquo;1+9+3&rdquo;政策是分不开的。3是指职高三年，9是指小学+初中，1则是学前教育。为了能让青海省的儿童都能上幼儿园，青海省针对三江源地区，每一个孩子一年资助2700元，这包括了保育费、生活费等，基本能够保证了孩子能够免费上幼儿园，政府出钱让孩子上学，家长们当然很积极的把自己家的孩子送到了幼儿园上学，因此毛入园率就有了大幅度的提高。另外，对于非三江源地区，政府实行全资助政策，农村孩子一年补助1200元，城市孩子补助800元，介于此，青海省实现了全省学前教育资助全覆盖，据记者了解，在全国仅有青海省实现了学前教育资助。</p>\r\n\r\n<p style=\"color: rgb(0, 0, 0); font-family: 宋体; font-size: 16px;\">　　除了全资助政策，青海省还推广巡回支教、送教下乡等政策。巡回支教，是让老师把一周的课程全部安排好，派到不同地区去教课，这样实现了全覆盖的目标，目前，巡回支教已经普及到930个点、涉及1800-个孩子、35个县、6个州。</p>\r\n\r\n<p style=\"color: rgb(0, 0, 0); font-family: 宋体; font-size: 16px;\">　　适当增加学费提高教师收入</p>\r\n\r\n<p style=\"color: rgb(0, 0, 0); font-family: 宋体; font-size: 16px;\">　　当记者问到，关于如何增加幼教老师的待遇和编制问题时，薛厅长提出了3个方面：</p>\r\n\r\n<p style=\"color: rgb(0, 0, 0); font-family: 宋体; font-size: 16px;\">　　1、政府购买服务;</p>\r\n\r\n<p style=\"color: rgb(0, 0, 0); font-family: 宋体; font-size: 16px;\">　　2、适当增加幼儿园学费，缓解幼儿园运转困难，支持学前教育发展，增加老师收入;</p>\r\n\r\n<p style=\"color: rgb(0, 0, 0); font-family: 宋体; font-size: 16px;\">　　3、加大对幼儿园的投入。2014年给青海省所有符合条件的民办园(80人以上250人以下)给予10万元资金的支持。</p>\r\n\r\n<p style=\"color: rgb(0, 0, 0); font-family: 宋体; font-size: 16px;\">　　在教育投诉方面，薛厅长和庞处长很骄傲的对记者说：青海省教育乱收费基本保持了0投诉，另外在教育厅官方网站，也建立了网友留言投诉平台，网友可以随时将自己的问题发布到投诉平台上，教育厅相关人员会第一时间对问题进行跟踪核实，使问题尽快解决。</p>\r\n', '1', '1443433291', '1443433291', '1', '0', '0', '', null, null, '自编', '0', '0');
INSERT INTO `cms_model_article` VALUES ('20', '12', '关于召开集美区2013—2014学年中学教学论文交流会的通知', '关于召开集美区2013—2014学年中学教学论文交流会的通知', '<p style=\"color: rgb(0, 0, 0); font-family: 宋体; font-size: 16px;\">滨水学校、各中学：</p>\r\n\r\n<p style=\"color: rgb(0, 0, 0); font-family: 宋体; font-size: 16px;\">集美区2013&mdash;2014学年中学教学教改论文评选已揭晓，为了更好地展示各校老师们先进的教学经验，促进各校教师间的学习与交流，进一步推动我区的教学教改工作，经研究决定召开集美区2013－2014学年中学教学教改论文交流会。现将有关事项通知如下：</p>\r\n\r\n<p style=\"color: rgb(0, 0, 0); font-family: 宋体; font-size: 16px;\">一、会议时间</p>\r\n\r\n<p style=\"color: rgb(0, 0, 0); font-family: 宋体; font-size: 16px;\">2014年8月28日（周六）上午8∶30</p>\r\n\r\n<p style=\"color: rgb(0, 0, 0); font-family: 宋体; font-size: 16px;\">二、会议地点</p>\r\n\r\n<p style=\"color: rgb(0, 0, 0); font-family: 宋体; font-size: 16px;\">滨水学校阶梯教室</p>\r\n\r\n<p style=\"color: rgb(0, 0, 0); font-family: 宋体; font-size: 16px;\">三、参加对象</p>\r\n\r\n<p style=\"color: rgb(0, 0, 0); font-family: 宋体; font-size: 16px;\">1．各校教科室主任</p>\r\n\r\n<p style=\"color: rgb(0, 0, 0); font-family: 宋体; font-size: 16px;\">2．入选论文汇编的作者（入选论文汇编的作者须参加交流会。）</p>\r\n\r\n<p style=\"color: rgb(0, 0, 0); font-family: 宋体; font-size: 16px;\">3．集美区教师进修学校中学教研室教研员</p>\r\n\r\n<p style=\"color: rgb(0, 0, 0); font-family: 宋体; font-size: 16px;\">四、发言教师</p>\r\n\r\n<p style=\"color: rgb(0, 0, 0); font-family: 宋体; font-size: 16px;\">滨水学校：周畅（语文）、后溪中学：王金水（数学）、上塘中学：翁海珊（英语）</p>\r\n', '1', '1443433347', '1443433347', '1', '0', '0', '', null, null, '自编', '0', '0');
INSERT INTO `cms_model_article` VALUES ('21', '12', '澳大利亚维州友好学校访问活动', '澳大利亚维州友好学校访问活动', '<p style=\"color: rgb(0, 0, 0); font-family: 宋体; font-size: 16px;\"><font size=\"4\">本月19日，我校迎来了澳大利亚维多利亚洲墨尔本友好学校（东登卡斯特中学）的校长、三位教师和十五名学生的访问团。我校项春雷校长和徐美敬校长出席了见面会。会上，项校长和徐校长表达了对友好学校教师和学生的热情欢迎，项校长还向访客们介绍了草桥的过去和现在，并且表达了互相学习，携手未来的愿望。东登卡斯特中学的校长Mr. John Handley则回顾了两校建立友谊的各项活动，同样表示了彼此继续互相学习，发展友谊的愿望。友好学校的老师与学生在我校进行一周的访问活动。</font></p>\r\n\r\n<p style=\"color: rgb(0, 0, 0); font-family: 宋体; font-size: 16px;\">&nbsp;</p>\r\n\r\n<p style=\"color: rgb(0, 0, 0); font-family: 宋体; font-size: 16px;\">&nbsp;</p>\r\n', '1', '1443433380', '1443433380', '1', '0', '0', '', null, null, '自编', '0', '0');
INSERT INTO `cms_model_article` VALUES ('22', '20', '孩子们和老师们的的课间生活', '孩子们和老师们的的课间生活', '孩子们和老师们的的课间生活', '1', '1443433467', '1443433467', '1', '0', '0', '', null, null, '自编', '0', '0');
INSERT INTO `cms_model_article` VALUES ('23', '20', '学军人风姿 强自我素质', '学军人风姿 强自我素质', '<h2 style=\"margin: 5px 0px 0px; padding: 0px; font-family: 微软雅黑; color: rgb(88, 88, 88); font-size: 20px; text-align: center; height: 42px; line-height: 42px;\">学军人风姿 强自我素质</h2>\r\n', '1', '1443433517', '1443433517', '1', '0', '0', '', null, null, '自编', '0', '0');
INSERT INTO `cms_model_article` VALUES ('24', '22', '种植活动', '种植活动', '<p class=\"MsoNormal\" style=\"color: rgb(0, 0, 0); font-family: 宋体; font-size: 16px; margin: 0cm 0cm 0pt; text-indent: 24pt;\"><span style=\"font-size: 12pt;\">根据乌市外国语小学规划，开展综合实践活动，培养和提高学生综合素质，培养学生的劳动情趣，增强学生的劳动体验，打造学校教育特色。我们班于<span lang=\"EN-US\">4</span>月<span lang=\"EN-US\">26</span>日接到学校通知我们班里分了一块小种植园，安排种植水果和蔬菜。老师、同学和家长们开心极了，因为大家可以种上自己想要的水果和蔬菜，还能让孩子自己动手种植，观察植物的生长过程，发现植物的小秘密。<span lang=\"EN-US\"><o:p></o:p></span></span></p>\r\n\r\n<p class=\"MsoNormal\" style=\"color: rgb(0, 0, 0); font-family: 宋体; font-size: 16px; margin: 0cm 0cm 0pt;\"><span lang=\"EN-US\" style=\"font-size: 12pt;\">&nbsp;</span></p>\r\n\r\n<p class=\"MsoNormal\" style=\"color: rgb(0, 0, 0); font-family: 宋体; font-size: 16px; margin: 0cm 0cm 0pt; text-indent: 24pt;\"><span style=\"font-size: 12pt;\">在老师和同学的讨论下，选择好的种植的种类，老师、家长和同学们卯足了劲，开始开辟种植园。有的翻地，有的施肥，有的买苗，有的浇水，有的围围杆，有的做种植园牌子，在老师、家长和同学们的辛勤努力下，我们的小种植园渐渐成形了。<span lang=\"EN-US\"><o:p></o:p></span></span></p>\r\n\r\n<p class=\"MsoNormal\" style=\"color: rgb(0, 0, 0); font-family: 宋体; font-size: 16px; margin: 0cm 0cm 0pt; text-align: center;\"><img src=\"/inc/attach.php?AID=3202&amp;MODULE=portal&amp;YM=1408&amp;ATTACHMENT_ID=1728255491&amp;ATTACHMENT_NAME=QQ%CD%BC%C6%AC20140812150406.jpg&amp;DIRECT_VIEW=1&amp;portal_id=12\" /></p>\r\n\r\n<p class=\"MsoNormal\" style=\"color: rgb(0, 0, 0); font-family: 宋体; font-size: 16px; margin: 0cm 0cm 0pt;\"><br />\r\n<span lang=\"EN-US\" style=\"font-size: 12pt;\">&nbsp;&nbsp;&nbsp;&nbsp;</span><span style=\"font-size: 12pt;\">现在我们班的种植园种植了茄子、黄瓜、草莓、韭菜、葱、辣子、西红柿、大蒜苗等蔬菜。班里的同学们争先恐后轮流给种植园浇水、施肥，经常回到家中与家长分享这份快乐。</span><br />\r\n&nbsp;</p>\r\n\r\n<p class=\"MsoNormal\" style=\"color: rgb(0, 0, 0); font-family: 宋体; font-size: 16px; margin: 0cm 0cm 0pt; text-align: center;\"><img src=\"/inc/attach.php?AID=3203&amp;MODULE=portal&amp;YM=1408&amp;ATTACHMENT_ID=1547632865&amp;ATTACHMENT_NAME=QQ%CD%BC%C6%AC20140812150500.jpg&amp;DIRECT_VIEW=1&amp;portal_id=12\" /><br />\r\n&nbsp;</p>\r\n\r\n<p class=\"MsoNormal\" style=\"color: rgb(0, 0, 0); font-family: 宋体; font-size: 16px; margin: 0cm 0cm 0pt;\">&nbsp;&nbsp;&nbsp;<span lang=\"EN-US\" style=\"font-size: 12pt;\">6</span><span style=\"font-size: 12pt;\">月初我们已经吃上了美味的草莓鲜果。通过这次活动，不仅使学生们掌握了有关蔬菜种植等方面的知识，而且磨炼了学生们的意志，激发了学生劳动实践的乐趣，从而培养了学生养成热爱劳动的良好习惯，真正体会到了种植的不易和辛劳。现在的蔬菜长势喜人，绿油油的菜苗给同学们带来了更大的动力。</span><br />\r\n&nbsp;</p>\r\n\r\n<p class=\"MsoNormal\" style=\"color: rgb(0, 0, 0); font-family: 宋体; font-size: 16px; margin: 0cm 0cm 0pt; text-align: center;\"><img src=\"/inc/attach.php?AID=3204&amp;MODULE=portal&amp;YM=1408&amp;ATTACHMENT_ID=-1687097375&amp;ATTACHMENT_NAME=QQ%CD%BC%C6%AC20140812150538.jpg&amp;DIRECT_VIEW=1&amp;portal_id=12\" /><br />\r\n<br />\r\n<img src=\"/inc/attach.php?AID=3205&amp;MODULE=portal&amp;YM=1408&amp;ATTACHMENT_ID=757772970&amp;ATTACHMENT_NAME=QQ%CD%BC%C6%AC20140812150623.jpg&amp;DIRECT_VIEW=1&amp;portal_id=12\" /></p>\r\n', '1', '1443502316', '1443502316', '1', '0', '0', '', null, null, '自编', '0', '0');
INSERT INTO `cms_model_article` VALUES ('25', '22', '学习雷锋好榜样', '学习雷锋好榜样', '学习雷锋好榜样', '1', '1443502581', '1443502581', '1', '0', '0', '', null, null, '自编', '0', '0');
INSERT INTO `cms_model_article` VALUES ('26', '25', '与孩子一起学习成长(三2班周思语妈妈）', '与孩子一起学习成长(三2班周思语妈妈）', '<p class=\"MsoNoSpacing\" style=\"color: rgb(0, 0, 0); font-family: 宋体; font-size: 16px; line-height: 48px; text-align: center;\"><span style=\"font-size: 12pt;\">与孩子一起学习成长</span><span lang=\"EN-US\"><o:p></o:p></span></p>\r\n\r\n<p class=\"MsoNoSpacing\" style=\"color: rgb(0, 0, 0); font-family: 宋体; font-size: 16px; line-height: 48px;\"><span style=\"font-size: 12pt;\"><span lang=\"EN-US\">&nbsp;&nbsp;&nbsp;&nbsp;&nbsp;</span>现代的家庭教育理念应是&ldquo;按照孩子的优势来引导、帮助孩子开发最大潜能、让孩子成为最优秀的自己&rdquo;。这是中华家庭教育研究院院长、上海闵行现代家庭教育研究指导中心主任顾晓鸣专家<span lang=\"EN-US\">2011</span>年来乌市家长学校中，有关&ldquo;教育孩子不输在家庭教育上&rdquo;的专题讲座的核心内容。一直以来对我启发很大。这一教育理念也不断鼓励我、让我运用于对周思语的教育中。下面是我的一些小体会，愿和大家分享。</span><br />\r\n<span lang=\"EN-US\"><o:p></o:p></span></p>\r\n\r\n<p class=\"MsoNoSpacing\" style=\"color: rgb(0, 0, 0); font-family: 宋体; font-size: 16px; margin-left: 21pt; text-indent: -21pt; line-height: 48px;\"><span style=\"font-size: 12pt;\"><span lang=\"EN-US\">一、</span>努力成为孩子的朋友</span><span lang=\"EN-US\"><o:p></o:p></span></p>\r\n\r\n<p class=\"MsoNoSpacing\" style=\"color: rgb(0, 0, 0); font-family: 宋体; font-size: 16px; line-height: 48px;\"><span style=\"font-size: 12pt;\"><span lang=\"EN-US\">&nbsp;&nbsp;&nbsp;&nbsp;&nbsp;</span>和我们成人一样，孩子有许多心事也会更愿意与朋友分享。如果作为家长的我们能成为孩子们的朋友，那么我们对孩子们的教育就有更大胜算了。</span><br />\r\n<span lang=\"EN-US\"><o:p></o:p></span></p>\r\n\r\n<p class=\"MsoNoSpacing\" style=\"color: rgb(0, 0, 0); font-family: 宋体; font-size: 16px; margin-left: 21pt; text-indent: -21pt; line-height: 48px;\"><span style=\"font-size: 12pt;\"><span lang=\"EN-US\">1.</span>认识孩子，发现宝贝们的优点，鼓励他、帮助他，让他坚持为梦想而努力。</span><span lang=\"EN-US\"><o:p></o:p></span></p>\r\n\r\n<p class=\"MsoNoSpacing\" style=\"color: rgb(0, 0, 0); font-family: 宋体; font-size: 16px; line-height: 48px;\"><span style=\"font-size: 12pt;\"><span lang=\"EN-US\">&nbsp;&nbsp;&nbsp;&nbsp;&nbsp;</span>这两年的学校生活，周思语小同学显示出他很好的语言天赋。我就非常注意对他的鼓励，告诉他学习语言的好方法。学习语文可不仅仅学会课本这几篇文章，课外阅读极为重要。积极配合老师，和同学们成立小书社，让他与课外书成为好朋友。我有时与他一起阅读，他读一篇，我读一篇；有时和他在网上一起狂购各类书，老师推荐了几本书，我们可以把这一系列全买回。他每读完一本书，我都会用小笔记本记下，还按书价奖励，当然这笔奖金是他每年外出旅游的基金。看书越多奖金越多，旅游的希望就越大。不知不觉中，小家伙成为了我的书友，也成为了课外书的好伙伴。他的阅读速度飞速提高。这个暑假他完成了包括《爱的教育》、《小豆豆动物剧场》、《小豆豆频道》、《稻草人》、《城南旧事》等十本课外书阅读。当然作为家长的我们这阶段还需要引导孩子们读好书。读后的检查、鼓励也很重要。我的检查有时是让他写读后感，有时是在给妈妈讲故事中进行的。奥斯特洛夫斯基的《钢铁是怎样炼成的》，是新课标推荐阅读书，他用了一上午就读完了，从他的日记读后感中，我知道他读懂了保尔四次战胜病魔成为英雄这一层次，可他没能理解保尔为理想而奋斗的精神。我其实没读过这本书，但保尔这个人却不陌生，他激励着我们这一代人。我告诉小家伙，妈妈没读过这本书，我也要开始读这本书，并和小家伙一起念了该书的序言，还告诉他经典著作要读好多遍的，等他再长大一些时再读又会有新的感受。我想这样的阅读是非常有意义的。暑假里和他一起看汉字听写大会、和他一起看希望之星英语比赛，都是和他交朋友的好机会。在与他交流中，知道他想当外交官、想当老师，就鼓励他为自己梦想实现而努力。</span><br />\r\n<span lang=\"EN-US\"><o:p></o:p></span></p>\r\n\r\n<p class=\"MsoNoSpacing\" style=\"color: rgb(0, 0, 0); font-family: 宋体; font-size: 16px; margin-left: 21pt; text-indent: -21pt; line-height: 48px;\"><span style=\"font-size: 12pt;\"><span lang=\"EN-US\">2.</span>发现孩子的不足，用朋友间平等的谈话告诉孩子如何做更好的自己。</span><span lang=\"EN-US\"><o:p></o:p></span></p>\r\n\r\n<p class=\"MsoNoSpacing\" style=\"color: rgb(0, 0, 0); font-family: 宋体; font-size: 16px; line-height: 48px;\"><span style=\"font-size: 12pt;\"><span lang=\"EN-US\">&nbsp; &nbsp; &nbsp;</span>与周思语语言相比，他的数理能力太平常了。可我从来都鼓励小家伙说，他以后会成为一名数学家。和其他家长不同，我迟迟坚持未送他去各种奥数班，一是时间问题，其实还是我在慢慢培养他对这门学科的兴趣。当他喜欢数学时，他才会主动去钻研，才能体会到数学带给他的快乐。有件趣事，参加完英语比赛，他找到他爷爷说：&ldquo;爷爷、爷爷，英语是我的最爱，语文我也喜欢，可小升初却都要考奥数，有没有哪所学校不用学数学的，或少学些数学。&rdquo;爷爷乐得直摇头。爷爷说：&ldquo;你想当外交官、想当老师，你就必须学好数学，考上外交学院、考上好大学才行。你光喜欢英语、语文，就是这两门考满分也不够呀。&rdquo;&ldquo;噢&hellip;&hellip;&rdquo;叹息中，其实他对数学有了新的认识。现在他也开始慢慢做些小奥数题，慢慢对做题有了自己的想法。不错，我相信这是一个好的开始。我告诉小家伙，妈妈也开始和你一起学习，他高兴极了，马上他又成了妈妈的老师，&ldquo;今天你看《奥数教程》了吗？&rdquo;哈哈&hellip;&hellip;</span><br />\r\n<span lang=\"EN-US\"><o:p></o:p></span></p>\r\n\r\n<p class=\"MsoNoSpacing\" style=\"color: rgb(0, 0, 0); font-family: 宋体; font-size: 16px; margin-left: 21pt; text-indent: -21pt; line-height: 48px;\"><span style=\"font-size: 12pt;\"><span lang=\"EN-US\">二、</span>积极配合老师的教育，让孩子全面发展</span><br />\r\n<span lang=\"EN-US\"><o:p></o:p></span></p>\r\n\r\n<p class=\"MsoNoSpacing\" style=\"color: rgb(0, 0, 0); font-family: 宋体; font-size: 16px; margin-left: 21pt; text-indent: -21pt; line-height: 48px;\"><span style=\"font-size: 12pt;\"><span lang=\"EN-US\">1.<span style=\"line-height: normal;\">&nbsp;&nbsp;</span></span>音乐&mdash;节奏智力的开发</span><span lang=\"EN-US\"><o:p></o:p></span></p>\r\n\r\n<p class=\"MsoNoSpacing\" style=\"color: rgb(0, 0, 0); font-family: 宋体; font-size: 16px; line-height: 48px;\"><span style=\"font-size: 12pt;\"><span lang=\"EN-US\">&nbsp;&nbsp;&nbsp;&nbsp;</span>尽管中国还是应试教育，分数对孩子们很重要，但我想我们应该越来越多的接受对孩子们八大智能的培养理念。专家们总结人类的智力结构包括：（<span lang=\"EN-US\">1</span>）言语&mdash;语言智力；（<span lang=\"EN-US\">2</span>）音乐<span lang=\"EN-US\">-</span>节奏智力；（<span lang=\"EN-US\">3</span>）逻辑&mdash;数理智力；（<span lang=\"EN-US\">4</span>）视觉&mdash;空间智力；（<span lang=\"EN-US\">5</span>）身体&mdash;动觉智力；（<span lang=\"EN-US\">6</span>）自知&mdash;自省智力；（<span lang=\"EN-US\">7</span>）交往&mdash;交流智力；（<span lang=\"EN-US\">8</span>）自然智能。我们很庆幸，学校老师越来越重视对孩子们智力的全面开发。从上学期，小家伙班成为&ldquo;小提琴艺术班&rdquo;。据说小提琴是乐器中最难学的。但令我吃惊的是小家伙在非常开心状态中喜欢上小提琴，虽然他现在只能拉成一些小曲目，但当那神秘的五线谱变成还不十分悦耳的音符时，我真的很开心，我坚信音乐会让他受益终生。</span><br />\r\n<span lang=\"EN-US\"><o:p></o:p></span></p>\r\n\r\n<p class=\"MsoNoSpacing\" style=\"color: rgb(0, 0, 0); font-family: 宋体; font-size: 16px; margin-left: 21pt; text-indent: -21pt; line-height: 48px;\"><span style=\"font-size: 12pt;\"><span lang=\"EN-US\">2.<span style=\"line-height: normal;\">&nbsp;&nbsp;</span></span>培养独立的生活能力。</span><span lang=\"EN-US\"><o:p></o:p></span></p>\r\n\r\n<p class=\"MsoNoSpacing\" style=\"color: rgb(0, 0, 0); font-family: 宋体; font-size: 16px; line-height: 48px;\"><span style=\"font-size: 12pt;\"><span lang=\"EN-US\">&nbsp;&nbsp;&nbsp;&nbsp;</span>周思语的自理能力差于其他孩子。如何让他能独立生活，包括从心理上及行为上能真正独立？今年他参加英语希望之星比赛，本应是一很好的机会。在新疆区决赛中，三天都是他自己住集体宿舍，比赛成绩也很优秀，但家中宠爱他人实在太多，所以生活还是半独立状态。由于今年我们没有时间培他去南昌参加全国总决赛，所以遗憾放弃了。他其实很伤心的。当今年星星火炬朗诵比赛又要去南昌总决赛时，小家伙发出了&ldquo;就是国家主席让我不去，我都不愿意。&rdquo;我们最终很不放心地让他和老师们一起去了。<span lang=\"EN-US\">10</span>天时间，小家伙表现很棒，不仅仅是取得全国总决赛银奖，关键是他发现和老师们一起旅游，他更开心、更自由。其实是我们对孩子们过多的宠爱，总说他们自理能力差。所以真正需要改变的是我们自己，我们应培着孩子们一起成长，而不是代替他们成长。<br />\r\n<span lang=\"EN-US\">&nbsp; &nbsp; &nbsp;孩子们在成长中还会有各种各样的问题，作为家长的我们需要不断的努力学习，努力成为孩子们的朋友、成为老师们的朋友。</span></span><span lang=\"EN-US\"><o:p></o:p></span></p>\r\n\r\n<p class=\"MsoNoSpacing\" style=\"color: rgb(0, 0, 0); font-family: 宋体; font-size: 16px; line-height: 48px; text-align: right;\"><span style=\"font-size: 12pt;\"><span lang=\"EN-US\">&nbsp;&nbsp;&nbsp;&nbsp;&nbsp; &nbsp;</span>三年级二班<span lang=\"EN-US\">&nbsp;&nbsp;</span>周思语妈妈<br />\r\n<span lang=\"EN-US\">&nbsp;&nbsp;&nbsp;&nbsp;&nbsp;&nbsp;&nbsp;&nbsp;&nbsp;&nbsp;&nbsp;&nbsp;&nbsp;&nbsp;&nbsp;&nbsp;&nbsp;&nbsp;&nbsp;&nbsp;&nbsp;&nbsp;&nbsp;&nbsp;&nbsp;&nbsp;&nbsp;&nbsp;&nbsp;&nbsp;2013年<span lang=\"EN-US\">9</span>月<span lang=\"EN-US\">10</span>日</span></span></p>\r\n', '1', '1443502663', '1443502663', '1', '0', '0', '', null, null, '自编', '0', '0');
INSERT INTO `cms_model_article` VALUES ('27', '25', '五1班严骏骁家长孩子家庭教育心得', '五1班严骏骁家长孩子家庭教育心得', '<p class=\"p0\" style=\"color: rgb(0, 0, 0); font-family: 宋体; font-size: 16px; margin: 0cm 0cm 0.0001pt; text-indent: 24pt; line-height: 48px; vertical-align: baseline; text-align: center; background-image: initial; background-attachment: initial; background-size: initial; background-origin: initial; background-clip: initial; background-position: initial; background-repeat: initial;\"><span style=\"font-size: 12pt;\">孩子家庭教育心得</span><span style=\"outline: 0px; font-weight: inherit; font-style: inherit;\"><u1:p></u1:p></span></p>\r\n\r\n<p class=\"p0\" style=\"color: rgb(0, 0, 0); font-family: 宋体; font-size: 16px; margin: 0cm 0cm 0.0001pt; text-indent: 24pt; line-height: 48px; vertical-align: baseline; text-align: center; background-image: initial; background-attachment: initial; background-size: initial; background-origin: initial; background-clip: initial; background-position: initial; background-repeat: initial;\">&nbsp;</p>\r\n\r\n<p class=\"p0\" style=\"color: rgb(0, 0, 0); font-family: 宋体; font-size: 16px; margin: 0cm 0cm 0.0001pt; text-indent: 24pt; line-height: 48px; vertical-align: baseline; text-align: center; background-image: initial; background-attachment: initial; background-size: initial; background-origin: initial; background-clip: initial; background-position: initial; background-repeat: initial;\"><span style=\"font-size: 12pt;\"><span lang=\"EN-US\"><o:p></o:p></span></span></p>\r\n\r\n<p class=\"p0\" style=\"color: rgb(0, 0, 0); font-family: 宋体; font-size: 16px; margin: 0cm 0cm 0.0001pt; text-indent: 18pt; line-height: 48px; vertical-align: baseline; outline: 0px; background-image: initial; background-attachment: initial; background-size: initial; background-origin: initial; background-clip: initial; background-position: initial; background-repeat: initial;\"><span style=\"font-size: 12pt;\"><span lang=\"EN-US\">&nbsp;</span></span><span style=\"font-size: 12pt; text-indent: 24pt; border: 1pt none windowtext; padding: 0cm;\">孩子成长过程中，做父母的也是一步步成长的。孩子属于真正的<span lang=\"EN-US\">&ldquo;</span>放养<span lang=\"EN-US\">&rdquo;</span>状态，父母</span><span style=\"font-size: 12pt; text-indent: 24pt; border: 1pt none windowtext; padding: 0cm;\"><u1:p></u1:p></span><span style=\"font-size: 12pt; text-indent: 24pt;\">才能发现问题，及时纠正偏差。</span></p>\r\n\r\n<p class=\"p0\" style=\"color: rgb(0, 0, 0); font-family: 宋体; font-size: 16px; margin: 0cm 0cm 0.0001pt; text-indent: 24pt; line-height: 48px; vertical-align: baseline; background-image: initial; background-attachment: initial; background-size: initial; background-origin: initial; background-clip: initial; background-position: initial; background-repeat: initial;\">&nbsp;</p>\r\n\r\n<p class=\"p0\" style=\"color: rgb(0, 0, 0); font-family: 宋体; font-size: 16px; margin: 0cm 0cm 0.0001pt; text-indent: 24pt; line-height: 48px; vertical-align: baseline; background-image: initial; background-attachment: initial; background-size: initial; background-origin: initial; background-clip: initial; background-position: initial; background-repeat: initial;\"><span style=\"font-size: 12pt;\"><span lang=\"EN-US\"><o:p></o:p></span></span></p>\r\n\r\n<p class=\"p0\" style=\"color: rgb(0, 0, 0); font-family: 宋体; font-size: 16px; margin: 0cm 0cm 0.0001pt; text-indent: 18pt; line-height: 48px; vertical-align: baseline; background-image: initial; background-attachment: initial; background-size: initial; background-origin: initial; background-clip: initial; background-position: initial; background-repeat: initial;\"><span style=\"font-size: 12pt; text-indent: 24pt;\">以下是几点心得：</span></p>\r\n\r\n<p class=\"p0\" style=\"color: rgb(0, 0, 0); font-family: 宋体; font-size: 16px; margin: 0cm 0cm 0.0001pt; text-indent: 24pt; line-height: 48px; vertical-align: baseline; background-image: initial; background-attachment: initial; background-size: initial; background-origin: initial; background-clip: initial; background-position: initial; background-repeat: initial;\">&nbsp;</p>\r\n\r\n<p class=\"p0\" style=\"color: rgb(0, 0, 0); font-family: 宋体; font-size: 16px; margin: 0cm 0cm 0.0001pt; text-indent: 24pt; line-height: 48px; vertical-align: baseline; background-image: initial; background-attachment: initial; background-size: initial; background-origin: initial; background-clip: initial; background-position: initial; background-repeat: initial;\"><span style=\"font-size: 12pt;\"><span lang=\"EN-US\"><o:p></o:p></span></span></p>\r\n\r\n<p class=\"p0\" style=\"color: rgb(0, 0, 0); font-family: 宋体; font-size: 16px; margin: 0cm 0cm 0.0001pt; text-indent: 18pt; line-height: 48px; vertical-align: baseline; background-image: initial; background-attachment: initial; background-size: initial; background-origin: initial; background-clip: initial; background-position: initial; background-repeat: initial;\"><span style=\"font-size: 12pt; font-style: inherit; font-weight: inherit; text-indent: 24pt;\">首先，在辅导孩子学习上，不要过于勤于指导，而要学会发现哪些是孩子已经学会了能做的；哪些是有助于独立思考而可以放手的；哪些是他需要帮助的。每天回来我会问他作业是否完成，是否自己检查过，我只负责签字。因为学习是孩子自己的事，他得学会为自己负责，即使作业有错，让他订正后印象会更深。</span></p>\r\n\r\n<p class=\"p0\" style=\"color: rgb(0, 0, 0); font-family: 宋体; font-size: 16px; margin: 0cm 0cm 0.0001pt; text-indent: 24pt; line-height: 48px; vertical-align: baseline; outline: 0px; background-image: initial; background-attachment: initial; background-size: initial; background-origin: initial; background-clip: initial; background-position: initial; background-repeat: initial;\"><span style=\"font-size: 12pt;\">其次，少唠叨，培养孩子的自觉性。</span><span style=\"font-size: 12pt;\"><u1:p></u1:p></span></p>\r\n\r\n<p class=\"p0\" style=\"color: rgb(0, 0, 0); font-family: 宋体; font-size: 16px; margin: 0cm 0cm 0.0001pt; text-indent: 24pt; line-height: 48px; vertical-align: baseline; outline: 0px; background-image: initial; background-attachment: initial; background-size: initial; background-origin: initial; background-clip: initial; background-position: initial; background-repeat: initial;\">&nbsp;</p>\r\n\r\n<p class=\"p0\" style=\"color: rgb(0, 0, 0); font-family: 宋体; font-size: 16px; margin: 0cm 0cm 0.0001pt; text-indent: 24pt; line-height: 48px; vertical-align: baseline; outline: 0px; background-image: initial; background-attachment: initial; background-size: initial; background-origin: initial; background-clip: initial; background-position: initial; background-repeat: initial;\"><span style=\"font-size: 12pt;\"><span lang=\"EN-US\"><o:p></o:p></span></span></p>\r\n\r\n<p class=\"p0\" style=\"color: rgb(0, 0, 0); font-family: 宋体; font-size: 16px; margin: 0cm 0cm 0.0001pt; text-indent: 24pt; line-height: 48px; vertical-align: baseline; outline: 0px; background-image: initial; background-attachment: initial; background-size: initial; background-origin: initial; background-clip: initial; background-position: initial; background-repeat: initial;\"><span style=\"font-size: 12pt;\">我的孩子在游戏方面的时间经常多于别的孩子，看的课外书、电视剧、电影都很多。以前我经常回唠叨他又超时了、不自觉了等等，后来我发现这样不行，我规定他作业完成后可以看半小时电视，开学后周一至周四不能玩电脑，周末可以玩，但要有节制、保护好视力。执行一段时间后，她的自制力和自觉性得到了提高，慢慢地就适应了。避免了每天唠叨造成孩子的逆反心理。</span></p>\r\n\r\n<p class=\"p0\" style=\"color: rgb(0, 0, 0); font-family: 宋体; font-size: 16px; margin: 0cm 0cm 0.0001pt; text-indent: 24pt; line-height: 48px; vertical-align: baseline; outline: 0px; background-image: initial; background-attachment: initial; background-size: initial; background-origin: initial; background-clip: initial; background-position: initial; background-repeat: initial;\"><span style=\"font-size: 12pt;\">最后，不要包办太多，让孩子学会跳起来摘果子：</span><span style=\"font-size: 12pt;\"><u1:p></u1:p></span></p>\r\n\r\n<p class=\"p0\" style=\"color: rgb(0, 0, 0); font-family: 宋体; font-size: 16px; margin: 0cm 0cm 0.0001pt; text-indent: 24pt; line-height: 48px; vertical-align: baseline; outline: 0px; background-image: initial; background-attachment: initial; background-size: initial; background-origin: initial; background-clip: initial; background-position: initial; background-repeat: initial;\">&nbsp;</p>\r\n\r\n<p class=\"p0\" style=\"color: rgb(0, 0, 0); font-family: 宋体; font-size: 16px; margin: 0cm 0cm 0.0001pt; text-indent: 24pt; line-height: 48px; vertical-align: baseline; outline: 0px; background-image: initial; background-attachment: initial; background-size: initial; background-origin: initial; background-clip: initial; background-position: initial; background-repeat: initial;\"><span style=\"font-size: 12pt;\"><span lang=\"EN-US\"><o:p></o:p></span></span></p>\r\n\r\n<p class=\"p0\" style=\"color: rgb(0, 0, 0); font-family: 宋体; font-size: 16px; margin: 0cm 0cm 0.0001pt; text-indent: 24pt; line-height: 48px; vertical-align: baseline; outline: 0px; background-image: initial; background-attachment: initial; background-size: initial; background-origin: initial; background-clip: initial; background-position: initial; background-repeat: initial;\"><span style=\"font-size: 12pt;\">凡是力所能及的事，我都不帮忙，儿子的袜子一直自己洗，若没有干净的，就用脏的，可这是他绝度不能忍受的。儿子喜欢网购手工模具，网购前必须征得父母的同意。他经常会一直坐在那里看图纸、拼组件，我会鼓励他，你有能力拼好的，事实上他确实很擅长看图纸拼东西。他喜欢美食，我就鼓励他自己动手、丰衣足食，他会煎牛排、炒西红柿炒鸡蛋、会煮<span lang=\"EN-US\">&nbsp;</span>水饺、馄饨等等，给孩子机会，他才能学会。</span><span style=\"font-size: 12pt; text-indent: 18pt;\">&nbsp;</span></p>\r\n\r\n<p class=\"p0\" style=\"color: rgb(0, 0, 0); font-family: 宋体; font-size: 16px; margin: 0cm 0cm 0.0001pt; text-indent: 24pt; line-height: 48px; vertical-align: baseline; outline: 0px; background-image: initial; background-attachment: initial; background-size: initial; background-origin: initial; background-clip: initial; background-position: initial; background-repeat: initial;\"><span style=\"font-size: 12pt;\">想与大家分享的太多，总而言之一句话说的精辟：慢慢来，陪着孩子长大；给孩子一个舞台，他才能展示自己。</span><span style=\"font-size: 12pt;\"><u1:p></u1:p></span></p>\r\n\r\n<p class=\"p0\" style=\"color: rgb(0, 0, 0); font-family: 宋体; font-size: 16px; margin: 0cm 0cm 0.0001pt; text-indent: 24pt; line-height: 48px; vertical-align: baseline; outline: 0px; background-image: initial; background-attachment: initial; background-size: initial; background-origin: initial; background-clip: initial; background-position: initial; background-repeat: initial;\">&nbsp;</p>\r\n\r\n<p class=\"p0\" style=\"color: rgb(0, 0, 0); font-family: 宋体; font-size: 16px; margin: 0cm 0cm 0.0001pt; text-indent: 24pt; line-height: 48px; vertical-align: baseline; outline: 0px; background-image: initial; background-attachment: initial; background-size: initial; background-origin: initial; background-clip: initial; background-position: initial; background-repeat: initial;\"><span style=\"font-size: 12pt;\"><span lang=\"EN-US\"><o:p></o:p></span></span></p>\r\n\r\n<p class=\"p0\" style=\"color: rgb(0, 0, 0); font-family: 宋体; font-size: 16px; margin: 0cm 0cm 0.0001pt; text-indent: 24pt; line-height: 48px; vertical-align: baseline; outline: 0px; text-align: right; background-image: initial; background-attachment: initial; background-size: initial; background-origin: initial; background-clip: initial; background-position: initial; background-repeat: initial;\"><span style=\"font-size: 12pt;\"><span style=\"outline: 0px; font-weight: inherit; font-style: inherit;\"><span lang=\"EN-US\" style=\"border: 1pt none windowtext; padding: 0cm;\">&nbsp;&nbsp;&nbsp;&nbsp;&nbsp;&nbsp;&nbsp;&nbsp;&nbsp;&nbsp;&nbsp;&nbsp;&nbsp;&nbsp;&nbsp;&nbsp;&nbsp;&nbsp;&nbsp;&nbsp;&nbsp;&nbsp;&nbsp;&nbsp;&nbsp;&nbsp;&nbsp;&nbsp;&nbsp;&nbsp;&nbsp;&nbsp;&nbsp;&nbsp;&nbsp;</span><span style=\"border: 1pt none windowtext; padding: 0cm;\">五（</span><span lang=\"EN-US\" style=\"border: 1pt none windowtext; padding: 0cm;\">1</span><span style=\"border: 1pt none windowtext; padding: 0cm;\">）班家长<span lang=\"EN-US\">&nbsp;</span>岩灵</span></span></span><span style=\"font-size: 12pt;\"><span lang=\"EN-US\"><o:p></o:p></span></span></p>\r\n\r\n<p class=\"MsoNormal\" style=\"color: rgb(0, 0, 0); font-family: 宋体; font-size: 16px; text-indent: 21pt; line-height: 48px;\"><span style=\"font-size: 12pt;\"><span lang=\"EN-US\">&nbsp;</span></span></p>\r\n\r\n<p class=\"MsoNormal\" style=\"color: rgb(0, 0, 0); font-family: 宋体; font-size: 16px; text-indent: 21pt; line-height: 48px;\">&nbsp;</p>\r\n\r\n<p class=\"MsoNormal\" style=\"color: rgb(0, 0, 0); font-family: 宋体; font-size: 16px; text-indent: 21pt; line-height: 48px;\">&nbsp;</p>\r\n\r\n<p class=\"MsoNormal\" style=\"color: rgb(0, 0, 0); font-family: 宋体; font-size: 16px; text-indent: 21pt; line-height: 48px;\">&nbsp;</p>\r\n\r\n<p class=\"MsoNormal\" style=\"color: rgb(0, 0, 0); font-family: 宋体; font-size: 16px; text-indent: 21pt; line-height: 48px;\">&nbsp;</p>\r\n\r\n<p class=\"MsoNormal\" style=\"color: rgb(0, 0, 0); font-family: 宋体; font-size: 16px; text-indent: 21pt; line-height: 48px;\">&nbsp;</p>\r\n\r\n<p class=\"MsoNormal\" style=\"color: rgb(0, 0, 0); font-family: 宋体; font-size: 16px; text-indent: 21pt; line-height: 48px;\">&nbsp;</p>\r\n\r\n<p class=\"MsoNormal\" style=\"color: rgb(0, 0, 0); font-family: 宋体; font-size: 16px; text-indent: 21pt; line-height: 48px;\">&nbsp;</p>\r\n', '1', '1443502695', '1443502695', '1', '0', '0', '', null, null, '自编', '0', '0');
INSERT INTO `cms_model_article` VALUES ('28', '30', '用“群众路线”走出“政治人和”', '关于群众的一一一一一一一一一一一一一一咦咦咦', '<h2 style=\"font: 16px/1.7 宋体; margin: 0px 0px 14px; padding: 0px; text-align: center; color: rgb(51, 51, 51); text-transform: none; text-indent: 2em; letter-spacing: normal; word-spacing: 0px; white-space: normal; font-size-adjust: none; font-stretch: normal; background-color: rgb(255, 255, 255); -webkit-text-stroke-width: 0px;\"><span style=\"font-size: 16pt;\">用&ldquo;群众路线&rdquo;走出&ldquo;政治人和&rdquo;</span></h2>\r\n\r\n<p style=\"font: 16px/1.7 宋体; margin: 0px 0px 14px; padding: 0px; color: rgb(51, 51, 51); text-transform: none; text-indent: 2em; letter-spacing: normal; word-spacing: 0px; white-space: normal; font-size-adjust: none; font-stretch: normal; background-color: rgb(255, 255, 255); -webkit-text-stroke-width: 0px;\">&nbsp;&nbsp;&nbsp; 短短3年时间，从脏乱差到海南省卫生城市；从偷抢频发到社会治安好转率位列全省第一&hellip;&hellip;海南岛西部的省级贫困县乐东黎族自治县，创造了从乱象丛生到政通人和的&ldquo;乐东之变&rdquo;。</p>\r\n\r\n<p style=\"font: 16px/1.7 宋体; margin: 0px 0px 14px; padding: 0px; color: rgb(51, 51, 51); text-transform: none; text-indent: 2em; letter-spacing: normal; word-spacing: 0px; white-space: normal; font-size-adjust: none; font-stretch: normal; background-color: rgb(255, 255, 255); -webkit-text-stroke-width: 0px;\">&ldquo;联系群众鱼得水，脱离群众树断根&rdquo;，这是党在革命与建设中形成的宝贵优势，也是乐东由乱到治的真实写照、经验总结。梳理新闻报道可知，乐东过去乱象丛生的根本原因，就是脱离了群众，群众观点树得不牢、群众路线走得不正、群众利益维护不好、群众工作方法不当，群众的&ldquo;期盼&rdquo;得不到满足，&ldquo;乱&rdquo;也在所难免。</p>\r\n\r\n<p style=\"font: 16px/1.7 宋体; margin: 0px 0px 14px; padding: 0px; color: rgb(51, 51, 51); text-transform: none; text-indent: 2em; letter-spacing: normal; word-spacing: 0px; white-space: normal; font-size-adjust: none; font-stretch: normal; background-color: rgb(255, 255, 255); -webkit-text-stroke-width: 0px;\">众所周知，蛹，破茧成蝶，是一种遵循自然规律的蜕变。而乐东，由乱到治，则是痛定思痛、迎难而上的蜕变，是从&ldquo;脱离&rdquo;到&ldquo;联系&rdquo;群众的观点、态度、路线、方法上的完美蜕变。可以说，乐东用&ldquo;群众路线&rdquo;走出了如今的政通人和。</p>\r\n\r\n<p style=\"font: 16px/1.7 宋体; margin: 0px 0px 14px; padding: 0px; color: rgb(51, 51, 51); text-transform: none; text-indent: 2em; letter-spacing: normal; word-spacing: 0px; white-space: normal; font-size-adjust: none; font-stretch: normal; background-color: rgb(255, 255, 255); -webkit-text-stroke-width: 0px;\">问题是时代的声音。环境卫生差，社会治安乱，经济发展慢，干部作风差，等等，一度被乐东群众诟病，成为影响乐东发展的&ldquo;心头大患&rdquo;。千个问题、万种困难，群众的问题才是压倒一切的最大问题。坚持问题导向，以勇气发现问题、有决心直面问题、用智慧解决问题，是乐东之变的宝贵经验。以问题为核心积极为群众排忧解难，追着问题跑、迎着问题上，一项一项梳理、一件一件解决。问题解决的越多，群众的期盼落实的就越好；问题解决的越彻底，发展的道路才会越走越宽、越走越好、越走越稳。</p>\r\n\r\n<p style=\"font: 16px/1.7 宋体; margin: 0px 0px 14px; padding: 0px; color: rgb(51, 51, 51); text-transform: none; text-indent: 2em; letter-spacing: normal; word-spacing: 0px; white-space: normal; font-size-adjust: none; font-stretch: normal; background-color: rgb(255, 255, 255); -webkit-text-stroke-width: 0px;\">为政贵乎民心。党群干群心相通，则万事一通百通，这是乐东群众路线的生动实践。民之所愿，政之所向。党员干部要把民情民意、民苦民困当作干事创业的&ldquo;第一信号&rdquo;，群众在哪里，务实为民的行动就要延伸到哪里，群众的期盼是什么，第一时间回应民意的诉求点就要落实在哪里。始终以群众利益为重、以群众期盼为念，时刻情牵百姓冷暖、心系群众疾苦，做到不忘民情、不逆民心、不欺民意、不积民怨，才能在改革发展中赢得民心、凝聚民力，创造一个又一个的&ldquo;乐东奇迹&rdquo;。</p>\r\n\r\n<p style=\"font: 16px/1.7 宋体; margin: 0px 0px 14px; padding: 0px; color: rgb(51, 51, 51); text-transform: none; text-indent: 2em; letter-spacing: normal; word-spacing: 0px; white-space: normal; font-size-adjust: none; font-stretch: normal; background-color: rgb(255, 255, 255); -webkit-text-stroke-width: 0px;\">道虽迩，不行不至；事虽小，不为不成。群众路线重在实践，政通人和贵在躬行。毛泽东同志有言：&ldquo;政治路线确定以后，干部就是决定因素。&rdquo;乐东短短3年时间实现&ldquo;凤凰涅槃&rdquo;，啃下一块又一块&ldquo;硬骨头&rdquo;，关键在有身先士卒、以身作则的&ldquo;带头人&rdquo;，有冲锋在前、担当实干的党员干部。学习乐东经验，党员干部就要自觉树立一心为民的民生情怀、敢于担当的责任意识、真抓实干的工作作风，一级做给一级看、一级带着一级干，敢于破冰除险、勇于攻坚克难，以严的精神为官做人、用实的业绩回应群众，知行合一、久久为功坚守党的&ldquo;生命线&rdquo;，用好党的&ldquo;传家宝&rdquo;。</p>\r\n\r\n<p style=\"font: 16px/1.7 宋体; margin: 0px 0px 14px; padding: 0px; color: rgb(51, 51, 51); text-transform: none; text-indent: 2em; letter-spacing: normal; word-spacing: 0px; white-space: normal; font-size-adjust: none; font-stretch: normal; background-color: rgb(255, 255, 255); -webkit-text-stroke-width: 0px;\">人和民心聚，政通事业兴。乐东，通过践行群众路线，用真心真情真利益赢得了民心，发生了翻天覆地的变化。笔者坚信，只要走实、走好、走稳群众路线，乐东一定会继续创造发展奇迹。</p>\r\n', '1', '1444358030', '1444358252', '1', '0', '0', '#ccff99', null, null, '录入', '0', '1');
INSERT INTO `cms_model_article` VALUES ('29', '30', '走群众路线 促计生发展', '', '<h1 style=\"font: 14px/26px 宋体, Arial; margin: 0px 0px 14px; padding: 0px; border: 0px currentColor; border-image: none; text-align: center; color: rgb(51, 51, 51); text-transform: none; text-indent: 2em; letter-spacing: normal; word-spacing: 0px; white-space: normal; font-size-adjust: none; font-stretch: normal; -webkit-text-stroke-width: 0px;\"><span style=\"font-size: 14pt;\"><strong>走群众路线 促计生发展</strong></span></h1>\r\n\r\n<p style=\"font: 14px/26px 宋体, Arial; margin: 0px 0px 14px; padding: 0px; border: 0px currentColor; border-image: none; color: rgb(51, 51, 51); text-transform: none; text-indent: 2em; letter-spacing: normal; word-spacing: 0px; white-space: normal; font-size-adjust: none; font-stretch: normal; -webkit-text-stroke-width: 0px;\">&nbsp;&nbsp; 党的群众路线教育活动开展以来，烟台招远市玲珑镇坚持以路线教育活动方案统领人口计生整体工作，认真倾听群众心声、深入感知群众需求，不断提升人口计生工作服务水平，促进了人口计生工作长足发展。</p>\r\n\r\n<p style=\"font: 14px/26px 宋体, Arial; margin: 0px 0px 14px; padding: 0px; border: 0px currentColor; border-image: none; color: rgb(51, 51, 51); text-transform: none; text-indent: 2em; letter-spacing: normal; word-spacing: 0px; white-space: normal; font-size-adjust: none; font-stretch: normal; -webkit-text-stroke-width: 0px;\">年初以来，招远市玲珑镇以群众路线统揽人口计生工作全局，转变工作作风，强化服务理念。利用每月例会，动员计生干部做好育龄群众服务工作，要求全体计生干部，从思想上尊重群众，以群众&ldquo;满不满意&rdquo;为标准；从行动上关心群众，以群众&ldquo;同不同意&rdquo;为要求；从感情上贴近群众，以群众&ldquo;喜不喜欢&rdquo;为尺度。切实转变作风，真心实意地急育龄群众之所急，想育龄妇女之所想，解育龄妇女之所难，全力做好育龄群众的服务工作。&nbsp;&nbsp;&nbsp;&nbsp;&nbsp;&nbsp;&nbsp;&nbsp;&nbsp;&nbsp;&nbsp;&nbsp;&nbsp;&nbsp;&nbsp;&nbsp;&nbsp;&nbsp;&nbsp;&nbsp;&nbsp;&nbsp;&nbsp;</p>\r\n\r\n<p style=\"font: 14px/26px 宋体, Arial; margin: 0px 0px 14px; padding: 0px; border: 0px currentColor; border-image: none; color: rgb(51, 51, 51); text-transform: none; text-indent: 2em; letter-spacing: normal; word-spacing: 0px; white-space: normal; font-size-adjust: none; font-stretch: normal; -webkit-text-stroke-width: 0px;\">招远市玲珑镇计生干部经常走进育龄群众家中，与育龄妇女进行面对面沟通，就育龄群众关心的生育政策、优生优育常识、孕前优生检测、健康保健等展开交流，和她们谈心、拉家常，及时了解育龄群众的冷暖疾苦，掌握育龄群众的思想动态，竭力为育龄群众办实事、帮真忙，真正和育龄群打成一片。</p>\r\n\r\n<p style=\"font: 14px/26px 宋体, Arial; margin: 0px 0px 14px; padding: 0px; border: 0px currentColor; border-image: none; color: rgb(51, 51, 51); text-transform: none; text-indent: 2em; letter-spacing: normal; word-spacing: 0px; white-space: normal; font-size-adjust: none; font-stretch: normal; -webkit-text-stroke-width: 0px;\">与此同时，招远市玲珑镇向新婚家庭宣传科学、文明、进步的婚育观念;做好跟踪服务，为孕育家庭群众提供优生优育咨询和指导，引导落实安全、适宜、有效的避孕节育措施；建立完善生育审批注册和相关证件办理制度，简化办事流程，探索推行了预约办证、网上办证、网上办事，建立健全便民办事长效机制，杜绝了办证难、审批难、程序复杂、效率低下等现象。</p>\r\n\r\n<p style=\"font: 14px/26px 宋体, Arial; margin: 0px 0px 14px; padding: 0px; border: 0px currentColor; border-image: none; color: rgb(51, 51, 51); text-transform: none; text-indent: 2em; letter-spacing: normal; word-spacing: 0px; white-space: normal; font-size-adjust: none; font-stretch: normal; -webkit-text-stroke-width: 0px;\">招远市玲珑镇还充分发挥镇村计生协会的帮扶关怀职能，为困难计生家庭申请救助金；全面落实、兑现各类计生奖励扶助政策；深入开展&ldquo;幸福家庭创建&rdquo;活动和计生家庭创业工程；全面落实国家免费孕前优生健康检查项目，对查出的高风险人群进行全程跟踪服务，有效降低新生儿出生缺陷发生率；扎实推进计生免费技术服务工作，定期开展免费孕环情普查和生殖健康检查活动。</p>\r\n\r\n<p style=\"font: 14px/26px 宋体, Arial; margin: 0px 0px 14px; padding: 0px; border: 0px currentColor; border-image: none; color: rgb(51, 51, 51); text-transform: none; text-indent: 2em; letter-spacing: normal; word-spacing: 0px; white-space: normal; font-size-adjust: none; font-stretch: normal; -webkit-text-stroke-width: 0px;\">转变作风，维权护民，以开展机关精细化管理活动为契机，建立完善各项管理制度和工作标准，明确岗位职责，优化工作流程，规范行政行为，切实促进机关作风转变。设立便民信息服务台，畅通群众维权渠道，认真对待群众来信来访，及时研究解决群众反映的人口计生工作问题和工作中出现的各类矛盾。</p>\r\n', '1', '1444358955', '1444358955', '1', '0', '0', '', null, null, '录入', '0', '0');
INSERT INTO `cms_model_article` VALUES ('30', '31', '争先创优', '', '<h1 style=\"font: 14px/24px Verdana, Arial, Helvetica, sans-serif, 宋体; margin: 10px 0px 0px; padding: 0px; text-align: center; color: rgb(0, 0, 0); text-transform: none; text-indent: 0px; letter-spacing: normal; word-spacing: 0px; white-space: normal; font-size-adjust: none; font-stretch: normal; background-color: rgb(255, 255, 255); -webkit-text-stroke-width: 0px;\"><span style=\"font-size: 18pt;\"><span style=\"font-family: 仿宋_gb2312;\">争先创优&nbsp;&nbsp;&nbsp;</span></span></h1>\r\n\r\n<p style=\"font: 14px/24px Verdana, Arial, Helvetica, sans-serif, 宋体; margin: 10px 0px 0px; padding: 0px; text-align: left; color: rgb(0, 0, 0); text-transform: none; text-indent: 0px; letter-spacing: normal; word-spacing: 0px; white-space: normal; font-size-adjust: none; font-stretch: normal; background-color: rgb(255, 255, 255); -webkit-text-stroke-width: 0px;\">我演讲的题目是&ldquo;创先争优，从我们做起。&rdquo; 伴随着xx事业日新月异的飞速发展，当前，全国上下也掀起一轮以&ldquo;创先争优&rdquo;为主题的活动热潮，而我们xx人深入开展创先争优的热浪也可谓高潮迭起。通过个人的学习，使我深刻的认识到，创先争优不是仅仅停留在&ldquo;创&rdquo;与&ldquo;争&rdquo;这二字上，作为一名烟草的基层员工，我们需要的是以&ldquo;四要&rdquo;作风为基础，立足自身的岗位，通过扎实的本职工作来展现出平凡的&ldquo;先进&rdquo;和&ldquo;优秀&rdquo;。&ldquo;创先争优&rdquo;争创的就是一种&ldquo;满腔热情、富有激情、充满智慧、奋力创新&rdquo;的精神状态，争创的就是一种&ldquo;节奏快、标准高、工作实、状态好&rdquo;的优良作风，以此开创一个营销服务的新局面。</p>\r\n\r\n<p style=\"font: 14px/24px Verdana, Arial, Helvetica, sans-serif, 宋体; margin: 10px 0px 0px; padding: 0px; text-align: left; color: rgb(0, 0, 0); text-transform: none; text-indent: 0px; letter-spacing: normal; word-spacing: 0px; white-space: normal; font-size-adjust: none; font-stretch: normal; background-color: rgb(255, 255, 255); -webkit-text-stroke-width: 0px;\">&nbsp;&nbsp;&nbsp;&nbsp;&nbsp; 为了能更好的为客户服务，首先我们要抓好自身能力建设，全面学习，提高自身素质，加强政治理论、企业文化和业务技能的学习，我们要以作风优、政治强和业务精的复合型高素质来要求自己，刻苦钻研业务，熟练掌握岗位技能，成为本职工作的行家里手。其次是争创佳绩！我们要具有强烈的事业心和责任感，做到爱岗敬业、埋头苦干，开拓创新，在本职工作上作出显著成绩，起先锋模范作用，努力成为作风优良、业务精通的送货员。第三，我们要坚持以&ldquo;让客户百分百满意才是我们永恒的追求&rdquo;的服务理念为中心。自觉增强责任意识和服务意识，自觉维护客户的正当权益，建立信誉好，形象好，口碑佳的基层工作关系。</p>\r\n\r\n<p style=\"font: 14px/24px Verdana, Arial, Helvetica, sans-serif, 宋体; margin: 10px 0px 0px; padding: 0px; text-align: left; color: rgb(0, 0, 0); text-transform: none; text-indent: 0px; letter-spacing: normal; word-spacing: 0px; white-space: normal; font-size-adjust: none; font-stretch: normal; background-color: rgb(255, 255, 255); -webkit-text-stroke-width: 0px;\">&nbsp;&nbsp;&nbsp;&nbsp;&nbsp; 我们对照创先争优的要求，认真的查找思想、工作、作风方面存在的突出问题，制定客观的整改目标和切实可行的整改措施，投入到平时送货工作中去，强化我们的工作意识，坚决做到&ldquo;新老客户一个样、大小客户一个样、老弱妇孺一个样、要货与否一个样、要活多少一个样、风霜雨雪一个样&rdquo;的六个一样。自觉接受客户的监督，取信于客户，不能因为客观因素而影响我们的服务态度和服务质量。 雷锋同志曾经说过：如果你是一滴水，你是否滋润了一寸土地？如果你是一线阳光，你是否照亮了一分黑暗？如果你是一颗粮食，你是否哺育了有用的生命？所以，我坚信，我们来安配送部的每一位同志都能真正的做到&ldquo;服务为民，廉洁高效&rdquo;。</p>\r\n', '1', '1444361348', '1444361348', '0', '0', '0', '', null, null, '演讲稿', '0', '0');
INSERT INTO `cms_model_article` VALUES ('31', '31', '争先创优演讲稿(二)', '', '<p style=\"font: 14px/24px Verdana, Arial, Helvetica, sans-serif, 宋体; margin: 10px 0px 0px; padding: 0px; text-align: center; color: rgb(0, 0, 0); text-transform: none; text-indent: 0px; letter-spacing: normal; word-spacing: 0px; white-space: normal; font-size-adjust: none; font-stretch: normal; background-color: rgb(255, 255, 255); -webkit-text-stroke-width: 0px;\"><span style=\"font-size: 18pt;\"><strong>争先创优演讲稿(二)</strong></span></p>\r\n\r\n<p style=\"font: 14px/24px Verdana, Arial, Helvetica, sans-serif, 宋体; margin: 10px 0px 0px; padding: 0px; text-align: left; color: rgb(0, 0, 0); text-transform: none; text-indent: 0px; letter-spacing: normal; word-spacing: 0px; white-space: normal; font-size-adjust: none; font-stretch: normal; background-color: rgb(255, 255, 255); -webkit-text-stroke-width: 0px;\">各位领导、同志们：</p>\r\n\r\n<p style=\"font: 14px/24px Verdana, Arial, Helvetica, sans-serif, 宋体; margin: 10px 0px 0px; padding: 0px; text-align: left; color: rgb(0, 0, 0); text-transform: none; text-indent: 0px; letter-spacing: normal; word-spacing: 0px; white-space: normal; font-size-adjust: none; font-stretch: normal; background-color: rgb(255, 255, 255); -webkit-text-stroke-width: 0px;\">&nbsp;&nbsp;&nbsp;&nbsp;&nbsp; 大家好。借这个机会，就这次全国基层党组织深入开展争先创优活动的现实意义和我镇如何围绕中心重点开展谈一下自己的初浅看法，不对之处，请各位领导及同仁们批评指正。</p>\r\n\r\n<p style=\"font: 14px/24px Verdana, Arial, Helvetica, sans-serif, 宋体; margin: 10px 0px 0px; padding: 0px; text-align: left; color: rgb(0, 0, 0); text-transform: none; text-indent: 0px; letter-spacing: normal; word-spacing: 0px; white-space: normal; font-size-adjust: none; font-stretch: normal; background-color: rgb(255, 255, 255); -webkit-text-stroke-width: 0px;\">&nbsp;&nbsp;&nbsp;&nbsp;&nbsp; （一）国际形势错综复杂的需要。进入二十一世纪，特别是头十年，可以说全球的亮点均集中在中国。主要表现在一是我国的外汇储备量全球第一，经济总量和综合国力显著提高；二是实现了载人航天，高、精、尖科学技术取得了长足进步；三是我国相继成功举办了奥运会和世博会，国际影响力和国际地位显著增强。这些成就的取得，充分说明了中国共产党领导的走中国特色的社会主义道路是完全正确的，但同时也给以美国为代表的西方反华势力增加了防范中国崛起的戒心。因为，他们从骨子里不愿看到一个&ldquo;红色政权&rdquo;领导的国家，强硬地屹立在世界的东方，他们对中国的日益强大感到恐惧。这次俄罗斯举办卫国战争胜利65周年红场阅兵式，中国作为二战五大战胜国之一，并且以牺牲三千万人的代价，有力地抱住了日本军队的一条腿，保证了前苏联的远东防线。但阅兵式上却唯独不见中国军人的英姿。还有，即将上演的好莱坞大片&ldquo;赤色黎明&rdquo;，剧中中国军队竟然跑上美国街头，说是中国以拯救美国经济为目的，入侵美国？该片也许票房不错，但大肆宣扬中国威胁论，无形中败坏了中国人的友善形象，不知**是否会同意国内上演？以上典型示例，印证了两句老话：1个是意识形态不同（及不属一个阵营）；2是帝国主义防范和亡我之心不死&rdquo;。因此，在这个风云变幻的国际环境里，我们唯有做好自己国内的事情，把党的执政基础打牢，坚持以三个代表和学习实践科学发展观为指导，始终做到贴近于民、服务于民，发展于民，改革成果让人民共享，才能巩固党的基层组织，维护好良好的干群关系，才能&ldquo;任凭风浪起，稳坐钓鱼台&rdquo;。</p>\r\n\r\n<p style=\"font: 14px/24px Verdana, Arial, Helvetica, sans-serif, 宋体; margin: 10px 0px 0px; padding: 0px; text-align: left; color: rgb(0, 0, 0); text-transform: none; text-indent: 0px; letter-spacing: normal; word-spacing: 0px; white-space: normal; font-size-adjust: none; font-stretch: normal; background-color: rgb(255, 255, 255); -webkit-text-stroke-width: 0px;\">&nbsp;&nbsp;&nbsp;&nbsp;&nbsp; （二）国内形势发展的需要。改革开放32年来，我们的国家在经济领域取得了卓有成效的成就，但一些地区和基层部门，为了本地区和本部门的经济发展和利益，未能妥善处理好改革、发展、稳定三者之间的关系，他们对待群众反映的热点、难点等切身利益问题，麻木不仁，处理方法简单，作风漂浮，工作粗暴，已在一定程度上严重伤害了人民对政府的感情，以至于造成干群关系紧张，人民对政府的满意度不高的局面。前苏联的解体，罪魁祸首不仅是前台的戈尔巴乔夫，叶利钦，而是苏共基层组织长期涣散腐化、缺乏战斗力、逐渐背离群众、丧失执政之基所致。针对这个情况，党中央审时度势，决定在学习实践科学发展观活动结束后继续开展争先创优活动，就是要把科学发展观学习实践活动向深度和广度发展。争先创优活动并不是什么新鲜事物，而是基层党建的一项经常性工作，是巩固和拓展全党实践科学发展观活动成果的重要举措，是学习实践活动的延展和深入。基层党组织要把服务人民群众作为创先争优活动的出发点和落脚点，切实兑现向群众的承诺，不断提高基层党组织的战斗堡垒作用和共产党员的先锋模范作用，以积极的姿态和饱满的工作热情，向建党90周年和党的&ldquo;十八大&rdquo;胜利召开献礼。</p>\r\n', '1', '1444367874', '1444367874', '0', '0', '0', '', null, null, '演讲稿', '0', '0');
INSERT INTO `cms_model_article` VALUES ('32', '13', '办公室日常制度', '办公室日常', '<div style=\"text-align: center;\">&nbsp;&nbsp;&nbsp;&nbsp;&nbsp;&nbsp;&nbsp;第一条为规范办公区域的管理，创造文明、整洁的办公环境，维护正常的办公秩序，树立良好的企业形象，提高办公效率，利于公司各项工作的开展，特制定本制度。 本制度适用于总公司、各子(分)公司、各管理处办公室。 第二条员工应严格遵守考勤制度，准时上班按时下班，上下班时间按现有规定执行。 第三条上班打卡后不得外出吃早点或办私事，如确有需要须向直管领导报备，午休后应准时上班。办公室日常管理制度。 第四条不得将可能影响办公环境的与工作无关的物品带入公司。 第五条员工上班时必须着装整洁、得体，不得穿军靴、露出脚趾及后跟的凉鞋及其他不适宜的装束，不准佩戴夸张、异类、过大的饰物上班。整体形象符合&lt;基本服务礼仪标准&gt;中的仪容仪表要求。 第六条办公时间因私会客需和直管领导报备，时间不得超过30分钟；因私打电话必须简短。 第七条上班时间内办公区不得大声喧哗、嘻笑打闹、聚堆聊天、玩游戏、浏览与工作无关网站；任何时候不得使用不文明语言和肢体动作。 第八条上班时间内不得用餐、吃零食； 第九条个人所属的桌椅、设备、垃圾桶由各使用人自行清洁；部门所属的存储柜、文件柜内部由各部门指定专人负责整理和清洁； 第十条办公室环境要求:环境整洁、摆放有序；随手清洁，及时归位；办公室内不得摆放鞋、雨伞等有碍形象和环境的杂物(鞋、雨伞存放于指定场所)；严禁随地吐痰、乱丢纸屑；垃圾桶不超过3/4满。 第十一条公司办公区域、公用区域严禁吸游烟，吸烟的员工应注意他人的感受，控制吸烟量及避免在女性面前吸烟；冬、夏季开启空调期间，禁止在空调房内抽烟，须到有外窗的洗手间或指定场所进行。办公室日常管理制度。 第十二条工作期间和午休(餐)时间不得饮酒，不得带有酒精状态上班；接待公司客人的除外。 第十三条下班、或离开办公室30分钟以上的，须关闭不使用的电器、电灯等耗电设备，午餐期间关闭应关闭显示器和电灯；公文、印章、票据、现金及贵重物品等须锁入保险柜或抽屉内，关窗、锁门后方可离开。 第十四条遵守保密纪律，保存好各种文件及技术资料，不得泄露公司机密。 第十五条文明用厕，节约用纸，注意保洁。 第十六条办公区内不得擅自添加办公家俱。 第十七条爱护公司财产和设备，发现损坏及时向办公室报修，无法修复的应注明原因申请报废；因故意或使用不当损坏公物者，应予以相应赔偿。 第十八条本制度自发布之日起实施。</div>\r\n', '1', '1444382592', '1444383840', '1', '0', '0', '', null, null, '录入', '0', '1');
INSERT INTO `cms_model_article` VALUES ('33', '13', '副校长', '', '<p class=\"MsoNormal\" style=\"font: 12px/18px Verdana; margin: 0cm 0cm 0pt; padding: 0px; color: rgb(0, 0, 0); text-transform: none; text-indent: 24pt; letter-spacing: normal; word-spacing: 0px; white-space: normal; font-size-adjust: none; font-stretch: normal; background-color: rgb(255, 255, 255); -webkit-text-stroke-width: 0px;\"><span style=\"font-size: 12pt;\"><span lang=\"EN-US\">张XX，1999</span>年毕业于沈阳师范学院外语系，大学本科学历。<span lang=\"EN-US\">2010</span>年获得辽宁师范大学教育管理硕士学位。大连市骨干教师。<span lang=\"EN-US\"><o:p></o:p></span></span></p>\r\n\r\n<p class=\"MsoNormal\" style=\"font: 12px/18px Verdana; margin: 0cm 0cm 0pt; padding: 0px; color: rgb(0, 0, 0); text-transform: none; text-indent: 24pt; letter-spacing: normal; word-spacing: 0px; white-space: normal; font-size-adjust: none; font-stretch: normal; background-color: rgb(255, 255, 255); -webkit-text-stroke-width: 0px;\"><span style=\"font-size: 12pt;\"><span lang=\"EN-US\">2013</span>年<span lang=\"EN-US\">9</span>月起任开发区八中副校长，分管德育工作。<span lang=\"EN-US\">2001</span>年起，任开发区八中政教处主任。曾被评为全国师德标兵、大连市中小学德育工作先进个人、大连市国防教育先进个人、开发区优秀教师、开发区德育工作先进个人、金州新区教育文化体育局优秀共产党员等。所撰写论文《在德育工作中培养学生的自我教育能力》和《高中生自主管理的现状和教育对策研究》等在省级以上刊物发表或获奖。</span></p>\r\n\r\n<p class=\"MsoNormal\" style=\"font: 12px/18px Verdana; margin: 0cm 0cm 0pt; padding: 0px; color: rgb(0, 0, 0); text-transform: none; text-indent: 24pt; letter-spacing: normal; word-spacing: 0px; white-space: normal; font-size-adjust: none; font-stretch: normal; background-color: rgb(255, 255, 255); -webkit-text-stroke-width: 0px;\"><span style=\"font-size: 12pt;\"><span lang=\"EN-US\">1999</span>年毕业于沈阳师范学院外语系，大学本科学历。<span lang=\"EN-US\">2010</span>年获得辽宁师范大学教育管理硕士学位。大连市骨干教师。<span lang=\"EN-US\"><o:p></o:p></span></span></p>\r\n\r\n<p class=\"MsoNormal\" style=\"font: 12px/18px Verdana; margin: 0cm 0cm 0pt; padding: 0px; color: rgb(0, 0, 0); text-transform: none; text-indent: 24pt; letter-spacing: normal; word-spacing: 0px; white-space: normal; font-size-adjust: none; font-stretch: normal; background-color: rgb(255, 255, 255); -webkit-text-stroke-width: 0px;\"><span style=\"font-size: 12pt;\"><span lang=\"EN-US\">2013</span>年<span lang=\"EN-US\">9</span>月起任开发区八中副校长，分管德育工作。<span lang=\"EN-US\">2001</span>年起，任开发区八中政教处主任。曾被评为全国师德标兵、大连市中小学德育工作先进个人、大连市国防教育先进个人、开发区优秀教师、开发区德育工作先进个人、金州新区教育文化体育局优秀共产党员等。所撰写论文《在德育工作中培养学生的自我教育能力》和《高中生自主管理的现状和教育对策研究》等在省级以上刊物发表或获奖。</span></p>\r\n', '1', '1444441664', '1444441672', '1', '0', '0', '', null, null, '录入', '0', '0');
INSERT INTO `cms_model_article` VALUES ('34', '13', '校长', '', '&nbsp;&nbsp;&nbsp;&nbsp;&nbsp;&nbsp; 李XX，男，1963年出生，大学本科学历，中共党员，中学特级教师，全国优秀教师，衡阳市一中校长，中国教育学会会员、湖南省教育学会理事，湖南省校长专业委员会常务理事，湖南省校园文化建设先进个人，衡阳市化学专业委员会常务理事，衡阳市院士专家促进会教育科学委员会副主任委员，衡阳市心理学会副理事长，衡阳市教育技术理事，衡阳市专家联谊会理事，《衡阳年鉴》委员会常务委员，其优秀事迹入选《人大代表风采录》。 1997年起任衡阳市一中教导处副主任，1998年起任教导处主任，2000年起任副校长，主管教学工作。2005年6月起至今被任命为衡阳市一中校长兼衡阳市一中教育集团董事长。1998年被评为市化学学科十佳教师、市优秀教师，2001年被评为衡阳市跨世纪人才，2003年授予衡阳市五四青年奖章，同年获湖南省优秀园丁奖，2004年被评为市优秀党员，2006年被衡阳市政府聘任为衡阳市专家联合会理事，2007年被评为衡阳市首届&ldquo;支持中学团工作十佳校长&rdquo;， 2007年被选为衡阳市第十三届人大代表，2009年，被市政府聘为督学，2011年被评为市优秀人大代表。<img src=\"/portal/attachment/index/id/151/code/IDXXzxftbG-vR-9KzOXBPnHLl2VLVlilPULniXHtuqCsjaRzDO7j6LJ-KCbZZv3kiSrKtX2NKk-fc1kp3oq65e43QTcx50bbME49FoRpszZlyNNw8_4opRqmHa2AOOQRzBShWiuVq11hrfHkLh6PrelfRMYwrCYC1z-ivBeucNFPlpmcUh9rohfCrDxK4R5SwPoZq9B1idCj5MHCwu7j6VjKdL58JtrZ\" /><br />\r\n作为一名优秀中学校长，他学高身正，作风务实、工作扎实、为人正派、砺德砺行。他勤政务实、敢于开拓，教育理念新，提出&ldquo;教育即是服务&rdquo;的理念，以人为本，提出&ldquo;创造适合学生的教育，让学生在一中得到更好的发展&rdquo;。坚持&ldquo;依法治校、质量立校、科研兴校、文化强校&rdquo;的治校方略，坚持以德育为核心，传承船山文化，弘扬船山精神，打造船山文化品牌，创建活动德育育人模式；坚持以教学为中心，在新课程改革理念的指导下，树立有效教学理念，努力构建务实、高效的课堂教学模式；坚持以管理为轴心，不断创新学校管理模式，以人本管理、文化管理为主要阵地，使学校管理科学、规范，学校教育教学质量显著提高，办学特色更加突出。在他的带领下，学校高考连创佳绩，取得了一个又一个辉煌的成绩，他因教学、管理业绩突出，多次荣立省市二等功、三等功。&nbsp; 管理之余，他还积极投身于教研和论文的撰写，他先后主持参与了5个国家、省、市级科研课题（其中国家级课题4个，市级课题1个）的研究与实验，其中四个课题已完成并获奖，一个课题正在实验中并成为项目实验校，其论文《谈课堂教学学习激励机制的构建》、《谈中学生心理健康教育的主要途径》、《落实有效教学理念》、《中学校报与学生媒介素养》、《打造管理品牌，提升学校发展力》、《提高质量，从机制创新上给力》、《&ldquo;标准&rdquo;对师德缺失者是一把高悬的利剑》分别荣获国家省级一二等奖，其文章《建立学生自主管理制度浅谈》在省教育学会校长年会上宣读， 因个人的魅力，他赢得了社会和教育同仁的一致好评。大家都称誉他为务实型校长、平民型校长、学者型校长、创新型校长、开拓型校长！！！', '1', '1444441896', '1445922438', '1', '0', '0', '', null, null, '录入', '0', '0');
INSERT INTO `cms_model_article` VALUES ('35', '14', '苏老师荣获“最美教师”', '', '苏XX，张家口市特殊教育学校校长，全国特殊教育协会理事，河北省特殊教育理事会副秘书长。她从事特殊教育工作30余年，始终任劳任怨，虽身患严重贫血症仍坚守岗位，把自己全部的青春和热情都奉献给这片贫瘠的土地。2007被评为全国教育系统先进工作者。&nbsp; &nbsp;&nbsp;&nbsp;&nbsp;&nbsp;&nbsp;&nbsp;&nbsp;&nbsp;&nbsp;&nbsp;&nbsp;&nbsp;&nbsp;&nbsp;&nbsp;&nbsp;&nbsp;<br />\r\n&nbsp;&nbsp;&nbsp;&nbsp;&nbsp; 面对特殊困难他们有特殊的方法&nbsp;&nbsp;&nbsp;&nbsp; 特殊教育不同于一般的学校教育，特殊教育的对象都是残疾学生，并且每个学生的残疾情况又有差异，实施教育的难度可想而知。 &nbsp;&nbsp;&nbsp; 张家口地区的经济发展比较落后，为聋孩子提供的就业机会也很少，毕业生就业是摆在学校及家长面前最现实的难题。苏富梅带领教务主任、任课教师多次到全国各地的特殊教育学校进行考察。1999年，学校创设第一个初中班，通过校领导的多方努力，学校聋部由原来的中学学制升为高中学制。 &nbsp;&nbsp;&nbsp; 在苏富梅的带领下，学生们茁壮成长起来，成为残而有为的人才。2005年，学校20名学生考入高等学府，实现我市残疾人高考零的突破；盲中医按摩中专班的毕业生争相被各大城市按摩院聘用，月收入都在800－2000元；智障学生毕业后都被各工厂录用，他们的生活有了保障，解决了家长的后顾之忧。&nbsp; &nbsp;&nbsp;&nbsp;&nbsp;&nbsp;&nbsp;&nbsp;&nbsp;&nbsp;&nbsp;&nbsp;&nbsp;&nbsp;&nbsp;&nbsp;&nbsp;&nbsp;&nbsp;&nbsp;<br />\r\n<br />\r\n<img src=\"/portal/attachment/index/id/152/code/tbCAC7vGD1nbZ9FlsvE7iEDjo1GLgTxF0yLx3j5QCGDCC83HDpnrj4hAmXhODRxU4Pzriz-O_j20tSAsa8JQug4Z5Z3A1kcvA9EaL-dCA4rxvmZJW5rSOqNneyOpy60aXmDk6uNXARqowrTWnF7zDRQ14Izu1vNhgpUmEyy7u8XjR5qVwHY3V5EU4EgzucWW5UXyuPw0qaw1VKxmM2So9Uq8Q83rm1fn\" />&nbsp;&nbsp;&nbsp;&nbsp;&nbsp;&nbsp;&nbsp;&nbsp;<br />\r\n资金紧缺自己去争取&nbsp; &nbsp;&nbsp;&nbsp; 特殊教育学校的学生们大部分都来自农村，家庭贫困，上学成了他们梦寐以求的事。为了解决这些残疾孩子上学难的问题，苏校长跑省进市，克服种种困难为学生们争取到各种资助，圆了他们的上学梦。 &nbsp;&nbsp;&nbsp; 残疾学生每个人都有不同程度的学习困难，为了让学生更好地学习文化知识，她积极改善学校的办学条件。几年来，苏校长用先后争取到的资金维修了校舍，改造了厕所，平整了操场，建成了校园网、闭路电视网络、理化实验室、律动室、美容美发室和聋生、盲生图书室等各专业室，购买了部分中医按摩专业的教学模型及各种乐器，极大地改善了学校的办学条件，丰富了学生的生活。可是又有多少人知道，苏富梅在四处争取建校资金的时候，跑过多少路程。&nbsp; &nbsp;&nbsp;&nbsp;&nbsp;&nbsp;&nbsp;&nbsp;&nbsp;&nbsp;&nbsp;&nbsp;&nbsp;&nbsp;&nbsp;&nbsp;&nbsp;&nbsp;&nbsp;&nbsp;&nbsp;&nbsp;&nbsp;&nbsp;&nbsp;&nbsp;<br />\r\n&nbsp;&nbsp;&nbsp; &nbsp; 别人有的残疾孩子也要有&nbsp; &nbsp;&nbsp;&nbsp; 在学校硬件设施不断完善的同时，苏富梅把残疾学生的文化生活提上日程，让他们能够像正常孩子一样接触丰富多彩的人生。 &nbsp;&nbsp;&nbsp; 近几年来，学生在德、智、体、美、劳等方面均得到了较好发展。培智生代表中国大陆参加在澳门举办的第一届特奥会，取得8金、5银、4铜的好成绩；1999年，盲、聋、培智生手工作品68件送往美国驻华大使馆参加圣诞画展；2003年学校承办河北省&ldquo;巧手绘明天、身残志更坚&rdquo;美术书法大赛，23幅作品获河北省一等奖，其中2幅作品获全国二等奖、5幅获三等奖，并在南昌中国美术馆展出；文艺节目连续4年被省残疾人艺术节、市中小幼艺术节评为优秀节目，并3次参加省文艺调演&hellip;&hellip; &nbsp;&nbsp;&nbsp; 通过苏富梅校长数十年如一日的努力，我市特殊教育的土地逐渐肥沃起来。说苏富梅是一个好校长，倒不如说她是一个奇迹的缔造者。她所做的，面对的是那些最最需要帮助的人们，创造出的，是一个又一个动人的神话。', '1', '1444442998', '1444443202', '1', '0', '0', '', null, null, '网络', '0', '0');
INSERT INTO `cms_model_article` VALUES ('36', '10', '国庆志愿者', '', '<img src=\"/portal/attachment/index/id/157/code/W_OMM8BHAiM6CGFcV5XXm923PRj_4UfAr64dkLSx0sYS3IOZK72hGV9vKMTENAR_25MiLCsC4pia37VS_hCzEbSaisSA2DrfWA2WOnzd8ovU0fH7QlWj_fDsluu6j8grcaJdWzG8Luv5dsafNTKtU6qivk9UJmaR6KVSiKc0QhhgDhvBORvQBUlfHs2ZV5d5nw3sAbnmfSE%3D\" /><br />\r\n10月6日，由橘子洲主办、湖南师大团委青志协承办的橘子洲志愿活动继续进行，活动主要内容是对游客进行文明劝导、保护环境、旅游咨询等。阳光明媚，橘子洲的游客数量不断上涨。 19名志愿者在橘子洲风景区管理中心集合，橘子洲负责人彭旭讲解相关事项并发放衣服、帽子和相关用品。19人分工合作，一组在洲头进行文明劝导、二组在大草坪进行文明劝导，三组在地铁口提供旅游咨询。 志愿活动正式开始，地铁口处的游客不断涌入，咨询的游客络绎不绝，分发给自愿者的水也来不及喝，游客大多询问景点位置、步行时间、观光车的使用等。临近中午景区的一位工作人员跑到咨询处说：&ldquo;一位老大爷在排队等观光车是晕倒了。&rdquo;志愿者立刻跑过去帮忙，随后和工作人员一起将老大爷送到医疗救助室，医生为老大爷做基本的身体检查，量了血压，还好只是轻微中暑，是外面太阳很晒，排队游客数量多十分拥挤，老大爷穿的厚的原因所致，老大爷在休息区进行短暂的休息，最后景区工作人员将老大爷及其家属送出景区。 十一黄金周来橘子洲旅游的游客数量十分多，据工作人员透露，前一天游客数量达到七万人，然而游客数量多就意味着对环境的污染增多，这时劝导游客文明旅游、保护环境的志愿者就必不可少了。', '1', '1444444793', '1444444888', '1', '0', '0', '', null, null, '网络', '0', '0');
INSERT INTO `cms_model_article` VALUES ('37', '10', '卡贴”来了', '', '<p style=\"font: 16px/28px 微软雅黑; margin: 0px; padding: 0px 0px 25px; text-align: justify; color: rgb(51, 51, 51); text-transform: none; text-indent: 28px; letter-spacing: normal; word-spacing: 0px; white-space: normal; font-size-adjust: none; font-stretch: normal; background-color: rgb(255, 255, 255); -webkit-text-stroke-width: 0px;\"><span style=\"margin: 0px; padding: 0px; color: rgb(102, 102, 102); font-family: 宋体; font-size: 14px;\">你还在为丢失校园卡而烦恼吗？或是为被别人拿错水瓶而纠结？还是捡到物品却联系不到失主？不用担心了，物电青协来帮你！</span></p>\r\n\r\n<p style=\"font: 16px/28px 微软雅黑; margin: 0px; padding: 0px 0px 25px; text-align: justify; color: rgb(51, 51, 51); text-transform: none; text-indent: 28px; letter-spacing: normal; word-spacing: 0px; white-space: normal; font-size-adjust: none; font-stretch: normal; background-color: rgb(255, 255, 255); -webkit-text-stroke-width: 0px;\"><span style=\"margin: 0px; padding: 0px; color: rgb(102, 102, 102); font-family: 宋体; font-size: 14px;\">近日</span><span style=\"margin: 0px; padding: 0px; color: rgb(102, 102, 102); font-family: 宋体; font-size: 14px;\">，</span><span style=\"margin: 0px; padding: 0px; color: rgb(102, 102, 102); font-family: 宋体; font-size: 14px;\">物理与电子工程学院</span><span style=\"margin: 0px; padding: 0px; color: rgb(102, 102, 102); font-family: 宋体; font-size: 14px;\">青</span><span style=\"margin: 0px; padding: 0px; color: rgb(102, 102, 102); font-family: 宋体; font-size: 14px;\">协</span><span style=\"margin: 0px; padding: 0px; color: rgb(102, 102, 102); font-family: 宋体; font-size: 14px;\">的志愿者们来到三栋和九栋宿舍楼下，举办了免费贴卡贴的活动。卡贴共有六种颜色，设计精巧，同学们可以在卡贴上填写自己的班级、联系方式，一旦校园卡遗失，捡到者就可以很快联系到校园卡的主人，方便同学们的校园生活。也可以在上面肆意涂鸦，展示自己的个性。路过的同学很多，志愿者们热情地询问同学们是否要免费贴卡贴，然后为他们认真细致地贴好。</span></p>\r\n\r\n<p style=\"font: 16px/28px 微软雅黑; margin: 0px; padding: 0px 0px 25px; text-align: justify; color: rgb(51, 51, 51); text-transform: none; text-indent: 28px; letter-spacing: normal; word-spacing: 0px; white-space: normal; font-size-adjust: none; font-stretch: normal; background-color: rgb(255, 255, 255); -webkit-text-stroke-width: 0px;\"><span style=\"margin: 0px; padding: 0px; color: rgb(102, 102, 102); font-family: 宋体; font-size: 14px;\">整个活动持续了一个多小时，&nbsp;很多同学参加了这次活动，对志愿者的帮助感到很贴心。这次&ldquo;爱心免费贴卡贴活动&rdquo;，不仅为同学们带来了便利，更体现了志愿者们的热情和助人为乐的精神，是对志愿活动的推广，对志愿精神的一种传递。</span><br />\r\n<img src=\"/portal/attachment/index/id/158/code/gNwjB8AvfwgPN-lyzkJxRpw7z8loT3Y01ajvkK2xi1CyzO6PPcNYsu2u0EoKvln3NIiqvkcScG4uijnFuTh6uMGnOwnyNR1BGSuFBeuxZW3FtSKXuX8fWi7KYc8tCsfe7nSf9VU4musCUAOgT7lpdMZ-jHng0ZBovMJLg5UBXocQrZuz-xXXjztAv9cpkOfJ\" /><br />\r\n&nbsp;</p>\r\n', '1', '1444445052', '1444445066', '1', '0', '0', '', null, null, '网络', '0', '1');
INSERT INTO `cms_model_article` VALUES ('38', '15', '差生是如何转变成优生的', '', '<span style=\"font: 14px/26px 微软雅黑, 宋体; color: rgb(0, 0, 0); text-transform: none; text-indent: 0px; letter-spacing: normal; word-spacing: 0px; float: none; display: inline !important; white-space: normal; font-size-adjust: none; font-stretch: normal; background-color: rgb(255, 255, 255); -webkit-text-stroke-width: 0px;\">&nbsp;&nbsp;&nbsp;&nbsp;&nbsp; 一位多年工作经验的老师说：参加工作的时候，不敢说这句话，但是我现在敢说，因为我多年的经历已经证明了这件事情。让一个差生变好真的很简单，怎么做呢？就是反其道而行之。差生是反复遭遇失败的打击后才产生的，让一个差生变好，是让他反复享受到成功的喜悦，这个学生就会慢慢地变好了。多少年来我就用这样的方法和理念，帮着一个个学生走出困境，走向成功。我深深体会到，作为教师，作为家长，要学会欣赏孩子。</span><br />\r\n<strong><font face=\"微软雅黑\" size=\"3\">特别是对那些&ldquo;问题&rdquo;孩子</font></strong><span style=\"font: 14px/26px 微软雅黑, 宋体; color: rgb(0, 0, 0); text-transform: none; text-indent: 0px; letter-spacing: normal; word-spacing: 0px; float: none; display: inline !important; white-space: normal; font-size-adjust: none; font-stretch: normal; background-color: rgb(255, 255, 255); -webkit-text-stroke-width: 0px;\">，更需要老师、家长拿着放大镜去寻找他们的优点，因为越是问题比较多的孩子，在老师、家长的眼里越是一无是处，这些学生得到的都是别人对他的批评、指责。</span>\r\n<p style=\"font: 14px/26px 微软雅黑, 宋体; margin: 0px; padding: 26px 0px 0px; border: 0px currentColor; border-image: none; color: rgb(0, 0, 0); text-transform: none; text-indent: 0px; letter-spacing: normal; word-spacing: 0px; white-space: normal; -ms-word-wrap: break-word; font-size-adjust: none; font-stretch: normal; background-color: rgb(255, 255, 255); -webkit-text-stroke-width: 0px;\"><strong style=\"margin: 0px; padding: 0px; border: 0px currentColor; border-image: none; font-size: 14px; font-weight: bold;\">但是优点不要乱找</strong>，你找的必须是他本身具有的优点。&ldquo;好孩子是夸出来的&rdquo;，我经常在全国各地传播我的这个观点，很多家长觉得我说得有道理，以前他们只会批评孩子，听了我的建议后，回去开始夸自己的孩子。</p>\r\n\r\n<p style=\"font: 14px/26px 微软雅黑, 宋体; margin: 0px; padding: 26px 0px 0px; border: 0px currentColor; border-image: none; color: rgb(0, 0, 0); text-transform: none; text-indent: 0px; letter-spacing: normal; word-spacing: 0px; white-space: normal; -ms-word-wrap: break-word; font-size-adjust: none; font-stretch: normal; background-color: rgb(255, 255, 255); -webkit-text-stroke-width: 0px;\">　　这一夸把孩子夸得更难受了，&ldquo;孩子，你太聪明了&rdquo;，&ldquo;孩子，你真棒&rdquo;，&ldquo;孩子，你一定能行&rdquo;&hellip;&hellip;全是这样空洞、缺乏力度的表扬，弄得孩子浑身都起鸡皮疙瘩。</p>\r\n\r\n<p style=\"font: 14px/26px 微软雅黑, 宋体; margin: 0px; padding: 26px 0px 0px; border: 0px currentColor; border-image: none; color: rgb(0, 0, 0); text-transform: none; text-indent: 0px; letter-spacing: normal; word-spacing: 0px; white-space: normal; -ms-word-wrap: break-word; font-size-adjust: none; font-stretch: normal; background-color: rgb(255, 255, 255); -webkit-text-stroke-width: 0px;\">　　<strong style=\"margin: 0px; padding: 0px; border: 0px currentColor; border-image: none; font-size: 14px; font-weight: bold;\">我们老师、家长应该带着放大镜去寻找学生的优点</strong>，但前提是你找到的确实是学生的优点。</p>\r\n\r\n<p style=\"font: 14px/26px 微软雅黑, 宋体; margin: 0px; padding: 26px 0px 0px; border: 0px currentColor; border-image: none; color: rgb(0, 0, 0); text-transform: none; text-indent: 0px; letter-spacing: normal; word-spacing: 0px; white-space: normal; -ms-word-wrap: break-word; font-size-adjust: none; font-stretch: normal; background-color: rgb(255, 255, 255); -webkit-text-stroke-width: 0px;\">　　我记得是2006年的春节，人大附中一个学生参加完期末考试以后，被他爸爸带到我办公室来。因为这个孩子期末考试考得很差，想让我帮帮他。</p>\r\n\r\n<p style=\"font: 14px/26px 微软雅黑, 宋体; margin: 0px; padding: 26px 0px 0px; border: 0px currentColor; border-image: none; color: rgb(0, 0, 0); text-transform: none; text-indent: 0px; letter-spacing: normal; word-spacing: 0px; white-space: normal; -ms-word-wrap: break-word; font-size-adjust: none; font-stretch: normal; background-color: rgb(255, 255, 255); -webkit-text-stroke-width: 0px;\">　　那个男孩一到我的办公室，低着个头都不敢看我。我问他：&ldquo;你这回期末考试考得怎么样？&rdquo;</p>\r\n\r\n<p style=\"font: 14px/26px 微软雅黑, 宋体; margin: 0px; padding: 26px 0px 0px; border: 0px currentColor; border-image: none; color: rgb(0, 0, 0); text-transform: none; text-indent: 0px; letter-spacing: normal; word-spacing: 0px; white-space: normal; -ms-word-wrap: break-word; font-size-adjust: none; font-stretch: normal; background-color: rgb(255, 255, 255); -webkit-text-stroke-width: 0px;\">　　那孩子用一种胆怯的眼神看着我，哆哆嗦嗦的，还没说话呢，他爸爸就说了：&ldquo;简直是一塌糊涂！&rdquo;边说边狠狠地捶着我的沙发。</p>\r\n\r\n<p style=\"font: 14px/26px 微软雅黑, 宋体; margin: 0px; padding: 26px 0px 0px; border: 0px currentColor; border-image: none; color: rgb(0, 0, 0); text-transform: none; text-indent: 0px; letter-spacing: normal; word-spacing: 0px; white-space: normal; -ms-word-wrap: break-word; font-size-adjust: none; font-stretch: normal; background-color: rgb(255, 255, 255); -webkit-text-stroke-width: 0px;\">我看着他爸爸那个怒发冲冠的表情，突然想起了一句话：&ldquo;问题孩子出自问题家庭。&rdquo;这个家长在我面前都压抑不住自己的情绪，我不在的话，可以想象他对孩子会多么残酷，怪不得他的孩子是那么唯唯诺诺，一点儿阳刚之气都没有，完全是被他爸爸这种盛气凌人的态度给摧残了。</p>\r\n\r\n<p style=\"font: 14px/26px 微软雅黑, 宋体; margin: 0px; padding: 26px 0px 0px; border: 0px currentColor; border-image: none; color: rgb(0, 0, 0); text-transform: none; text-indent: 0px; letter-spacing: normal; word-spacing: 0px; white-space: normal; -ms-word-wrap: break-word; font-size-adjust: none; font-stretch: normal; background-color: rgb(255, 255, 255); -webkit-text-stroke-width: 0px;\">　　我一看家长要是这样的话，我就没法儿跟孩子对话了，我不担心别的，我担心我的沙发被这个家长给捶坏了。我只好把他请出去，好单独和孩子聊一会儿。</p>\r\n\r\n<p style=\"font: 14px/26px 微软雅黑, 宋体; margin: 0px; padding: 26px 0px 0px; border: 0px currentColor; border-image: none; color: rgb(0, 0, 0); text-transform: none; text-indent: 0px; letter-spacing: normal; word-spacing: 0px; white-space: normal; -ms-word-wrap: break-word; font-size-adjust: none; font-stretch: normal; background-color: rgb(255, 255, 255); -webkit-text-stroke-width: 0px;\">　　等他走了，我又问那个孩子这回期末考试考得怎么样。那个男孩说：&ldquo;我这回期末考试和期中考试相比，在班里提高了两个名次。&rdquo;</p>\r\n\r\n<p style=\"font: 14px/26px 微软雅黑, 宋体; margin: 0px; padding: 26px 0px 0px; border: 0px currentColor; border-image: none; color: rgb(0, 0, 0); text-transform: none; text-indent: 0px; letter-spacing: normal; word-spacing: 0px; white-space: normal; -ms-word-wrap: break-word; font-size-adjust: none; font-stretch: normal; background-color: rgb(255, 255, 255); -webkit-text-stroke-width: 0px;\">　　我一听，眼睛一亮，对那个孩子说：&ldquo;孩子，你太厉害了，你太不容易了！人大附中里边每一个学生的实力都是很强的，你在不到两个月的时间，竟然在班里提高两个名次，太不简单了！你还有一年半的时间（这个学生读高二），如果你咬紧牙关，每一次按这样的幅度提高的话，到高考的时候，就不是能不能考上</p>\r\n\r\n<p style=\"font: 14px/26px 微软雅黑, 宋体; margin: 0px; padding: 26px 0px 0px; border: 0px currentColor; border-image: none; color: rgb(0, 0, 0); text-transform: none; text-indent: 0px; letter-spacing: normal; word-spacing: 0px; white-space: normal; -ms-word-wrap: break-word; font-size-adjust: none; font-stretch: normal; background-color: rgb(255, 255, 255); -webkit-text-stroke-width: 0px;\">大学的问题，甚至都有考上清华、北大的可能！就看你敢不敢挑战自己。&rdquo;</p>\r\n\r\n<p style=\"font: 14px/26px 微软雅黑, 宋体; margin: 0px; padding: 26px 0px 0px; border: 0px currentColor; border-image: none; color: rgb(0, 0, 0); text-transform: none; text-indent: 0px; letter-spacing: normal; word-spacing: 0px; white-space: normal; -ms-word-wrap: break-word; font-size-adjust: none; font-stretch: normal; background-color: rgb(255, 255, 255); -webkit-text-stroke-width: 0px;\">　　我这样说，是放大了学生的优点。他提高了两个名次确实是一个优点，不过我放大了他的优点，缩小了他的缺点，并给他描绘了一个美好的前景。</p>\r\n\r\n<p style=\"font: 14px/26px 微软雅黑, 宋体; margin: 0px; padding: 26px 0px 0px; border: 0px currentColor; border-image: none; color: rgb(0, 0, 0); text-transform: none; text-indent: 0px; letter-spacing: normal; word-spacing: 0px; white-space: normal; -ms-word-wrap: break-word; font-size-adjust: none; font-stretch: normal; background-color: rgb(255, 255, 255); -webkit-text-stroke-width: 0px;\">　　我说：&ldquo;今年寒假，当别的学生都在轻轻松松过假期的时候，你想不想偷偷摸摸地学一个假期，到开学之后，再超过两个名次？你想的话，我就告诉你怎么做。&rdquo;</p>\r\n\r\n<p style=\"font: 14px/26px 微软雅黑, 宋体; margin: 0px; padding: 26px 0px 0px; border: 0px currentColor; border-image: none; color: rgb(0, 0, 0); text-transform: none; text-indent: 0px; letter-spacing: normal; word-spacing: 0px; white-space: normal; -ms-word-wrap: break-word; font-size-adjust: none; font-stretch: normal; background-color: rgb(255, 255, 255); -webkit-text-stroke-width: 0px;\">　　他当然想了，我就给他制订了具体的学习计划，告诉他整个寒假应该怎么劳逸结合，应该怎么把握住节奏，应该怎么增强学习的针对性。学生被我说得高高兴兴的，信心百倍地离开了我的办公室。</p>\r\n\r\n<p style=\"font: 14px/26px 微软雅黑, 宋体; margin: 0px; padding: 26px 0px 0px; border: 0px currentColor; border-image: none; color: rgb(0, 0, 0); text-transform: none; text-indent: 0px; letter-spacing: normal; word-spacing: 0px; white-space: normal; -ms-word-wrap: break-word; font-size-adjust: none; font-stretch: normal; background-color: rgb(255, 255, 255); -webkit-text-stroke-width: 0px;\">我又把他家长叫来，说：&ldquo;好孩子是夸出来的，你的孩子在班里排名倒数，你知道为什么吗？就是因为你孩子更多的是遭受到批评和失败的打击。&rdquo;</p>\r\n\r\n<p style=\"font: 14px/26px 微软雅黑, 宋体; margin: 0px; padding: 26px 0px 0px; border: 0px currentColor; border-image: none; color: rgb(0, 0, 0); text-transform: none; text-indent: 0px; letter-spacing: normal; word-spacing: 0px; white-space: normal; -ms-word-wrap: break-word; font-size-adjust: none; font-stretch: normal; background-color: rgb(255, 255, 255); -webkit-text-stroke-width: 0px;\">　　家长说：&ldquo;是，我看到孩子成绩上不来，就又急又气！&rdquo;我说：&ldquo;我告诉你，从一楼到二楼，没有台阶谁都迈不上去，但有了合理的铺垫，谁都能上得来。我们老师和家长最应该做的事，不是逼着学生从一楼到二楼，而是引导学生，给他一个合理的铺垫，让他从一楼比较自信、比较踏实地上到二楼。你的孩子现在处在一个倒数的状态，你当然希望他的成绩一下子提上来，但这是不可能的。我们经常见到一个人可以一夜暴富，但是什么时候见过一个人在短时间内能够成为一个有学问的人？做学问本来就是一个厚积而薄发的过程，绝不是通过一时的突击就能做到的。你这个家长不考虑孩子现在的基础，盲目地想让你的孩子提高，请问你的孩子到底考到多少名，才能在你这儿得到一点儿的表扬呢？&rdquo;</p>\r\n\r\n<p style=\"font: 14px/26px 微软雅黑, 宋体; margin: 0px; padding: 26px 0px 0px; border: 0px currentColor; border-image: none; color: rgb(0, 0, 0); text-transform: none; text-indent: 0px; letter-spacing: normal; word-spacing: 0px; white-space: normal; -ms-word-wrap: break-word; font-size-adjust: none; font-stretch: normal; background-color: rgb(255, 255, 255); -webkit-text-stroke-width: 0px;\">　　家长被我说得没了脾气，老实地承认：&ldquo;我还真没有标准。&rdquo;你看，这个家长糊涂吧？他自己没有目标，孩子无论考成什么样，在他这儿总是得到批评，得到谴责，那还有不一塌糊涂的？这样的家长能够培养一个健康阳光的孩子吗？孩子在这样的家长的教育下，能有一种成就感吗？他成功了也是一种失败，成功了</p>\r\n\r\n<p style=\"font: 14px/26px 微软雅黑, 宋体; margin: 0px; padding: 26px 0px 0px; border: 0px currentColor; border-image: none; color: rgb(0, 0, 0); text-transform: none; text-indent: 0px; letter-spacing: normal; word-spacing: 0px; white-space: normal; -ms-word-wrap: break-word; font-size-adjust: none; font-stretch: normal; background-color: rgb(255, 255, 255); -webkit-text-stroke-width: 0px;\">也得受谴责。所以这个孩子后来逐步地就变得自暴自弃，无所追求。</p>\r\n\r\n<p style=\"font: 14px/26px 微软雅黑, 宋体; margin: 0px; padding: 26px 0px 0px; border: 0px currentColor; border-image: none; color: rgb(0, 0, 0); text-transform: none; text-indent: 0px; letter-spacing: normal; word-spacing: 0px; white-space: normal; -ms-word-wrap: break-word; font-size-adjust: none; font-stretch: normal; background-color: rgb(255, 255, 255); -webkit-text-stroke-width: 0px;\">　　我对家长说：&ldquo;今后，你要改变你的心态，密切关注你孩子的每一点进步，哪怕提高一个名次，你都应该给予鼓励，给予表扬，这样你的孩子就会逐步提高的。&rdquo;</p>\r\n\r\n<p style=\"font: 14px/26px 微软雅黑, 宋体; margin: 0px; padding: 26px 0px 0px; border: 0px currentColor; border-image: none; color: rgb(0, 0, 0); text-transform: none; text-indent: 0px; letter-spacing: normal; word-spacing: 0px; white-space: normal; -ms-word-wrap: break-word; font-size-adjust: none; font-stretch: normal; background-color: rgb(255, 255, 255); -webkit-text-stroke-width: 0px;\">　　我在跟家长沟通的过程中，这个家长好像也悟出了一些道理，并当着我的面向他的孩子道歉。这个孩子在我的引导下，一直按照计划学习，再加上家庭氛围的缓和，心态也健康了。结果开学以后的第一次考试，他在班里提高了三个名次，他视其为一次非常大的成功，家长也给予表扬，我也给予鼓励，自信心一下子被激发了，内在的潜能被挖掘出来。之后这个孩子是越学越开心，挡都挡不住，在2007年的高考中，这个孩子考上了南昌大学。<br />\r\n<span style=\"font: 14px/26px 微软雅黑, 宋体; color: rgb(0, 0, 0); text-transform: none; text-indent: 0px; letter-spacing: normal; word-spacing: 0px; float: none; display: inline !important; white-space: normal; font-size-adjust: none; font-stretch: normal; background-color: rgb(255, 255, 255); -webkit-text-stroke-width: 0px;\">后来他爸爸对我是千恩万谢，说那一次的谈话，不仅改变了孩子的一生，同时也给他们的家庭带来了一个很大的转机。原先家里老是充满了对孩子的批评，现在完全改观了。所以孩子在这种和谐的氛围下，也得到了一种心理的安慰，学习效率越来越高。</span><br />\r\n&nbsp;</p>\r\n\r\n<p style=\"font: 14px/26px 微软雅黑, 宋体; margin: 0px; padding: 26px 0px 0px; border: 0px currentColor; border-image: none; color: rgb(0, 0, 0); text-transform: none; text-indent: 0px; letter-spacing: normal; word-spacing: 0px; white-space: normal; -ms-word-wrap: break-word; font-size-adjust: none; font-stretch: normal; background-color: rgb(255, 255, 255); -webkit-text-stroke-width: 0px;\">从这个学生的成长经历中，我们应该可以看到，转变一个差生是多么容易，只要给他鼓励，不断夸奖他，欣赏他，他就能得到很大的提高。</p>\r\n\r\n<p style=\"font: 14px/26px 微软雅黑, 宋体; margin: 0px; padding: 26px 0px 0px; border: 0px currentColor; border-image: none; color: rgb(0, 0, 0); text-transform: none; text-indent: 0px; letter-spacing: normal; word-spacing: 0px; white-space: normal; -ms-word-wrap: break-word; font-size-adjust: none; font-stretch: normal; background-color: rgb(255, 255, 255); -webkit-text-stroke-width: 0px;\">　　<strong style=\"margin: 0px; padding: 0px; border: 0px currentColor; border-image: none; font-size: 14px; font-weight: bold;\">一个人的潜能是巨大的，但是如果一个人不能很好地调整好自己的心态，他的潜能就没法儿得到充分挖掘，在人生的关键时刻，往往错失良机。但是只要有一个合适的引导，他找到了人生的转机，就可以赢得一生。这就是选择心态的重要性。每一个学生都有成材的潜能。不是学生无能，而是教师没有找到开启这个能源宝库的钥匙。从这个意义上来讲，只要方法得当，每个学生都能成为英才。没有教不好的学生，只有不会教的家长，只有不会教的老师。</strong></p>\r\n\r\n<p style=\"font: 14px/26px 微软雅黑, 宋体; margin: 0px; padding: 26px 0px 0px; border: 0px currentColor; border-image: none; color: rgb(0, 0, 0); text-transform: none; text-indent: 0px; letter-spacing: normal; word-spacing: 0px; white-space: normal; -ms-word-wrap: break-word; font-size-adjust: none; font-stretch: normal; background-color: rgb(255, 255, 255); -webkit-text-stroke-width: 0px;\">&nbsp;</p>\r\n<br />\r\n&nbsp;', '1', '1445931151', '1445931151', '1', '0', '1', '', null, null, '网络', '0', '0');
INSERT INTO `cms_model_article` VALUES ('39', '15', '改变差生的九大方法', '', '详情看附件', '1', '1445931506', '1445931506', '1', '0', '0', '', null, null, '网络', '0', '0');
INSERT INTO `cms_model_article` VALUES ('40', '21', '校学生会的基本工作内容', '', '<span style=\"font: 14px/24px arial, 宋体, sans-serif, tahoma, &quot;Microsoft YaHei&quot;; color: rgb(69, 69, 69); text-transform: none; text-indent: 0px; letter-spacing: normal; word-spacing: 0px; float: none; display: inline !important; white-space: normal; font-size-adjust: none; font-stretch: normal; background-color: rgb(255, 255, 255); -webkit-text-stroke-width: 0px;\">一）学生会主席在系党总支的领导下和分团委的具体指导下全面负责学生会的工作。 </span><br style=\"font: 14px/24px arial, 宋体, sans-serif, tahoma, &quot;Microsoft YaHei&quot;; color: rgb(69, 69, 69); text-transform: none; text-indent: 0px; letter-spacing: normal; word-spacing: 0px; white-space: normal; font-size-adjust: none; font-stretch: normal; background-color: rgb(255, 255, 255); -webkit-text-stroke-width: 0px;\" />\r\n<br style=\"font: 14px/24px arial, 宋体, sans-serif, tahoma, &quot;Microsoft YaHei&quot;; color: rgb(69, 69, 69); text-transform: none; text-indent: 0px; letter-spacing: normal; word-spacing: 0px; white-space: normal; font-size-adjust: none; font-stretch: normal; background-color: rgb(255, 255, 255); -webkit-text-stroke-width: 0px;\" />\r\n<span style=\"font: 14px/24px arial, 宋体, sans-serif, tahoma, &quot;Microsoft YaHei&quot;; color: rgb(69, 69, 69); text-transform: none; text-indent: 0px; letter-spacing: normal; word-spacing: 0px; float: none; display: inline !important; white-space: normal; font-size-adjust: none; font-stretch: normal; background-color: rgb(255, 255, 255); -webkit-text-stroke-width: 0px;\">（二）根据学院、系领导的指示和要求，结合实际，统筹兼顾，严格贯彻执行上级安排，做好各项工作。 </span><br style=\"font: 14px/24px arial, 宋体, sans-serif, tahoma, &quot;Microsoft YaHei&quot;; color: rgb(69, 69, 69); text-transform: none; text-indent: 0px; letter-spacing: normal; word-spacing: 0px; white-space: normal; font-size-adjust: none; font-stretch: normal; background-color: rgb(255, 255, 255); -webkit-text-stroke-width: 0px;\" />\r\n<br style=\"font: 14px/24px arial, 宋体, sans-serif, tahoma, &quot;Microsoft YaHei&quot;; color: rgb(69, 69, 69); text-transform: none; text-indent: 0px; letter-spacing: normal; word-spacing: 0px; white-space: normal; font-size-adjust: none; font-stretch: normal; background-color: rgb(255, 255, 255); -webkit-text-stroke-width: 0px;\" />\r\n<span style=\"font: 14px/24px arial, 宋体, sans-serif, tahoma, &quot;Microsoft YaHei&quot;; color: rgb(69, 69, 69); text-transform: none; text-indent: 0px; letter-spacing: normal; word-spacing: 0px; float: none; display: inline !important; white-space: normal; font-size-adjust: none; font-stretch: normal; background-color: rgb(255, 255, 255); -webkit-text-stroke-width: 0px;\">（三）带领学生会成员，模范遵守学院和系的各项规章制度，以身作则，率先垂范。 </span><br style=\"font: 14px/24px arial, 宋体, sans-serif, tahoma, &quot;Microsoft YaHei&quot;; color: rgb(69, 69, 69); text-transform: none; text-indent: 0px; letter-spacing: normal; word-spacing: 0px; white-space: normal; font-size-adjust: none; font-stretch: normal; background-color: rgb(255, 255, 255); -webkit-text-stroke-width: 0px;\" />\r\n<br style=\"font: 14px/24px arial, 宋体, sans-serif, tahoma, &quot;Microsoft YaHei&quot;; color: rgb(69, 69, 69); text-transform: none; text-indent: 0px; letter-spacing: normal; word-spacing: 0px; white-space: normal; font-size-adjust: none; font-stretch: normal; background-color: rgb(255, 255, 255); -webkit-text-stroke-width: 0px;\" />\r\n<span style=\"font: 14px/24px arial, 宋体, sans-serif, tahoma, &quot;Microsoft YaHei&quot;; color: rgb(69, 69, 69); text-transform: none; text-indent: 0px; letter-spacing: normal; word-spacing: 0px; float: none; display: inline !important; white-space: normal; font-size-adjust: none; font-stretch: normal; background-color: rgb(255, 255, 255); -webkit-text-stroke-width: 0px;\">（四）检查、督促学生会副主席、办公室主任、各部部长完成分管工作，定期召开学生会例会，研究布置学生会工作。 </span><br style=\"font: 14px/24px arial, 宋体, sans-serif, tahoma, &quot;Microsoft YaHei&quot;; color: rgb(69, 69, 69); text-transform: none; text-indent: 0px; letter-spacing: normal; word-spacing: 0px; white-space: normal; font-size-adjust: none; font-stretch: normal; background-color: rgb(255, 255, 255); -webkit-text-stroke-width: 0px;\" />\r\n<br style=\"font: 14px/24px arial, 宋体, sans-serif, tahoma, &quot;Microsoft YaHei&quot;; color: rgb(69, 69, 69); text-transform: none; text-indent: 0px; letter-spacing: normal; word-spacing: 0px; white-space: normal; font-size-adjust: none; font-stretch: normal; background-color: rgb(255, 255, 255); -webkit-text-stroke-width: 0px;\" />\r\n<span style=\"font: 14px/24px arial, 宋体, sans-serif, tahoma, &quot;Microsoft YaHei&quot;; color: rgb(69, 69, 69); text-transform: none; text-indent: 0px; letter-spacing: normal; word-spacing: 0px; float: none; display: inline !important; white-space: normal; font-size-adjust: none; font-stretch: normal; background-color: rgb(255, 255, 255); -webkit-text-stroke-width: 0px;\">（五）强化学生会内部管理，搞好团结，协调内外关系，增强学生会的凝聚力、战斗力。 </span><br style=\"font: 14px/24px arial, 宋体, sans-serif, tahoma, &quot;Microsoft YaHei&quot;; color: rgb(69, 69, 69); text-transform: none; text-indent: 0px; letter-spacing: normal; word-spacing: 0px; white-space: normal; font-size-adjust: none; font-stretch: normal; background-color: rgb(255, 255, 255); -webkit-text-stroke-width: 0px;\" />\r\n<br style=\"font: 14px/24px arial, 宋体, sans-serif, tahoma, &quot;Microsoft YaHei&quot;; color: rgb(69, 69, 69); text-transform: none; text-indent: 0px; letter-spacing: normal; word-spacing: 0px; white-space: normal; font-size-adjust: none; font-stretch: normal; background-color: rgb(255, 255, 255); -webkit-text-stroke-width: 0px;\" />\r\n<span style=\"font: 14px/24px arial, 宋体, sans-serif, tahoma, &quot;Microsoft YaHei&quot;; color: rgb(69, 69, 69); text-transform: none; text-indent: 0px; letter-spacing: normal; word-spacing: 0px; float: none; display: inline !important; white-space: normal; font-size-adjust: none; font-stretch: normal; background-color: rgb(255, 255, 255); -webkit-text-stroke-width: 0px;\">（六）虚心听取各方面的意见和建议，勇于开拓创新。 </span><br style=\"font: 14px/24px arial, 宋体, sans-serif, tahoma, &quot;Microsoft YaHei&quot;; color: rgb(69, 69, 69); text-transform: none; text-indent: 0px; letter-spacing: normal; word-spacing: 0px; white-space: normal; font-size-adjust: none; font-stretch: normal; background-color: rgb(255, 255, 255); -webkit-text-stroke-width: 0px;\" />\r\n<br style=\"font: 14px/24px arial, 宋体, sans-serif, tahoma, &quot;Microsoft YaHei&quot;; color: rgb(69, 69, 69); text-transform: none; text-indent: 0px; letter-spacing: normal; word-spacing: 0px; white-space: normal; font-size-adjust: none; font-stretch: normal; background-color: rgb(255, 255, 255); -webkit-text-stroke-width: 0px;\" />\r\n<span style=\"font: 14px/24px arial, 宋体, sans-serif, tahoma, &quot;Microsoft YaHei&quot;; color: rgb(69, 69, 69); text-transform: none; text-indent: 0px; letter-spacing: normal; word-spacing: 0px; float: none; display: inline !important; white-space: normal; font-size-adjust: none; font-stretch: normal; background-color: rgb(255, 255, 255); -webkit-text-stroke-width: 0px;\">（七）负责组织召开学生代表大会及会议的各项筹备工作。 </span><br style=\"font: 14px/24px arial, 宋体, sans-serif, tahoma, &quot;Microsoft YaHei&quot;; color: rgb(69, 69, 69); text-transform: none; text-indent: 0px; letter-spacing: normal; word-spacing: 0px; white-space: normal; font-size-adjust: none; font-stretch: normal; background-color: rgb(255, 255, 255); -webkit-text-stroke-width: 0px;\" />\r\n<br style=\"font: 14px/24px arial, 宋体, sans-serif, tahoma, &quot;Microsoft YaHei&quot;; color: rgb(69, 69, 69); text-transform: none; text-indent: 0px; letter-spacing: normal; word-spacing: 0px; white-space: normal; font-size-adjust: none; font-stretch: normal; background-color: rgb(255, 255, 255); -webkit-text-stroke-width: 0px;\" />\r\n<span style=\"font: 14px/24px arial, 宋体, sans-serif, tahoma, &quot;Microsoft YaHei&quot;; color: rgb(69, 69, 69); text-transform: none; text-indent: 0px; letter-spacing: normal; word-spacing: 0px; float: none; display: inline !important; white-space: normal; font-size-adjust: none; font-stretch: normal; background-color: rgb(255, 255, 255); -webkit-text-stroke-width: 0px;\">（八）协助系完成下届学生会干部的推荐、考察及选拔工作。 </span><br style=\"font: 14px/24px arial, 宋体, sans-serif, tahoma, &quot;Microsoft YaHei&quot;; color: rgb(69, 69, 69); text-transform: none; text-indent: 0px; letter-spacing: normal; word-spacing: 0px; white-space: normal; font-size-adjust: none; font-stretch: normal; background-color: rgb(255, 255, 255); -webkit-text-stroke-width: 0px;\" />\r\n<br style=\"font: 14px/24px arial, 宋体, sans-serif, tahoma, &quot;Microsoft YaHei&quot;; color: rgb(69, 69, 69); text-transform: none; text-indent: 0px; letter-spacing: normal; word-spacing: 0px; white-space: normal; font-size-adjust: none; font-stretch: normal; background-color: rgb(255, 255, 255); -webkit-text-stroke-width: 0px;\" />\r\n<span style=\"font: 14px/24px arial, 宋体, sans-serif, tahoma, &quot;Microsoft YaHei&quot;; color: rgb(69, 69, 69); text-transform: none; text-indent: 0px; letter-spacing: normal; word-spacing: 0px; float: none; display: inline !important; white-space: normal; font-size-adjust: none; font-stretch: normal; background-color: rgb(255, 255, 255); -webkit-text-stroke-width: 0px;\">（九）完成领导布置的其它任务。</span>', '1', '1445931673', '1445931673', '1', '0', '0', '', null, null, '网络', '0', '0');
INSERT INTO `cms_model_article` VALUES ('41', '21', '学生会检查报告', '', '<br />\r\n<a href=\"http://www.unjs.com/fanwenwang/gzbg/20121020000000_903134.html\" style=\"color: rgb(0, 0, 0); text-decoration: none;\"><strong><font size=\"3\">学生会卫生部工作报告</font></strong></a><span style=\"font: 14px/28px 宋体; color: rgb(0, 0, 0); text-transform: none; text-indent: 0px; letter-spacing: normal; word-spacing: 0px; float: none; display: inline !important; white-space: normal; font-size-adjust: none; font-stretch: normal; background-color: rgb(255, 255, 255); -webkit-text-stroke-width: 0px;\">]</span><a class=\"channel_keylink\" href=\"http://xueshenghuigongzuojihua.unjs.com/\" style=\"font: 14px/28px 宋体; color: rgb(0, 0, 0); text-transform: none; text-indent: 0px; letter-spacing: normal; text-decoration: none; word-spacing: 0px; white-space: normal; font-size-adjust: none; font-stretch: normal; background-color: rgb(255, 255, 255); -webkit-text-stroke-width: 0px;\">学生会</a><span style=\"font: 14px/28px 宋体; color: rgb(0, 0, 0); text-transform: none; text-indent: 0px; letter-spacing: normal; word-spacing: 0px; float: none; display: inline !important; white-space: normal; font-size-adjust: none; font-stretch: normal; background-color: rgb(255, 255, 255); -webkit-text-stroke-width: 0px;\">卫生部</span><a class=\"channel_keylink\" href=\"http://gongzuosixianghuibao.unjs.com/\" style=\"font: 14px/28px 宋体; color: rgb(0, 0, 0); text-transform: none; text-indent: 0px; letter-spacing: normal; text-decoration: none; word-spacing: 0px; white-space: normal; font-size-adjust: none; font-stretch: normal; background-color: rgb(255, 255, 255); -webkit-text-stroke-width: 0px;\">工作</a><a class=\"channel_keylink\" href=\"http://www.unjs.com/baogao/\" style=\"font: 14px/28px 宋体; color: rgb(0, 0, 0); text-transform: none; text-indent: 0px; letter-spacing: normal; text-decoration: none; word-spacing: 0px; white-space: normal; font-size-adjust: none; font-stretch: normal; background-color: rgb(255, 255, 255); -webkit-text-stroke-width: 0px;\">报告</a>\r\n<p style=\"font: 14px/28px 宋体; color: rgb(0, 0, 0); text-transform: none; text-indent: 0px; letter-spacing: normal; word-spacing: 0px; white-space: normal; font-size-adjust: none; font-stretch: normal; background-color: rgb(255, 255, 255); -webkit-text-stroke-width: 0px;\">xx<a class=\"channel_keylink\" href=\"http://www.unjs.com/\" style=\"color: rgb(0, 0, 0); text-decoration: none;\">大学</a>xx届<u><a class=\"channel_keylink\" href=\"http://www.unjs.com/zuowendaquan/shenghuozuowen/\" style=\"color: rgb(0, 0, 0); text-decoration: none;\">生活</a></u>部运转已经将近一年了，在这一年中，我们部<a class=\"channel_keylink\" href=\"http://huodongcehua.unjs.com/\" style=\"color: rgb(0, 0, 0); text-decoration: none;\">活动</a>开展得不少，但同时也存在着缺点和问题,在过去的一年里,<u>生活</u>部本着全面贯彻<a class=\"channel_keylink\" href=\"http://tuanweigongzuozongjie.unjs.com/\" style=\"color: rgb(0, 0, 0); text-decoration: none;\">团委</a>的指导方针,大力维护<u><a class=\"channel_keylink\" href=\"http://nanwangdetongxue.unjs.com/\" style=\"color: rgb(0, 0, 0); text-decoration: none;\">同学</a></u>们的基本权益,逐步提高<u>同学</u>们的生活质量,用创新的思维为同学们更好的服务. 在校团委<a class=\"channel_keylink\" href=\"http://laoshi.unjs.com/\" style=\"color: rgb(0, 0, 0); text-decoration: none;\">老师</a>的指导下，通过全面了解同学们的需求，<a class=\"channel_keylink\" href=\"http://www.unjs.com/gongzuozongjie/\" style=\"color: rgb(0, 0, 0); text-decoration: none;\">总结</a>上一年的工作<a class=\"channel_keylink\" href=\"http://jiaoxuejingyan.unjs.com/\" style=\"color: rgb(0, 0, 0); text-decoration: none;\">经验</a>，我们生活部的工作又揭开了新的一页，</p>\r\n\r\n<h3 style=\"font: 14px/28px 宋体; margin: 0px; padding: 0px; color: rgb(0, 0, 0); text-transform: none; text-indent: 0px; letter-spacing: normal; word-spacing: 0px; display: inline; white-space: normal; font-size-adjust: none; font-stretch: normal; background-color: rgb(255, 255, 255); -webkit-text-stroke-width: 0px;\"><a href=\"http://www.unjs.com/fanwenwang/gzbg/20121020000000_903134.html\" style=\"color: rgb(0, 0, 0); text-decoration: none;\">学生会卫生部工作报告</a></h3>\r\n<span style=\"font: 14px/28px 宋体; color: rgb(0, 0, 0); text-transform: none; text-indent: 0px; letter-spacing: normal; word-spacing: 0px; float: none; display: inline !important; white-space: normal; font-size-adjust: none; font-stretch: normal; background-color: rgb(255, 255, 255); -webkit-text-stroke-width: 0px;\">。我部继续秉承校学生会的优良</span><a class=\"channel_keylink\" href=\"http://zuofengjianshezichabaogao.unjs.com/\" style=\"font: 14px/28px 宋体; color: rgb(0, 0, 0); text-transform: none; text-indent: 0px; letter-spacing: normal; text-decoration: none; word-spacing: 0px; white-space: normal; font-size-adjust: none; font-stretch: normal; background-color: rgb(255, 255, 255); -webkit-text-stroke-width: 0px;\">作风</a><span style=\"font: 14px/28px 宋体; color: rgb(0, 0, 0); text-transform: none; text-indent: 0px; letter-spacing: normal; word-spacing: 0px; float: none; display: inline !important; white-space: normal; font-size-adjust: none; font-stretch: normal; background-color: rgb(255, 255, 255); -webkit-text-stroke-width: 0px;\">和&ldquo;全心全意为同学服务&rdquo;的一贯宗旨，努力做好同学和</span><a class=\"channel_keylink\" href=\"http://xuexiaogongzuojihua.unjs.com/\" style=\"font: 14px/28px 宋体; color: rgb(0, 0, 0); text-transform: none; text-indent: 0px; letter-spacing: normal; text-decoration: none; word-spacing: 0px; white-space: normal; font-size-adjust: none; font-stretch: normal; background-color: rgb(255, 255, 255); -webkit-text-stroke-width: 0px;\">学校</a><span style=\"font: 14px/28px 宋体; color: rgb(0, 0, 0); text-transform: none; text-indent: 0px; letter-spacing: normal; word-spacing: 0px; float: none; display: inline !important; white-space: normal; font-size-adjust: none; font-stretch: normal; background-color: rgb(255, 255, 255); -webkit-text-stroke-width: 0px;\">联系的纽带和沟通的桥梁，尽力解决同学们在生活上遇到的种种困难，为同学打造舒适的</span><u style=\"font: 14px/28px 宋体; color: rgb(0, 0, 0); text-transform: none; text-indent: 0px; letter-spacing: normal; word-spacing: 0px; white-space: normal; font-size-adjust: none; font-stretch: normal; background-color: rgb(255, 255, 255); -webkit-text-stroke-width: 0px;\"><a class=\"channel_keylink\" href=\"http://xuexifangfa.unjs.com/\" style=\"color: rgb(0, 0, 0); text-decoration: none;\">学习</a></u><span style=\"font: 14px/28px 宋体; color: rgb(0, 0, 0); text-transform: none; text-indent: 0px; letter-spacing: normal; word-spacing: 0px; float: none; display: inline !important; white-space: normal; font-size-adjust: none; font-stretch: normal; background-color: rgb(255, 255, 255); -webkit-text-stroke-width: 0px;\">生活</span><a class=\"channel_keylink\" href=\"http://baohuhuanjing.unjs.com/\" style=\"font: 14px/28px 宋体; color: rgb(0, 0, 0); text-transform: none; text-indent: 0px; letter-spacing: normal; text-decoration: none; word-spacing: 0px; white-space: normal; font-size-adjust: none; font-stretch: normal; background-color: rgb(255, 255, 255); -webkit-text-stroke-width: 0px;\">环境</a><span style=\"font: 14px/28px 宋体; color: rgb(0, 0, 0); text-transform: none; text-indent: 0px; letter-spacing: normal; word-spacing: 0px; float: none; display: inline !important; white-space: normal; font-size-adjust: none; font-stretch: normal; background-color: rgb(255, 255, 255); -webkit-text-stroke-width: 0px;\">。xx-x年x月份，生活部完成了新老部长的交替。通过书面</span><a class=\"channel_keylink\" href=\"http://yubeidangyuanzhuanzheng.unjs.com/\" style=\"font: 14px/28px 宋体; color: rgb(0, 0, 0); text-transform: none; text-indent: 0px; letter-spacing: normal; text-decoration: none; word-spacing: 0px; white-space: normal; font-size-adjust: none; font-stretch: normal; background-color: rgb(255, 255, 255); -webkit-text-stroke-width: 0px;\">申请</a><span style=\"font: 14px/28px 宋体; color: rgb(0, 0, 0); text-transform: none; text-indent: 0px; letter-spacing: normal; word-spacing: 0px; float: none; display: inline !important; white-space: normal; font-size-adjust: none; font-stretch: normal; background-color: rgb(255, 255, 255); -webkit-text-stroke-width: 0px;\">、</span><u style=\"font: 14px/28px 宋体; color: rgb(0, 0, 0); text-transform: none; text-indent: 0px; letter-spacing: normal; word-spacing: 0px; white-space: normal; font-size-adjust: none; font-stretch: normal; background-color: rgb(255, 255, 255); -webkit-text-stroke-width: 0px;\"><a class=\"channel_keylink\" href=\"http://mianshiziwojieshao.unjs.com/\" style=\"color: rgb(0, 0, 0); text-decoration: none;\">面试</a></u><span style=\"font: 14px/28px 宋体; color: rgb(0, 0, 0); text-transform: none; text-indent: 0px; letter-spacing: normal; word-spacing: 0px; float: none; display: inline !important; white-space: normal; font-size-adjust: none; font-stretch: normal; background-color: rgb(255, 255, 255); -webkit-text-stroke-width: 0px;\">等一系列过程产生了新一届部长。紧接着在x月xx日的全校学生会纳新中，生活部纳进了n位新成员，为生活部补充了新鲜血液，充实了生活部，给生活部带来了希望，迎来了生活部又一发展契机。 新一届生活部在校</span><a class=\"channel_keylink\" href=\"http://lingdaofayangao.unjs.com/\" style=\"font: 14px/28px 宋体; color: rgb(0, 0, 0); text-transform: none; text-indent: 0px; letter-spacing: normal; text-decoration: none; word-spacing: 0px; white-space: normal; font-size-adjust: none; font-stretch: normal; background-color: rgb(255, 255, 255); -webkit-text-stroke-width: 0px;\">领导</a><span style=\"font: 14px/28px 宋体; color: rgb(0, 0, 0); text-transform: none; text-indent: 0px; letter-spacing: normal; word-spacing: 0px; float: none; display: inline !important; white-space: normal; font-size-adjust: none; font-stretch: normal; background-color: rgb(255, 255, 255); -webkit-text-stroke-width: 0px;\">和学生会团委的指导下，通过生活部22位成员的共同努力，在同学们的热情支持下开展了一些活动。现将生活部开展的一些活动总结如下：一.在x月xx日和xx月xx日分别进行了本学年的n次卫生检查。其中第二次的卫生检查涉及到部分</span><a class=\"channel_keylink\" href=\"http://www.unjs.com/\" style=\"font: 14px/28px 宋体; color: rgb(0, 0, 0); text-transform: none; text-indent: 0px; letter-spacing: normal; text-decoration: none; word-spacing: 0px; white-space: normal; font-size-adjust: none; font-stretch: normal; background-color: rgb(255, 255, 255); -webkit-text-stroke-width: 0px;\">学院</a><span style=\"font: 14px/28px 宋体; color: rgb(0, 0, 0); text-transform: none; text-indent: 0px; letter-spacing: normal; word-spacing: 0px; float: none; display: inline !important; white-space: normal; font-size-adjust: none; font-stretch: normal; background-color: rgb(255, 255, 255); -webkit-text-stroke-width: 0px;\">n个宿舍，并且是在新的条例下，用全新的记分表进行的。x月xx日是新一届生活部的</span><a class=\"channel_keylink\" href=\"http://diyicizuowen.unjs.com/\" style=\"font: 14px/28px 宋体; color: rgb(0, 0, 0); text-transform: none; text-indent: 0px; letter-spacing: normal; text-decoration: none; word-spacing: 0px; white-space: normal; font-size-adjust: none; font-stretch: normal; background-color: rgb(255, 255, 255); -webkit-text-stroke-width: 0px;\">第一次</a><span style=\"font: 14px/28px 宋体; color: rgb(0, 0, 0); text-transform: none; text-indent: 0px; letter-spacing: normal; word-spacing: 0px; float: none; display: inline !important; white-space: normal; font-size-adjust: none; font-stretch: normal; background-color: rgb(255, 255, 255); -webkit-text-stroke-width: 0px;\">宿舍卫生检查，由于处于评估前夕，因此此次检查的对象是我校大一新生和大二全部宿舍。在大一和大二全体学生的热情配合和生活部成员的积极努力下，卫生检查和公布工作圆满完成。唯一的不足就是在第二次全院学生宿舍卫生检查时，大三和大四的某些宿舍未留人，使我们无法检查。这是我们工作的失误，以后我们会尽量通知到位。二. 我们对学生宿舍卫生检查条例和学生宿舍卫生检查记分表进行了修改。鉴于原条例在实际生活操作中要求不明确，同学们不易完全按条例要求完成的缺点，我们生活部对其进行了修改。我们从实际和目的出发，将条例按卫生检查的要求进行了点的修改，以点带动面，使同学们在按照点的要求去做，在不知不觉中将宿舍卫生提高上去了，相应的宿舍检查时用的记分表也需要修改，</span>\r\n\r\n<h4 style=\"font: 14px/28px 宋体; margin: 0px; padding: 0px; color: rgb(0, 0, 0); text-transform: none; text-indent: 0px; letter-spacing: normal; word-spacing: 0px; display: inline; white-space: normal; font-size-adjust: none; font-stretch: normal; background-color: rgb(255, 255, 255); -webkit-text-stroke-width: 0px;\"><a href=\"http://www.unjs.com/fanwenwang/gzbg/\" style=\"color: rgb(0, 0, 0); text-decoration: none;\">工作报告</a></h4>\r\n<span style=\"font: 14px/28px 宋体; color: rgb(0, 0, 0); text-transform: none; text-indent: 0px; letter-spacing: normal; word-spacing: 0px; float: none; display: inline !important; white-space: normal; font-size-adjust: none; font-stretch: normal; background-color: rgb(255, 255, 255); -webkit-text-stroke-width: 0px;\">《</span><a href=\"http://www.unjs.com/fanwenwang/gzbg/20121020000000_903134.html\" style=\"font: 14px/28px 宋体; color: rgb(0, 0, 0); text-transform: none; text-indent: 0px; letter-spacing: normal; text-decoration: none; word-spacing: 0px; white-space: normal; font-size-adjust: none; font-stretch: normal; background-color: rgb(255, 255, 255); -webkit-text-stroke-width: 0px;\">学生会卫生部工作报告</a><span style=\"font: 14px/28px 宋体; color: rgb(0, 0, 0); text-transform: none; text-indent: 0px; letter-spacing: normal; word-spacing: 0px; float: none; display: inline !important; white-space: normal; font-size-adjust: none; font-stretch: normal; background-color: rgb(255, 255, 255); -webkit-text-stroke-width: 0px;\">》(</span><a href=\"http://www.unjs.com/\" style=\"font: 14px/28px 宋体; color: rgb(0, 0, 0); text-transform: none; text-indent: 0px; letter-spacing: normal; text-decoration: none; word-spacing: 0px; white-space: normal; font-size-adjust: none; font-stretch: normal; background-color: rgb(255, 255, 255); -webkit-text-stroke-width: 0px;\">http://www.unjs.com</a><span style=\"font: 14px/28px 宋体; color: rgb(0, 0, 0); text-transform: none; text-indent: 0px; letter-spacing: normal; word-spacing: 0px; float: none; display: inline !important; white-space: normal; font-size-adjust: none; font-stretch: normal; background-color: rgb(255, 255, 255); -webkit-text-stroke-width: 0px;\">)。我们在修改这项表格时，注意了主观因素对检查结果的影响，为了最大程度地给同学们以公平，我们在修改时将</span><a class=\"channel_keylink\" href=\"http://xiangmushishifangan.unjs.com/\" style=\"font: 14px/28px 宋体; color: rgb(0, 0, 0); text-transform: none; text-indent: 0px; letter-spacing: normal; text-decoration: none; word-spacing: 0px; white-space: normal; font-size-adjust: none; font-stretch: normal; background-color: rgb(255, 255, 255); -webkit-text-stroke-width: 0px;\">项目</a><span style=\"font: 14px/28px 宋体; color: rgb(0, 0, 0); text-transform: none; text-indent: 0px; letter-spacing: normal; word-spacing: 0px; float: none; display: inline !important; white-space: normal; font-size-adjust: none; font-stretch: normal; background-color: rgb(255, 255, 255); -webkit-text-stroke-width: 0px;\">细化，分值比例恰当，最大程度地减少了记分人的主观因素，使全院的宿舍卫生具有可比性。这不但没有降低宿舍卫生要求，却大大降低了操作难度。三、学校每周五晚的</span><a class=\"channel_keylink\" href=\"http://zhoumozhufu.unjs.com/\" style=\"font: 14px/28px 宋体; color: rgb(0, 0, 0); text-transform: none; text-indent: 0px; letter-spacing: normal; text-decoration: none; word-spacing: 0px; white-space: normal; font-size-adjust: none; font-stretch: normal; background-color: rgb(255, 255, 255); -webkit-text-stroke-width: 0px;\">周末</a><span style=\"font: 14px/28px 宋体; color: rgb(0, 0, 0); text-transform: none; text-indent: 0px; letter-spacing: normal; word-spacing: 0px; float: none; display: inline !important; white-space: normal; font-size-adjust: none; font-stretch: normal; background-color: rgb(255, 255, 255); -webkit-text-stroke-width: 0px;\">舞会主要是由我们部负责,它为我校建设和-谐济大做好了准备,为同学们提供了一个相互沟通与相互了解的</span><a class=\"channel_keylink\" href=\"http://jingyanjiaoliucailiao.unjs.com/\" style=\"font: 14px/28px 宋体; color: rgb(0, 0, 0); text-transform: none; text-indent: 0px; letter-spacing: normal; text-decoration: none; word-spacing: 0px; white-space: normal; font-size-adjust: none; font-stretch: normal; background-color: rgb(255, 255, 255); -webkit-text-stroke-width: 0px;\">交流</a><span style=\"font: 14px/28px 宋体; color: rgb(0, 0, 0); text-transform: none; text-indent: 0px; letter-spacing: normal; word-spacing: 0px; float: none; display: inline !important; white-space: normal; font-size-adjust: none; font-stretch: normal; background-color: rgb(255, 255, 255); -webkit-text-stroke-width: 0px;\">平台.开展周末舞会,可以丰富我们的课余文化生活,提高我们的内在素质,塑造高尚的人格.在舞蹈</span><a class=\"channel_keylink\" href=\"http://wanhuizhuchici.unjs.com/\" style=\"font: 14px/28px 宋体; color: rgb(0, 0, 0); text-transform: none; text-indent: 0px; letter-spacing: normal; text-decoration: none; word-spacing: 0px; white-space: normal; font-size-adjust: none; font-stretch: normal; background-color: rgb(255, 255, 255); -webkit-text-stroke-width: 0px;\">晚会</a><span style=\"font: 14px/28px 宋体; color: rgb(0, 0, 0); text-transform: none; text-indent: 0px; letter-spacing: normal; word-spacing: 0px; float: none; display: inline !important; white-space: normal; font-size-adjust: none; font-stretch: normal; background-color: rgb(255, 255, 255); -webkit-text-stroke-width: 0px;\">上,每次的舞会气氛都很浓烈,充分调动了在场人员的舞动激-情.总体来说,周末舞会是我部举办的最红火的一个部分,在以后的工作中还要保持,更要做到精益求精.四.九月底的迎新晚会，我部负责工作餐和饮用</span><a class=\"channel_keylink\" href=\"http://shui.unjs.com/\" style=\"font: 14px/28px 宋体; color: rgb(0, 0, 0); text-transform: none; text-indent: 0px; letter-spacing: normal; text-decoration: none; word-spacing: 0px; white-space: normal; font-size-adjust: none; font-stretch: normal; background-color: rgb(255, 255, 255); -webkit-text-stroke-width: 0px;\">水</a><span style=\"font: 14px/28px 宋体; color: rgb(0, 0, 0); text-transform: none; text-indent: 0px; letter-spacing: normal; word-spacing: 0px; float: none; display: inline !important; white-space: normal; font-size-adjust: none; font-stretch: normal; background-color: rgb(255, 255, 255); -webkit-text-stroke-width: 0px;\">的供应，为晚会的顺利进行提供保障。五.十月上旬，完成了&ldquo;学生膳食委员会&rdquo;、&ldquo;学生图书</span><a class=\"channel_keylink\" href=\"http://www.unjs.com/fanwenwang/gzzd/\" style=\"font: 14px/28px 宋体; color: rgb(0, 0, 0); text-transform: none; text-indent: 0px; letter-spacing: normal; text-decoration: none; word-spacing: 0px; white-space: normal; font-size-adjust: none; font-stretch: normal; background-color: rgb(255, 255, 255); -webkit-text-stroke-width: 0px;\">管理</a><span style=\"font: 14px/28px 宋体; color: rgb(0, 0, 0); text-transform: none; text-indent: 0px; letter-spacing: normal; word-spacing: 0px; float: none; display: inline !important; white-space: normal; font-size-adjust: none; font-stretch: normal; background-color: rgb(255, 255, 255); -webkit-text-stroke-width: 0px;\">委员会&rdquo;和&ldquo;学生医疗</span><a class=\"channel_keylink\" href=\"http://www.unjs.com/xuexi/redianyuedu/\" style=\"font: 14px/28px 宋体; color: rgb(0, 0, 0); text-transform: none; text-indent: 0px; letter-spacing: normal; text-decoration: none; word-spacing: 0px; white-space: normal; font-size-adjust: none; font-stretch: normal; background-color: rgb(255, 255, 255); -webkit-text-stroke-width: 0px;\">健康</a><span style=\"font: 14px/28px 宋体; color: rgb(0, 0, 0); text-transform: none; text-indent: 0px; letter-spacing: normal; word-spacing: 0px; float: none; display: inline !important; white-space: normal; font-size-adjust: none; font-stretch: normal; background-color: rgb(255, 255, 255); -webkit-text-stroke-width: 0px;\">委员会&rdquo;的重组工作。六、建立完善的例会制度和生活权益部干事</span><a class=\"channel_keylink\" href=\"http://jiaoshiniandukaohegerenzongjie.unjs.com/\" style=\"font: 14px/28px 宋体; color: rgb(0, 0, 0); text-transform: none; text-indent: 0px; letter-spacing: normal; text-decoration: none; word-spacing: 0px; white-space: normal; font-size-adjust: none; font-stretch: normal; background-color: rgb(255, 255, 255); -webkit-text-stroke-width: 0px;\">考核</a><span style=\"font: 14px/28px 宋体; color: rgb(0, 0, 0); text-transform: none; text-indent: 0px; letter-spacing: normal; word-spacing: 0px; float: none; display: inline !important; white-space: normal; font-size-adjust: none; font-stretch: normal; background-color: rgb(255, 255, 255); -webkit-text-stroke-width: 0px;\">制度。每个月第一个星期四召开膳食中心领导与膳食委员会委员的联席</span><a class=\"channel_keylink\" href=\"http://huiyijiyao.unjs.com/\" style=\"font: 14px/28px 宋体; color: rgb(0, 0, 0); text-transform: none; text-indent: 0px; letter-spacing: normal; text-decoration: none; word-spacing: 0px; white-space: normal; font-size-adjust: none; font-stretch: normal; background-color: rgb(255, 255, 255); -webkit-text-stroke-width: 0px;\">会议</a><span style=\"font: 14px/28px 宋体; color: rgb(0, 0, 0); text-transform: none; text-indent: 0px; letter-spacing: normal; word-spacing: 0px; float: none; display: inline !important; white-space: normal; font-size-adjust: none; font-stretch: normal; background-color: rgb(255, 255, 255); -webkit-text-stroke-width: 0px;\">，做好会议的记录和考勤工作，及时交流广大</span><a class=\"channel_keylink\" href=\"http://shishengqing.unjs.com/\" style=\"font: 14px/28px 宋体; color: rgb(0, 0, 0); text-transform: none; text-indent: 0px; letter-spacing: normal; text-decoration: none; word-spacing: 0px; white-space: normal; font-size-adjust: none; font-stretch: normal; background-color: rgb(255, 255, 255); -webkit-text-stroke-width: 0px;\">师生</a><span style=\"font: 14px/28px 宋体; color: rgb(0, 0, 0); text-transform: none; text-indent: 0px; letter-spacing: normal; word-spacing: 0px; float: none; display: inline !important; white-space: normal; font-size-adjust: none; font-stretch: normal; background-color: rgb(255, 255, 255); -webkit-text-stroke-width: 0px;\">的意见和建议。每个月第二个周四晚上召开生活权益部内部会议，及时交流总结前一阶段的工作，并制定下一步的工作</span><a class=\"channel_keylink\" href=\"http://www.unjs.com/fanwenwang/gzjh/\" style=\"font: 14px/28px 宋体; color: rgb(0, 0, 0); text-transform: none; text-indent: 0px; letter-spacing: normal; text-decoration: none; word-spacing: 0px; white-space: normal; font-size-adjust: none; font-stretch: normal; background-color: rgb(255, 255, 255); -webkit-text-stroke-width: 0px;\">计划</a><span style=\"font: 14px/28px 宋体; color: rgb(0, 0, 0); text-transform: none; text-indent: 0px; letter-spacing: normal; word-spacing: 0px; float: none; display: inline !important; white-space: normal; font-size-adjust: none; font-stretch: normal; background-color: rgb(255, 255, 255); -webkit-text-stroke-width: 0px;\">。各委员会工作会议随机召开。七、x月xx日，为了丰富我校师生的</span><u style=\"font: 14px/28px 宋体; color: rgb(0, 0, 0); text-transform: none; text-indent: 0px; letter-spacing: normal; word-spacing: 0px; white-space: normal; font-size-adjust: none; font-stretch: normal; background-color: rgb(255, 255, 255); -webkit-text-stroke-width: 0px;\"><a class=\"channel_keylink\" href=\"http://meilidexiaoyuan.unjs.com/\" style=\"color: rgb(0, 0, 0); text-decoration: none;\">校园</a></u><span style=\"font: 14px/28px 宋体; color: rgb(0, 0, 0); text-transform: none; text-indent: 0px; letter-spacing: normal; word-spacing: 0px; float: none; display: inline !important; white-space: normal; font-size-adjust: none; font-stretch: normal; background-color: rgb(255, 255, 255); -webkit-text-stroke-width: 0px;\">生活，在副主席们的带领下，积极为自编自演的情景喜剧的顺利演出作好各项准备，演出赢得广大师生的一致好评。八、x月中旬，我部全体成员积极协助校医院作好体检工作的秩序维持。九、x月下旬，我部对餐厅做了一次</span><a class=\"channel_keylink\" href=\"http://shehuidiaocha.unjs.com/\" style=\"font: 14px/28px 宋体; color: rgb(0, 0, 0); text-transform: none; text-indent: 0px; letter-spacing: normal; text-decoration: none; word-spacing: 0px; white-space: normal; font-size-adjust: none; font-stretch: normal; background-color: rgb(255, 255, 255); -webkit-text-stroke-width: 0px;\">调查</a><span style=\"font: 14px/28px 宋体; color: rgb(0, 0, 0); text-transform: none; text-indent: 0px; letter-spacing: normal; word-spacing: 0px; float: none; display: inline !important; white-space: normal; font-size-adjust: none; font-stretch: normal; background-color: rgb(255, 255, 255); -webkit-text-stroke-width: 0px;\">，主要针对餐厅现状，如餐厅开放</span><a class=\"channel_keylink\" href=\"http://zhenxishijiandemingyan.unjs.com/\" style=\"font: 14px/28px 宋体; color: rgb(0, 0, 0); text-transform: none; text-indent: 0px; letter-spacing: normal; text-decoration: none; word-spacing: 0px; white-space: normal; font-size-adjust: none; font-stretch: normal; background-color: rgb(255, 255, 255); -webkit-text-stroke-width: 0px;\">时间</a><span style=\"font: 14px/28px 宋体; color: rgb(0, 0, 0); text-transform: none; text-indent: 0px; letter-spacing: normal; word-spacing: 0px; float: none; display: inline !important; white-space: normal; font-size-adjust: none; font-stretch: normal; background-color: rgb(255, 255, 255); -webkit-text-stroke-width: 0px;\">、免费稀饭、饭菜质量、服务态度等。另外对未来饮食中心的工作提出一些建议。此次调查结果得到团委老师及饮食中心领导的一致好评。十、x月一日至十四日，为了迎接专家评估组来我校评估，我部以</span><a class=\"channel_keylink\" href=\"http://daxueshengrudangzhiyuanshu.unjs.com/\" style=\"font: 14px/28px 宋体; color: rgb(0, 0, 0); text-transform: none; text-indent: 0px; letter-spacing: normal; text-decoration: none; word-spacing: 0px; white-space: normal; font-size-adjust: none; font-stretch: normal; background-color: rgb(255, 255, 255); -webkit-text-stroke-width: 0px;\">大学生</a><span style=\"font: 14px/28px 宋体; color: rgb(0, 0, 0); text-transform: none; text-indent: 0px; letter-spacing: normal; word-spacing: 0px; float: none; display: inline !important; white-space: normal; font-size-adjust: none; font-stretch: normal; background-color: rgb(255, 255, 255); -webkit-text-stroke-width: 0px;\">活动中心为试点基地开展对大学生自习室的整顿工作，重点整顿占位问题以及</span><u style=\"font: 14px/28px 宋体; color: rgb(0, 0, 0); text-transform: none; text-indent: 0px; letter-spacing: normal; word-spacing: 0px; white-space: normal; font-size-adjust: none; font-stretch: normal; background-color: rgb(255, 255, 255); -webkit-text-stroke-width: 0px;\">其他</u><span style=\"font: 14px/28px 宋体; color: rgb(0, 0, 0); text-transform: none; text-indent: 0px; letter-spacing: normal; word-spacing: 0px; float: none; display: inline !important; white-space: normal; font-size-adjust: none; font-stretch: normal; background-color: rgb(255, 255, 255); -webkit-text-stroke-width: 0px;\">的不</span><a class=\"channel_keylink\" href=\"http://wenming.unjs.com/\" style=\"font: 14px/28px 宋体; color: rgb(0, 0, 0); text-transform: none; text-indent: 0px; letter-spacing: normal; text-decoration: none; word-spacing: 0px; white-space: normal; font-size-adjust: none; font-stretch: normal; background-color: rgb(255, 255, 255); -webkit-text-stroke-width: 0px;\">文明</a><span style=\"font: 14px/28px 宋体; color: rgb(0, 0, 0); text-transform: none; text-indent: 0px; letter-spacing: normal; word-spacing: 0px; float: none; display: inline !important; white-space: normal; font-size-adjust: none; font-stretch: normal; background-color: rgb(255, 255, 255); -webkit-text-stroke-width: 0px;\">现象。为此我部向全校同学发出倡议，并组织服务队在大学生活动中心做现场宣传。鉴于大学自习室占位问题是每所</span><a class=\"channel_keylink\" href=\"http://www.unjs.com/\" style=\"font: 14px/28px 宋体; color: rgb(0, 0, 0); text-transform: none; text-indent: 0px; letter-spacing: normal; text-decoration: none; word-spacing: 0px; white-space: normal; font-size-adjust: none; font-stretch: normal; background-color: rgb(255, 255, 255); -webkit-text-stroke-width: 0px;\">高校</a><span style=\"font: 14px/28px 宋体; color: rgb(0, 0, 0); text-transform: none; text-indent: 0px; letter-spacing: normal; word-spacing: 0px; float: none; display: inline !important; white-space: normal; font-size-adjust: none; font-stretch: normal; background-color: rgb(255, 255, 255); -webkit-text-stroke-width: 0px;\">都普遍存在的现象，却一直没有一套可行的</span><a class=\"channel_keylink\" href=\"http://cehuafangan.unjs.com/\" style=\"font: 14px/28px 宋体; color: rgb(0, 0, 0); text-transform: none; text-indent: 0px; letter-spacing: normal; text-decoration: none; word-spacing: 0px; white-space: normal; font-size-adjust: none; font-stretch: normal; background-color: rgb(255, 255, 255); -webkit-text-stroke-width: 0px;\">方案</a><span style=\"font: 14px/28px 宋体; color: rgb(0, 0, 0); text-transform: none; text-indent: 0px; letter-spacing: normal; word-spacing: 0px; float: none; display: inline !important; white-space: normal; font-size-adjust: none; font-stretch: normal; background-color: rgb(255, 255, 255); -webkit-text-stroke-width: 0px;\">彻底解决，为此我部先后做了两次调查，搜集同学层面对于自习室占位问题的态度和解决</span><a class=\"channel_keylink\" href=\"http://xuexifangfa.unjs.com/\" style=\"font: 14px/28px 宋体; color: rgb(0, 0, 0); text-transform: none; text-indent: 0px; letter-spacing: normal; text-decoration: none; word-spacing: 0px; white-space: normal; font-size-adjust: none; font-stretch: normal; background-color: rgb(255, 255, 255); -webkit-text-stroke-width: 0px;\">方法</a><span style=\"font: 14px/28px 宋体; color: rgb(0, 0, 0); text-transform: none; text-indent: 0px; letter-spacing: normal; word-spacing: 0px; float: none; display: inline !important; white-space: normal; font-size-adjust: none; font-stretch: normal; background-color: rgb(255, 255, 255); -webkit-text-stroke-width: 0px;\">，撰写了两份调查报告和几套解决方案</span>', '1', '1445932835', '1445932835', '1', '0', '0', '', null, null, '网络', '0', '0');
INSERT INTO `cms_model_article` VALUES ('42', '14', '叶老师荣获首席教师', '', '<span style=\"font: 12px/normal 宋体; text-align: left; color: rgb(162, 87, 26); text-transform: none; text-indent: 0px; letter-spacing: normal; word-spacing: 0px; float: none; display: inline !important; white-space: normal; font-size-adjust: none; font-stretch: normal; background-color: rgb(255, 255, 255); -webkit-text-stroke-width: 0px;\">叶老师于87年开始从教至今。现任高级教师及首席责任教师。在19年的教学生涯中，她努力学习本专业知识以及教育教学理论，用理论和实践相结合的方式不断地丰富并提高自己的教学水平，并于2002年获得东北师大教育硕士学位。她始终走在教育改革的前沿。她的课堂教学生动活跃，形式多样，充分发挥学生的自我能动性，教学效果非常好，深受学生欢迎。她曾代表学校参加过国家级，省级，市级各类公开课，并取得优异成绩。她在国家级期刊发表过文章，并获得过省市，国家级优秀论文奖多次。她在自己教学水平得以提高的同时还不断帮助年轻教师进步。曾带徒弟十余人，并指导他们上省，市，校级公开课并均获得优异成绩。她任教19年中，担任班主任年限15年，所带班级成绩优异在学校各方面活动中表现突出，更重要的是她能够洞察学生心理，解决他们的思想问题，平等对待每位学生，做他们的知心朋友。她所带的06，12班获得市优秀班级的光荣称号。她本人已荣获市骨干教师，巾帼师德标兵，市优秀班主任等荣誉称号。</span>', '1', '1445934016', '1445934016', '1', '0', '0', '', null, null, '网络', '0', '0');
INSERT INTO `cms_model_article` VALUES ('43', '20', '向大英雄曹书嘉致敬！', '大英雄曹书嘉', '曹书嘉，身为一名当代大学生，为救人，义无反顾，值得鼓励！', '1', '1446019316', '1446019316', '1', '1', '0', '', null, null, '同学呼吁', '0', '0');
INSERT INTO `cms_model_article` VALUES ('44', '30', '213', '', '213', '11', '1446024022', '1446024022', '0', '1', '0', '', null, null, '12', '0', '0');

-- ----------------------------
-- Table structure for cms_page
-- ----------------------------
DROP TABLE IF EXISTS `cms_page`;
CREATE TABLE `cms_page` (
  `id` int(11) NOT NULL AUTO_INCREMENT,
  `cate_id` int(11) NOT NULL,
  `title` varchar(30) NOT NULL COMMENT '标题',
  `subject` varchar(30) DEFAULT NULL COMMENT '描述',
  `content` longtext NOT NULL COMMENT '内容',
  `create_user` int(11) NOT NULL COMMENT '创建人',
  `create_time` int(11) NOT NULL COMMENT '创建时间',
  `update_time` int(11) DEFAULT NULL COMMENT '更新时间',
  `audit` char(1) DEFAULT '0' COMMENT '审核，默认通过',
  `delete_flag` char(1) DEFAULT '0' COMMENT '是否删除',
  `top` char(1) DEFAULT '0' COMMENT '置顶',
  `origin` varchar(50) DEFAULT NULL COMMENT '来源',
  `mark` varchar(20) DEFAULT NULL,
  PRIMARY KEY (`id`)
) ENGINE=InnoDB AUTO_INCREMENT=7 DEFAULT CHARSET=utf8;

-- ----------------------------
-- Records of cms_page
-- ----------------------------
INSERT INTO `cms_page` VALUES ('1', '18', '校长', '', '张德兵。', '11', '1446022319', '1446022319', '0', '0', '0', '录入', '');
INSERT INTO `cms_page` VALUES ('2', '18', '副校长', '', '刘燕琳', '11', '1446022346', '1446022346', '0', '0', '0', '录入', '');
INSERT INTO `cms_page` VALUES ('3', '17', '学校简介', '', '<span style=\"font: 14px/24px arial, 宋体, sans-serif, tahoma, &quot;Microsoft YaHei&quot;; color: rgb(69, 69, 69); text-transform: none; text-indent: 0px; letter-spacing: normal; word-spacing: 0px; float: none; display: inline !important; white-space: normal; font-size-adjust: none; font-stretch: normal; background-color: rgb(255, 255, 255); -webkit-text-stroke-width: 0px;\">XX学校始建于XX年，原校址位于XX， X年X月正式迁至X，新学校占地X平方米、建筑面积X平方米，现有XX个教学班，XX名学生，教师XX名，其中小学高级教师X人，一级教师X人。大学本科学历X人，专科学历X人，中师学历X人。</span><br style=\"font: 14px/24px arial, 宋体, sans-serif, tahoma, &quot;Microsoft YaHei&quot;; color: rgb(69, 69, 69); text-transform: none; text-indent: 0px; letter-spacing: normal; word-spacing: 0px; white-space: normal; font-size-adjust: none; font-stretch: normal; background-color: rgb(255, 255, 255); -webkit-text-stroke-width: 0px;\" />\r\n<span style=\"font: 14px/24px arial, 宋体, sans-serif, tahoma, &quot;Microsoft YaHei&quot;; color: rgb(69, 69, 69); text-transform: none; text-indent: 0px; letter-spacing: normal; word-spacing: 0px; float: none; display: inline !important; white-space: normal; font-size-adjust: none; font-stretch: normal; background-color: rgb(255, 255, 255); -webkit-text-stroke-width: 0px;\">学校始终坚持&ldquo;德育为首、质量强校、全面育人、以人为本&rdquo;的办学思想，以&ldquo;博闻、广识、超越、奋进&rdquo;为校训，将&ldquo;培养人、发展人、完善人&rdquo;作为学校教育工作的根本，把学生的养成教育贯彻学校工作的始终。开展经典诵读、演讲比赛、国旗下系列教育活动、主题班会等，寓德育教育于各项活动之中。浓浓书香充满校园，文明礼仪在学生中蔚然成风。 </span><br style=\"font: 14px/24px arial, 宋体, sans-serif, tahoma, &quot;Microsoft YaHei&quot;; color: rgb(69, 69, 69); text-transform: none; text-indent: 0px; letter-spacing: normal; word-spacing: 0px; white-space: normal; font-size-adjust: none; font-stretch: normal; background-color: rgb(255, 255, 255); -webkit-text-stroke-width: 0px;\" />\r\n<span style=\"font: 14px/24px arial, 宋体, sans-serif, tahoma, &quot;Microsoft YaHei&quot;; color: rgb(69, 69, 69); text-transform: none; text-indent: 0px; letter-spacing: normal; word-spacing: 0px; float: none; display: inline !important; white-space: normal; font-size-adjust: none; font-stretch: normal; background-color: rgb(255, 255, 255); -webkit-text-stroke-width: 0px;\">学校以新课程改革为主线，把教育教学改革的重点放在提高课堂教学质量和科研兴校方面，积极推进新课程的改革与发展，注重培养学生良好素质、健全人格和创新精神。&ldquo;齐心合力、勇于创新&rdquo;鼓舞着师生不断进步，学校各方面取得了斐然的成绩。</span><br style=\"font: 14px/24px arial, 宋体, sans-serif, tahoma, &quot;Microsoft YaHei&quot;; color: rgb(69, 69, 69); text-transform: none; text-indent: 0px; letter-spacing: normal; word-spacing: 0px; white-space: normal; font-size-adjust: none; font-stretch: normal; background-color: rgb(255, 255, 255); -webkit-text-stroke-width: 0px;\" />\r\n<span style=\"font: 14px/24px arial, 宋体, sans-serif, tahoma, &quot;Microsoft YaHei&quot;; color: rgb(69, 69, 69); text-transform: none; text-indent: 0px; letter-spacing: normal; word-spacing: 0px; float: none; display: inline !important; white-space: normal; font-size-adjust: none; font-stretch: normal; background-color: rgb(255, 255, 255); -webkit-text-stroke-width: 0px;\">学校希望能夯实各方面基础，在素质教育之路上踏实、坚定地前行，渴望能以现代的、新锐的形象呈现小学的风貌！！。</span>', '11', '1446023131', '1446023205', '0', '0', '0', '网络', '');
INSERT INTO `cms_page` VALUES ('4', '27', '《蜀道难》', '', '<img src=\"/portal/attachment/index/id/282/code/L4yHEQ-JUVuitwe5Uw1acBp4_QRBDezEDjUrUgVf6PqZ6Qk1tVZUGYris3PvIgEBv6ItEXn6ohl6A1R2pSGocFgA0nk_5ROt23o1pqE6K_b10jY7PlOkmzjsiciko71CLquf_QRaWdZ5tkyVhOQ3XxQkoyS6AXk3SnLa4E-83EG4ivjFpERqEYZRmJo107puyS0r2X1EHCLjXnmSXY0p-h675B6aQD4-\" /><br />\r\n张老师对《蜀道难》的讲解可谓是理解颇深，让学生们犹如看见了另一种视野。', '1', '1446024676', '1446025837', '1', '0', '0', '网路', '');
INSERT INTO `cms_page` VALUES ('5', '28', '一年一班成绩有明显提高', '', '在十月月考中，一年一班的学生的各科成绩都有明显的提高。', '1', '1446024927', '1446024927', '1', '0', '0', '录入', '');
INSERT INTO `cms_page` VALUES ('6', '29', '小实验—这只气球会爆炸吗？', '', '<span style=\"font: 14px/25.2px Simsun; color: rgb(0, 0, 0); text-transform: none; text-indent: 28px; letter-spacing: normal; word-spacing: 0px; float: none; display: inline !important; white-space: normal; font-size-adjust: none; font-stretch: normal; background-color: rgb(246, 252, 255); -webkit-text-stroke-width: 0px;\">&nbsp;把一只气球吹足气，系紧口子。再用一块透明胶布（橡皮膏也可）贴在气球上，拿一根针从贴着透明胶布的地方把气球扎破，你会看到气从针孔处徐徐冒出来，气球却象消了气的车胎一样慢慢地瘪下去。原来气球扎破时，溢出的空气造成一股压力，橡皮和胶布对这种压力的反应各不相同。当压缩空气从气球扎破的地方冲出时，橡胶脆而薄，气球皮一下就被撑破了，同时发出很大的破裂声。透明胶带比较坚固，它可以抵住压缩空气冲出造成的压力，所以气球不会&ldquo;啪&rdquo;的一声爆炸。人们已经把它运用到生产中去了，防爆车胎就是根据这个原理制成的。</span>', '1', '1446025074', '1446025074', '1', '0', '0', '网络', '');

-- ----------------------------
-- Table structure for cms_site
-- ----------------------------
DROP TABLE IF EXISTS `cms_site`;
CREATE TABLE `cms_site` (
  `id` int(11) NOT NULL AUTO_INCREMENT,
  `order_id` varchar(3) NOT NULL COMMENT '门户编号',
  `identify` varchar(20) NOT NULL COMMENT '门户标识',
  `name` varchar(30) NOT NULL COMMENT '门户名称',
  `icon` varchar(20) NOT NULL COMMENT '门户图标',
  `logo` varchar(30) DEFAULT NULL COMMENT 'logo图标',
  `apply` char(1) DEFAULT '0' COMMENT '是否启用',
  `create_time` int(11) NOT NULL COMMENT '创建时间',
  PRIMARY KEY (`id`)
) ENGINE=InnoDB AUTO_INCREMENT=2 DEFAULT CHARSET=utf8;

-- ----------------------------
-- Records of cms_site
-- ----------------------------
INSERT INTO `cms_site` VALUES ('1', '1', 'eduportal ', '智慧教育门户', 'icon-home', null, '1', '1440490889');

-- ----------------------------
-- Table structure for collect
-- ----------------------------
DROP TABLE IF EXISTS `collect`;
CREATE TABLE `collect` (
  `id` int(11) NOT NULL AUTO_INCREMENT COMMENT '自增主键',
  `title` varchar(50) NOT NULL COMMENT '信息标题',
  `content` mediumtext NOT NULL COMMENT '内容',
  `copy_content` mediumtext NOT NULL COMMENT '原始内容',
  `category` varchar(20) NOT NULL COMMENT '信息类别 一般信息、专报信息、约稿信息、其它信息',
  `send_dept` int(11) NOT NULL COMMENT '报送单位',
  `status` tinyint(2) NOT NULL COMMENT '0:草稿;1:已报送;2:未通过审核;3:已审核;(审批状态)',
  `rating` tinyint(2) NOT NULL COMMENT '评分',
  `audit_user` int(11) NOT NULL COMMENT '审查员',
  `audit_time` int(11) NOT NULL COMMENT '审核时间',
  `tag` text NOT NULL COMMENT '标签',
  `send_user` int(11) NOT NULL COMMENT '报送人员',
  `send_time` int(11) NOT NULL COMMENT '报送日期',
  `create_user` int(11) NOT NULL COMMENT '创建人',
  `create_time` int(11) NOT NULL COMMENT '创建日期',
  `criteria_id` int(11) NOT NULL DEFAULT '0' COMMENT '评分类别',
  `collect_public` int(1) NOT NULL COMMENT '是否公开',
  `sign_user` varchar(200) NOT NULL COMMENT '签发人',
  `telephone` varchar(200) NOT NULL COMMENT '联系方式',
  `comment` varchar(200) NOT NULL COMMENT '审核不通过时意见',
  `custom_fields` text NOT NULL,
  PRIMARY KEY (`id`)
) ENGINE=InnoDB AUTO_INCREMENT=16 DEFAULT CHARSET=utf8;

-- ----------------------------
-- Records of collect
-- ----------------------------
INSERT INTO `collect` VALUES ('1', '加大力度招商引资 实现工业发展突破', '<p align=\"center\" style=\"color: rgb(0, 0, 0); font-family: Simsun; font-size: 14px; line-height: 29px;\">&nbsp;苟正礼罗霞赴大邑县调研工业发展及中国梦主题教育活动</p>\r\n\r\n<p style=\"color: rgb(0, 0, 0); font-family: Simsun; font-size: 14px; line-height: 29px;\">&nbsp;&nbsp;昨日下午，副市长苟正礼率市级相关部门赴大邑县联系指导基层工作，调研工业发展及中国梦主题教育活动。市政协副主席罗霞参加。</p>\r\n\r\n<p style=\"color: rgb(0, 0, 0); font-family: Simsun; font-size: 14px; line-height: 29px;\">&nbsp; 苟正礼一行先后来到成新蒲快速通道大邑连接线建设现场、沙渠工业集中发展点、四川天邑康和通信股份有限公司、花水湾镇实地调研，深入施工现场和工厂车间，实地察看建设、生产情况，详细了解大邑县工业发展现状和规划。</p>\r\n\r\n<p style=\"color: rgb(0, 0, 0); font-family: Simsun; font-size: 14px; line-height: 29px;\">&nbsp; 在随后举行的座谈会上，大邑县政府相关负责人就大邑县中国梦主题教育活动开展以及工业经济情况进行了汇报。苟正礼指出，大邑县要继续坚定执政追求，通过实际行动践行中国梦，落实到当前的具体工作，就是要进一步解放思想，确定目标，加快发展形成主导产业，最终实现&ldquo;促一方发展、富一方百姓、保一方平安&rdquo;；着力发展工业，实现突破，把招商引资作为&ldquo;重中之重&rdquo;，通过项目招商推动投资，突出工业重点实现产业倍增，夯实承载基础实现新型城镇建设，同时加大力度建设好投资软、硬环境；注重民生改善，解决好群众的就业、社保等问题；强化队伍建设，做好县、镇、村三级干部队伍、企业家队伍建设和群众工作。 （记者 李颖）</p>\r\n', '', '51be7d4dbf8b3', '5', '1', '10', '0', '0', '主题教育活动', '1', '1371352353', '1', '1371352353', '0', '0', '', '', '', '');
INSERT INTO `collect` VALUES ('2', '2013年工作部署会议服务保障工作', '22', '', '51be7d4dbf8b3', '1', '3', '8', '0', '0', '', '1', '0', '0', '0', '0', '0', '', '', '', '');
INSERT INTO `collect` VALUES ('3', '把服务业打造成经济社会可持续发展的新引擎', '', '', '51be7d4dbf8b3', '5', '0', '0', '0', '0', '', '1', '1368933262', '0', '0', '0', '0', '', '', '', '');
INSERT INTO `collect` VALUES ('4', '区政府办召开退休干部欢送会(图)', '<p>123</p>\r\n', '', '51be7d4dbf8b3', '5', '0', '6', '0', '0', '12313', '1', '1368933313', '0', '0', '0', '0', '', '', '', '');
INSERT INTO `collect` VALUES ('5', '6月7日，区政府办召开主任办公会', '<p>2342</p>\r\n', '', '51be7d5e0aff1', '2', '0', '6', '0', '0', '777', '1', '1368933393', '0', '0', '0', '0', '', '', '', '');
INSERT INTO `collect` VALUES ('6', '2013财富全球论坛成都重大项目签约仪式举行', '<p align=\"center\" style=\"color: rgb(0, 0, 0); font-family: Simsun; font-size: 14px; line-height: 29px;\">财富全球论坛期间，我市共签约世界500强企业和知名跨国公司投资项目74个，投资总额1120.15亿元<br />\r\n&nbsp;&nbsp;<br />\r\n王东明魏宏黄新初陈光志甘霖出席 葛红林韩杰德致辞</p>\r\n\r\n<p style=\"color: rgb(0, 0, 0); font-family: Simsun; font-size: 14px; line-height: 29px;\">&nbsp;&nbsp;昨日，2013财富全球论坛重要活动之一&mdash;&mdash;成都重大项目签约仪式隆重举行。省委书记、省人大常委会主任王东明，省委副书记、省长魏宏，省委常委、市委书记黄新初，省委常委、秘书长陈光志，副省长甘霖出席签约仪式。市委副书记、市长葛红林，《财富》及《时代周刊》总发行人韩杰德致辞。</p>\r\n\r\n<p style=\"color: rgb(0, 0, 0); font-family: Simsun; font-size: 14px; line-height: 29px;\">&nbsp; 葛红林代表市委、市政府，向出席签约仪式的各位领导和嘉宾表示热烈欢迎，向长期以来关心支持成都建设发展的国内外朋友表示衷心感谢。他说，自去年4月9日，《财富》总编辑苏安迪先生在南昌正式宣布选择成都召开2013财富全球论坛后，一年多过去了，成都又取得了经济社会发展的不少成功。成都进一步融入了全球经济发展，落户成都的世界500强企业由一年前的207家增至238家；进一步融入了全球交通和物流体系，新增了多条国际航线，开通了蓉欧货运班列，成为中国第四个实施72小时过境免签的城市，将为外国投资者提供更大便利。</p>\r\n\r\n<p style=\"color: rgb(0, 0, 0); font-family: Simsun; font-size: 14px; line-height: 29px;\">&nbsp; 葛红林说，作为四川省&ldquo;首位城市&rdquo;，成都正按照省委、省政府推进多点多极支撑、&ldquo;两化&rdquo;互动城乡统筹、创新驱动&ldquo;三大发展战略&rdquo;的要求，一马当先，奋力打造西部经济核心增长极。此次签约的重大项目，既体现了世界知名企业睿智的战略眼光和敏锐的市场意识，也体现了大家对成都良好投资环境和美好发展前景的充分认可。我们将一如既往提供优质高效的政务服务，努力为企业在蓉发展营造良好环境，开创互惠共赢的美好未来。</p>\r\n\r\n<p style=\"color: rgb(0, 0, 0); font-family: Simsun; font-size: 14px; line-height: 29px;\">&nbsp; 韩杰德在致辞中代表《财富》杂志，对四川省、成都市为财富全球论坛举办所做的大量卓有成效的工作表示感谢，对论坛所取得的丰硕成果给予肯定，推介更多世界500强企业和知名跨国公司借财富东风，来川、来蓉发展，在这里获得更好的投资回报和发展前景。</p>\r\n\r\n<p style=\"color: rgb(0, 0, 0); font-family: Simsun; font-size: 14px; line-height: 29px;\">&nbsp; 签约仪式由市委副书记李昆学主持，现场签约了美国德州仪器芯片封装生产基地、美国伟创力太阳能机械制造生产基地等12个项目，投资总额256亿元。据介绍，整个财富全球论坛期间，我市共签约世界500强企业和知名跨国公司投资项目74个，投资总额1120.15亿元。其中，境外500强和知名跨国企业投资项目48个，投资总额46.38亿美元；境内500强企业投资项目26个，投资总额823.31亿元。工业项目23个，投资总额294.70亿元；服务业项目47个，投资总额808.92亿元；农业项目4个，投资总额16.53亿元。</p>\r\n\r\n<p style=\"color: rgb(0, 0, 0); font-family: Simsun; font-size: 14px; line-height: 29px;\">&nbsp; 省政府秘书长叶壮，省商务厅厅长谢开华，省投资促进局局长刘中伯，市领导敬刚、刘超、黄建发、苟正礼，市长助理陈争鸣、韩春林、门生，以及《财富》亚太区主管安德鲁&middot;布彻，伟创力集团全球运营总裁弗安瓦斯&middot;巴比尔，丰益国际集团执行董事张金荣，中铁股份有限公司董事长李长进，吉利控股集团董事长李书福，绿地控股集团总裁张玉良等中外嘉宾出席签约仪式。 （记者 张魁勇 摄影 王熙维）</p>\r\n', '', '51be7d64d4d4b', '227', '1', '10', '0', '0', '投资项目', '1', '1371312000', '0', '0', '0', '0', '', '', '', '');
INSERT INTO `collect` VALUES ('9', '改善民生需共同努力', '<p>111</p>\r\n', '', '51be7d5e0aff1', '6', '2', '6', '1', '1368956618', '11', '1', '1368945735', '1', '1368945735', '0', '0', '', '', '', '');
INSERT INTO `collect` VALUES ('10', '坚定不移推进生态文明建设', '<p>111</p>\r\n', '', '51be7d5e0aff1', '6', '3', '6', '1', '1368956611', '11', '1', '1368945866', '1', '1368945866', '0', '0', '', '', '', '');
INSERT INTO `collect` VALUES ('11', '区政府办领导向工作人员子女祝贺节日', '<p><span style=\"color: rgb(102, 102, 102); font-family: Simsun; font-size: 12px; line-height: 22px;\">在&ldquo;六一&rdquo;儿童节来临之际，按照政府办刘胜国主任要求，政府办党支部、妇联代表政府办领导慰问了少儿子女家庭，并向孩子们致以节日的祝贺，祝愿孩子们节日快乐、健康成长！祝愿政府办每一个家庭都幸福安康！ &nbsp;</span></p>\r\n', '', '51be7d64d4d4b', '100', '3', '3', '1', '1371352518', '节日', '1', '1371312000', '1', '1368892800', '0', '0', '', '', '', '');
INSERT INTO `collect` VALUES ('12', '丰富多彩的学习活动 助力主题教育活动掀高潮', '<p align=\"center\" style=\"color: rgb(0, 0, 0); font-family: Simsun; font-size: 14px; line-height: 29px;\">我市扎实开展&ldquo;实现伟大中国梦 建设美丽繁荣和谐四川&rdquo;主题教育活动集中学习活动</p>\r\n\r\n<p style=\"color: rgb(0, 0, 0); font-family: Simsun; font-size: 14px; line-height: 29px;\">&nbsp; 市委政研室采取灵活多样的方法，让主题教育活动上&ldquo;一线&rdquo;、进点位，把教育向实现中国梦贡献力量上延伸；新津县组织召开坝坝会、班级会、车间会、学习会等活动892次，全面宣传主题教育活动；锦江区深入开展&ldquo;六大梦想&rdquo;畅谈交流活动&hellip;&hellip;在&ldquo;实现伟大中国梦、建设美丽繁荣和谐四川&rdquo;主题教育活动集中学习阶段，我市各地各部门广泛开展丰富多样的学习活动，通过入脑入心的学习，统一了思想，为下一步广泛交流打下了基础，为谱写中国梦四川篇章凝聚了力量。</p>\r\n\r\n<p style=\"color: rgb(0, 0, 0); font-family: Simsun; font-size: 14px; line-height: 29px;\">&nbsp; 主要领导带头开展专题宣讲辅导</p>\r\n\r\n<p style=\"color: rgb(0, 0, 0); font-family: Simsun; font-size: 14px; line-height: 29px;\">&nbsp; 5月22日，双流县委中心学习组（扩大）会上，县委主要负责人从&ldquo;深刻理解中国梦的丰富内涵、充分认识中国梦的双流实践、奋力谱写中国梦的双流篇章、全力争当中国梦的先锋模范&rdquo;四个部分作了主题教育活动辅导报告；</p>\r\n\r\n<p style=\"color: rgb(0, 0, 0); font-family: Simsun; font-size: 14px; line-height: 29px;\">&nbsp; 6月3日，彭州市委主要负责人深入葛仙山镇联系点，就如何理解&ldquo;中国梦&rdquo;、奋力谱写中国梦彭州篇章为近百名镇村干部和群众代表作宣讲辅导报告；</p>\r\n\r\n<p style=\"color: rgb(0, 0, 0); font-family: Simsun; font-size: 14px; line-height: 29px;\">&nbsp; 6月5日，温江区委主要负责人结合开展主题教育活动，就加强干部管理、推进作风转变进行宣讲&hellip;&hellip;</p>\r\n\r\n<p style=\"color: rgb(0, 0, 0); font-family: Simsun; font-size: 14px; line-height: 29px;\">&nbsp; 按照&ldquo;实现伟大中国梦、建设美丽繁荣和谐四川&rdquo;主题教育活动的要求，在集中学习阶段，全市各区（市）县委主要领导纷纷带头开展专题宣讲辅导。</p>\r\n\r\n<p style=\"color: rgb(0, 0, 0); font-family: Simsun; font-size: 14px; line-height: 29px;\">&nbsp; 干部群众开展丰富多彩学习活动</p>\r\n\r\n<p style=\"color: rgb(0, 0, 0); font-family: Simsun; font-size: 14px; line-height: 29px;\">&nbsp; 实现伟大中国梦，根基在基层，活力在群众。在主题教育活动中，全市各地基层党员、干部、群众自发创作编排了多种&ldquo;乡土教材&rdquo;，以群众喜闻乐见的形式，营造出主题教育活动良好氛围。</p>\r\n\r\n<p style=\"color: rgb(0, 0, 0); font-family: Simsun; font-size: 14px; line-height: 29px;\">&nbsp; 大邑县群众在原创的三字经《中国梦&middot;大邑篇》中写道：&ldquo;中国梦，复兴梦，共奋进，目标明；凝思想，聚力量，转作风，推工作；多学习，广交流，强意识，知感恩；大邑梦，北改梦，望县人，责任重；先交通，贯南北，立新城，优旧城；老百姓，齐参与，共建设，美家园。&rdquo;</p>\r\n\r\n<p style=\"color: rgb(0, 0, 0); font-family: Simsun; font-size: 14px; line-height: 29px;\">&nbsp; 崇州市三郎镇老年学校创作了快板《六色生活颂祖国》，朗朗上口的快板书很快就在当地流传起来：&ldquo;高速路，水泥路，高铁地铁动车路，道路好比蜘蛛网，家家门前是大路。有红灯，有绿灯，绿灯叫你慢些走，红灯喊你马上停。违法关禁闭，违章要扣分&hellip;&hellip;&rdquo;</p>\r\n\r\n<p style=\"color: rgb(0, 0, 0); font-family: Simsun; font-size: 14px; line-height: 29px;\">&nbsp; 讲述身边故事激发&ldquo;追梦&rdquo;热情</p>\r\n\r\n<p style=\"color: rgb(0, 0, 0); font-family: Simsun; font-size: 14px; line-height: 29px;\">&nbsp; 为理清&ldquo;个人梦&rdquo;与&ldquo;中国梦&rdquo;的关系，树立身边典型和学习榜样，激发广大党团员、群众参与热情，成华区团委、工会、妇联等社团组织，积极开展了&ldquo;我的中国梦&middot;青春故事会&rdquo;&ldquo;大爱无边&mdash;母亲故事&rdquo;&ldquo;青春榜样寻访&rdquo;&ldquo;青春创业沙龙&rdquo;&ldquo;我的成华梦&rdquo;等主题讲述和讨论活动，把中国梦主题教育活动从机关干部职工扩大到社会青年、高校学生等，教育引导社会各界立足本职，放飞青春梦想，在实现中国梦的伟大实践中，体现个人人生价值。</p>\r\n\r\n<p style=\"color: rgb(0, 0, 0); font-family: Simsun; font-size: 14px; line-height: 29px;\">&nbsp; &ldquo;孩子们那一双双对知识充满期望的眼睛，就是我最大的工作动力&hellip;&hellip;&rdquo;在成华区团委举行的&ldquo;我的中国梦&middot;青春故事会&rdquo;上，优秀支教老师廖友芳、青年创业家杨震、社区网格员李玉镂等向现场观众讲述他们在不同工作岗位上的亲身经历和体会，一个个朴实而平凡的故事，激发了大家的&ldquo;追梦&rdquo;热情。</p>\r\n', '', '51be7d5e0aff1', '216', '1', '5', '0', '0', '学习活动', '1', '1371352128', '1', '1368979200', '0', '0', '', '', '', '');
INSERT INTO `collect` VALUES ('13', '我省要求做好2013年高校毕业生就业工作', '<p style=\"color: rgb(0, 0, 0); font-family: Simsun; font-size: 14px; line-height: 29px;\"><strong>加大财政投入，引导高校毕业生到基层就业</strong></p>\r\n\r\n<p style=\"color: rgb(0, 0, 0); font-family: Simsun; font-size: 14px; line-height: 29px;\">&nbsp; 将创业培训补贴政策期限从目前的毕业年度调整为毕业学年，比现有政策多6个月</p>\r\n\r\n<p style=\"color: rgb(0, 0, 0); font-family: Simsun; font-size: 14px; line-height: 29px;\">&nbsp; 为自主创业高校毕业生提供项目开发、融资、跟踪扶持等&ldquo;一条龙&rdquo;创业服务</p>\r\n\r\n<p style=\"color: rgb(0, 0, 0); font-family: Simsun; font-size: 14px; line-height: 29px;\">&nbsp; 为进一步做好我省高校毕业生就业工作，省政府办公厅日前印发《关于做好2013年普通高等学校毕业生就业的通知》（以下简称《通知》），要求力争使每一名有就业意愿的离校未就业高校毕业生在年底前实现就业或参加到就业准备活动中。</p>\r\n\r\n<p style=\"color: rgb(0, 0, 0); font-family: Simsun; font-size: 14px; line-height: 29px;\"><strong>&nbsp; 鼓励小微企业吸纳高校毕业生</strong></p>\r\n\r\n<p style=\"color: rgb(0, 0, 0); font-family: Simsun; font-size: 14px; line-height: 29px;\">&nbsp; 《通知》提出，要充分发挥电子信息、汽车制造、油气化工、航空航天等特色优势产业和高端装备制造、新能源、新材料等战略性新兴产业对高校毕业生就业的拉动作用，大力发展现代服务业，增加就业容量。加大对小微企业扶持力度，进一步落实劳动密集型小企业小额担保贷款、社保补贴、培训补贴等政策，鼓励其吸纳高校毕业生就业。积极引导高校毕业生到民营企业、非公有制经济组织就业。全省将加大财政投入，探索通过政府购买服务的方式，开发城乡基层特别是城市社区和农村公共管理及社会服务工作岗位，引导高校毕业生到基层就业。</p>\r\n\r\n<p style=\"color: rgb(0, 0, 0); font-family: Simsun; font-size: 14px; line-height: 29px;\">&nbsp; 要开展农业技术推广服务特岗计划试点，选拔一批高校毕业生到乡镇担任特岗人员。大力发展现代农业，推进农村土地适度规模经营，创新农业生产经营体制，培育和扶持种养大户、家庭农场、农民专业合作社等新型经营主体，引导高校毕业生到农村就业创业。</p>\r\n\r\n<p style=\"color: rgb(0, 0, 0); font-family: Simsun; font-size: 14px; line-height: 29px;\"><strong>&nbsp; 调整创业培训补贴政策</strong></p>\r\n\r\n<p style=\"color: rgb(0, 0, 0); font-family: Simsun; font-size: 14px; line-height: 29px;\">&nbsp; 《通知》规定，从2013年起，将创业培训补贴政策期限从目前的毕业年度调整为毕业学年（即从毕业前一年7月1日起的12个月），比现有政策多6个月。</p>\r\n\r\n<p style=\"color: rgb(0, 0, 0); font-family: Simsun; font-size: 14px; line-height: 29px;\">&nbsp; 为鼓励和帮助高校毕业生自主创业，《通知》还强调，鼓励高校毕业生创办国家和地方优先发展的科技型、资源综合利用型、智力密集型企业，支持通过网络创业带动就业。各高校要将创业教育课程纳入学分管理，鼓励在校生积极参加创业教育和创业实践活动。</p>\r\n\r\n<p style=\"color: rgb(0, 0, 0); font-family: Simsun; font-size: 14px; line-height: 29px;\">&nbsp; 对自主创业的高校毕业生进一步放宽准入条件，降低注册门槛，创业的应按规定给予税费减免等政策扶持，并加大金融支持力度，对符合条件的给予小额担保贷款及贴息政策支持。积极推进高校毕业生创业园区（孵化基地）建设，依托公共就业人才服务机构，为自主创业高校毕业生提供项目开发、开业指导、融资、跟踪扶持等&ldquo;一条龙&rdquo;创业服务。继续深入实施&ldquo;高校毕业生创业引领计划&rdquo;，加大省级促进高校毕业生创业专项资金的投入，探索实行项目制运作。</p>\r\n\r\n<p style=\"color: rgb(0, 0, 0); font-family: Simsun; font-size: 14px; line-height: 29px;\">&nbsp; 此外，从2013年起，对享受城乡居民最低生活保障家庭的毕业年度内高校毕业生，可给予一次性求职补贴。《通知》还规定，&ldquo;对暂时不能实现就业、有就业见习意愿的，组织参加不超过12个月的就业见习&rdquo;，而此前的见习期限规定为3-6个月。</p>\r\n', '', '51be7d4dbf8b3', '1', '1', '0', '0', '0', '', '1', '1371351883', '1', '1371351883', '0', '0', '', '', '', '');
INSERT INTO `collect` VALUES ('14', '上半年建材产品质量抽查合格率为96.2%', '<span style=\"color: rgb(0, 0, 0); font-family: Simsun; font-size: 14px; line-height: 29px;\">记者日前从市质监局获悉，为进一步加强建材产品的质量监管，促进产品质量稳步提高，保障安全，控制风险，市质监局于今年上半年在全市范围内对建筑钢材、水泥、塑料管材管件、塑料型材、防水卷材产品质量进行了一次专项监督检查。从对102家企业生产的5大类131批次产品专项抽查结果来看，我市建材产品总体质量状况较为稳定，实物质量抽查合格126批次，实物质量抽查合格率为96.2%。其中：抽查建筑钢材33家企业34批次产品，合格31批次，合格率为91.2%，合格率比去年提高1.7%；抽查水泥6批次，合格6批次，合格率100%；抽查塑料管材管件36家企业59批次产品，合格58批次；抽查塑料型材15家企业16批次产品，合格15批次；抽查防水卷材8家企业9批次产品，合格9批次，合格率100%。</span>', '', '51be7d5e0aff1', '770', '3', '0', '1', '1371352530', '', '1', '1371312000', '1', '1371312000', '0', '0', '', '', '', '');
INSERT INTO `collect` VALUES ('15', '全省白酒行业生产环节专项整治工作启动', '<p style=\"color: rgb(0, 0, 0); font-family: Simsun; font-size: 14px; line-height: 29px;\">为进一步打造&ldquo;中国白酒金三角&rdquo;核心区域品牌，促进我省白酒产业健康持续快速发展，省质监局、省发改委、省经信委日前联合下发了《全省白酒生产企业&ldquo;行业规范、质量提升&rdquo;工作方案》，并启动专项整治工作。根据该方案，将在全省白酒行业中，加强生产合法性排查，开展产品质量安全大检查专项行动，严格产业政策确认与生产许可管理，并研究制订促进行业健康、有序发展的规划和长效机制。</p>\r\n\r\n<p style=\"color: rgb(0, 0, 0); font-family: Simsun; font-size: 14px; line-height: 29px;\">&nbsp; 在开展产品质量安全大检查专项行动中，制定并印发监督检查操作规范，组织各市（州）质监局全面检查白酒生产企业原料采储、生产记录、出厂检验、生产环境条件等，严厉打击使用工业酒精等非食用物质以及滥用甜味剂等食品添加剂违法行为；组织全面清理和规范白酒标识标注工作，开展标识标注培训和宣传，打击虚假标注和欺诈行为，研究我省白酒标识标注存在的突出问题等。</p>\r\n\r\n<p style=\"color: rgb(0, 0, 0); font-family: Simsun; font-size: 14px; line-height: 29px;\">&nbsp; 同时，开展产业政策确认核查，进一步增强产业政策对白酒行业的执行效力，严格把好全省白酒企业产业政策确认关。并在全省范围内全面理清白酒企业生产许可基本情况，严把白酒生产许可关，联合工商、发改、经信、环保、国土等部门对问题企业从严审核，遏制和严厉惩处酒类产品无证生产、非法添加、滥用食品添加剂以及制假售假等违法违规行为，重点查处&ldquo;乱贴、乱添、乱造&rdquo;等不法行为，对不符合政策要求或无法保持生产许可条件的白酒企业，依法取缔其生产许可。</p>\r\n\r\n<p style=\"color: rgb(0, 0, 0); font-family: Simsun; font-size: 14px; line-height: 29px;\">&nbsp; 力促名企业加速发展，按照总量控制、优化布局、扶优限劣的原则，对名优企业的存量整合和白酒企业集中、集约、集群发展给予土地、环评、资金、政策等支持，促进产业有序发展；并制订全省白酒产业发展规划及促进四川白酒产业健康发展的指导意见，加大对白酒企业技术改造，加大对名优白酒企业和省级以上重点园区的项目扶持和指导力度，协助企业做好产品推介工作，继续推进&ldquo;中国白酒金三角&rdquo;战略实施，促进产业加快发展。</p>\r\n', '', '51be7d555a54e', '9', '3', '0', '1', '1371352552', '', '1', '1371312000', '1', '1371312000', '0', '0', '', '', '', '');

-- ----------------------------
-- Table structure for collect_config
-- ----------------------------
DROP TABLE IF EXISTS `collect_config`;
CREATE TABLE `collect_config` (
  `id` int(11) NOT NULL AUTO_INCREMENT,
  `user_id` int(11) NOT NULL COMMENT '用户id',
  `org_id` int(11) NOT NULL COMMENT '被管理组织id',
  `type` int(11) NOT NULL COMMENT '权限类型 0:所有权限,1:查看权限,2:审核权限',
  PRIMARY KEY (`id`)
) ENGINE=InnoDB DEFAULT CHARSET=utf8;

-- ----------------------------
-- Records of collect_config
-- ----------------------------

-- ----------------------------
-- Table structure for collect_criteria
-- ----------------------------
DROP TABLE IF EXISTS `collect_criteria`;
CREATE TABLE `collect_criteria` (
  `id` int(11) NOT NULL AUTO_INCREMENT COMMENT '自增主键',
  `criteria` varchar(255) NOT NULL COMMENT '评分标准',
  `score` int(3) NOT NULL COMMENT '分值',
  PRIMARY KEY (`id`)
) ENGINE=InnoDB DEFAULT CHARSET=utf8;

-- ----------------------------
-- Records of collect_criteria
-- ----------------------------

-- ----------------------------
-- Table structure for collect_tag
-- ----------------------------
DROP TABLE IF EXISTS `collect_tag`;
CREATE TABLE `collect_tag` (
  `id` int(11) NOT NULL AUTO_INCREMENT COMMENT '自增主键',
  `tag_name` varchar(128) NOT NULL COMMENT '标签名',
  `tag_count` int(11) NOT NULL COMMENT '标签出现次数',
  `create_user` int(11) NOT NULL COMMENT '创建人',
  PRIMARY KEY (`id`),
  KEY `collect_tag_ibfk_1` (`create_user`),
  CONSTRAINT `collect_tag_ibfk_1` FOREIGN KEY (`create_user`) REFERENCES `user` (`id`) ON DELETE CASCADE ON UPDATE CASCADE
) ENGINE=InnoDB DEFAULT CHARSET=utf8;

-- ----------------------------
-- Records of collect_tag
-- ----------------------------

-- ----------------------------
-- Table structure for daemon_config
-- ----------------------------
DROP TABLE IF EXISTS `daemon_config`;
CREATE TABLE `daemon_config` (
  `server_id` tinyint(3) unsigned NOT NULL AUTO_INCREMENT COMMENT '自增唯一ID',
  `server_def_name` varchar(255) NOT NULL COMMENT '服务器名称',
  `server_memalter` int(10) unsigned NOT NULL COMMENT 'CPU报警设置',
  `server_cpualter` tinyint(3) unsigned NOT NULL COMMENT 'CPU报警设置',
  `server_isactive` tinyint(3) unsigned NOT NULL COMMENT '是否开启监控(0-否,1-是)',
  PRIMARY KEY (`server_id`)
) ENGINE=InnoDB AUTO_INCREMENT=2 DEFAULT CHARSET=utf8 COMMENT='服务器监控设置表';

-- ----------------------------
-- Records of daemon_config
-- ----------------------------
INSERT INTO `daemon_config` VALUES ('1', '服务器', '2048', '80', '1');

-- ----------------------------
-- Table structure for daemon_hardware_info
-- ----------------------------
DROP TABLE IF EXISTS `daemon_hardware_info`;
CREATE TABLE `daemon_hardware_info` (
  `host_id` tinyint(3) unsigned NOT NULL AUTO_INCREMENT COMMENT '唯一自增ID',
  `server_id` tinyint(3) unsigned NOT NULL COMMENT '服务器ID',
  `host_memory` varchar(10) NOT NULL COMMENT '内存',
  `host_cpu` varchar(60) NOT NULL COMMENT '处理器',
  `host_name` varchar(60) NOT NULL COMMENT '计算机名',
  `host_os` varchar(60) NOT NULL COMMENT '操作系统',
  UNIQUE KEY `uq_host_id` (`host_id`),
  UNIQUE KEY `uq_server_id` (`server_id`)
) ENGINE=InnoDB AUTO_INCREMENT=2 DEFAULT CHARSET=utf8 COMMENT='服务器基本信息表';

-- ----------------------------
-- Records of daemon_hardware_info
-- ----------------------------
INSERT INTO `daemon_hardware_info` VALUES ('1', '1', '7384 MB', 'AMD A10-5800K APU with Radeon(tm) HD Graphics  ', 'DKPK9VNDD4L48P4', 'Windows 10 Enterprise 2016 LTSB');

-- ----------------------------
-- Table structure for daemon_process_info
-- ----------------------------
DROP TABLE IF EXISTS `daemon_process_info`;
CREATE TABLE `daemon_process_info` (
  `auto_id` int(10) unsigned NOT NULL AUTO_INCREMENT COMMENT '唯一自增ID',
  `service_name` varchar(20) NOT NULL COMMENT '服务名',
  `server_id` tinyint(3) unsigned NOT NULL COMMENT '服务器ID',
  `process_cpu` smallint(5) unsigned NOT NULL COMMENT 'CPU占用',
  `process_memory` int(10) unsigned NOT NULL COMMENT '内存占用',
  `process_time` int(10) unsigned NOT NULL COMMENT '记录时间',
  `service_state` tinyint(3) unsigned NOT NULL COMMENT '服务状态',
  PRIMARY KEY (`auto_id`)
) ENGINE=InnoDB AUTO_INCREMENT=61 DEFAULT CHARSET=utf8 COMMENT='服务器资源占用记录表';

-- ----------------------------
-- Records of daemon_process_info
-- ----------------------------
INSERT INTO `daemon_process_info` VALUES ('1', '_Nginx', '1', '0', '4196', '1513174405', '4');
INSERT INTO `daemon_process_info` VALUES ('2', '_IM', '1', '1', '2068', '1513174405', '4');
INSERT INTO `daemon_process_info` VALUES ('3', '_Mail', '1', '0', '10748', '1513174405', '4');
INSERT INTO `daemon_process_info` VALUES ('4', '_MySQL', '1', '1', '64572', '1513174405', '4');
INSERT INTO `daemon_process_info` VALUES ('5', '_Nginx', '1', '0', '4196', '1513174525', '4');
INSERT INTO `daemon_process_info` VALUES ('6', '_IM', '1', '0', '1196', '1513174525', '4');
INSERT INTO `daemon_process_info` VALUES ('7', '_Mail', '1', '0', '10820', '1513174525', '4');
INSERT INTO `daemon_process_info` VALUES ('8', '_MySQL', '1', '3', '64700', '1513174525', '4');
INSERT INTO `daemon_process_info` VALUES ('9', 'DAP_Nginx', '1', '0', '4196', '1513423748', '4');
INSERT INTO `daemon_process_info` VALUES ('10', 'DAP_IM', '1', '0', '1200', '1513423748', '4');
INSERT INTO `daemon_process_info` VALUES ('11', 'DAP_Mail', '1', '0', '10788', '1513423748', '4');
INSERT INTO `daemon_process_info` VALUES ('12', 'DAP_MySQL', '1', '81', '128800', '1513423748', '4');
INSERT INTO `daemon_process_info` VALUES ('13', 'DAP_Nginx', '1', '0', '4196', '1513423868', '4');
INSERT INTO `daemon_process_info` VALUES ('14', 'DAP_IM', '1', '0', '1204', '1513423868', '4');
INSERT INTO `daemon_process_info` VALUES ('15', 'DAP_Mail', '1', '0', '10788', '1513423868', '4');
INSERT INTO `daemon_process_info` VALUES ('16', 'DAP_MySQL', '1', '2', '128872', '1513423868', '4');
INSERT INTO `daemon_process_info` VALUES ('17', 'DAP_Nginx', '1', '0', '4196', '1513423988', '4');
INSERT INTO `daemon_process_info` VALUES ('18', 'DAP_IM', '1', '0', '1204', '1513423988', '4');
INSERT INTO `daemon_process_info` VALUES ('19', 'DAP_Mail', '1', '0', '10788', '1513423988', '4');
INSERT INTO `daemon_process_info` VALUES ('20', 'DAP_MySQL', '1', '1', '128876', '1513423988', '4');
INSERT INTO `daemon_process_info` VALUES ('21', 'DAP_Nginx', '1', '0', '4196', '1513424108', '4');
INSERT INTO `daemon_process_info` VALUES ('22', 'DAP_IM', '1', '0', '1204', '1513424108', '4');
INSERT INTO `daemon_process_info` VALUES ('23', 'DAP_Mail', '1', '1', '10824', '1513424108', '4');
INSERT INTO `daemon_process_info` VALUES ('24', 'DAP_MySQL', '1', '1', '128884', '1513424108', '4');
INSERT INTO `daemon_process_info` VALUES ('25', 'DAP_Nginx', '1', '0', '4196', '1513424228', '4');
INSERT INTO `daemon_process_info` VALUES ('26', 'DAP_IM', '1', '1', '1204', '1513424228', '4');
INSERT INTO `daemon_process_info` VALUES ('27', 'DAP_Mail', '1', '0', '10824', '1513424228', '4');
INSERT INTO `daemon_process_info` VALUES ('28', 'DAP_MySQL', '1', '1', '128900', '1513424228', '4');
INSERT INTO `daemon_process_info` VALUES ('29', 'DAP_Nginx', '1', '0', '4196', '1513424348', '4');
INSERT INTO `daemon_process_info` VALUES ('30', 'DAP_IM', '1', '0', '1200', '1513424348', '4');
INSERT INTO `daemon_process_info` VALUES ('31', 'DAP_Mail', '1', '0', '10824', '1513424348', '4');
INSERT INTO `daemon_process_info` VALUES ('32', 'DAP_MySQL', '1', '3', '128944', '1513424348', '4');
INSERT INTO `daemon_process_info` VALUES ('33', 'DAP_Nginx', '1', '0', '4196', '1513424468', '4');
INSERT INTO `daemon_process_info` VALUES ('34', 'DAP_IM', '1', '0', '1200', '1513424468', '4');
INSERT INTO `daemon_process_info` VALUES ('35', 'DAP_Mail', '1', '0', '10824', '1513424468', '4');
INSERT INTO `daemon_process_info` VALUES ('36', 'DAP_MySQL', '1', '1', '129040', '1513424468', '4');
INSERT INTO `daemon_process_info` VALUES ('37', 'DAP_Nginx', '1', '0', '4196', '1513424588', '4');
INSERT INTO `daemon_process_info` VALUES ('38', 'DAP_IM', '1', '1', '1200', '1513424588', '4');
INSERT INTO `daemon_process_info` VALUES ('39', 'DAP_Mail', '1', '0', '10824', '1513424588', '4');
INSERT INTO `daemon_process_info` VALUES ('40', 'DAP_MySQL', '1', '1', '129268', '1513424588', '4');
INSERT INTO `daemon_process_info` VALUES ('41', 'DAP_Nginx', '1', '0', '4196', '1513424708', '4');
INSERT INTO `daemon_process_info` VALUES ('42', 'DAP_IM', '1', '0', '2068', '1513424708', '4');
INSERT INTO `daemon_process_info` VALUES ('43', 'DAP_Mail', '1', '1', '10816', '1513424708', '4');
INSERT INTO `daemon_process_info` VALUES ('44', 'DAP_MySQL', '1', '1', '129184', '1513424708', '4');
INSERT INTO `daemon_process_info` VALUES ('45', 'DAP_Nginx', '1', '0', '4196', '1513424828', '4');
INSERT INTO `daemon_process_info` VALUES ('46', 'DAP_IM', '1', '0', '1200', '1513424828', '4');
INSERT INTO `daemon_process_info` VALUES ('47', 'DAP_Mail', '1', '0', '10816', '1513424828', '4');
INSERT INTO `daemon_process_info` VALUES ('48', 'DAP_MySQL', '1', '1', '129184', '1513424828', '4');
INSERT INTO `daemon_process_info` VALUES ('49', 'DAP_Nginx', '1', '0', '4196', '1513424948', '4');
INSERT INTO `daemon_process_info` VALUES ('50', 'DAP_IM', '1', '0', '1200', '1513424948', '4');
INSERT INTO `daemon_process_info` VALUES ('51', 'DAP_Mail', '1', '0', '10816', '1513424948', '4');
INSERT INTO `daemon_process_info` VALUES ('52', 'DAP_MySQL', '1', '1', '129204', '1513424948', '4');
INSERT INTO `daemon_process_info` VALUES ('53', 'DAP_Nginx', '1', '0', '4196', '1513425068', '4');
INSERT INTO `daemon_process_info` VALUES ('54', 'DAP_IM', '1', '0', '1200', '1513425068', '4');
INSERT INTO `daemon_process_info` VALUES ('55', 'DAP_Mail', '1', '0', '10816', '1513425068', '4');
INSERT INTO `daemon_process_info` VALUES ('56', 'DAP_MySQL', '1', '1', '129204', '1513425068', '4');
INSERT INTO `daemon_process_info` VALUES ('57', 'DAP_Nginx', '1', '0', '4196', '1513425188', '4');
INSERT INTO `daemon_process_info` VALUES ('58', 'DAP_IM', '1', '0', '1200', '1513425188', '4');
INSERT INTO `daemon_process_info` VALUES ('59', 'DAP_Mail', '1', '0', '10816', '1513425188', '4');
INSERT INTO `daemon_process_info` VALUES ('60', 'DAP_MySQL', '1', '1', '129204', '1513425188', '4');

-- ----------------------------
-- Table structure for daemon_services_config
-- ----------------------------
DROP TABLE IF EXISTS `daemon_services_config`;
CREATE TABLE `daemon_services_config` (
  `sc_id` int(10) unsigned NOT NULL AUTO_INCREMENT COMMENT '唯一自增ID',
  `sc_server_id` tinyint(3) unsigned NOT NULL COMMENT '服务器ID',
  `sc_service_name` varchar(60) NOT NULL COMMENT '服务名称',
  `sc_service_desc` varchar(255) NOT NULL COMMENT '服务描述',
  `sc_service_port` smallint(5) unsigned NOT NULL COMMENT '服务端口号',
  `sc_service_isactive` tinyint(3) unsigned NOT NULL COMMENT '启用监控状态(1-已启用,0-已停用)',
  `sc_service_port_monitor` tinyint(3) unsigned NOT NULL COMMENT '服务端口监控',
  PRIMARY KEY (`sc_id`)
) ENGINE=InnoDB AUTO_INCREMENT=7 DEFAULT CHARSET=utf8 COMMENT='服务监控设置';

-- ----------------------------
-- Records of daemon_services_config
-- ----------------------------
INSERT INTO `daemon_services_config` VALUES ('1', '1', '_Nginx', '美讯科技智慧教育Web应用服务', '80', '1', '0');
INSERT INTO `daemon_services_config` VALUES ('2', '1', '_IM', '美讯科技智慧教育即时通讯服务', '1189', '1', '1');
INSERT INTO `daemon_services_config` VALUES ('3', '1', '_Mail', '美讯科技智慧教育邮件服务', '2596', '1', '1');
INSERT INTO `daemon_services_config` VALUES ('5', '1', '_MySQL', '美讯科技智慧教育数据库服务', '3305', '1', '0');
INSERT INTO `daemon_services_config` VALUES ('6', '1', '_Memcached', '美讯科技智慧教育缓存服务', '11211', '1', '0');

-- ----------------------------
-- Table structure for daemon_services_status
-- ----------------------------
DROP TABLE IF EXISTS `daemon_services_status`;
CREATE TABLE `daemon_services_status` (
  `statu_id` int(10) unsigned NOT NULL AUTO_INCREMENT COMMENT '唯一自增ID',
  `server_id` tinyint(3) unsigned NOT NULL COMMENT '服务ID',
  `statu_service_name` varchar(255) NOT NULL COMMENT '服务名',
  `statu_service_desc` varchar(255) NOT NULL COMMENT '服务描述',
  `statu_service_statu` varchar(20) NOT NULL COMMENT '服务状态',
  `statu_service_time` int(10) unsigned NOT NULL COMMENT '服务状态变更时间',
  PRIMARY KEY (`statu_id`)
) ENGINE=InnoDB AUTO_INCREMENT=5 DEFAULT CHARSET=utf8 COMMENT='服务状态记录表';

-- ----------------------------
-- Records of daemon_services_status
-- ----------------------------
INSERT INTO `daemon_services_status` VALUES ('1', '1', '_Nginx', '_Nginx', '4', '1513174285');
INSERT INTO `daemon_services_status` VALUES ('2', '1', '_IM', '_IM', '4', '1513174285');
INSERT INTO `daemon_services_status` VALUES ('3', '1', '_Mail', '_Mail', '4', '1513174285');
INSERT INTO `daemon_services_status` VALUES ('4', '1', '_MySQL', '_MySQL', '4', '1513174285');

-- ----------------------------
-- Table structure for daemon_services_tmp
-- ----------------------------
DROP TABLE IF EXISTS `daemon_services_tmp`;
CREATE TABLE `daemon_services_tmp` (
  `id` int(10) unsigned NOT NULL AUTO_INCREMENT COMMENT '唯一自增ID',
  `server_id` tinyint(3) unsigned NOT NULL COMMENT '服务器ID',
  `service_id` int(10) unsigned NOT NULL COMMENT '服务ID',
  `service_name` varchar(60) NOT NULL COMMENT '服务名',
  `service_statu` tinyint(3) unsigned NOT NULL COMMENT '服务状态',
  `service_record_time` int(10) unsigned NOT NULL COMMENT '记录时间',
  PRIMARY KEY (`id`)
) ENGINE=InnoDB AUTO_INCREMENT=5 DEFAULT CHARSET=utf8 COMMENT='服务监控临时信息表';

-- ----------------------------
-- Records of daemon_services_tmp
-- ----------------------------
INSERT INTO `daemon_services_tmp` VALUES ('1', '1', '0', '_Nginx', '4', '1513174285');
INSERT INTO `daemon_services_tmp` VALUES ('2', '1', '0', '_IM', '4', '1513174285');
INSERT INTO `daemon_services_tmp` VALUES ('3', '1', '0', '_Mail', '4', '1513174285');
INSERT INTO `daemon_services_tmp` VALUES ('4', '1', '0', '_MySQL', '4', '1513174285');

-- ----------------------------
-- Table structure for data_log
-- ----------------------------
DROP TABLE IF EXISTS `data_log`;
CREATE TABLE `data_log` (
  `id` int(11) NOT NULL AUTO_INCREMENT COMMENT '自增主键',
  `user_id` int(11) NOT NULL COMMENT '操作人ID',
  `user_name` varchar(200) NOT NULL COMMENT '操作人姓名',
  `log_type` varchar(64) NOT NULL COMMENT '日志类型',
  `log_time` int(11) NOT NULL COMMENT '日志时间戳',
  `model` varchar(64) NOT NULL COMMENT '关联模型名称',
  `pk` int(11) NOT NULL COMMENT '关联模型主键',
  `extra_data` text NOT NULL COMMENT '附加数据',
  PRIMARY KEY (`id`),
  KEY `user_id` (`user_id`,`model`),
  KEY `idx_pk` (`pk`)
) ENGINE=InnoDB DEFAULT CHARSET=utf8;

-- ----------------------------
-- Records of data_log
-- ----------------------------

-- ----------------------------
-- Table structure for data_map
-- ----------------------------
DROP TABLE IF EXISTS `data_map`;
CREATE TABLE `data_map` (
  `id` int(11) NOT NULL AUTO_INCREMENT,
  `master_key` int(11) NOT NULL,
  `master_table` varchar(128) NOT NULL,
  `slave_key` int(11) NOT NULL,
  `slave_table` varchar(128) NOT NULL,
  `type` varchar(128) NOT NULL,
  PRIMARY KEY (`id`)
) ENGINE=InnoDB DEFAULT CHARSET=utf8;

-- ----------------------------
-- Records of data_map
-- ----------------------------

-- ----------------------------
-- Table structure for data_priv_org
-- ----------------------------
DROP TABLE IF EXISTS `data_priv_org`;
CREATE TABLE `data_priv_org` (
  `id` int(11) NOT NULL AUTO_INCREMENT,
  `org_id` int(11) DEFAULT NULL,
  `model` varchar(64) DEFAULT NULL,
  `pk` char(36) DEFAULT NULL,
  `type` varchar(64) NOT NULL,
  PRIMARY KEY (`id`),
  KEY `idx_omp` (`model`,`pk`,`org_id`)
) ENGINE=InnoDB AUTO_INCREMENT=687 DEFAULT CHARSET=utf8;

-- ----------------------------
-- Records of data_priv_org
-- ----------------------------
INSERT INTO `data_priv_org` VALUES ('1', '8', 'meeting', '2', '');
INSERT INTO `data_priv_org` VALUES ('3', '1', 'vote', '5', '');
INSERT INTO `data_priv_org` VALUES ('17', '9', 'vote', '6', '');
INSERT INTO `data_priv_org` VALUES ('18', '10', 'vote', '6', '');
INSERT INTO `data_priv_org` VALUES ('19', '11', 'vote', '6', '');
INSERT INTO `data_priv_org` VALUES ('20', '12', 'vote', '6', '');
INSERT INTO `data_priv_org` VALUES ('21', '13', 'vote', '6', '');
INSERT INTO `data_priv_org` VALUES ('22', '14', 'vote', '6', '');
INSERT INTO `data_priv_org` VALUES ('23', '15', 'vote', '6', '');
INSERT INTO `data_priv_org` VALUES ('24', '16', 'vote', '6', '');
INSERT INTO `data_priv_org` VALUES ('25', '17', 'vote', '6', '');
INSERT INTO `data_priv_org` VALUES ('26', '18', 'vote', '6', '');
INSERT INTO `data_priv_org` VALUES ('27', '20', 'vote', '6', '');
INSERT INTO `data_priv_org` VALUES ('28', '19', 'vote', '6', '');
INSERT INTO `data_priv_org` VALUES ('29', '21', 'vote', '6', '');
INSERT INTO `data_priv_org` VALUES ('30', '1', 'vote', '6', '');
INSERT INTO `data_priv_org` VALUES ('31', '2', 'vote', '6', '');
INSERT INTO `data_priv_org` VALUES ('32', '3', 'vote', '6', '');
INSERT INTO `data_priv_org` VALUES ('33', '4', 'vote', '6', '');
INSERT INTO `data_priv_org` VALUES ('34', '6', 'vote', '6', '');
INSERT INTO `data_priv_org` VALUES ('35', '5', 'vote', '6', '');
INSERT INTO `data_priv_org` VALUES ('36', '7', 'vote', '6', '');
INSERT INTO `data_priv_org` VALUES ('37', '8', 'vote', '6', '');
INSERT INTO `data_priv_org` VALUES ('38', '2', 'wf_df_workflow', '0bb7f3f6-0edc-e16c-7db8-eb6aba2656f4', '');
INSERT INTO `data_priv_org` VALUES ('39', '1', 'wf_df_workflow', '0bb7f3f6-0edc-e16c-7db8-eb6aba2656f4', '');
INSERT INTO `data_priv_org` VALUES ('40', '3', 'wf_df_workflow', '0bb7f3f6-0edc-e16c-7db8-eb6aba2656f4', '');
INSERT INTO `data_priv_org` VALUES ('41', '4', 'wf_df_workflow', '0bb7f3f6-0edc-e16c-7db8-eb6aba2656f4', '');
INSERT INTO `data_priv_org` VALUES ('42', '5', 'wf_df_workflow', '0bb7f3f6-0edc-e16c-7db8-eb6aba2656f4', '');
INSERT INTO `data_priv_org` VALUES ('43', '6', 'wf_df_workflow', '0bb7f3f6-0edc-e16c-7db8-eb6aba2656f4', '');
INSERT INTO `data_priv_org` VALUES ('44', '7', 'wf_df_workflow', '0bb7f3f6-0edc-e16c-7db8-eb6aba2656f4', '');
INSERT INTO `data_priv_org` VALUES ('45', '8', 'wf_df_workflow', '0bb7f3f6-0edc-e16c-7db8-eb6aba2656f4', '');
INSERT INTO `data_priv_org` VALUES ('46', '9', 'wf_df_workflow', '0bb7f3f6-0edc-e16c-7db8-eb6aba2656f4', '');
INSERT INTO `data_priv_org` VALUES ('47', '10', 'wf_df_workflow', '0bb7f3f6-0edc-e16c-7db8-eb6aba2656f4', '');
INSERT INTO `data_priv_org` VALUES ('48', '11', 'wf_df_workflow', '0bb7f3f6-0edc-e16c-7db8-eb6aba2656f4', '');
INSERT INTO `data_priv_org` VALUES ('49', '12', 'wf_df_workflow', '0bb7f3f6-0edc-e16c-7db8-eb6aba2656f4', '');
INSERT INTO `data_priv_org` VALUES ('50', '13', 'wf_df_workflow', '0bb7f3f6-0edc-e16c-7db8-eb6aba2656f4', '');
INSERT INTO `data_priv_org` VALUES ('51', '14', 'wf_df_workflow', '0bb7f3f6-0edc-e16c-7db8-eb6aba2656f4', '');
INSERT INTO `data_priv_org` VALUES ('52', '15', 'wf_df_workflow', '0bb7f3f6-0edc-e16c-7db8-eb6aba2656f4', '');
INSERT INTO `data_priv_org` VALUES ('53', '16', 'wf_df_workflow', '0bb7f3f6-0edc-e16c-7db8-eb6aba2656f4', '');
INSERT INTO `data_priv_org` VALUES ('54', '17', 'wf_df_workflow', '0bb7f3f6-0edc-e16c-7db8-eb6aba2656f4', '');
INSERT INTO `data_priv_org` VALUES ('55', '18', 'wf_df_workflow', '0bb7f3f6-0edc-e16c-7db8-eb6aba2656f4', '');
INSERT INTO `data_priv_org` VALUES ('56', '20', 'wf_df_workflow', '0bb7f3f6-0edc-e16c-7db8-eb6aba2656f4', '');
INSERT INTO `data_priv_org` VALUES ('57', '19', 'wf_df_workflow', '0bb7f3f6-0edc-e16c-7db8-eb6aba2656f4', '');
INSERT INTO `data_priv_org` VALUES ('58', '21', 'wf_df_workflow', '0bb7f3f6-0edc-e16c-7db8-eb6aba2656f4', '');
INSERT INTO `data_priv_org` VALUES ('59', '1', 'wf_df_workflow', 'd8812148-e8e0-9a06-496a-0bfa7dd58069', '');
INSERT INTO `data_priv_org` VALUES ('60', '2', 'wf_df_workflow', 'd8812148-e8e0-9a06-496a-0bfa7dd58069', '');
INSERT INTO `data_priv_org` VALUES ('61', '3', 'wf_df_workflow', 'd8812148-e8e0-9a06-496a-0bfa7dd58069', '');
INSERT INTO `data_priv_org` VALUES ('62', '4', 'wf_df_workflow', 'd8812148-e8e0-9a06-496a-0bfa7dd58069', '');
INSERT INTO `data_priv_org` VALUES ('63', '5', 'wf_df_workflow', 'd8812148-e8e0-9a06-496a-0bfa7dd58069', '');
INSERT INTO `data_priv_org` VALUES ('64', '6', 'wf_df_workflow', 'd8812148-e8e0-9a06-496a-0bfa7dd58069', '');
INSERT INTO `data_priv_org` VALUES ('65', '7', 'wf_df_workflow', 'd8812148-e8e0-9a06-496a-0bfa7dd58069', '');
INSERT INTO `data_priv_org` VALUES ('66', '9', 'wf_df_workflow', 'd8812148-e8e0-9a06-496a-0bfa7dd58069', '');
INSERT INTO `data_priv_org` VALUES ('67', '10', 'wf_df_workflow', 'd8812148-e8e0-9a06-496a-0bfa7dd58069', '');
INSERT INTO `data_priv_org` VALUES ('68', '11', 'wf_df_workflow', 'd8812148-e8e0-9a06-496a-0bfa7dd58069', '');
INSERT INTO `data_priv_org` VALUES ('69', '12', 'wf_df_workflow', 'd8812148-e8e0-9a06-496a-0bfa7dd58069', '');
INSERT INTO `data_priv_org` VALUES ('70', '13', 'wf_df_workflow', 'd8812148-e8e0-9a06-496a-0bfa7dd58069', '');
INSERT INTO `data_priv_org` VALUES ('71', '14', 'wf_df_workflow', 'd8812148-e8e0-9a06-496a-0bfa7dd58069', '');
INSERT INTO `data_priv_org` VALUES ('72', '15', 'wf_df_workflow', 'd8812148-e8e0-9a06-496a-0bfa7dd58069', '');
INSERT INTO `data_priv_org` VALUES ('73', '16', 'wf_df_workflow', 'd8812148-e8e0-9a06-496a-0bfa7dd58069', '');
INSERT INTO `data_priv_org` VALUES ('74', '17', 'wf_df_workflow', 'd8812148-e8e0-9a06-496a-0bfa7dd58069', '');
INSERT INTO `data_priv_org` VALUES ('75', '18', 'wf_df_workflow', 'd8812148-e8e0-9a06-496a-0bfa7dd58069', '');
INSERT INTO `data_priv_org` VALUES ('76', '20', 'wf_df_workflow', 'd8812148-e8e0-9a06-496a-0bfa7dd58069', '');
INSERT INTO `data_priv_org` VALUES ('77', '19', 'wf_df_workflow', 'd8812148-e8e0-9a06-496a-0bfa7dd58069', '');
INSERT INTO `data_priv_org` VALUES ('78', '21', 'wf_df_workflow', 'd8812148-e8e0-9a06-496a-0bfa7dd58069', '');
INSERT INTO `data_priv_org` VALUES ('79', '8', 'wf_df_workflow', 'd8812148-e8e0-9a06-496a-0bfa7dd58069', '');
INSERT INTO `data_priv_org` VALUES ('80', '2', 'wf_df_workflow', '4cc63799-60c6-151c-6c02-b5025ba8c662', '');
INSERT INTO `data_priv_org` VALUES ('81', '1', 'wf_df_workflow', '4cc63799-60c6-151c-6c02-b5025ba8c662', '');
INSERT INTO `data_priv_org` VALUES ('82', '3', 'wf_df_workflow', '4cc63799-60c6-151c-6c02-b5025ba8c662', '');
INSERT INTO `data_priv_org` VALUES ('83', '4', 'wf_df_workflow', '4cc63799-60c6-151c-6c02-b5025ba8c662', '');
INSERT INTO `data_priv_org` VALUES ('84', '5', 'wf_df_workflow', '4cc63799-60c6-151c-6c02-b5025ba8c662', '');
INSERT INTO `data_priv_org` VALUES ('85', '6', 'wf_df_workflow', '4cc63799-60c6-151c-6c02-b5025ba8c662', '');
INSERT INTO `data_priv_org` VALUES ('86', '7', 'wf_df_workflow', '4cc63799-60c6-151c-6c02-b5025ba8c662', '');
INSERT INTO `data_priv_org` VALUES ('87', '8', 'wf_df_workflow', '4cc63799-60c6-151c-6c02-b5025ba8c662', '');
INSERT INTO `data_priv_org` VALUES ('88', '9', 'wf_df_workflow', '4cc63799-60c6-151c-6c02-b5025ba8c662', '');
INSERT INTO `data_priv_org` VALUES ('89', '10', 'wf_df_workflow', '4cc63799-60c6-151c-6c02-b5025ba8c662', '');
INSERT INTO `data_priv_org` VALUES ('90', '11', 'wf_df_workflow', '4cc63799-60c6-151c-6c02-b5025ba8c662', '');
INSERT INTO `data_priv_org` VALUES ('91', '12', 'wf_df_workflow', '4cc63799-60c6-151c-6c02-b5025ba8c662', '');
INSERT INTO `data_priv_org` VALUES ('92', '13', 'wf_df_workflow', '4cc63799-60c6-151c-6c02-b5025ba8c662', '');
INSERT INTO `data_priv_org` VALUES ('93', '14', 'wf_df_workflow', '4cc63799-60c6-151c-6c02-b5025ba8c662', '');
INSERT INTO `data_priv_org` VALUES ('94', '15', 'wf_df_workflow', '4cc63799-60c6-151c-6c02-b5025ba8c662', '');
INSERT INTO `data_priv_org` VALUES ('95', '16', 'wf_df_workflow', '4cc63799-60c6-151c-6c02-b5025ba8c662', '');
INSERT INTO `data_priv_org` VALUES ('96', '17', 'wf_df_workflow', '4cc63799-60c6-151c-6c02-b5025ba8c662', '');
INSERT INTO `data_priv_org` VALUES ('97', '18', 'wf_df_workflow', '4cc63799-60c6-151c-6c02-b5025ba8c662', '');
INSERT INTO `data_priv_org` VALUES ('98', '20', 'wf_df_workflow', '4cc63799-60c6-151c-6c02-b5025ba8c662', '');
INSERT INTO `data_priv_org` VALUES ('99', '19', 'wf_df_workflow', '4cc63799-60c6-151c-6c02-b5025ba8c662', '');
INSERT INTO `data_priv_org` VALUES ('100', '21', 'wf_df_workflow', '4cc63799-60c6-151c-6c02-b5025ba8c662', '');
INSERT INTO `data_priv_org` VALUES ('165', '1', 'news', '7', '');
INSERT INTO `data_priv_org` VALUES ('166', '2', 'news', '7', '');
INSERT INTO `data_priv_org` VALUES ('167', '3', 'news', '7', '');
INSERT INTO `data_priv_org` VALUES ('168', '4', 'news', '7', '');
INSERT INTO `data_priv_org` VALUES ('169', '5', 'news', '7', '');
INSERT INTO `data_priv_org` VALUES ('170', '6', 'news', '7', '');
INSERT INTO `data_priv_org` VALUES ('171', '7', 'news', '7', '');
INSERT INTO `data_priv_org` VALUES ('172', '8', 'news', '7', '');
INSERT INTO `data_priv_org` VALUES ('173', '9', 'news', '7', '');
INSERT INTO `data_priv_org` VALUES ('174', '10', 'news', '7', '');
INSERT INTO `data_priv_org` VALUES ('175', '11', 'news', '7', '');
INSERT INTO `data_priv_org` VALUES ('176', '12', 'news', '7', '');
INSERT INTO `data_priv_org` VALUES ('177', '13', 'news', '7', '');
INSERT INTO `data_priv_org` VALUES ('178', '14', 'news', '7', '');
INSERT INTO `data_priv_org` VALUES ('179', '15', 'news', '7', '');
INSERT INTO `data_priv_org` VALUES ('180', '16', 'news', '7', '');
INSERT INTO `data_priv_org` VALUES ('181', '17', 'news', '7', '');
INSERT INTO `data_priv_org` VALUES ('182', '18', 'news', '7', '');
INSERT INTO `data_priv_org` VALUES ('183', '20', 'news', '7', '');
INSERT INTO `data_priv_org` VALUES ('184', '19', 'news', '7', '');
INSERT INTO `data_priv_org` VALUES ('185', '21', 'news', '7', '');
INSERT INTO `data_priv_org` VALUES ('186', '1', 'news', '6', '');
INSERT INTO `data_priv_org` VALUES ('187', '2', 'news', '6', '');
INSERT INTO `data_priv_org` VALUES ('188', '3', 'news', '6', '');
INSERT INTO `data_priv_org` VALUES ('189', '4', 'news', '6', '');
INSERT INTO `data_priv_org` VALUES ('190', '5', 'news', '6', '');
INSERT INTO `data_priv_org` VALUES ('191', '6', 'news', '6', '');
INSERT INTO `data_priv_org` VALUES ('192', '7', 'news', '6', '');
INSERT INTO `data_priv_org` VALUES ('193', '8', 'news', '6', '');
INSERT INTO `data_priv_org` VALUES ('194', '9', 'news', '6', '');
INSERT INTO `data_priv_org` VALUES ('195', '10', 'news', '6', '');
INSERT INTO `data_priv_org` VALUES ('196', '11', 'news', '6', '');
INSERT INTO `data_priv_org` VALUES ('197', '12', 'news', '6', '');
INSERT INTO `data_priv_org` VALUES ('198', '13', 'news', '6', '');
INSERT INTO `data_priv_org` VALUES ('199', '14', 'news', '6', '');
INSERT INTO `data_priv_org` VALUES ('200', '15', 'news', '6', '');
INSERT INTO `data_priv_org` VALUES ('201', '16', 'news', '6', '');
INSERT INTO `data_priv_org` VALUES ('202', '17', 'news', '6', '');
INSERT INTO `data_priv_org` VALUES ('203', '18', 'news', '6', '');
INSERT INTO `data_priv_org` VALUES ('204', '20', 'news', '6', '');
INSERT INTO `data_priv_org` VALUES ('205', '19', 'news', '6', '');
INSERT INTO `data_priv_org` VALUES ('206', '21', 'news', '6', '');
INSERT INTO `data_priv_org` VALUES ('207', '1', 'news', '2', '');
INSERT INTO `data_priv_org` VALUES ('208', '2', 'news', '2', '');
INSERT INTO `data_priv_org` VALUES ('209', '3', 'news', '2', '');
INSERT INTO `data_priv_org` VALUES ('210', '4', 'news', '2', '');
INSERT INTO `data_priv_org` VALUES ('211', '5', 'news', '2', '');
INSERT INTO `data_priv_org` VALUES ('212', '6', 'news', '2', '');
INSERT INTO `data_priv_org` VALUES ('213', '7', 'news', '2', '');
INSERT INTO `data_priv_org` VALUES ('214', '8', 'news', '2', '');
INSERT INTO `data_priv_org` VALUES ('215', '9', 'news', '2', '');
INSERT INTO `data_priv_org` VALUES ('216', '10', 'news', '2', '');
INSERT INTO `data_priv_org` VALUES ('217', '11', 'news', '2', '');
INSERT INTO `data_priv_org` VALUES ('218', '12', 'news', '2', '');
INSERT INTO `data_priv_org` VALUES ('219', '13', 'news', '2', '');
INSERT INTO `data_priv_org` VALUES ('220', '14', 'news', '2', '');
INSERT INTO `data_priv_org` VALUES ('221', '15', 'news', '2', '');
INSERT INTO `data_priv_org` VALUES ('222', '16', 'news', '2', '');
INSERT INTO `data_priv_org` VALUES ('223', '17', 'news', '2', '');
INSERT INTO `data_priv_org` VALUES ('224', '18', 'news', '2', '');
INSERT INTO `data_priv_org` VALUES ('225', '20', 'news', '2', '');
INSERT INTO `data_priv_org` VALUES ('226', '19', 'news', '2', '');
INSERT INTO `data_priv_org` VALUES ('227', '21', 'news', '2', '');
INSERT INTO `data_priv_org` VALUES ('228', '2', 'cms_category', '4', 'view');
INSERT INTO `data_priv_org` VALUES ('229', '3', 'cms_category', '4', 'view');
INSERT INTO `data_priv_org` VALUES ('230', '9', 'cms_category', '4', 'view');
INSERT INTO `data_priv_org` VALUES ('231', '10', 'cms_category', '4', 'view');
INSERT INTO `data_priv_org` VALUES ('232', '11', 'cms_category', '4', 'view');
INSERT INTO `data_priv_org` VALUES ('233', '12', 'cms_category', '4', 'view');
INSERT INTO `data_priv_org` VALUES ('234', '13', 'cms_category', '4', 'view');
INSERT INTO `data_priv_org` VALUES ('235', '14', 'cms_category', '4', 'view');
INSERT INTO `data_priv_org` VALUES ('236', '15', 'cms_category', '4', 'view');
INSERT INTO `data_priv_org` VALUES ('237', '16', 'cms_category', '4', 'view');
INSERT INTO `data_priv_org` VALUES ('238', '17', 'cms_category', '4', 'view');
INSERT INTO `data_priv_org` VALUES ('239', '18', 'cms_category', '4', 'view');
INSERT INTO `data_priv_org` VALUES ('240', '20', 'cms_category', '4', 'view');
INSERT INTO `data_priv_org` VALUES ('241', '19', 'cms_category', '4', 'view');
INSERT INTO `data_priv_org` VALUES ('242', '21', 'cms_category', '4', 'view');
INSERT INTO `data_priv_org` VALUES ('243', '8', 'cms_category', '4', 'view');
INSERT INTO `data_priv_org` VALUES ('244', '7', 'cms_category', '4', 'view');
INSERT INTO `data_priv_org` VALUES ('245', '6', 'cms_category', '4', 'view');
INSERT INTO `data_priv_org` VALUES ('246', '5', 'cms_category', '4', 'view');
INSERT INTO `data_priv_org` VALUES ('247', '4', 'cms_category', '4', 'view');
INSERT INTO `data_priv_org` VALUES ('248', '1', 'cms_category', '4', 'view');
INSERT INTO `data_priv_org` VALUES ('249', '2', 'cms_category', '4', 'add');
INSERT INTO `data_priv_org` VALUES ('250', '3', 'cms_category', '4', 'add');
INSERT INTO `data_priv_org` VALUES ('251', '9', 'cms_category', '4', 'add');
INSERT INTO `data_priv_org` VALUES ('252', '10', 'cms_category', '4', 'add');
INSERT INTO `data_priv_org` VALUES ('253', '11', 'cms_category', '4', 'add');
INSERT INTO `data_priv_org` VALUES ('254', '12', 'cms_category', '4', 'add');
INSERT INTO `data_priv_org` VALUES ('255', '13', 'cms_category', '4', 'add');
INSERT INTO `data_priv_org` VALUES ('256', '14', 'cms_category', '4', 'add');
INSERT INTO `data_priv_org` VALUES ('257', '15', 'cms_category', '4', 'add');
INSERT INTO `data_priv_org` VALUES ('258', '16', 'cms_category', '4', 'add');
INSERT INTO `data_priv_org` VALUES ('259', '17', 'cms_category', '4', 'add');
INSERT INTO `data_priv_org` VALUES ('260', '18', 'cms_category', '4', 'add');
INSERT INTO `data_priv_org` VALUES ('261', '20', 'cms_category', '4', 'add');
INSERT INTO `data_priv_org` VALUES ('262', '19', 'cms_category', '4', 'add');
INSERT INTO `data_priv_org` VALUES ('263', '21', 'cms_category', '4', 'add');
INSERT INTO `data_priv_org` VALUES ('264', '8', 'cms_category', '4', 'add');
INSERT INTO `data_priv_org` VALUES ('265', '7', 'cms_category', '4', 'add');
INSERT INTO `data_priv_org` VALUES ('266', '6', 'cms_category', '4', 'add');
INSERT INTO `data_priv_org` VALUES ('267', '5', 'cms_category', '4', 'add');
INSERT INTO `data_priv_org` VALUES ('268', '4', 'cms_category', '4', 'add');
INSERT INTO `data_priv_org` VALUES ('269', '1', 'cms_category', '4', 'add');
INSERT INTO `data_priv_org` VALUES ('270', '2', 'cms_category', '4', 'edit');
INSERT INTO `data_priv_org` VALUES ('271', '3', 'cms_category', '4', 'edit');
INSERT INTO `data_priv_org` VALUES ('272', '9', 'cms_category', '4', 'edit');
INSERT INTO `data_priv_org` VALUES ('273', '10', 'cms_category', '4', 'edit');
INSERT INTO `data_priv_org` VALUES ('274', '11', 'cms_category', '4', 'edit');
INSERT INTO `data_priv_org` VALUES ('275', '12', 'cms_category', '4', 'edit');
INSERT INTO `data_priv_org` VALUES ('276', '13', 'cms_category', '4', 'edit');
INSERT INTO `data_priv_org` VALUES ('277', '14', 'cms_category', '4', 'edit');
INSERT INTO `data_priv_org` VALUES ('278', '15', 'cms_category', '4', 'edit');
INSERT INTO `data_priv_org` VALUES ('279', '16', 'cms_category', '4', 'edit');
INSERT INTO `data_priv_org` VALUES ('280', '17', 'cms_category', '4', 'edit');
INSERT INTO `data_priv_org` VALUES ('281', '18', 'cms_category', '4', 'edit');
INSERT INTO `data_priv_org` VALUES ('282', '20', 'cms_category', '4', 'edit');
INSERT INTO `data_priv_org` VALUES ('283', '19', 'cms_category', '4', 'edit');
INSERT INTO `data_priv_org` VALUES ('284', '21', 'cms_category', '4', 'edit');
INSERT INTO `data_priv_org` VALUES ('285', '8', 'cms_category', '4', 'edit');
INSERT INTO `data_priv_org` VALUES ('286', '7', 'cms_category', '4', 'edit');
INSERT INTO `data_priv_org` VALUES ('287', '6', 'cms_category', '4', 'edit');
INSERT INTO `data_priv_org` VALUES ('288', '5', 'cms_category', '4', 'edit');
INSERT INTO `data_priv_org` VALUES ('289', '4', 'cms_category', '4', 'edit');
INSERT INTO `data_priv_org` VALUES ('290', '1', 'cms_category', '4', 'edit');
INSERT INTO `data_priv_org` VALUES ('291', '2', 'cms_category', '4', 'del');
INSERT INTO `data_priv_org` VALUES ('292', '3', 'cms_category', '4', 'del');
INSERT INTO `data_priv_org` VALUES ('293', '9', 'cms_category', '4', 'del');
INSERT INTO `data_priv_org` VALUES ('294', '10', 'cms_category', '4', 'del');
INSERT INTO `data_priv_org` VALUES ('295', '11', 'cms_category', '4', 'del');
INSERT INTO `data_priv_org` VALUES ('296', '12', 'cms_category', '4', 'del');
INSERT INTO `data_priv_org` VALUES ('297', '13', 'cms_category', '4', 'del');
INSERT INTO `data_priv_org` VALUES ('298', '14', 'cms_category', '4', 'del');
INSERT INTO `data_priv_org` VALUES ('299', '15', 'cms_category', '4', 'del');
INSERT INTO `data_priv_org` VALUES ('300', '16', 'cms_category', '4', 'del');
INSERT INTO `data_priv_org` VALUES ('301', '17', 'cms_category', '4', 'del');
INSERT INTO `data_priv_org` VALUES ('302', '18', 'cms_category', '4', 'del');
INSERT INTO `data_priv_org` VALUES ('303', '20', 'cms_category', '4', 'del');
INSERT INTO `data_priv_org` VALUES ('304', '19', 'cms_category', '4', 'del');
INSERT INTO `data_priv_org` VALUES ('305', '21', 'cms_category', '4', 'del');
INSERT INTO `data_priv_org` VALUES ('306', '8', 'cms_category', '4', 'del');
INSERT INTO `data_priv_org` VALUES ('307', '7', 'cms_category', '4', 'del');
INSERT INTO `data_priv_org` VALUES ('308', '6', 'cms_category', '4', 'del');
INSERT INTO `data_priv_org` VALUES ('309', '5', 'cms_category', '4', 'del');
INSERT INTO `data_priv_org` VALUES ('310', '4', 'cms_category', '4', 'del');
INSERT INTO `data_priv_org` VALUES ('311', '1', 'cms_category', '4', 'del');
INSERT INTO `data_priv_org` VALUES ('312', '1', 'address_group', '6', '');
INSERT INTO `data_priv_org` VALUES ('316', '1', 'meeting', '17', '');
INSERT INTO `data_priv_org` VALUES ('317', '2', 'meeting', '17', '');
INSERT INTO `data_priv_org` VALUES ('318', '3', 'meeting', '17', '');
INSERT INTO `data_priv_org` VALUES ('319', '4', 'meeting', '17', '');
INSERT INTO `data_priv_org` VALUES ('320', '5', 'meeting', '17', '');
INSERT INTO `data_priv_org` VALUES ('321', '6', 'meeting', '17', '');
INSERT INTO `data_priv_org` VALUES ('322', '7', 'meeting', '17', '');
INSERT INTO `data_priv_org` VALUES ('323', '8', 'meeting', '17', '');
INSERT INTO `data_priv_org` VALUES ('324', '9', 'meeting', '17', '');
INSERT INTO `data_priv_org` VALUES ('325', '10', 'meeting', '17', '');
INSERT INTO `data_priv_org` VALUES ('326', '11', 'meeting', '17', '');
INSERT INTO `data_priv_org` VALUES ('327', '12', 'meeting', '17', '');
INSERT INTO `data_priv_org` VALUES ('328', '13', 'meeting', '17', '');
INSERT INTO `data_priv_org` VALUES ('329', '14', 'meeting', '17', '');
INSERT INTO `data_priv_org` VALUES ('330', '15', 'meeting', '17', '');
INSERT INTO `data_priv_org` VALUES ('331', '16', 'meeting', '17', '');
INSERT INTO `data_priv_org` VALUES ('332', '17', 'meeting', '17', '');
INSERT INTO `data_priv_org` VALUES ('333', '18', 'meeting', '17', '');
INSERT INTO `data_priv_org` VALUES ('334', '20', 'meeting', '17', '');
INSERT INTO `data_priv_org` VALUES ('335', '19', 'meeting', '17', '');
INSERT INTO `data_priv_org` VALUES ('336', '21', 'meeting', '17', '');
INSERT INTO `data_priv_org` VALUES ('339', '1', 'notify', '7', '');
INSERT INTO `data_priv_org` VALUES ('340', '2', 'notify', '7', '');
INSERT INTO `data_priv_org` VALUES ('341', '3', 'notify', '7', '');
INSERT INTO `data_priv_org` VALUES ('342', '4', 'notify', '7', '');
INSERT INTO `data_priv_org` VALUES ('343', '5', 'notify', '7', '');
INSERT INTO `data_priv_org` VALUES ('344', '6', 'notify', '7', '');
INSERT INTO `data_priv_org` VALUES ('345', '7', 'notify', '7', '');
INSERT INTO `data_priv_org` VALUES ('346', '8', 'notify', '7', '');
INSERT INTO `data_priv_org` VALUES ('347', '9', 'notify', '7', '');
INSERT INTO `data_priv_org` VALUES ('348', '10', 'notify', '7', '');
INSERT INTO `data_priv_org` VALUES ('349', '11', 'notify', '7', '');
INSERT INTO `data_priv_org` VALUES ('350', '12', 'notify', '7', '');
INSERT INTO `data_priv_org` VALUES ('351', '13', 'notify', '7', '');
INSERT INTO `data_priv_org` VALUES ('352', '14', 'notify', '7', '');
INSERT INTO `data_priv_org` VALUES ('353', '15', 'notify', '7', '');
INSERT INTO `data_priv_org` VALUES ('354', '16', 'notify', '7', '');
INSERT INTO `data_priv_org` VALUES ('355', '17', 'notify', '7', '');
INSERT INTO `data_priv_org` VALUES ('356', '18', 'notify', '7', '');
INSERT INTO `data_priv_org` VALUES ('357', '20', 'notify', '7', '');
INSERT INTO `data_priv_org` VALUES ('358', '19', 'notify', '7', '');
INSERT INTO `data_priv_org` VALUES ('359', '21', 'notify', '7', '');
INSERT INTO `data_priv_org` VALUES ('360', '1', 'notify', '9', '');
INSERT INTO `data_priv_org` VALUES ('361', '4', 'notify', '9', '');
INSERT INTO `data_priv_org` VALUES ('362', '3', 'notify', '9', '');
INSERT INTO `data_priv_org` VALUES ('363', '2', 'notify', '9', '');
INSERT INTO `data_priv_org` VALUES ('364', '5', 'notify', '9', '');
INSERT INTO `data_priv_org` VALUES ('365', '6', 'notify', '9', '');
INSERT INTO `data_priv_org` VALUES ('366', '7', 'notify', '9', '');
INSERT INTO `data_priv_org` VALUES ('367', '8', 'notify', '9', '');
INSERT INTO `data_priv_org` VALUES ('368', '9', 'notify', '9', '');
INSERT INTO `data_priv_org` VALUES ('369', '10', 'notify', '9', '');
INSERT INTO `data_priv_org` VALUES ('370', '11', 'notify', '9', '');
INSERT INTO `data_priv_org` VALUES ('371', '12', 'notify', '9', '');
INSERT INTO `data_priv_org` VALUES ('372', '13', 'notify', '9', '');
INSERT INTO `data_priv_org` VALUES ('373', '14', 'notify', '9', '');
INSERT INTO `data_priv_org` VALUES ('374', '15', 'notify', '9', '');
INSERT INTO `data_priv_org` VALUES ('375', '16', 'notify', '9', '');
INSERT INTO `data_priv_org` VALUES ('376', '17', 'notify', '9', '');
INSERT INTO `data_priv_org` VALUES ('377', '18', 'notify', '9', '');
INSERT INTO `data_priv_org` VALUES ('378', '20', 'notify', '9', '');
INSERT INTO `data_priv_org` VALUES ('379', '19', 'notify', '9', '');
INSERT INTO `data_priv_org` VALUES ('380', '21', 'notify', '9', '');
INSERT INTO `data_priv_org` VALUES ('381', '1', 'notify', '1', '');
INSERT INTO `data_priv_org` VALUES ('382', '3', 'notify', '1', '');
INSERT INTO `data_priv_org` VALUES ('383', '2', 'notify', '1', '');
INSERT INTO `data_priv_org` VALUES ('384', '4', 'notify', '1', '');
INSERT INTO `data_priv_org` VALUES ('385', '5', 'notify', '1', '');
INSERT INTO `data_priv_org` VALUES ('386', '6', 'notify', '1', '');
INSERT INTO `data_priv_org` VALUES ('387', '7', 'notify', '1', '');
INSERT INTO `data_priv_org` VALUES ('388', '8', 'notify', '1', '');
INSERT INTO `data_priv_org` VALUES ('389', '9', 'notify', '1', '');
INSERT INTO `data_priv_org` VALUES ('390', '10', 'notify', '1', '');
INSERT INTO `data_priv_org` VALUES ('391', '11', 'notify', '1', '');
INSERT INTO `data_priv_org` VALUES ('392', '12', 'notify', '1', '');
INSERT INTO `data_priv_org` VALUES ('393', '13', 'notify', '1', '');
INSERT INTO `data_priv_org` VALUES ('394', '14', 'notify', '1', '');
INSERT INTO `data_priv_org` VALUES ('395', '15', 'notify', '1', '');
INSERT INTO `data_priv_org` VALUES ('396', '16', 'notify', '1', '');
INSERT INTO `data_priv_org` VALUES ('397', '17', 'notify', '1', '');
INSERT INTO `data_priv_org` VALUES ('398', '18', 'notify', '1', '');
INSERT INTO `data_priv_org` VALUES ('399', '20', 'notify', '1', '');
INSERT INTO `data_priv_org` VALUES ('400', '19', 'notify', '1', '');
INSERT INTO `data_priv_org` VALUES ('401', '21', 'notify', '1', '');
INSERT INTO `data_priv_org` VALUES ('402', '1', 'notify', '6', '');
INSERT INTO `data_priv_org` VALUES ('403', '2', 'notify', '6', '');
INSERT INTO `data_priv_org` VALUES ('404', '3', 'notify', '6', '');
INSERT INTO `data_priv_org` VALUES ('405', '4', 'notify', '6', '');
INSERT INTO `data_priv_org` VALUES ('406', '5', 'notify', '6', '');
INSERT INTO `data_priv_org` VALUES ('407', '6', 'notify', '6', '');
INSERT INTO `data_priv_org` VALUES ('408', '7', 'notify', '6', '');
INSERT INTO `data_priv_org` VALUES ('409', '8', 'notify', '6', '');
INSERT INTO `data_priv_org` VALUES ('410', '9', 'notify', '6', '');
INSERT INTO `data_priv_org` VALUES ('411', '10', 'notify', '6', '');
INSERT INTO `data_priv_org` VALUES ('412', '11', 'notify', '6', '');
INSERT INTO `data_priv_org` VALUES ('413', '12', 'notify', '6', '');
INSERT INTO `data_priv_org` VALUES ('414', '13', 'notify', '6', '');
INSERT INTO `data_priv_org` VALUES ('415', '14', 'notify', '6', '');
INSERT INTO `data_priv_org` VALUES ('416', '15', 'notify', '6', '');
INSERT INTO `data_priv_org` VALUES ('417', '16', 'notify', '6', '');
INSERT INTO `data_priv_org` VALUES ('418', '17', 'notify', '6', '');
INSERT INTO `data_priv_org` VALUES ('419', '18', 'notify', '6', '');
INSERT INTO `data_priv_org` VALUES ('420', '20', 'notify', '6', '');
INSERT INTO `data_priv_org` VALUES ('421', '19', 'notify', '6', '');
INSERT INTO `data_priv_org` VALUES ('422', '21', 'notify', '6', '');
INSERT INTO `data_priv_org` VALUES ('423', '1', 'notify', '2', '');
INSERT INTO `data_priv_org` VALUES ('424', '2', 'notify', '2', '');
INSERT INTO `data_priv_org` VALUES ('425', '4', 'notify', '2', '');
INSERT INTO `data_priv_org` VALUES ('426', '5', 'notify', '2', '');
INSERT INTO `data_priv_org` VALUES ('427', '3', 'notify', '2', '');
INSERT INTO `data_priv_org` VALUES ('428', '6', 'notify', '2', '');
INSERT INTO `data_priv_org` VALUES ('429', '7', 'notify', '2', '');
INSERT INTO `data_priv_org` VALUES ('430', '8', 'notify', '2', '');
INSERT INTO `data_priv_org` VALUES ('431', '9', 'notify', '2', '');
INSERT INTO `data_priv_org` VALUES ('432', '10', 'notify', '2', '');
INSERT INTO `data_priv_org` VALUES ('433', '11', 'notify', '2', '');
INSERT INTO `data_priv_org` VALUES ('434', '12', 'notify', '2', '');
INSERT INTO `data_priv_org` VALUES ('435', '13', 'notify', '2', '');
INSERT INTO `data_priv_org` VALUES ('436', '14', 'notify', '2', '');
INSERT INTO `data_priv_org` VALUES ('437', '15', 'notify', '2', '');
INSERT INTO `data_priv_org` VALUES ('438', '16', 'notify', '2', '');
INSERT INTO `data_priv_org` VALUES ('439', '17', 'notify', '2', '');
INSERT INTO `data_priv_org` VALUES ('440', '18', 'notify', '2', '');
INSERT INTO `data_priv_org` VALUES ('441', '20', 'notify', '2', '');
INSERT INTO `data_priv_org` VALUES ('442', '19', 'notify', '2', '');
INSERT INTO `data_priv_org` VALUES ('443', '21', 'notify', '2', '');
INSERT INTO `data_priv_org` VALUES ('444', '1', 'notify', '10', '');
INSERT INTO `data_priv_org` VALUES ('445', '2', 'notify', '10', '');
INSERT INTO `data_priv_org` VALUES ('446', '3', 'notify', '10', '');
INSERT INTO `data_priv_org` VALUES ('447', '4', 'notify', '10', '');
INSERT INTO `data_priv_org` VALUES ('448', '5', 'notify', '10', '');
INSERT INTO `data_priv_org` VALUES ('449', '6', 'notify', '10', '');
INSERT INTO `data_priv_org` VALUES ('450', '7', 'notify', '10', '');
INSERT INTO `data_priv_org` VALUES ('451', '8', 'notify', '10', '');
INSERT INTO `data_priv_org` VALUES ('452', '9', 'notify', '10', '');
INSERT INTO `data_priv_org` VALUES ('453', '10', 'notify', '10', '');
INSERT INTO `data_priv_org` VALUES ('454', '11', 'notify', '10', '');
INSERT INTO `data_priv_org` VALUES ('455', '12', 'notify', '10', '');
INSERT INTO `data_priv_org` VALUES ('456', '13', 'notify', '10', '');
INSERT INTO `data_priv_org` VALUES ('457', '14', 'notify', '10', '');
INSERT INTO `data_priv_org` VALUES ('458', '15', 'notify', '10', '');
INSERT INTO `data_priv_org` VALUES ('459', '16', 'notify', '10', '');
INSERT INTO `data_priv_org` VALUES ('460', '17', 'notify', '10', '');
INSERT INTO `data_priv_org` VALUES ('461', '18', 'notify', '10', '');
INSERT INTO `data_priv_org` VALUES ('462', '20', 'notify', '10', '');
INSERT INTO `data_priv_org` VALUES ('463', '19', 'notify', '10', '');
INSERT INTO `data_priv_org` VALUES ('464', '21', 'notify', '10', '');
INSERT INTO `data_priv_org` VALUES ('465', '1', 'notify', '11', '');
INSERT INTO `data_priv_org` VALUES ('466', '2', 'notify', '11', '');
INSERT INTO `data_priv_org` VALUES ('467', '3', 'notify', '11', '');
INSERT INTO `data_priv_org` VALUES ('468', '4', 'notify', '11', '');
INSERT INTO `data_priv_org` VALUES ('469', '6', 'notify', '11', '');
INSERT INTO `data_priv_org` VALUES ('470', '5', 'notify', '11', '');
INSERT INTO `data_priv_org` VALUES ('471', '7', 'notify', '11', '');
INSERT INTO `data_priv_org` VALUES ('472', '8', 'notify', '11', '');
INSERT INTO `data_priv_org` VALUES ('473', '9', 'notify', '11', '');
INSERT INTO `data_priv_org` VALUES ('474', '10', 'notify', '11', '');
INSERT INTO `data_priv_org` VALUES ('475', '11', 'notify', '11', '');
INSERT INTO `data_priv_org` VALUES ('476', '12', 'notify', '11', '');
INSERT INTO `data_priv_org` VALUES ('477', '13', 'notify', '11', '');
INSERT INTO `data_priv_org` VALUES ('478', '14', 'notify', '11', '');
INSERT INTO `data_priv_org` VALUES ('479', '15', 'notify', '11', '');
INSERT INTO `data_priv_org` VALUES ('480', '16', 'notify', '11', '');
INSERT INTO `data_priv_org` VALUES ('481', '17', 'notify', '11', '');
INSERT INTO `data_priv_org` VALUES ('482', '18', 'notify', '11', '');
INSERT INTO `data_priv_org` VALUES ('483', '20', 'notify', '11', '');
INSERT INTO `data_priv_org` VALUES ('484', '19', 'notify', '11', '');
INSERT INTO `data_priv_org` VALUES ('485', '21', 'notify', '11', '');
INSERT INTO `data_priv_org` VALUES ('486', '1', 'notify', '13', '');
INSERT INTO `data_priv_org` VALUES ('487', '2', 'notify', '13', '');
INSERT INTO `data_priv_org` VALUES ('488', '3', 'notify', '13', '');
INSERT INTO `data_priv_org` VALUES ('489', '4', 'notify', '13', '');
INSERT INTO `data_priv_org` VALUES ('490', '5', 'notify', '13', '');
INSERT INTO `data_priv_org` VALUES ('491', '6', 'notify', '13', '');
INSERT INTO `data_priv_org` VALUES ('492', '7', 'notify', '13', '');
INSERT INTO `data_priv_org` VALUES ('493', '8', 'notify', '13', '');
INSERT INTO `data_priv_org` VALUES ('494', '9', 'notify', '13', '');
INSERT INTO `data_priv_org` VALUES ('495', '10', 'notify', '13', '');
INSERT INTO `data_priv_org` VALUES ('496', '11', 'notify', '13', '');
INSERT INTO `data_priv_org` VALUES ('497', '12', 'notify', '13', '');
INSERT INTO `data_priv_org` VALUES ('498', '13', 'notify', '13', '');
INSERT INTO `data_priv_org` VALUES ('499', '14', 'notify', '13', '');
INSERT INTO `data_priv_org` VALUES ('500', '15', 'notify', '13', '');
INSERT INTO `data_priv_org` VALUES ('501', '16', 'notify', '13', '');
INSERT INTO `data_priv_org` VALUES ('502', '17', 'notify', '13', '');
INSERT INTO `data_priv_org` VALUES ('503', '18', 'notify', '13', '');
INSERT INTO `data_priv_org` VALUES ('504', '20', 'notify', '13', '');
INSERT INTO `data_priv_org` VALUES ('505', '19', 'notify', '13', '');
INSERT INTO `data_priv_org` VALUES ('506', '21', 'notify', '13', '');
INSERT INTO `data_priv_org` VALUES ('507', '1', 'news', '10', '');
INSERT INTO `data_priv_org` VALUES ('508', '2', 'news', '10', '');
INSERT INTO `data_priv_org` VALUES ('509', '3', 'news', '10', '');
INSERT INTO `data_priv_org` VALUES ('510', '4', 'news', '10', '');
INSERT INTO `data_priv_org` VALUES ('511', '5', 'news', '10', '');
INSERT INTO `data_priv_org` VALUES ('512', '6', 'news', '10', '');
INSERT INTO `data_priv_org` VALUES ('513', '7', 'news', '10', '');
INSERT INTO `data_priv_org` VALUES ('514', '8', 'news', '10', '');
INSERT INTO `data_priv_org` VALUES ('515', '9', 'news', '10', '');
INSERT INTO `data_priv_org` VALUES ('516', '10', 'news', '10', '');
INSERT INTO `data_priv_org` VALUES ('517', '11', 'news', '10', '');
INSERT INTO `data_priv_org` VALUES ('518', '12', 'news', '10', '');
INSERT INTO `data_priv_org` VALUES ('519', '13', 'news', '10', '');
INSERT INTO `data_priv_org` VALUES ('520', '14', 'news', '10', '');
INSERT INTO `data_priv_org` VALUES ('521', '15', 'news', '10', '');
INSERT INTO `data_priv_org` VALUES ('522', '16', 'news', '10', '');
INSERT INTO `data_priv_org` VALUES ('523', '17', 'news', '10', '');
INSERT INTO `data_priv_org` VALUES ('524', '18', 'news', '10', '');
INSERT INTO `data_priv_org` VALUES ('525', '20', 'news', '10', '');
INSERT INTO `data_priv_org` VALUES ('526', '19', 'news', '10', '');
INSERT INTO `data_priv_org` VALUES ('527', '21', 'news', '10', '');
INSERT INTO `data_priv_org` VALUES ('528', '1', 'news', '11', '');
INSERT INTO `data_priv_org` VALUES ('529', '2', 'news', '11', '');
INSERT INTO `data_priv_org` VALUES ('530', '3', 'news', '11', '');
INSERT INTO `data_priv_org` VALUES ('531', '4', 'news', '11', '');
INSERT INTO `data_priv_org` VALUES ('532', '5', 'news', '11', '');
INSERT INTO `data_priv_org` VALUES ('533', '7', 'news', '11', '');
INSERT INTO `data_priv_org` VALUES ('534', '6', 'news', '11', '');
INSERT INTO `data_priv_org` VALUES ('535', '8', 'news', '11', '');
INSERT INTO `data_priv_org` VALUES ('536', '9', 'news', '11', '');
INSERT INTO `data_priv_org` VALUES ('537', '10', 'news', '11', '');
INSERT INTO `data_priv_org` VALUES ('538', '11', 'news', '11', '');
INSERT INTO `data_priv_org` VALUES ('539', '12', 'news', '11', '');
INSERT INTO `data_priv_org` VALUES ('540', '13', 'news', '11', '');
INSERT INTO `data_priv_org` VALUES ('541', '14', 'news', '11', '');
INSERT INTO `data_priv_org` VALUES ('542', '15', 'news', '11', '');
INSERT INTO `data_priv_org` VALUES ('543', '16', 'news', '11', '');
INSERT INTO `data_priv_org` VALUES ('544', '17', 'news', '11', '');
INSERT INTO `data_priv_org` VALUES ('545', '18', 'news', '11', '');
INSERT INTO `data_priv_org` VALUES ('546', '20', 'news', '11', '');
INSERT INTO `data_priv_org` VALUES ('547', '19', 'news', '11', '');
INSERT INTO `data_priv_org` VALUES ('548', '21', 'news', '11', '');
INSERT INTO `data_priv_org` VALUES ('549', '1', 'news', '14', '');
INSERT INTO `data_priv_org` VALUES ('550', '2', 'news', '14', '');
INSERT INTO `data_priv_org` VALUES ('551', '3', 'news', '14', '');
INSERT INTO `data_priv_org` VALUES ('552', '4', 'news', '14', '');
INSERT INTO `data_priv_org` VALUES ('553', '5', 'news', '14', '');
INSERT INTO `data_priv_org` VALUES ('554', '6', 'news', '14', '');
INSERT INTO `data_priv_org` VALUES ('555', '7', 'news', '14', '');
INSERT INTO `data_priv_org` VALUES ('556', '8', 'news', '14', '');
INSERT INTO `data_priv_org` VALUES ('557', '9', 'news', '14', '');
INSERT INTO `data_priv_org` VALUES ('558', '10', 'news', '14', '');
INSERT INTO `data_priv_org` VALUES ('559', '11', 'news', '14', '');
INSERT INTO `data_priv_org` VALUES ('560', '12', 'news', '14', '');
INSERT INTO `data_priv_org` VALUES ('561', '13', 'news', '14', '');
INSERT INTO `data_priv_org` VALUES ('562', '14', 'news', '14', '');
INSERT INTO `data_priv_org` VALUES ('563', '15', 'news', '14', '');
INSERT INTO `data_priv_org` VALUES ('564', '16', 'news', '14', '');
INSERT INTO `data_priv_org` VALUES ('565', '17', 'news', '14', '');
INSERT INTO `data_priv_org` VALUES ('566', '18', 'news', '14', '');
INSERT INTO `data_priv_org` VALUES ('567', '20', 'news', '14', '');
INSERT INTO `data_priv_org` VALUES ('568', '19', 'news', '14', '');
INSERT INTO `data_priv_org` VALUES ('569', '21', 'news', '14', '');
INSERT INTO `data_priv_org` VALUES ('570', '8', 'news', '15', '');
INSERT INTO `data_priv_org` VALUES ('571', '9', 'news', '15', '');
INSERT INTO `data_priv_org` VALUES ('572', '10', 'news', '15', '');
INSERT INTO `data_priv_org` VALUES ('573', '11', 'news', '15', '');
INSERT INTO `data_priv_org` VALUES ('574', '12', 'news', '15', '');
INSERT INTO `data_priv_org` VALUES ('575', '13', 'news', '15', '');
INSERT INTO `data_priv_org` VALUES ('576', '14', 'news', '15', '');
INSERT INTO `data_priv_org` VALUES ('577', '15', 'news', '15', '');
INSERT INTO `data_priv_org` VALUES ('578', '16', 'news', '15', '');
INSERT INTO `data_priv_org` VALUES ('579', '17', 'news', '15', '');
INSERT INTO `data_priv_org` VALUES ('580', '18', 'news', '15', '');
INSERT INTO `data_priv_org` VALUES ('581', '20', 'news', '15', '');
INSERT INTO `data_priv_org` VALUES ('582', '19', 'news', '15', '');
INSERT INTO `data_priv_org` VALUES ('583', '21', 'news', '15', '');
INSERT INTO `data_priv_org` VALUES ('584', '7', 'news', '15', '');
INSERT INTO `data_priv_org` VALUES ('585', '6', 'news', '15', '');
INSERT INTO `data_priv_org` VALUES ('586', '5', 'news', '15', '');
INSERT INTO `data_priv_org` VALUES ('587', '4', 'news', '15', '');
INSERT INTO `data_priv_org` VALUES ('588', '1', 'news', '15', '');
INSERT INTO `data_priv_org` VALUES ('589', '3', 'news', '15', '');
INSERT INTO `data_priv_org` VALUES ('590', '2', 'news', '15', '');
INSERT INTO `data_priv_org` VALUES ('591', '1', 'news', '16', '');
INSERT INTO `data_priv_org` VALUES ('592', '2', 'news', '16', '');
INSERT INTO `data_priv_org` VALUES ('593', '3', 'news', '16', '');
INSERT INTO `data_priv_org` VALUES ('594', '4', 'news', '16', '');
INSERT INTO `data_priv_org` VALUES ('595', '5', 'news', '16', '');
INSERT INTO `data_priv_org` VALUES ('596', '7', 'news', '16', '');
INSERT INTO `data_priv_org` VALUES ('597', '6', 'news', '16', '');
INSERT INTO `data_priv_org` VALUES ('598', '8', 'news', '16', '');
INSERT INTO `data_priv_org` VALUES ('599', '9', 'news', '16', '');
INSERT INTO `data_priv_org` VALUES ('600', '10', 'news', '16', '');
INSERT INTO `data_priv_org` VALUES ('601', '11', 'news', '16', '');
INSERT INTO `data_priv_org` VALUES ('602', '12', 'news', '16', '');
INSERT INTO `data_priv_org` VALUES ('603', '13', 'news', '16', '');
INSERT INTO `data_priv_org` VALUES ('604', '14', 'news', '16', '');
INSERT INTO `data_priv_org` VALUES ('605', '15', 'news', '16', '');
INSERT INTO `data_priv_org` VALUES ('606', '16', 'news', '16', '');
INSERT INTO `data_priv_org` VALUES ('607', '17', 'news', '16', '');
INSERT INTO `data_priv_org` VALUES ('608', '18', 'news', '16', '');
INSERT INTO `data_priv_org` VALUES ('609', '20', 'news', '16', '');
INSERT INTO `data_priv_org` VALUES ('610', '19', 'news', '16', '');
INSERT INTO `data_priv_org` VALUES ('611', '21', 'news', '16', '');
INSERT INTO `data_priv_org` VALUES ('612', '1', 'news', '18', '');
INSERT INTO `data_priv_org` VALUES ('613', '2', 'news', '18', '');
INSERT INTO `data_priv_org` VALUES ('614', '3', 'news', '18', '');
INSERT INTO `data_priv_org` VALUES ('615', '4', 'news', '18', '');
INSERT INTO `data_priv_org` VALUES ('616', '5', 'news', '18', '');
INSERT INTO `data_priv_org` VALUES ('617', '6', 'news', '18', '');
INSERT INTO `data_priv_org` VALUES ('618', '7', 'news', '18', '');
INSERT INTO `data_priv_org` VALUES ('619', '8', 'news', '18', '');
INSERT INTO `data_priv_org` VALUES ('620', '9', 'news', '18', '');
INSERT INTO `data_priv_org` VALUES ('621', '10', 'news', '18', '');
INSERT INTO `data_priv_org` VALUES ('622', '11', 'news', '18', '');
INSERT INTO `data_priv_org` VALUES ('623', '12', 'news', '18', '');
INSERT INTO `data_priv_org` VALUES ('624', '13', 'news', '18', '');
INSERT INTO `data_priv_org` VALUES ('625', '14', 'news', '18', '');
INSERT INTO `data_priv_org` VALUES ('626', '15', 'news', '18', '');
INSERT INTO `data_priv_org` VALUES ('627', '16', 'news', '18', '');
INSERT INTO `data_priv_org` VALUES ('628', '17', 'news', '18', '');
INSERT INTO `data_priv_org` VALUES ('629', '18', 'news', '18', '');
INSERT INTO `data_priv_org` VALUES ('630', '20', 'news', '18', '');
INSERT INTO `data_priv_org` VALUES ('631', '19', 'news', '18', '');
INSERT INTO `data_priv_org` VALUES ('632', '21', 'news', '18', '');
INSERT INTO `data_priv_org` VALUES ('639', '1', 'file_folder_public', '2', 'view');
INSERT INTO `data_priv_org` VALUES ('640', '1', 'file_folder_public', '2', 'new');
INSERT INTO `data_priv_org` VALUES ('641', '1', 'file_folder_public', '2', 'edit');
INSERT INTO `data_priv_org` VALUES ('642', '1', 'file_folder_public', '2', 'delete');
INSERT INTO `data_priv_org` VALUES ('643', '1', 'file_folder_public', '2', 'download');
INSERT INTO `data_priv_org` VALUES ('644', '1', 'file_folder_public', '2', 'owner');
INSERT INTO `data_priv_org` VALUES ('645', '1', 'wf_df_app_category', '8', '');
INSERT INTO `data_priv_org` VALUES ('646', '2', 'wf_df_app_category', '8', '');
INSERT INTO `data_priv_org` VALUES ('647', '3', 'wf_df_app_category', '8', '');
INSERT INTO `data_priv_org` VALUES ('648', '4', 'wf_df_app_category', '8', '');
INSERT INTO `data_priv_org` VALUES ('649', '5', 'wf_df_app_category', '8', '');
INSERT INTO `data_priv_org` VALUES ('650', '6', 'wf_df_app_category', '8', '');
INSERT INTO `data_priv_org` VALUES ('651', '7', 'wf_df_app_category', '8', '');
INSERT INTO `data_priv_org` VALUES ('652', '8', 'wf_df_app_category', '8', '');
INSERT INTO `data_priv_org` VALUES ('653', '9', 'wf_df_app_category', '8', '');
INSERT INTO `data_priv_org` VALUES ('654', '10', 'wf_df_app_category', '8', '');
INSERT INTO `data_priv_org` VALUES ('655', '11', 'wf_df_app_category', '8', '');
INSERT INTO `data_priv_org` VALUES ('656', '12', 'wf_df_app_category', '8', '');
INSERT INTO `data_priv_org` VALUES ('657', '13', 'wf_df_app_category', '8', '');
INSERT INTO `data_priv_org` VALUES ('658', '14', 'wf_df_app_category', '8', '');
INSERT INTO `data_priv_org` VALUES ('659', '15', 'wf_df_app_category', '8', '');
INSERT INTO `data_priv_org` VALUES ('660', '16', 'wf_df_app_category', '8', '');
INSERT INTO `data_priv_org` VALUES ('661', '17', 'wf_df_app_category', '8', '');
INSERT INTO `data_priv_org` VALUES ('662', '18', 'wf_df_app_category', '8', '');
INSERT INTO `data_priv_org` VALUES ('663', '20', 'wf_df_app_category', '8', '');
INSERT INTO `data_priv_org` VALUES ('664', '19', 'wf_df_app_category', '8', '');
INSERT INTO `data_priv_org` VALUES ('665', '21', 'wf_df_app_category', '8', '');
INSERT INTO `data_priv_org` VALUES ('666', '1', 'sys_theme', '6', '');
INSERT INTO `data_priv_org` VALUES ('667', '2', 'sys_theme', '6', '');
INSERT INTO `data_priv_org` VALUES ('668', '3', 'sys_theme', '6', '');
INSERT INTO `data_priv_org` VALUES ('669', '4', 'sys_theme', '6', '');
INSERT INTO `data_priv_org` VALUES ('670', '5', 'sys_theme', '6', '');
INSERT INTO `data_priv_org` VALUES ('671', '6', 'sys_theme', '6', '');
INSERT INTO `data_priv_org` VALUES ('672', '7', 'sys_theme', '6', '');
INSERT INTO `data_priv_org` VALUES ('673', '8', 'sys_theme', '6', '');
INSERT INTO `data_priv_org` VALUES ('674', '9', 'sys_theme', '6', '');
INSERT INTO `data_priv_org` VALUES ('675', '10', 'sys_theme', '6', '');
INSERT INTO `data_priv_org` VALUES ('676', '11', 'sys_theme', '6', '');
INSERT INTO `data_priv_org` VALUES ('677', '12', 'sys_theme', '6', '');
INSERT INTO `data_priv_org` VALUES ('678', '13', 'sys_theme', '6', '');
INSERT INTO `data_priv_org` VALUES ('679', '14', 'sys_theme', '6', '');
INSERT INTO `data_priv_org` VALUES ('680', '15', 'sys_theme', '6', '');
INSERT INTO `data_priv_org` VALUES ('681', '16', 'sys_theme', '6', '');
INSERT INTO `data_priv_org` VALUES ('682', '17', 'sys_theme', '6', '');
INSERT INTO `data_priv_org` VALUES ('683', '18', 'sys_theme', '6', '');
INSERT INTO `data_priv_org` VALUES ('684', '20', 'sys_theme', '6', '');
INSERT INTO `data_priv_org` VALUES ('685', '19', 'sys_theme', '6', '');
INSERT INTO `data_priv_org` VALUES ('686', '21', 'sys_theme', '6', '');

-- ----------------------------
-- Table structure for data_priv_position
-- ----------------------------
DROP TABLE IF EXISTS `data_priv_position`;
CREATE TABLE `data_priv_position` (
  `id` int(11) NOT NULL AUTO_INCREMENT,
  `position_id` int(11) DEFAULT NULL,
  `model` varchar(64) DEFAULT NULL,
  `pk` char(36) DEFAULT NULL,
  `type` varchar(64) DEFAULT NULL,
  PRIMARY KEY (`id`),
  KEY `idx_pmp` (`model`,`pk`,`position_id`)
) ENGINE=InnoDB DEFAULT CHARSET=utf8;

-- ----------------------------
-- Records of data_priv_position
-- ----------------------------

-- ----------------------------
-- Table structure for data_priv_role
-- ----------------------------
DROP TABLE IF EXISTS `data_priv_role`;
CREATE TABLE `data_priv_role` (
  `id` int(11) NOT NULL AUTO_INCREMENT,
  `role_id` int(11) DEFAULT NULL,
  `model` varchar(64) DEFAULT NULL,
  `pk` char(36) DEFAULT NULL,
  `type` varchar(64) NOT NULL,
  PRIMARY KEY (`id`),
  KEY `idx_rmp` (`model`,`pk`,`role_id`)
) ENGINE=InnoDB AUTO_INCREMENT=208 DEFAULT CHARSET=utf8;

-- ----------------------------
-- Records of data_priv_role
-- ----------------------------
INSERT INTO `data_priv_role` VALUES ('1', '296', 'notify', '1', '');
INSERT INTO `data_priv_role` VALUES ('2', '296', 'notify', '2', '');
INSERT INTO `data_priv_role` VALUES ('5', '296', 'news', '2', '');
INSERT INTO `data_priv_role` VALUES ('6', '296', 'news', '3', '');
INSERT INTO `data_priv_role` VALUES ('7', '296', 'vote', '1', '');
INSERT INTO `data_priv_role` VALUES ('8', '296', 'vote', '2', '');
INSERT INTO `data_priv_role` VALUES ('9', '296', 'vote', '3', '');
INSERT INTO `data_priv_role` VALUES ('10', '296', 'vote', '4', '');
INSERT INTO `data_priv_role` VALUES ('15', '309', 'wf_df_workflow', '25b5a991-3aca-c670-c1ae-f3da14489ac4', '');
INSERT INTO `data_priv_role` VALUES ('24', '296', 'vote', '5', '');
INSERT INTO `data_priv_role` VALUES ('25', '296', 'cms_category', '9', 'edit');
INSERT INTO `data_priv_role` VALUES ('26', '296', 'cms_category', '13', 'view');
INSERT INTO `data_priv_role` VALUES ('28', '296', 'cms_category', '18', 'view');
INSERT INTO `data_priv_role` VALUES ('38', '281', 'notify', '3', '');
INSERT INTO `data_priv_role` VALUES ('39', '282', 'notify', '3', '');
INSERT INTO `data_priv_role` VALUES ('40', '283', 'notify', '3', '');
INSERT INTO `data_priv_role` VALUES ('41', '284', 'notify', '3', '');
INSERT INTO `data_priv_role` VALUES ('42', '286', 'notify', '3', '');
INSERT INTO `data_priv_role` VALUES ('43', '285', 'notify', '3', '');
INSERT INTO `data_priv_role` VALUES ('44', '284', 'meeting', '16', '');
INSERT INTO `data_priv_role` VALUES ('57', '281', 'news', '8', '');
INSERT INTO `data_priv_role` VALUES ('58', '282', 'news', '8', '');
INSERT INTO `data_priv_role` VALUES ('59', '283', 'news', '8', '');
INSERT INTO `data_priv_role` VALUES ('60', '284', 'news', '8', '');
INSERT INTO `data_priv_role` VALUES ('61', '286', 'news', '8', '');
INSERT INTO `data_priv_role` VALUES ('62', '285', 'news', '8', '');
INSERT INTO `data_priv_role` VALUES ('63', '281', 'cms_category', '4', 'view');
INSERT INTO `data_priv_role` VALUES ('64', '282', 'cms_category', '4', 'view');
INSERT INTO `data_priv_role` VALUES ('65', '283', 'cms_category', '4', 'view');
INSERT INTO `data_priv_role` VALUES ('66', '284', 'cms_category', '4', 'view');
INSERT INTO `data_priv_role` VALUES ('67', '286', 'cms_category', '4', 'view');
INSERT INTO `data_priv_role` VALUES ('68', '285', 'cms_category', '4', 'view');
INSERT INTO `data_priv_role` VALUES ('69', '281', 'cms_category', '4', 'add');
INSERT INTO `data_priv_role` VALUES ('70', '282', 'cms_category', '4', 'add');
INSERT INTO `data_priv_role` VALUES ('71', '283', 'cms_category', '4', 'add');
INSERT INTO `data_priv_role` VALUES ('72', '284', 'cms_category', '4', 'add');
INSERT INTO `data_priv_role` VALUES ('73', '286', 'cms_category', '4', 'add');
INSERT INTO `data_priv_role` VALUES ('74', '285', 'cms_category', '4', 'add');
INSERT INTO `data_priv_role` VALUES ('75', '281', 'cms_category', '4', 'edit');
INSERT INTO `data_priv_role` VALUES ('76', '282', 'cms_category', '4', 'edit');
INSERT INTO `data_priv_role` VALUES ('77', '283', 'cms_category', '4', 'edit');
INSERT INTO `data_priv_role` VALUES ('78', '284', 'cms_category', '4', 'edit');
INSERT INTO `data_priv_role` VALUES ('79', '286', 'cms_category', '4', 'edit');
INSERT INTO `data_priv_role` VALUES ('80', '285', 'cms_category', '4', 'edit');
INSERT INTO `data_priv_role` VALUES ('81', '281', 'cms_category', '4', 'del');
INSERT INTO `data_priv_role` VALUES ('82', '282', 'cms_category', '4', 'del');
INSERT INTO `data_priv_role` VALUES ('83', '283', 'cms_category', '4', 'del');
INSERT INTO `data_priv_role` VALUES ('84', '284', 'cms_category', '4', 'del');
INSERT INTO `data_priv_role` VALUES ('85', '286', 'cms_category', '4', 'del');
INSERT INTO `data_priv_role` VALUES ('86', '285', 'cms_category', '4', 'del');
INSERT INTO `data_priv_role` VALUES ('93', '281', 'notify', '8', '');
INSERT INTO `data_priv_role` VALUES ('94', '282', 'notify', '8', '');
INSERT INTO `data_priv_role` VALUES ('95', '283', 'notify', '8', '');
INSERT INTO `data_priv_role` VALUES ('96', '284', 'notify', '8', '');
INSERT INTO `data_priv_role` VALUES ('97', '286', 'notify', '8', '');
INSERT INTO `data_priv_role` VALUES ('98', '285', 'notify', '8', '');
INSERT INTO `data_priv_role` VALUES ('99', '281', 'news', '12', '');
INSERT INTO `data_priv_role` VALUES ('100', '282', 'news', '12', '');
INSERT INTO `data_priv_role` VALUES ('101', '283', 'news', '12', '');
INSERT INTO `data_priv_role` VALUES ('102', '284', 'news', '12', '');
INSERT INTO `data_priv_role` VALUES ('103', '286', 'news', '12', '');
INSERT INTO `data_priv_role` VALUES ('104', '285', 'news', '12', '');
INSERT INTO `data_priv_role` VALUES ('111', '281', 'vote', '9', '');
INSERT INTO `data_priv_role` VALUES ('112', '282', 'vote', '9', '');
INSERT INTO `data_priv_role` VALUES ('113', '283', 'vote', '9', '');
INSERT INTO `data_priv_role` VALUES ('114', '284', 'vote', '9', '');
INSERT INTO `data_priv_role` VALUES ('115', '286', 'vote', '9', '');
INSERT INTO `data_priv_role` VALUES ('116', '285', 'vote', '9', '');
INSERT INTO `data_priv_role` VALUES ('123', '281', 'file_folder_public', '2', 'view');
INSERT INTO `data_priv_role` VALUES ('124', '281', 'file_folder_public', '2', 'new');
INSERT INTO `data_priv_role` VALUES ('125', '281', 'file_folder_public', '2', 'edit');
INSERT INTO `data_priv_role` VALUES ('126', '281', 'file_folder_public', '2', 'delete');
INSERT INTO `data_priv_role` VALUES ('127', '281', 'file_folder_public', '2', 'download');
INSERT INTO `data_priv_role` VALUES ('128', '281', 'file_folder_public', '2', 'owner');
INSERT INTO `data_priv_role` VALUES ('129', '284', 'wf_df_app_category', '8', '');
INSERT INTO `data_priv_role` VALUES ('130', '281', 'mobile_application', '1', '');
INSERT INTO `data_priv_role` VALUES ('131', '282', 'mobile_application', '1', '');
INSERT INTO `data_priv_role` VALUES ('132', '283', 'mobile_application', '1', '');
INSERT INTO `data_priv_role` VALUES ('133', '284', 'mobile_application', '1', '');
INSERT INTO `data_priv_role` VALUES ('134', '285', 'mobile_application', '1', '');
INSERT INTO `data_priv_role` VALUES ('135', '286', 'mobile_application', '1', '');
INSERT INTO `data_priv_role` VALUES ('136', '281', 'mobile_application', '2', '');
INSERT INTO `data_priv_role` VALUES ('137', '282', 'mobile_application', '2', '');
INSERT INTO `data_priv_role` VALUES ('138', '283', 'mobile_application', '2', '');
INSERT INTO `data_priv_role` VALUES ('139', '284', 'mobile_application', '2', '');
INSERT INTO `data_priv_role` VALUES ('140', '285', 'mobile_application', '2', '');
INSERT INTO `data_priv_role` VALUES ('141', '286', 'mobile_application', '2', '');
INSERT INTO `data_priv_role` VALUES ('142', '281', 'mobile_application', '3', '');
INSERT INTO `data_priv_role` VALUES ('143', '282', 'mobile_application', '3', '');
INSERT INTO `data_priv_role` VALUES ('144', '283', 'mobile_application', '3', '');
INSERT INTO `data_priv_role` VALUES ('145', '284', 'mobile_application', '3', '');
INSERT INTO `data_priv_role` VALUES ('146', '285', 'mobile_application', '3', '');
INSERT INTO `data_priv_role` VALUES ('147', '286', 'mobile_application', '3', '');
INSERT INTO `data_priv_role` VALUES ('148', '281', 'mobile_application', '4', '');
INSERT INTO `data_priv_role` VALUES ('149', '282', 'mobile_application', '4', '');
INSERT INTO `data_priv_role` VALUES ('150', '283', 'mobile_application', '4', '');
INSERT INTO `data_priv_role` VALUES ('151', '284', 'mobile_application', '4', '');
INSERT INTO `data_priv_role` VALUES ('152', '285', 'mobile_application', '4', '');
INSERT INTO `data_priv_role` VALUES ('153', '286', 'mobile_application', '4', '');
INSERT INTO `data_priv_role` VALUES ('154', '281', 'mobile_application', '5', '');
INSERT INTO `data_priv_role` VALUES ('155', '282', 'mobile_application', '5', '');
INSERT INTO `data_priv_role` VALUES ('156', '283', 'mobile_application', '5', '');
INSERT INTO `data_priv_role` VALUES ('157', '284', 'mobile_application', '5', '');
INSERT INTO `data_priv_role` VALUES ('158', '285', 'mobile_application', '5', '');
INSERT INTO `data_priv_role` VALUES ('159', '286', 'mobile_application', '5', '');
INSERT INTO `data_priv_role` VALUES ('160', '281', 'mobile_application', '6', '');
INSERT INTO `data_priv_role` VALUES ('161', '282', 'mobile_application', '6', '');
INSERT INTO `data_priv_role` VALUES ('162', '283', 'mobile_application', '6', '');
INSERT INTO `data_priv_role` VALUES ('163', '284', 'mobile_application', '6', '');
INSERT INTO `data_priv_role` VALUES ('164', '285', 'mobile_application', '6', '');
INSERT INTO `data_priv_role` VALUES ('165', '286', 'mobile_application', '6', '');
INSERT INTO `data_priv_role` VALUES ('166', '281', 'mobile_application', '7', '');
INSERT INTO `data_priv_role` VALUES ('167', '282', 'mobile_application', '7', '');
INSERT INTO `data_priv_role` VALUES ('168', '283', 'mobile_application', '7', '');
INSERT INTO `data_priv_role` VALUES ('169', '284', 'mobile_application', '7', '');
INSERT INTO `data_priv_role` VALUES ('170', '285', 'mobile_application', '7', '');
INSERT INTO `data_priv_role` VALUES ('171', '286', 'mobile_application', '7', '');
INSERT INTO `data_priv_role` VALUES ('172', '281', 'mobile_application', '8', '');
INSERT INTO `data_priv_role` VALUES ('173', '282', 'mobile_application', '8', '');
INSERT INTO `data_priv_role` VALUES ('174', '283', 'mobile_application', '8', '');
INSERT INTO `data_priv_role` VALUES ('175', '284', 'mobile_application', '8', '');
INSERT INTO `data_priv_role` VALUES ('176', '285', 'mobile_application', '8', '');
INSERT INTO `data_priv_role` VALUES ('177', '286', 'mobile_application', '8', '');
INSERT INTO `data_priv_role` VALUES ('178', '281', 'mobile_application', '9', '');
INSERT INTO `data_priv_role` VALUES ('179', '282', 'mobile_application', '9', '');
INSERT INTO `data_priv_role` VALUES ('180', '283', 'mobile_application', '9', '');
INSERT INTO `data_priv_role` VALUES ('181', '284', 'mobile_application', '9', '');
INSERT INTO `data_priv_role` VALUES ('182', '285', 'mobile_application', '9', '');
INSERT INTO `data_priv_role` VALUES ('183', '286', 'mobile_application', '9', '');
INSERT INTO `data_priv_role` VALUES ('184', '281', 'mobile_application', '10', '');
INSERT INTO `data_priv_role` VALUES ('185', '282', 'mobile_application', '10', '');
INSERT INTO `data_priv_role` VALUES ('186', '283', 'mobile_application', '10', '');
INSERT INTO `data_priv_role` VALUES ('187', '284', 'mobile_application', '10', '');
INSERT INTO `data_priv_role` VALUES ('188', '285', 'mobile_application', '10', '');
INSERT INTO `data_priv_role` VALUES ('189', '286', 'mobile_application', '10', '');
INSERT INTO `data_priv_role` VALUES ('190', '281', 'mobile_application', '11', '');
INSERT INTO `data_priv_role` VALUES ('191', '282', 'mobile_application', '11', '');
INSERT INTO `data_priv_role` VALUES ('192', '283', 'mobile_application', '11', '');
INSERT INTO `data_priv_role` VALUES ('193', '284', 'mobile_application', '11', '');
INSERT INTO `data_priv_role` VALUES ('194', '285', 'mobile_application', '11', '');
INSERT INTO `data_priv_role` VALUES ('195', '286', 'mobile_application', '11', '');
INSERT INTO `data_priv_role` VALUES ('196', '281', 'mobile_application', '12', '');
INSERT INTO `data_priv_role` VALUES ('197', '282', 'mobile_application', '12', '');
INSERT INTO `data_priv_role` VALUES ('198', '283', 'mobile_application', '12', '');
INSERT INTO `data_priv_role` VALUES ('199', '284', 'mobile_application', '12', '');
INSERT INTO `data_priv_role` VALUES ('200', '285', 'mobile_application', '12', '');
INSERT INTO `data_priv_role` VALUES ('201', '286', 'mobile_application', '12', '');
INSERT INTO `data_priv_role` VALUES ('202', '281', 'mobile_application', '13', '');
INSERT INTO `data_priv_role` VALUES ('203', '282', 'mobile_application', '13', '');
INSERT INTO `data_priv_role` VALUES ('204', '283', 'mobile_application', '13', '');
INSERT INTO `data_priv_role` VALUES ('205', '284', 'mobile_application', '13', '');
INSERT INTO `data_priv_role` VALUES ('206', '285', 'mobile_application', '13', '');
INSERT INTO `data_priv_role` VALUES ('207', '286', 'mobile_application', '13', '');

-- ----------------------------
-- Table structure for data_priv_user
-- ----------------------------
DROP TABLE IF EXISTS `data_priv_user`;
CREATE TABLE `data_priv_user` (
  `id` int(11) NOT NULL AUTO_INCREMENT,
  `user_id` int(11) DEFAULT NULL,
  `model` varchar(64) DEFAULT NULL,
  `pk` char(36) DEFAULT NULL,
  `type` varchar(64) NOT NULL,
  PRIMARY KEY (`id`),
  KEY `idx_ump` (`model`,`pk`,`user_id`)
) ENGINE=InnoDB AUTO_INCREMENT=547 DEFAULT CHARSET=utf8;

-- ----------------------------
-- Records of data_priv_user
-- ----------------------------
INSERT INTO `data_priv_user` VALUES ('1', '1', 'portal', '1', '');
INSERT INTO `data_priv_user` VALUES ('2', '1', 'portal', '2', '');
INSERT INTO `data_priv_user` VALUES ('3', '1', 'portal', '3', '');
INSERT INTO `data_priv_user` VALUES ('4', '1', 'portal', '4', '');
INSERT INTO `data_priv_user` VALUES ('9', '1', 'file_folder_public', '1', 'view');
INSERT INTO `data_priv_user` VALUES ('10', '5', 'file_folder_public', '1', 'view');
INSERT INTO `data_priv_user` VALUES ('11', '7', 'file_folder_public', '1', 'view');
INSERT INTO `data_priv_user` VALUES ('12', '1', 'file_folder_public', '1', 'new');
INSERT INTO `data_priv_user` VALUES ('13', '5', 'file_folder_public', '1', 'new');
INSERT INTO `data_priv_user` VALUES ('14', '7', 'file_folder_public', '1', 'new');
INSERT INTO `data_priv_user` VALUES ('15', '1', 'file_folder_public', '1', 'edit');
INSERT INTO `data_priv_user` VALUES ('16', '5', 'file_folder_public', '1', 'edit');
INSERT INTO `data_priv_user` VALUES ('17', '7', 'file_folder_public', '1', 'edit');
INSERT INTO `data_priv_user` VALUES ('18', '1', 'file_folder_public', '1', 'delete');
INSERT INTO `data_priv_user` VALUES ('19', '5', 'file_folder_public', '1', 'delete');
INSERT INTO `data_priv_user` VALUES ('20', '7', 'file_folder_public', '1', 'delete');
INSERT INTO `data_priv_user` VALUES ('21', '1', 'file_folder_public', '1', 'download');
INSERT INTO `data_priv_user` VALUES ('22', '5', 'file_folder_public', '1', 'download');
INSERT INTO `data_priv_user` VALUES ('23', '7', 'file_folder_public', '1', 'download');
INSERT INTO `data_priv_user` VALUES ('24', '1', 'file_folder_public', '1', 'owner');
INSERT INTO `data_priv_user` VALUES ('25', '5', 'file_folder_public', '1', 'owner');
INSERT INTO `data_priv_user` VALUES ('26', '7', 'file_folder_public', '1', 'owner');
INSERT INTO `data_priv_user` VALUES ('51', '1', 'file_folder_public', '3', 'view');
INSERT INTO `data_priv_user` VALUES ('52', '1', 'file_folder_public', '3', 'new');
INSERT INTO `data_priv_user` VALUES ('53', '1', 'file_folder_public', '3', 'edit');
INSERT INTO `data_priv_user` VALUES ('54', '1', 'file_folder_public', '3', 'delete');
INSERT INTO `data_priv_user` VALUES ('55', '1', 'file_folder_public', '3', 'download');
INSERT INTO `data_priv_user` VALUES ('56', '1', 'file_folder_public', '3', 'owner');
INSERT INTO `data_priv_user` VALUES ('57', '1', 'file_folder_public', '4', 'view');
INSERT INTO `data_priv_user` VALUES ('58', '1', 'file_folder_public', '4', 'new');
INSERT INTO `data_priv_user` VALUES ('59', '1', 'file_folder_public', '4', 'edit');
INSERT INTO `data_priv_user` VALUES ('60', '1', 'file_folder_public', '4', 'delete');
INSERT INTO `data_priv_user` VALUES ('61', '1', 'file_folder_public', '4', 'download');
INSERT INTO `data_priv_user` VALUES ('62', '1', 'file_folder_public', '4', 'owner');
INSERT INTO `data_priv_user` VALUES ('63', '1', 'wf_df_workflow', '25b5a991-3aca-c670-c1ae-f3da14489ac4', '');
INSERT INTO `data_priv_user` VALUES ('64', '4', 'wf_df_workflow', '25b5a991-3aca-c670-c1ae-f3da14489ac4', '');
INSERT INTO `data_priv_user` VALUES ('65', '5', 'wf_df_workflow', '25b5a991-3aca-c670-c1ae-f3da14489ac4', '');
INSERT INTO `data_priv_user` VALUES ('66', '6', 'wf_df_workflow', '25b5a991-3aca-c670-c1ae-f3da14489ac4', '');
INSERT INTO `data_priv_user` VALUES ('67', '7', 'wf_df_workflow', '25b5a991-3aca-c670-c1ae-f3da14489ac4', '');
INSERT INTO `data_priv_user` VALUES ('68', '1', 'wf_df_workflow', 'c70cabea-b6c3-c22a-e2b9-3be70edf1994', '');
INSERT INTO `data_priv_user` VALUES ('69', '4', 'wf_df_workflow', 'c70cabea-b6c3-c22a-e2b9-3be70edf1994', '');
INSERT INTO `data_priv_user` VALUES ('70', '5', 'wf_df_workflow', 'c70cabea-b6c3-c22a-e2b9-3be70edf1994', '');
INSERT INTO `data_priv_user` VALUES ('71', '6', 'wf_df_workflow', 'c70cabea-b6c3-c22a-e2b9-3be70edf1994', '');
INSERT INTO `data_priv_user` VALUES ('72', '7', 'wf_df_workflow', 'c70cabea-b6c3-c22a-e2b9-3be70edf1994', '');
INSERT INTO `data_priv_user` VALUES ('73', '1', 'vote', '5', '');
INSERT INTO `data_priv_user` VALUES ('83', '11', 'cms_category', '9', 'view');
INSERT INTO `data_priv_user` VALUES ('85', '1', 'book', '1', 'manage');
INSERT INTO `data_priv_user` VALUES ('86', '2', 'book', '1', 'borrow');
INSERT INTO `data_priv_user` VALUES ('87', '3', 'book', '1', 'borrow');
INSERT INTO `data_priv_user` VALUES ('88', '4', 'book', '1', 'borrow');
INSERT INTO `data_priv_user` VALUES ('89', '8', 'book', '1', 'borrow');
INSERT INTO `data_priv_user` VALUES ('90', '1', 'book', '1', 'borrow');
INSERT INTO `data_priv_user` VALUES ('91', '11', 'book', '1', 'borrow');
INSERT INTO `data_priv_user` VALUES ('92', '5', 'book', '1', 'borrow');
INSERT INTO `data_priv_user` VALUES ('93', '6', 'book', '1', 'borrow');
INSERT INTO `data_priv_user` VALUES ('94', '7', 'book', '1', 'borrow');
INSERT INTO `data_priv_user` VALUES ('95', '1', 'book', '2', 'manage');
INSERT INTO `data_priv_user` VALUES ('96', '2', 'book', '2', 'borrow');
INSERT INTO `data_priv_user` VALUES ('97', '3', 'book', '2', 'borrow');
INSERT INTO `data_priv_user` VALUES ('98', '4', 'book', '2', 'borrow');
INSERT INTO `data_priv_user` VALUES ('99', '8', 'book', '2', 'borrow');
INSERT INTO `data_priv_user` VALUES ('100', '1', 'book', '2', 'borrow');
INSERT INTO `data_priv_user` VALUES ('101', '11', 'book', '2', 'borrow');
INSERT INTO `data_priv_user` VALUES ('102', '5', 'book', '2', 'borrow');
INSERT INTO `data_priv_user` VALUES ('103', '6', 'book', '2', 'borrow');
INSERT INTO `data_priv_user` VALUES ('104', '7', 'book', '2', 'borrow');
INSERT INTO `data_priv_user` VALUES ('105', '1', 'book', '3', 'manage');
INSERT INTO `data_priv_user` VALUES ('106', '2', 'book', '3', 'borrow');
INSERT INTO `data_priv_user` VALUES ('107', '3', 'book', '3', 'borrow');
INSERT INTO `data_priv_user` VALUES ('108', '4', 'book', '3', 'borrow');
INSERT INTO `data_priv_user` VALUES ('109', '8', 'book', '3', 'borrow');
INSERT INTO `data_priv_user` VALUES ('110', '1', 'book', '3', 'borrow');
INSERT INTO `data_priv_user` VALUES ('111', '11', 'book', '3', 'borrow');
INSERT INTO `data_priv_user` VALUES ('112', '5', 'book', '3', 'borrow');
INSERT INTO `data_priv_user` VALUES ('113', '6', 'book', '3', 'borrow');
INSERT INTO `data_priv_user` VALUES ('114', '7', 'book', '3', 'borrow');
INSERT INTO `data_priv_user` VALUES ('157', '2', 'wf_df_app_category', '5', '');
INSERT INTO `data_priv_user` VALUES ('158', '3', 'wf_df_app_category', '5', '');
INSERT INTO `data_priv_user` VALUES ('159', '4', 'wf_df_app_category', '5', '');
INSERT INTO `data_priv_user` VALUES ('160', '2', 'wf_df_app_category', '6', '');
INSERT INTO `data_priv_user` VALUES ('161', '3', 'wf_df_app_category', '6', '');
INSERT INTO `data_priv_user` VALUES ('162', '4', 'wf_df_app_category', '6', '');
INSERT INTO `data_priv_user` VALUES ('163', '2', 'wf_df_workflow', '4cc63799-60c6-151c-6c02-b5025ba8c662', '');
INSERT INTO `data_priv_user` VALUES ('164', '4', 'wf_df_workflow', '4cc63799-60c6-151c-6c02-b5025ba8c662', '');
INSERT INTO `data_priv_user` VALUES ('165', '3', 'wf_df_workflow', '4cc63799-60c6-151c-6c02-b5025ba8c662', '');
INSERT INTO `data_priv_user` VALUES ('166', '8', 'wf_df_workflow', '4cc63799-60c6-151c-6c02-b5025ba8c662', '');
INSERT INTO `data_priv_user` VALUES ('167', '1', 'wf_df_workflow', '4cc63799-60c6-151c-6c02-b5025ba8c662', '');
INSERT INTO `data_priv_user` VALUES ('168', '11', 'wf_df_workflow', '4cc63799-60c6-151c-6c02-b5025ba8c662', '');
INSERT INTO `data_priv_user` VALUES ('169', '5', 'wf_df_workflow', '4cc63799-60c6-151c-6c02-b5025ba8c662', '');
INSERT INTO `data_priv_user` VALUES ('170', '6', 'wf_df_workflow', '4cc63799-60c6-151c-6c02-b5025ba8c662', '');
INSERT INTO `data_priv_user` VALUES ('171', '7', 'wf_df_workflow', '4cc63799-60c6-151c-6c02-b5025ba8c662', '');
INSERT INTO `data_priv_user` VALUES ('172', '2', 'wf_df_workflow', '9e5cdd78-4db6-aa43-40fd-73a7013f0d8d', '');
INSERT INTO `data_priv_user` VALUES ('173', '3', 'wf_df_workflow', '9e5cdd78-4db6-aa43-40fd-73a7013f0d8d', '');
INSERT INTO `data_priv_user` VALUES ('174', '4', 'wf_df_workflow', '9e5cdd78-4db6-aa43-40fd-73a7013f0d8d', '');
INSERT INTO `data_priv_user` VALUES ('175', '8', 'wf_df_workflow', '9e5cdd78-4db6-aa43-40fd-73a7013f0d8d', '');
INSERT INTO `data_priv_user` VALUES ('176', '1', 'wf_df_workflow', '9e5cdd78-4db6-aa43-40fd-73a7013f0d8d', '');
INSERT INTO `data_priv_user` VALUES ('177', '11', 'wf_df_workflow', '9e5cdd78-4db6-aa43-40fd-73a7013f0d8d', '');
INSERT INTO `data_priv_user` VALUES ('178', '5', 'wf_df_workflow', '9e5cdd78-4db6-aa43-40fd-73a7013f0d8d', '');
INSERT INTO `data_priv_user` VALUES ('179', '6', 'wf_df_workflow', '9e5cdd78-4db6-aa43-40fd-73a7013f0d8d', '');
INSERT INTO `data_priv_user` VALUES ('180', '7', 'wf_df_workflow', '9e5cdd78-4db6-aa43-40fd-73a7013f0d8d', '');
INSERT INTO `data_priv_user` VALUES ('181', '2', 'wf_df_workflow', '1c55773a-0ac6-62a2-9141-8ac2c58f9030', '');
INSERT INTO `data_priv_user` VALUES ('182', '4', 'wf_df_workflow', '1c55773a-0ac6-62a2-9141-8ac2c58f9030', '');
INSERT INTO `data_priv_user` VALUES ('183', '3', 'wf_df_workflow', '1c55773a-0ac6-62a2-9141-8ac2c58f9030', '');
INSERT INTO `data_priv_user` VALUES ('184', '8', 'wf_df_workflow', '1c55773a-0ac6-62a2-9141-8ac2c58f9030', '');
INSERT INTO `data_priv_user` VALUES ('185', '1', 'wf_df_workflow', '1c55773a-0ac6-62a2-9141-8ac2c58f9030', '');
INSERT INTO `data_priv_user` VALUES ('186', '11', 'wf_df_workflow', '1c55773a-0ac6-62a2-9141-8ac2c58f9030', '');
INSERT INTO `data_priv_user` VALUES ('187', '5', 'wf_df_workflow', '1c55773a-0ac6-62a2-9141-8ac2c58f9030', '');
INSERT INTO `data_priv_user` VALUES ('188', '6', 'wf_df_workflow', '1c55773a-0ac6-62a2-9141-8ac2c58f9030', '');
INSERT INTO `data_priv_user` VALUES ('189', '7', 'wf_df_workflow', '1c55773a-0ac6-62a2-9141-8ac2c58f9030', '');
INSERT INTO `data_priv_user` VALUES ('191', '8', 'wf_df_workflow', 'a5cc4e25-0881-35ff-84fe-2e4840177dc6', '');
INSERT INTO `data_priv_user` VALUES ('192', '2', 'wf_df_workflow', 'a5cc4e25-0881-35ff-84fe-2e4840177dc6', '');
INSERT INTO `data_priv_user` VALUES ('193', '3', 'wf_df_workflow', 'a5cc4e25-0881-35ff-84fe-2e4840177dc6', '');
INSERT INTO `data_priv_user` VALUES ('194', '4', 'wf_df_workflow', 'a5cc4e25-0881-35ff-84fe-2e4840177dc6', '');
INSERT INTO `data_priv_user` VALUES ('195', '1', 'wf_df_workflow', 'a5cc4e25-0881-35ff-84fe-2e4840177dc6', '');
INSERT INTO `data_priv_user` VALUES ('196', '11', 'wf_df_workflow', 'a5cc4e25-0881-35ff-84fe-2e4840177dc6', '');
INSERT INTO `data_priv_user` VALUES ('197', '5', 'wf_df_workflow', 'a5cc4e25-0881-35ff-84fe-2e4840177dc6', '');
INSERT INTO `data_priv_user` VALUES ('198', '6', 'wf_df_workflow', 'a5cc4e25-0881-35ff-84fe-2e4840177dc6', '');
INSERT INTO `data_priv_user` VALUES ('199', '7', 'wf_df_workflow', 'a5cc4e25-0881-35ff-84fe-2e4840177dc6', '');
INSERT INTO `data_priv_user` VALUES ('200', '8', 'wf_df_workflow', '6ab6a7f3-e0b7-3586-5635-94e7cbd9c759', '');
INSERT INTO `data_priv_user` VALUES ('201', '2', 'wf_df_workflow', '6ab6a7f3-e0b7-3586-5635-94e7cbd9c759', '');
INSERT INTO `data_priv_user` VALUES ('202', '3', 'wf_df_workflow', '6ab6a7f3-e0b7-3586-5635-94e7cbd9c759', '');
INSERT INTO `data_priv_user` VALUES ('203', '1', 'wf_df_workflow', '6ab6a7f3-e0b7-3586-5635-94e7cbd9c759', '');
INSERT INTO `data_priv_user` VALUES ('204', '11', 'wf_df_workflow', '6ab6a7f3-e0b7-3586-5635-94e7cbd9c759', '');
INSERT INTO `data_priv_user` VALUES ('205', '5', 'wf_df_workflow', '6ab6a7f3-e0b7-3586-5635-94e7cbd9c759', '');
INSERT INTO `data_priv_user` VALUES ('206', '6', 'wf_df_workflow', '6ab6a7f3-e0b7-3586-5635-94e7cbd9c759', '');
INSERT INTO `data_priv_user` VALUES ('207', '7', 'wf_df_workflow', '6ab6a7f3-e0b7-3586-5635-94e7cbd9c759', '');
INSERT INTO `data_priv_user` VALUES ('208', '4', 'wf_df_workflow', '6ab6a7f3-e0b7-3586-5635-94e7cbd9c759', '');
INSERT INTO `data_priv_user` VALUES ('209', '3', 'news', '1', '');
INSERT INTO `data_priv_user` VALUES ('210', '2', 'news', '1', '');
INSERT INTO `data_priv_user` VALUES ('211', '4', 'news', '1', '');
INSERT INTO `data_priv_user` VALUES ('212', '8', 'news', '1', '');
INSERT INTO `data_priv_user` VALUES ('213', '1', 'news', '1', '');
INSERT INTO `data_priv_user` VALUES ('214', '11', 'news', '1', '');
INSERT INTO `data_priv_user` VALUES ('215', '5', 'news', '1', '');
INSERT INTO `data_priv_user` VALUES ('216', '6', 'news', '1', '');
INSERT INTO `data_priv_user` VALUES ('217', '7', 'news', '1', '');
INSERT INTO `data_priv_user` VALUES ('218', '2', 'news', '5', '');
INSERT INTO `data_priv_user` VALUES ('219', '3', 'news', '5', '');
INSERT INTO `data_priv_user` VALUES ('220', '8', 'news', '5', '');
INSERT INTO `data_priv_user` VALUES ('221', '5', 'news', '5', '');
INSERT INTO `data_priv_user` VALUES ('222', '11', 'news', '5', '');
INSERT INTO `data_priv_user` VALUES ('223', '6', 'news', '5', '');
INSERT INTO `data_priv_user` VALUES ('224', '7', 'news', '5', '');
INSERT INTO `data_priv_user` VALUES ('225', '1', 'news', '5', '');
INSERT INTO `data_priv_user` VALUES ('226', '4', 'news', '5', '');
INSERT INTO `data_priv_user` VALUES ('232', '11', 'cms_category', '32', 'view');
INSERT INTO `data_priv_user` VALUES ('233', '11', 'cms_category', '9', 'add');
INSERT INTO `data_priv_user` VALUES ('234', '11', 'cms_category', '17', 'edit');
INSERT INTO `data_priv_user` VALUES ('243', '11', 'cms_category', '1', 'view');
INSERT INTO `data_priv_user` VALUES ('244', '11', 'cms_category', '1', 'add');
INSERT INTO `data_priv_user` VALUES ('245', '11', 'cms_category', '1', 'edit');
INSERT INTO `data_priv_user` VALUES ('246', '11', 'cms_category', '1', 'del');
INSERT INTO `data_priv_user` VALUES ('266', '11', 'cms_category', '18', 'del');
INSERT INTO `data_priv_user` VALUES ('267', '11', 'cms_category', '19', 'view');
INSERT INTO `data_priv_user` VALUES ('268', '11', 'cms_category', '19', 'add');
INSERT INTO `data_priv_user` VALUES ('269', '11', 'cms_category', '19', 'edit');
INSERT INTO `data_priv_user` VALUES ('270', '11', 'cms_category', '19', 'del');
INSERT INTO `data_priv_user` VALUES ('271', '11', 'cms_category', '17', 'view');
INSERT INTO `data_priv_user` VALUES ('272', '11', 'cms_category', '18', 'view');
INSERT INTO `data_priv_user` VALUES ('273', '11', 'cms_category', '30', 'view');
INSERT INTO `data_priv_user` VALUES ('274', '11', 'cms_category', '30', 'add');
INSERT INTO `data_priv_user` VALUES ('275', '11', 'cms_category', '7', 'view');
INSERT INTO `data_priv_user` VALUES ('276', '11', 'cms_category', '7', 'add');
INSERT INTO `data_priv_user` VALUES ('277', '11', 'cms_category', '7', 'edit');
INSERT INTO `data_priv_user` VALUES ('278', '11', 'cms_category', '7', 'del');
INSERT INTO `data_priv_user` VALUES ('282', '3', 'address_group', '7', '');
INSERT INTO `data_priv_user` VALUES ('283', '4', 'address_group', '7', '');
INSERT INTO `data_priv_user` VALUES ('288', '2', 'form_sort', '4', '');
INSERT INTO `data_priv_user` VALUES ('289', '3', 'form_sort', '4', '');
INSERT INTO `data_priv_user` VALUES ('290', '4', 'form_sort', '4', '');
INSERT INTO `data_priv_user` VALUES ('291', '1', 'form_sort', '4', '');
INSERT INTO `data_priv_user` VALUES ('292', '11', 'form_sort', '4', '');
INSERT INTO `data_priv_user` VALUES ('293', '5', 'form_sort', '4', '');
INSERT INTO `data_priv_user` VALUES ('294', '6', 'form_sort', '4', '');
INSERT INTO `data_priv_user` VALUES ('295', '7', 'form_sort', '4', '');
INSERT INTO `data_priv_user` VALUES ('296', '8', 'form_sort', '4', '');
INSERT INTO `data_priv_user` VALUES ('297', '2', 'form_sort', '3', '');
INSERT INTO `data_priv_user` VALUES ('298', '3', 'form_sort', '3', '');
INSERT INTO `data_priv_user` VALUES ('299', '4', 'form_sort', '3', '');
INSERT INTO `data_priv_user` VALUES ('300', '8', 'form_sort', '3', '');
INSERT INTO `data_priv_user` VALUES ('301', '1', 'form_sort', '3', '');
INSERT INTO `data_priv_user` VALUES ('302', '11', 'form_sort', '3', '');
INSERT INTO `data_priv_user` VALUES ('303', '5', 'form_sort', '3', '');
INSERT INTO `data_priv_user` VALUES ('304', '6', 'form_sort', '3', '');
INSERT INTO `data_priv_user` VALUES ('305', '7', 'form_sort', '3', '');
INSERT INTO `data_priv_user` VALUES ('306', '2', 'wf_df_category', '7', '');
INSERT INTO `data_priv_user` VALUES ('307', '3', 'wf_df_category', '7', '');
INSERT INTO `data_priv_user` VALUES ('308', '4', 'wf_df_category', '7', '');
INSERT INTO `data_priv_user` VALUES ('309', '8', 'wf_df_category', '7', '');
INSERT INTO `data_priv_user` VALUES ('310', '1', 'wf_df_category', '7', '');
INSERT INTO `data_priv_user` VALUES ('311', '11', 'wf_df_category', '7', '');
INSERT INTO `data_priv_user` VALUES ('312', '5', 'wf_df_category', '7', '');
INSERT INTO `data_priv_user` VALUES ('313', '6', 'wf_df_category', '7', '');
INSERT INTO `data_priv_user` VALUES ('314', '7', 'wf_df_category', '7', '');
INSERT INTO `data_priv_user` VALUES ('315', '3', 'wf_df_category', '6', '');
INSERT INTO `data_priv_user` VALUES ('316', '2', 'wf_df_category', '6', '');
INSERT INTO `data_priv_user` VALUES ('317', '4', 'wf_df_category', '6', '');
INSERT INTO `data_priv_user` VALUES ('318', '11', 'wf_df_category', '6', '');
INSERT INTO `data_priv_user` VALUES ('319', '5', 'wf_df_category', '6', '');
INSERT INTO `data_priv_user` VALUES ('320', '6', 'wf_df_category', '6', '');
INSERT INTO `data_priv_user` VALUES ('321', '7', 'wf_df_category', '6', '');
INSERT INTO `data_priv_user` VALUES ('322', '1', 'wf_df_category', '6', '');
INSERT INTO `data_priv_user` VALUES ('323', '8', 'wf_df_category', '6', '');
INSERT INTO `data_priv_user` VALUES ('324', '2', 'wf_df_app_category', '7', '');
INSERT INTO `data_priv_user` VALUES ('325', '3', 'wf_df_app_category', '7', '');
INSERT INTO `data_priv_user` VALUES ('326', '4', 'wf_df_app_category', '7', '');
INSERT INTO `data_priv_user` VALUES ('327', '8', 'wf_df_app_category', '7', '');
INSERT INTO `data_priv_user` VALUES ('328', '11', 'wf_df_app_category', '7', '');
INSERT INTO `data_priv_user` VALUES ('329', '5', 'wf_df_app_category', '7', '');
INSERT INTO `data_priv_user` VALUES ('330', '6', 'wf_df_app_category', '7', '');
INSERT INTO `data_priv_user` VALUES ('331', '7', 'wf_df_app_category', '7', '');
INSERT INTO `data_priv_user` VALUES ('332', '1', 'wf_df_app_category', '7', '');
INSERT INTO `data_priv_user` VALUES ('334', '9', 'wf_df_workflow', 'a95b83d3-3855-428b-79cc-a1c009c8bc4d', '');
INSERT INTO `data_priv_user` VALUES ('335', '42', 'wf_df_workflow', 'a95b83d3-3855-428b-79cc-a1c009c8bc4d', '');
INSERT INTO `data_priv_user` VALUES ('336', '2', 'wf_df_workflow', 'a95b83d3-3855-428b-79cc-a1c009c8bc4d', '');
INSERT INTO `data_priv_user` VALUES ('337', '4', 'wf_df_workflow', 'a95b83d3-3855-428b-79cc-a1c009c8bc4d', '');
INSERT INTO `data_priv_user` VALUES ('338', '3', 'wf_df_workflow', 'a95b83d3-3855-428b-79cc-a1c009c8bc4d', '');
INSERT INTO `data_priv_user` VALUES ('340', '8', 'wf_df_workflow', 'a95b83d3-3855-428b-79cc-a1c009c8bc4d', '');
INSERT INTO `data_priv_user` VALUES ('341', '1', 'wf_df_workflow', 'a95b83d3-3855-428b-79cc-a1c009c8bc4d', '');
INSERT INTO `data_priv_user` VALUES ('342', '11', 'wf_df_workflow', 'a95b83d3-3855-428b-79cc-a1c009c8bc4d', '');
INSERT INTO `data_priv_user` VALUES ('343', '5', 'wf_df_workflow', 'a95b83d3-3855-428b-79cc-a1c009c8bc4d', '');
INSERT INTO `data_priv_user` VALUES ('344', '6', 'wf_df_workflow', 'a95b83d3-3855-428b-79cc-a1c009c8bc4d', '');
INSERT INTO `data_priv_user` VALUES ('345', '7', 'wf_df_workflow', 'a95b83d3-3855-428b-79cc-a1c009c8bc4d', '');
INSERT INTO `data_priv_user` VALUES ('346', '9', 'wf_df_workflow', 'a185bbf1-9423-6e46-954e-a758cafe819e', '');
INSERT INTO `data_priv_user` VALUES ('347', '42', 'wf_df_workflow', 'a185bbf1-9423-6e46-954e-a758cafe819e', '');
INSERT INTO `data_priv_user` VALUES ('348', '2', 'wf_df_workflow', 'a185bbf1-9423-6e46-954e-a758cafe819e', '');
INSERT INTO `data_priv_user` VALUES ('349', '3', 'wf_df_workflow', 'a185bbf1-9423-6e46-954e-a758cafe819e', '');
INSERT INTO `data_priv_user` VALUES ('350', '4', 'wf_df_workflow', 'a185bbf1-9423-6e46-954e-a758cafe819e', '');
INSERT INTO `data_priv_user` VALUES ('351', '8', 'wf_df_workflow', 'a185bbf1-9423-6e46-954e-a758cafe819e', '');
INSERT INTO `data_priv_user` VALUES ('352', '1', 'wf_df_workflow', 'a185bbf1-9423-6e46-954e-a758cafe819e', '');
INSERT INTO `data_priv_user` VALUES ('353', '11', 'wf_df_workflow', 'a185bbf1-9423-6e46-954e-a758cafe819e', '');
INSERT INTO `data_priv_user` VALUES ('354', '5', 'wf_df_workflow', 'a185bbf1-9423-6e46-954e-a758cafe819e', '');
INSERT INTO `data_priv_user` VALUES ('355', '6', 'wf_df_workflow', 'a185bbf1-9423-6e46-954e-a758cafe819e', '');
INSERT INTO `data_priv_user` VALUES ('356', '7', 'wf_df_workflow', 'a185bbf1-9423-6e46-954e-a758cafe819e', '');
INSERT INTO `data_priv_user` VALUES ('357', '42', 'notify', '8', '');
INSERT INTO `data_priv_user` VALUES ('358', '9', 'notify', '8', '');
INSERT INTO `data_priv_user` VALUES ('359', '2', 'notify', '8', '');
INSERT INTO `data_priv_user` VALUES ('360', '12', 'notify', '8', '');
INSERT INTO `data_priv_user` VALUES ('361', '10', 'notify', '8', '');
INSERT INTO `data_priv_user` VALUES ('362', '20', 'notify', '8', '');
INSERT INTO `data_priv_user` VALUES ('363', '3', 'notify', '8', '');
INSERT INTO `data_priv_user` VALUES ('364', '4', 'notify', '8', '');
INSERT INTO `data_priv_user` VALUES ('365', '8', 'notify', '8', '');
INSERT INTO `data_priv_user` VALUES ('366', '1', 'notify', '8', '');
INSERT INTO `data_priv_user` VALUES ('367', '11', 'notify', '8', '');
INSERT INTO `data_priv_user` VALUES ('368', '5', 'notify', '8', '');
INSERT INTO `data_priv_user` VALUES ('369', '6', 'notify', '8', '');
INSERT INTO `data_priv_user` VALUES ('370', '7', 'notify', '8', '');
INSERT INTO `data_priv_user` VALUES ('371', '42', 'notify', '12', '');
INSERT INTO `data_priv_user` VALUES ('372', '9', 'notify', '12', '');
INSERT INTO `data_priv_user` VALUES ('373', '2', 'notify', '12', '');
INSERT INTO `data_priv_user` VALUES ('374', '12', 'notify', '12', '');
INSERT INTO `data_priv_user` VALUES ('375', '10', 'notify', '12', '');
INSERT INTO `data_priv_user` VALUES ('376', '20', 'notify', '12', '');
INSERT INTO `data_priv_user` VALUES ('377', '3', 'notify', '12', '');
INSERT INTO `data_priv_user` VALUES ('378', '4', 'notify', '12', '');
INSERT INTO `data_priv_user` VALUES ('379', '8', 'notify', '12', '');
INSERT INTO `data_priv_user` VALUES ('380', '1', 'notify', '12', '');
INSERT INTO `data_priv_user` VALUES ('381', '11', 'notify', '12', '');
INSERT INTO `data_priv_user` VALUES ('382', '5', 'notify', '12', '');
INSERT INTO `data_priv_user` VALUES ('383', '6', 'notify', '12', '');
INSERT INTO `data_priv_user` VALUES ('384', '7', 'notify', '12', '');
INSERT INTO `data_priv_user` VALUES ('385', '42', 'news', '3', '');
INSERT INTO `data_priv_user` VALUES ('386', '9', 'news', '3', '');
INSERT INTO `data_priv_user` VALUES ('387', '2', 'news', '3', '');
INSERT INTO `data_priv_user` VALUES ('388', '4', 'news', '3', '');
INSERT INTO `data_priv_user` VALUES ('389', '8', 'news', '3', '');
INSERT INTO `data_priv_user` VALUES ('390', '1', 'news', '3', '');
INSERT INTO `data_priv_user` VALUES ('391', '11', 'news', '3', '');
INSERT INTO `data_priv_user` VALUES ('392', '5', 'news', '3', '');
INSERT INTO `data_priv_user` VALUES ('393', '6', 'news', '3', '');
INSERT INTO `data_priv_user` VALUES ('394', '7', 'news', '3', '');
INSERT INTO `data_priv_user` VALUES ('395', '12', 'news', '3', '');
INSERT INTO `data_priv_user` VALUES ('396', '10', 'news', '3', '');
INSERT INTO `data_priv_user` VALUES ('397', '20', 'news', '3', '');
INSERT INTO `data_priv_user` VALUES ('398', '3', 'news', '3', '');
INSERT INTO `data_priv_user` VALUES ('399', '42', 'news', '9', '');
INSERT INTO `data_priv_user` VALUES ('400', '9', 'news', '9', '');
INSERT INTO `data_priv_user` VALUES ('401', '2', 'news', '9', '');
INSERT INTO `data_priv_user` VALUES ('402', '12', 'news', '9', '');
INSERT INTO `data_priv_user` VALUES ('403', '10', 'news', '9', '');
INSERT INTO `data_priv_user` VALUES ('404', '20', 'news', '9', '');
INSERT INTO `data_priv_user` VALUES ('405', '3', 'news', '9', '');
INSERT INTO `data_priv_user` VALUES ('406', '4', 'news', '9', '');
INSERT INTO `data_priv_user` VALUES ('407', '8', 'news', '9', '');
INSERT INTO `data_priv_user` VALUES ('408', '1', 'news', '9', '');
INSERT INTO `data_priv_user` VALUES ('409', '11', 'news', '9', '');
INSERT INTO `data_priv_user` VALUES ('410', '5', 'news', '9', '');
INSERT INTO `data_priv_user` VALUES ('411', '6', 'news', '9', '');
INSERT INTO `data_priv_user` VALUES ('412', '7', 'news', '9', '');
INSERT INTO `data_priv_user` VALUES ('413', '42', 'news', '13', '');
INSERT INTO `data_priv_user` VALUES ('414', '9', 'news', '13', '');
INSERT INTO `data_priv_user` VALUES ('415', '2', 'news', '13', '');
INSERT INTO `data_priv_user` VALUES ('416', '12', 'news', '13', '');
INSERT INTO `data_priv_user` VALUES ('417', '10', 'news', '13', '');
INSERT INTO `data_priv_user` VALUES ('418', '20', 'news', '13', '');
INSERT INTO `data_priv_user` VALUES ('419', '3', 'news', '13', '');
INSERT INTO `data_priv_user` VALUES ('420', '4', 'news', '13', '');
INSERT INTO `data_priv_user` VALUES ('421', '8', 'news', '13', '');
INSERT INTO `data_priv_user` VALUES ('422', '1', 'news', '13', '');
INSERT INTO `data_priv_user` VALUES ('423', '11', 'news', '13', '');
INSERT INTO `data_priv_user` VALUES ('424', '5', 'news', '13', '');
INSERT INTO `data_priv_user` VALUES ('425', '6', 'news', '13', '');
INSERT INTO `data_priv_user` VALUES ('426', '7', 'news', '13', '');
INSERT INTO `data_priv_user` VALUES ('427', '42', 'news', '17', '');
INSERT INTO `data_priv_user` VALUES ('428', '9', 'news', '17', '');
INSERT INTO `data_priv_user` VALUES ('429', '2', 'news', '17', '');
INSERT INTO `data_priv_user` VALUES ('430', '12', 'news', '17', '');
INSERT INTO `data_priv_user` VALUES ('431', '10', 'news', '17', '');
INSERT INTO `data_priv_user` VALUES ('432', '20', 'news', '17', '');
INSERT INTO `data_priv_user` VALUES ('433', '3', 'news', '17', '');
INSERT INTO `data_priv_user` VALUES ('434', '4', 'news', '17', '');
INSERT INTO `data_priv_user` VALUES ('435', '1', 'news', '17', '');
INSERT INTO `data_priv_user` VALUES ('436', '11', 'news', '17', '');
INSERT INTO `data_priv_user` VALUES ('437', '5', 'news', '17', '');
INSERT INTO `data_priv_user` VALUES ('438', '6', 'news', '17', '');
INSERT INTO `data_priv_user` VALUES ('439', '7', 'news', '17', '');
INSERT INTO `data_priv_user` VALUES ('440', '8', 'news', '17', '');
INSERT INTO `data_priv_user` VALUES ('441', '42', 'vote', '7', '');
INSERT INTO `data_priv_user` VALUES ('442', '9', 'vote', '7', '');
INSERT INTO `data_priv_user` VALUES ('443', '2', 'vote', '7', '');
INSERT INTO `data_priv_user` VALUES ('444', '12', 'vote', '7', '');
INSERT INTO `data_priv_user` VALUES ('445', '10', 'vote', '7', '');
INSERT INTO `data_priv_user` VALUES ('446', '20', 'vote', '7', '');
INSERT INTO `data_priv_user` VALUES ('447', '3', 'vote', '7', '');
INSERT INTO `data_priv_user` VALUES ('448', '4', 'vote', '7', '');
INSERT INTO `data_priv_user` VALUES ('449', '8', 'vote', '7', '');
INSERT INTO `data_priv_user` VALUES ('450', '1', 'vote', '7', '');
INSERT INTO `data_priv_user` VALUES ('451', '11', 'vote', '7', '');
INSERT INTO `data_priv_user` VALUES ('452', '5', 'vote', '7', '');
INSERT INTO `data_priv_user` VALUES ('453', '6', 'vote', '7', '');
INSERT INTO `data_priv_user` VALUES ('454', '7', 'vote', '7', '');
INSERT INTO `data_priv_user` VALUES ('455', '1', 'vote', '10', '');
INSERT INTO `data_priv_user` VALUES ('456', '11', 'vote', '10', '');
INSERT INTO `data_priv_user` VALUES ('457', '5', 'vote', '10', '');
INSERT INTO `data_priv_user` VALUES ('458', '6', 'vote', '10', '');
INSERT INTO `data_priv_user` VALUES ('459', '7', 'vote', '10', '');
INSERT INTO `data_priv_user` VALUES ('460', '42', 'vote', '9', '');
INSERT INTO `data_priv_user` VALUES ('461', '9', 'vote', '9', '');
INSERT INTO `data_priv_user` VALUES ('462', '2', 'vote', '9', '');
INSERT INTO `data_priv_user` VALUES ('463', '12', 'vote', '9', '');
INSERT INTO `data_priv_user` VALUES ('464', '10', 'vote', '9', '');
INSERT INTO `data_priv_user` VALUES ('465', '20', 'vote', '9', '');
INSERT INTO `data_priv_user` VALUES ('466', '3', 'vote', '9', '');
INSERT INTO `data_priv_user` VALUES ('467', '4', 'vote', '9', '');
INSERT INTO `data_priv_user` VALUES ('468', '8', 'vote', '9', '');
INSERT INTO `data_priv_user` VALUES ('469', '11', 'vote', '9', '');
INSERT INTO `data_priv_user` VALUES ('470', '5', 'vote', '9', '');
INSERT INTO `data_priv_user` VALUES ('471', '6', 'vote', '9', '');
INSERT INTO `data_priv_user` VALUES ('472', '7', 'vote', '9', '');
INSERT INTO `data_priv_user` VALUES ('473', '1', 'vote', '9', '');
INSERT INTO `data_priv_user` VALUES ('474', '42', 'vote', '8', '');
INSERT INTO `data_priv_user` VALUES ('475', '9', 'vote', '8', '');
INSERT INTO `data_priv_user` VALUES ('476', '2', 'vote', '8', '');
INSERT INTO `data_priv_user` VALUES ('477', '12', 'vote', '8', '');
INSERT INTO `data_priv_user` VALUES ('478', '10', 'vote', '8', '');
INSERT INTO `data_priv_user` VALUES ('479', '20', 'vote', '8', '');
INSERT INTO `data_priv_user` VALUES ('480', '3', 'vote', '8', '');
INSERT INTO `data_priv_user` VALUES ('481', '4', 'vote', '8', '');
INSERT INTO `data_priv_user` VALUES ('482', '8', 'vote', '8', '');
INSERT INTO `data_priv_user` VALUES ('483', '1', 'vote', '8', '');
INSERT INTO `data_priv_user` VALUES ('484', '11', 'vote', '8', '');
INSERT INTO `data_priv_user` VALUES ('485', '5', 'vote', '8', '');
INSERT INTO `data_priv_user` VALUES ('486', '6', 'vote', '8', '');
INSERT INTO `data_priv_user` VALUES ('487', '7', 'vote', '8', '');
INSERT INTO `data_priv_user` VALUES ('488', '42', 'vote', '4', '');
INSERT INTO `data_priv_user` VALUES ('489', '9', 'vote', '4', '');
INSERT INTO `data_priv_user` VALUES ('490', '2', 'vote', '4', '');
INSERT INTO `data_priv_user` VALUES ('491', '12', 'vote', '4', '');
INSERT INTO `data_priv_user` VALUES ('492', '10', 'vote', '4', '');
INSERT INTO `data_priv_user` VALUES ('493', '20', 'vote', '4', '');
INSERT INTO `data_priv_user` VALUES ('494', '3', 'vote', '4', '');
INSERT INTO `data_priv_user` VALUES ('495', '4', 'vote', '4', '');
INSERT INTO `data_priv_user` VALUES ('496', '1', 'vote', '4', '');
INSERT INTO `data_priv_user` VALUES ('497', '11', 'vote', '4', '');
INSERT INTO `data_priv_user` VALUES ('498', '5', 'vote', '4', '');
INSERT INTO `data_priv_user` VALUES ('499', '6', 'vote', '4', '');
INSERT INTO `data_priv_user` VALUES ('500', '7', 'vote', '4', '');
INSERT INTO `data_priv_user` VALUES ('501', '8', 'vote', '4', '');
INSERT INTO `data_priv_user` VALUES ('502', '11', 'vote', '1', '');
INSERT INTO `data_priv_user` VALUES ('503', '5', 'vote', '1', '');
INSERT INTO `data_priv_user` VALUES ('504', '6', 'vote', '1', '');
INSERT INTO `data_priv_user` VALUES ('505', '7', 'vote', '1', '');
INSERT INTO `data_priv_user` VALUES ('506', '1', 'vote', '1', '');
INSERT INTO `data_priv_user` VALUES ('507', '1', 'vote', '2', '');
INSERT INTO `data_priv_user` VALUES ('508', '42', 'vote', '2', '');
INSERT INTO `data_priv_user` VALUES ('509', '9', 'vote', '2', '');
INSERT INTO `data_priv_user` VALUES ('510', '2', 'vote', '2', '');
INSERT INTO `data_priv_user` VALUES ('511', '1', 'book', '5', 'manage');
INSERT INTO `data_priv_user` VALUES ('526', '1', 'book', '5', 'borrow');
INSERT INTO `data_priv_user` VALUES ('527', '11', 'book', '5', 'borrow');
INSERT INTO `data_priv_user` VALUES ('528', '5', 'book', '5', 'borrow');
INSERT INTO `data_priv_user` VALUES ('529', '6', 'book', '5', 'borrow');
INSERT INTO `data_priv_user` VALUES ('530', '7', 'book', '5', 'borrow');
INSERT INTO `data_priv_user` VALUES ('531', '1', 'book', '6', 'manage');
INSERT INTO `data_priv_user` VALUES ('532', '11', 'book', '6', 'borrow');
INSERT INTO `data_priv_user` VALUES ('533', '5', 'book', '6', 'borrow');
INSERT INTO `data_priv_user` VALUES ('534', '6', 'book', '6', 'borrow');
INSERT INTO `data_priv_user` VALUES ('535', '7', 'book', '6', 'borrow');
INSERT INTO `data_priv_user` VALUES ('536', '1', 'book', '6', 'borrow');
INSERT INTO `data_priv_user` VALUES ('537', '8', 'book', '6', 'borrow');
INSERT INTO `data_priv_user` VALUES ('538', '4', 'book', '6', 'borrow');
INSERT INTO `data_priv_user` VALUES ('539', '12', 'book', '6', 'borrow');
INSERT INTO `data_priv_user` VALUES ('540', '10', 'book', '6', 'borrow');
INSERT INTO `data_priv_user` VALUES ('541', '20', 'book', '6', 'borrow');
INSERT INTO `data_priv_user` VALUES ('542', '3', 'book', '6', 'borrow');
INSERT INTO `data_priv_user` VALUES ('543', '42', 'book', '6', 'borrow');
INSERT INTO `data_priv_user` VALUES ('544', '9', 'book', '6', 'borrow');
INSERT INTO `data_priv_user` VALUES ('545', '2', 'book', '6', 'borrow');
INSERT INTO `data_priv_user` VALUES ('546', '1', 'wf_df_app_category', '8', '');

-- ----------------------------
-- Table structure for data_src
-- ----------------------------
DROP TABLE IF EXISTS `data_src`;
CREATE TABLE `data_src` (
  `id` int(11) NOT NULL AUTO_INCREMENT COMMENT '唯一自增ID',
  `name` varchar(25) NOT NULL COMMENT '表名',
  `desc` text NOT NULL COMMENT '数据源描述',
  `create_user` int(11) NOT NULL COMMENT '创建人',
  `create_time` int(11) NOT NULL COMMENT '创建时间',
  `type` tinyint(3) NOT NULL COMMENT '数据源类型(0-内部数据源,1-外部数据源)',
  `config` text COMMENT '数据源配置',
  PRIMARY KEY (`id`)
) ENGINE=InnoDB DEFAULT CHARSET=utf8 COMMENT='数据源信息表';

-- ----------------------------
-- Records of data_src
-- ----------------------------

-- ----------------------------
-- Table structure for desktop_portlet
-- ----------------------------
DROP TABLE IF EXISTS `desktop_portlet`;
CREATE TABLE `desktop_portlet` (
  `id` int(11) NOT NULL AUTO_INCREMENT COMMENT '自增主键',
  `portlet_name` varchar(256) NOT NULL COMMENT '模块名称',
  `portlet_path` varchar(64) NOT NULL COMMENT '模块路径',
  `portlet_position` char(1) NOT NULL COMMENT 'l:左侧,r:右侧',
  `portlet_view` tinyint(1) NOT NULL COMMENT '1:用户必选;2:用户可选;3:暂停显示',
  `portlet_scroll` tinyint(1) NOT NULL COMMENT '0:不允许滚动显示;1:允许滚动显示;',
  `portlet_lines` tinyint(4) NOT NULL COMMENT '显示行数',
  `portlet_order` int(11) NOT NULL COMMENT '序号',
  PRIMARY KEY (`id`)
) ENGINE=InnoDB AUTO_INCREMENT=15 DEFAULT CHARSET=utf8;

-- ----------------------------
-- Records of desktop_portlet
-- ----------------------------
INSERT INTO `desktop_portlet` VALUES ('1', '公告通知', 'notify.default', 'l', '1', '0', '5', '0');
INSERT INTO `desktop_portlet` VALUES ('2', '新闻', 'news.default', 'l', '1', '1', '5', '0');
INSERT INTO `desktop_portlet` VALUES ('3', '工作日志', 'diary.default', 'l', '2', '0', '5', '0');
INSERT INTO `desktop_portlet` VALUES ('7', '个人文件柜', 'file.private', 'l', '2', '0', '5', '0');
INSERT INTO `desktop_portlet` VALUES ('8', '日程安排', 'calendar.default', 'l', '2', '0', '5', '0');
INSERT INTO `desktop_portlet` VALUES ('9', '内部邮件', 'email.inbox', 'r', '2', '0', '5', '0');
INSERT INTO `desktop_portlet` VALUES ('10', '投票', 'vote.default', 'l', '2', '0', '5', '0');
INSERT INTO `desktop_portlet` VALUES ('13', '公共文件柜', 'file.public', 'r', '1', '0', '5', '0');
INSERT INTO `desktop_portlet` VALUES ('14', '待办审批', 'workflow.app', 'r', '1', '0', '5', '0');

-- ----------------------------
-- Table structure for diary
-- ----------------------------
DROP TABLE IF EXISTS `diary`;
CREATE TABLE `diary` (
  `id` int(11) NOT NULL AUTO_INCREMENT COMMENT '自增主键',
  `create_user` int(11) NOT NULL COMMENT '创建人',
  `create_time` int(11) NOT NULL COMMENT '创建时间',
  `diary_type` varchar(20) NOT NULL COMMENT '日志类型',
  `subject` varchar(200) NOT NULL DEFAULT '' COMMENT '日志标题',
  `content` mediumtext NOT NULL COMMENT '日志内容',
  `compress_content` mediumblob NOT NULL COMMENT '压缩内容',
  `is_public` tinyint(1) NOT NULL DEFAULT '1' COMMENT '0：不公开;1：公开',
  PRIMARY KEY (`id`),
  KEY `idx_create_user` (`create_user`),
  KEY `idx_create_time` (`create_time`),
  CONSTRAINT `diary_ibfk_1` FOREIGN KEY (`create_user`) REFERENCES `user` (`id`) ON DELETE CASCADE ON UPDATE CASCADE
) ENGINE=InnoDB AUTO_INCREMENT=5 DEFAULT CHARSET=utf8;

-- ----------------------------
-- Records of diary
-- ----------------------------
INSERT INTO `diary` VALUES ('1', '1', '1371296391', '51bac8d4a688c', '2013-06-15 星期六 日志', '一、今日重点工作事项<br />\r\n1.运用yii框架开发通讯录模块，具体的功能包括联系人信息的删除、查看以及修改等功能。<br />\r\n2.运用yii框架开发个人邮件模块，具体的功能包括邮箱的创建和发送以及删除。<br />\r\n二、今日工作心得<br />\r\n1.细心很重要。在开发过程中你要注意细节，这样开发起来才有效率。<br />\r\n2.要学会思考。在开发过程中，当你遇到问题的时候要学会思考，这样才能很好的解放问题。<br />\r\n三、明日工作计划<br />\r\n1.完善已有的开发代码。<br />\r\n2.开发用户管理模块。', 0x789C7D914D52C2401085F75679074FA0A56BCBC3B863EBCE5D127E1248F8911F030842C460CA92A0529290107218A67B262BAFE08468108B723BFD7ABEF75E1357580B22F14BA89B915CA6D2021C93043DE2A991B138BFBC3A3AB9383C383D66618D36ADEB4C068D02DECF612940F52612BACC9E42D042CB80BEFEB9D420EF90A041BB39280D5836002D8FEA0B139B74E613CF23A181E2349E2AC3A8F3C8C13830694F25BE09D512096D6C2EE8A498ECAE05E9077FB61F4FDC67FE6924D9C49FFFEF806BA8FDB601DF81EF415DDBB81713F08F9B94473C2D2D25A903C22CACF46D1DD42F6C9E14DE191B8B7C177A56E28A8532B554E24E4830E4239C5998AB723D2B49DC1E0B3B3874BE951F0EF64D2C96B157C496422BF26EE6B1089331597651E83321BB9711070E1A9C14893228AF916E470F6D9E13F539089D3F3FA4788E8CAB592960065CCC9E46D85C25BBBF5B708BF185DA95B405661BA0D4B72D80ADC16D0E9C771E202E37B98A3FA2437127493240638486426D83D60AC9B9B8E80B78C69C55, '1');
INSERT INTO `diary` VALUES ('2', '1', '1371356391', '51bac8d4a688c', '2013-06-16 星期日 日志', '一、今日重点工作事项<br />\r\n1.运用yii框架开发用户管理模块，具体的功能包括用户信息的删除、查看以及修改等功能。<br />\r\n2.运用yii框架开发大事记模块，具体的功能包括大事记和大事件的创建、修改和删除功能。<br />\r\n二、今日工作心得<br />\r\n1.细心很重要。在开发过程中你要注意细节，这样开发起来才有效率。<br />\r\n2.要学会思考。在开发过程中，当你遇到问题的时候要学会思考，这样才能很好的解放问题。<br />\r\n三、明日工作计划<br />\r\n1.完善已有的开发代码。<br />\r\n2.开发系统代码管理模块。', 0x789C7D924D52C2401085F75679074FA0A56BCBC3B863EBCE5DC26F80F023A0010C428440161229290930841C86E99EC9CA2B3849308052EEA6BA5FCF7BFDCDD0B9B491644A0AA8997EAEC4920B704CEAEA7459F48DC5F5EDDDD9C5CDE9C9E539F7AAAC61DD27126864F165062B092A0FA2828AC36C8355B36819D0D1BE562A641CEAD6593B0D852E4FB9A066B0F81629A967A0FC1EB4949EDF1A0863EC9A4C2F526242A5403D1B1B0B36CE47831B29F9637F75DC1E06231193DB93FFBD6319D4D4E84CC92C0CF10C64196C1F1A07DD30D61F7BBA546346111DF052B0D6767418C986254520E44359CC826E4521B997635691CEC7D4ED89164E2D4C57849E17922230F75AD873B6CA4F073B26E64BA8E7F15161E5DC2182A10CE3215DB551EA702975D42340E0D685932FE74099F89AEDBF36C5AAA8CD406AFDBA21B6179601ACB502A62BC47CD4C7C63A9ADDA730CF070FD62CC714B86D8052DB51005B85A734381F6281806F988D923EEBC9079B6C3FCF9430D28DDAFB5F4848BF014D7AAB87, '1');
INSERT INTO `diary` VALUES ('3', '1', '1371356906', '51bac8d4a688c', '2013-06-16 星期日 日志', '一、今日重点工作事项<br />\r\n1.运用yii框架开发投票管理模块，具体的功能包括投票信息的删除、查看以及修改等功能。<br />\r\n2.运用yii框架开发部门管理模块，具体的功能包括部门信息的删除、查看以及修改等功能。<br />\r\n二、今日工作心得<br />\r\n1.细心很重要。在开发过程中你要注意细节，这样开发起来才有效率。<br />\r\n2.要学会思考。在开发过程中，当你遇到问题的时候要学会思考，这样才能很好的解放问题。<br />\r\n三、明日工作计划<br />\r\n1.完善已有的开发代码。<br />\r\n2.开发系统代码管理模块。', 0x789C9D91CF5282501487F7CDF40E3D414DAD9B1EA69DDB76ED405410F04FA9A10E2664188BA4262751117918EF39F7DE55AFD045CAB471D1B4E5FC0EDFF97D974CA59524934847CBE36A85E667107A24B6C9DCE0EEECFCF2EAE8E4E2F0E0F4982575DAF4AF7339744B783F818504B51BD45BD4F369E0D27A097D177AD6C7C2846248E206ED1640EF332506B388C6739624898BF24B3AD21CDE791460EC7BD43648E4414D274980CD191D95B3C59594FFC69FEDC773C5E7D69FF059F2BF783237378E323B9028B0B47EECD0A8B4FEA409856C288B5DB0FDEC4896A8D437C8744462478C70EC63A126F24CCF8B6B59D24127FC4ABE87D8F3B05C41BB8C2D8D56D55D0543194643B2E8A2D46392B29791F68F1B82C46515B4576E05FCA12D0AA33501A9F3EB0F1BBC40A6A6961A78B108B3A7013697D9EEB685693935D6AE6E2CB0C005EDF6C7020426DC15207C130552CBEBDB4834A08EBCD3241BD07144A37E36DE7E4311FD04C8BFAAB1, '1');
INSERT INTO `diary` VALUES ('4', '1', '1371357177', '51bac8e058ba3', '2013-06-16 星期日 日志', '&nbsp;心态对一个人来讲，至关重要，可以说小到影响一天的生活质量，大到影响人生的发展。健康的心态，是积极向上的，乐观的，开朗的，对生活抱着友好的情感，对人生充满了寄托和期望，生活是美好的。反之则是截然相反的结果，那是可怕的，也是危险的，时刻影响自己的生活，对人生充满了敌意，总是以自己的逆反行为对抗，生活质量大大折扣，这与人与已均不利。这种心态在生活中必须克服掉，否则影响人生，甚至把自己推向极端人生，受其制约，一生中无法获得幸福生活的。常言道，开心一天，不开心也是一天，何必不开心呢！', 0x789C6D525172DA3010BD4D2FD1DBF40099CEF40232B16363B00DA51E4362424900039DD6716040B6211C26DAB5FC952B74851CD28FFE78E4B76FF73DBDD5A7AB2FDFBE7E86D3353203D25C7026F85A14058EE7F2CFF3DBA12BED0D589BDAF6E4C2A05F085251CE65BA85A7009C27386630F0A80B66ABEAD6AC7E4C705BCAEDB2B603459E251F9CA2A02A7120E84316BEB216187328F60A39AB131F876995A4786F40AF2FB84B250245DE93494B9FE1C0308E9A739A6B3974B36ACC20E8C0FC4825BCB6D09C68821605CBC2722A8A1B484D6C0FE17B17E309C677C4692690EE8BAFDB95B1C01379079C11E1E8AC2B7357DD7102D505CB01DEC7D458B71EA94A69200BDF7D4E14E265F568A5118C76E094FAFAD25EC33EBB44F45F7B1876D154B921539654CEEF5D35BB210372DA15BCA04674A38B799DB68A7A96A03BC4F6A3DADA6924B84FF3E90BFB6718DB827BE0ACE87654AA12AFD978BCD44304FF0D27AB9E96607530F6D06F2B87BD0585F0EFFACEA2B7F424D075B537F497B42C5A59F52BBD702088C0A2BBEFAA62A192E18C7092C0E8276E42E9EFE125829C578B40AB37B1732E97AC36067AD1E450BFABF304AF41CE217FE0C7906C5FAAD07F783B187F01F2FB02A0, '1');

-- ----------------------------
-- Table structure for diary_comment
-- ----------------------------
DROP TABLE IF EXISTS `diary_comment`;
CREATE TABLE `diary_comment` (
  `id` int(11) NOT NULL AUTO_INCREMENT COMMENT '自增主键',
  `diary_id` int(11) NOT NULL DEFAULT '0' COMMENT '日志ID',
  `create_user` int(11) NOT NULL COMMENT '评论人',
  `create_time` int(11) NOT NULL COMMENT '评论时间',
  `content` text NOT NULL COMMENT '评论内容',
  PRIMARY KEY (`id`),
  KEY `idx_create_time` (`create_time`),
  KEY `idx_diary_id` (`diary_id`),
  KEY `idx_create_user` (`create_user`),
  CONSTRAINT `diary_comment_ibfk_1` FOREIGN KEY (`create_user`) REFERENCES `user` (`id`) ON DELETE CASCADE ON UPDATE CASCADE,
  CONSTRAINT `diary_comment_ibfk_2` FOREIGN KEY (`diary_id`) REFERENCES `diary` (`id`) ON DELETE CASCADE ON UPDATE CASCADE
) ENGINE=InnoDB DEFAULT CHARSET=utf8;

-- ----------------------------
-- Records of diary_comment
-- ----------------------------

-- ----------------------------
-- Table structure for diary_comment_reply
-- ----------------------------
DROP TABLE IF EXISTS `diary_comment_reply`;
CREATE TABLE `diary_comment_reply` (
  `id` int(11) NOT NULL AUTO_INCREMENT COMMENT '自增主键',
  `reply_comment` text NOT NULL COMMENT '回复内容',
  `reply_time` int(11) NOT NULL DEFAULT '0' COMMENT '回复时间',
  `replyer` varchar(254) NOT NULL COMMENT '回复人',
  `comment_id` int(11) NOT NULL COMMENT '评论ID',
  PRIMARY KEY (`id`),
  KEY `idx_reply_time` (`reply_time`)
) ENGINE=InnoDB DEFAULT CHARSET=utf8;

-- ----------------------------
-- Records of diary_comment_reply
-- ----------------------------

-- ----------------------------
-- Table structure for diary_share
-- ----------------------------
DROP TABLE IF EXISTS `diary_share`;
CREATE TABLE `diary_share` (
  `id` int(11) unsigned NOT NULL AUTO_INCREMENT COMMENT '自增主键',
  `diary_id` int(11) NOT NULL COMMENT '日志ID',
  `user_id` int(11) NOT NULL COMMENT '共享用户ID',
  `is_read` tinyint(2) NOT NULL DEFAULT '0' COMMENT '0:未读;1:已读',
  PRIMARY KEY (`id`),
  KEY `idx_diary_id` (`diary_id`),
  KEY `idx_user_id` (`user_id`),
  CONSTRAINT `diary_share_ibfk_1` FOREIGN KEY (`user_id`) REFERENCES `user` (`id`) ON DELETE CASCADE ON UPDATE CASCADE,
  CONSTRAINT `diary_share_ibfk_2` FOREIGN KEY (`diary_id`) REFERENCES `diary` (`id`) ON DELETE CASCADE ON UPDATE CASCADE
) ENGINE=InnoDB DEFAULT CHARSET=utf8;

-- ----------------------------
-- Records of diary_share
-- ----------------------------

-- ----------------------------
-- Table structure for disclosure
-- ----------------------------
DROP TABLE IF EXISTS `disclosure`;
CREATE TABLE `disclosure` (
  `id` int(11) NOT NULL AUTO_INCREMENT COMMENT '自增主键',
  `title` varchar(255) NOT NULL COMMENT '信息标题',
  `content` mediumtext NOT NULL COMMENT '内容',
  `status` tinyint(2) NOT NULL DEFAULT '0' COMMENT '0:草稿;1:已报送;3:未通过审核;2:已审核;(审批状态)',
  `audit_user` int(11) NOT NULL COMMENT '审查员',
  `audit_time` int(11) NOT NULL DEFAULT '0' COMMENT '审核时间',
  `send_user` int(11) NOT NULL,
  `send_time` int(11) NOT NULL DEFAULT '0',
  `create_user` int(11) NOT NULL COMMENT '创建人',
  `create_time` int(11) NOT NULL COMMENT '创建日期',
  `category` tinyint(2) NOT NULL,
  `is_push` tinyint(2) NOT NULL DEFAULT '0' COMMENT '是否已推送',
  `doc_num` varchar(255) NOT NULL,
  `keyword` varchar(100) NOT NULL,
  `summary` varchar(255) NOT NULL,
  `subject` varchar(100) NOT NULL,
  `theme` varchar(100) NOT NULL,
  PRIMARY KEY (`id`)
) ENGINE=InnoDB DEFAULT CHARSET=utf8;

-- ----------------------------
-- Records of disclosure
-- ----------------------------

-- ----------------------------
-- Table structure for doc_tab
-- ----------------------------
DROP TABLE IF EXISTS `doc_tab`;
CREATE TABLE `doc_tab` (
  `id` int(11) NOT NULL AUTO_INCREMENT,
  `name` varchar(64) NOT NULL,
  `description` varchar(64) NOT NULL,
  `path` varchar(255) NOT NULL,
  `style` varchar(64) NOT NULL,
  `img` varchar(64) NOT NULL,
  `is_using` tinyint(1) NOT NULL,
  `is_sys` tinyint(1) NOT NULL,
  `order_no` int(11) NOT NULL,
  PRIMARY KEY (`id`)
) ENGINE=InnoDB DEFAULT CHARSET=utf8;

-- ----------------------------
-- Records of doc_tab
-- ----------------------------

-- ----------------------------
-- Table structure for edu_aars
-- ----------------------------
DROP TABLE IF EXISTS `edu_aars`;
CREATE TABLE `edu_aars` (
  `id` int(11) NOT NULL AUTO_INCREMENT,
  `module_table` varchar(200) NOT NULL COMMENT '模块表名称',
  `record_id` int(11) NOT NULL COMMENT '数据id值',
  `praise_count` int(11) NOT NULL COMMENT '点赞次数',
  `view_count` int(11) NOT NULL COMMENT '查看次数',
  `create_user` int(11) NOT NULL COMMENT '创建人',
  `create_user_name` varchar(200) NOT NULL COMMENT '创建人姓名',
  `create_time` int(11) NOT NULL COMMENT '创建时间',
  `title` varchar(200) NOT NULL DEFAULT '' COMMENT '标题',
  `content` text NOT NULL COMMENT '内容',
  `people_type` int(11) NOT NULL COMMENT '人员类型',
  `org_id` int(11) NOT NULL COMMENT '人员组织ID',
  PRIMARY KEY (`id`)
) ENGINE=InnoDB DEFAULT CHARSET=utf8;

-- ----------------------------
-- Records of edu_aars
-- ----------------------------

-- ----------------------------
-- Table structure for edu_aars_praise
-- ----------------------------
DROP TABLE IF EXISTS `edu_aars_praise`;
CREATE TABLE `edu_aars_praise` (
  `id` int(11) NOT NULL AUTO_INCREMENT,
  `model` varchar(200) NOT NULL COMMENT '模块名',
  `rid` int(11) NOT NULL COMMENT '记录ID',
  `puser_id` int(11) NOT NULL COMMENT '点赞人ID',
  `people_type` int(11) NOT NULL COMMENT '人员类型',
  PRIMARY KEY (`id`)
) ENGINE=InnoDB DEFAULT CHARSET=utf8;

-- ----------------------------
-- Records of edu_aars_praise
-- ----------------------------

-- ----------------------------
-- Table structure for edu_album
-- ----------------------------
DROP TABLE IF EXISTS `edu_album`;
CREATE TABLE `edu_album` (
  `id` int(11) NOT NULL AUTO_INCREMENT COMMENT 'ID',
  `photo_no` int(11) NOT NULL COMMENT '排序号',
  `create_time` int(11) NOT NULL COMMENT '图片上传时间',
  `create_user` int(11) NOT NULL COMMENT '图片上传用户',
  `photo_brief` text NOT NULL COMMENT '对照片的描述',
  `share_to` varchar(200) NOT NULL COMMENT '照片分享给哪些人看',
  `praise_count` int(10) NOT NULL DEFAULT '0' COMMENT '点赞次数',
  `click_count` int(10) NOT NULL DEFAULT '0' COMMENT '浏览次数',
  `org_id` int(11) NOT NULL COMMENT '部门id',
  PRIMARY KEY (`id`)
) ENGINE=InnoDB AUTO_INCREMENT=67 DEFAULT CHARSET=utf8 COMMENT='学生照片表';

-- ----------------------------
-- Records of edu_album
-- ----------------------------
INSERT INTO `edu_album` VALUES ('6', '0', '1441950809', '4', '照片描述', '', '1', '67', '19');
INSERT INTO `edu_album` VALUES ('7', '1', '1442820959', '7', '操场我们的合影', '', '0', '8', '28');
INSERT INTO `edu_album` VALUES ('8', '1', '1442821043', '7', '我班的新同学哦', '', '1', '0', '28');
INSERT INTO `edu_album` VALUES ('9', '1', '1442821134', '7', '校服', '', '0', '0', '28');
INSERT INTO `edu_album` VALUES ('10', '1', '1442821204', '7', '上课发言', '', '0', '1', '28');
INSERT INTO `edu_album` VALUES ('11', '1', '1442821251', '7', '认真写作业', '', '1', '1', '28');
INSERT INTO `edu_album` VALUES ('12', '1', '1442821291', '7', '快毕业了', '', '0', '2', '28');
INSERT INTO `edu_album` VALUES ('13', '1', '1442978236', '4', '图形', '', '0', '6', '25');
INSERT INTO `edu_album` VALUES ('26', '0', '1443432810', '4', '12678 ', '', '0', '10', '25');
INSERT INTO `edu_album` VALUES ('31', '10', '1443514698', '4', '<em>请问12 4</em>', '', '0', '2', '25');
INSERT INTO `edu_album` VALUES ('32', '99', '1443514783', '4', '123456', '', '0', '0', '25');
INSERT INTO `edu_album` VALUES ('33', '0', '1443514828', '4', '<div>2345</div>\r\n', '', '1', '2', '25');
INSERT INTO `edu_album` VALUES ('34', '0', '1443514853', '4', '请问', '', '0', '1', '25');
INSERT INTO `edu_album` VALUES ('35', '0', '1443514863', '4', '请问', '', '0', '4', '25');
INSERT INTO `edu_album` VALUES ('36', '0', '1443514875', '4', '12', '', '0', '0', '25');
INSERT INTO `edu_album` VALUES ('38', '0', '1443515775', '20', '请问的风格', '', '1', '6', '25');
INSERT INTO `edu_album` VALUES ('41', '11', '1443595550', '3', '123', '', '1', '14', '24');
INSERT INTO `edu_album` VALUES ('43', '1', '1443603748', '21', '777777777', '', '0', '4', '18');
INSERT INTO `edu_album` VALUES ('44', '0', '1444460796', '21', '卡通图片', '', '1', '12', '18');
INSERT INTO `edu_album` VALUES ('45', '0', '1444460854', '21', '风景', '', '1', '7', '18');
INSERT INTO `edu_album` VALUES ('46', '0', '1444463276', '21', '考拉', '', '0', '0', '18');
INSERT INTO `edu_album` VALUES ('47', '0', '1444469432', '22', '好看的图片', '', '1', '7', '18');
INSERT INTO `edu_album` VALUES ('48', '0', '1444472080', '22', '美丽的风景', '', '1', '3', '18');
INSERT INTO `edu_album` VALUES ('49', '0', '1444472093', '22', '美丽的海边', '', '0', '2', '18');
INSERT INTO `edu_album` VALUES ('50', '0', '1444472121', '22', '有趣的动态图', '', '0', '6', '18');
INSERT INTO `edu_album` VALUES ('51', '0', '1444799037', '21', '美丽的风景图', '', '0', '11', '18');
INSERT INTO `edu_album` VALUES ('54', '0', '1445564216', '22', '1', '', '0', '1', '18');
INSERT INTO `edu_album` VALUES ('55', '0', '1445564264', '22', '2', '', '0', '1', '18');
INSERT INTO `edu_album` VALUES ('56', '0', '1445564333', '22', '多张图', '', '0', '1', '18');
INSERT INTO `edu_album` VALUES ('57', '0', '1445564750', '21', '图123', '', '0', '2', '18');
INSERT INTO `edu_album` VALUES ('58', '0', '1445845495', '2', '123', '', '0', '0', '19');
INSERT INTO `edu_album` VALUES ('59', '0', '1445845534', '2', '123', '', '0', '0', '19');
INSERT INTO `edu_album` VALUES ('60', '0', '1445845847', '4', '相框', '', '0', '0', '25');
INSERT INTO `edu_album` VALUES ('61', '0', '1445848874', '4', 'vcvc', '', '0', '0', '25');
INSERT INTO `edu_album` VALUES ('64', '0', '1445849220', '4', 'cc', '', '0', '0', '25');
INSERT INTO `edu_album` VALUES ('65', '0', '1445849683', '4', '4', '', '0', '0', '25');
INSERT INTO `edu_album` VALUES ('66', '0', '1445851544', '4', '功夫熊猫', '', '0', '0', '25');

-- ----------------------------
-- Table structure for edu_album_comment
-- ----------------------------
DROP TABLE IF EXISTS `edu_album_comment`;
CREATE TABLE `edu_album_comment` (
  `id` int(11) NOT NULL AUTO_INCREMENT COMMENT 'ID',
  `album_id` int(11) NOT NULL COMMENT '照片ID',
  `content` text NOT NULL COMMENT '评论内容',
  `create_time` int(11) NOT NULL COMMENT '评论时间',
  `create_user` int(11) NOT NULL COMMENT '创建人',
  `people_type` tinyint(1) NOT NULL DEFAULT '0' COMMENT '0教师1学生2职工3家长',
  PRIMARY KEY (`id`)
) ENGINE=InnoDB AUTO_INCREMENT=25 DEFAULT CHARSET=utf8 COMMENT='学生照片评论表';

-- ----------------------------
-- Records of edu_album_comment
-- ----------------------------
INSERT INTO `edu_album_comment` VALUES ('3', '6', '奥奥', '1443076180', '1', '0');
INSERT INTO `edu_album_comment` VALUES ('5', '22', '好漂亮哦', '1443168068', '6', '1');
INSERT INTO `edu_album_comment` VALUES ('8', '22', 'haixing', '1443508208', '1', '1');
INSERT INTO `edu_album_comment` VALUES ('11', '6', '赞', '1443514981', '4', '1');
INSERT INTO `edu_album_comment` VALUES ('12', '28', '哈啊啊啊啊啊啊啊啊啊啊啊啊asdfghjkl', '1443515314', '20', '1');
INSERT INTO `edu_album_comment` VALUES ('13', '26', 'qwertyui', '1443515449', '20', '1');
INSERT INTO `edu_album_comment` VALUES ('14', '41', '赞', '1443595629', '3', '1');
INSERT INTO `edu_album_comment` VALUES ('15', '38', '赞', '1443599552', '4', '1');
INSERT INTO `edu_album_comment` VALUES ('16', '22', '不错', '1443602460', '1', '1');
INSERT INTO `edu_album_comment` VALUES ('17', '22', '赞。\r\n', '1444472146', '22', '1');
INSERT INTO `edu_album_comment` VALUES ('18', '44', '赞，美', '1444798968', '21', '1');
INSERT INTO `edu_album_comment` VALUES ('19', '51', '美丽，漂亮', '1444800297', '22', '1');
INSERT INTO `edu_album_comment` VALUES ('20', '35', 'good!', '1444814496', '4', '1');
INSERT INTO `edu_album_comment` VALUES ('21', '50', '赞', '1444814836', '22', '1');
INSERT INTO `edu_album_comment` VALUES ('22', '51', 'haobang', '1444814879', '1', '2');
INSERT INTO `edu_album_comment` VALUES ('23', '41', '赞', '1444814891', '1', '2');
INSERT INTO `edu_album_comment` VALUES ('24', '47', '赞', '1445563730', '21', '1');

-- ----------------------------
-- Table structure for edu_apply_students
-- ----------------------------
DROP TABLE IF EXISTS `edu_apply_students`;
CREATE TABLE `edu_apply_students` (
  `id` int(11) NOT NULL AUTO_INCREMENT COMMENT '自增主键',
  `name` varchar(50) NOT NULL COMMENT '学生姓名',
  `sex` tinyint(1) NOT NULL COMMENT '学生性别(0:男；1:女；)',
  `id_number` varchar(20) NOT NULL COMMENT '身份证号',
  `school_category` varchar(50) NOT NULL COMMENT '学校类别',
  `register_status` tinyint(1) NOT NULL COMMENT '报名状态（1：已录取 2：末录取 0：待录取）',
  `register_tel` varchar(50) NOT NULL COMMENT '注册手机号码',
  `register_date` int(11) NOT NULL COMMENT '报名时间',
  `school_year` varchar(50) NOT NULL COMMENT '学年',
  `create_user` int(11) NOT NULL COMMENT '创建人',
  `check_user` int(11) NOT NULL COMMENT '审核人',
  `form_id` char(36) NOT NULL COMMENT '表单Id',
  `form_data_id` int(11) NOT NULL COMMENT '表单数据id',
  `this_city` tinyint(1) NOT NULL COMMENT '是否为本市户口(是：1 否：0）',
  `custom_fields` text NOT NULL,
  PRIMARY KEY (`id`)
) ENGINE=InnoDB DEFAULT CHARSET=utf8;

-- ----------------------------
-- Records of edu_apply_students
-- ----------------------------

-- ----------------------------
-- Table structure for edu_arrange_course
-- ----------------------------
DROP TABLE IF EXISTS `edu_arrange_course`;
CREATE TABLE `edu_arrange_course` (
  `id` int(11) NOT NULL AUTO_INCREMENT COMMENT '自增唯一id',
  `academic_year` varchar(50) NOT NULL COMMENT '学年',
  `semester` varchar(50) NOT NULL COMMENT '学期',
  `section` varchar(10) NOT NULL COMMENT '节次',
  `branch_school` varchar(20) NOT NULL COMMENT '校区',
  `grade` varchar(10) NOT NULL COMMENT '年级',
  `class` varchar(10) NOT NULL COMMENT '班级',
  `afternoon` varchar(10) NOT NULL COMMENT '作息时间段（上午、下午）',
  `monday` varchar(50) NOT NULL COMMENT '星期一',
  `tuesday` varchar(50) NOT NULL COMMENT '星期二',
  `wednesday` varchar(50) NOT NULL COMMENT '星期三',
  `thursday` varchar(50) NOT NULL COMMENT '星期四',
  `friday` varchar(50) NOT NULL COMMENT '星期五',
  `saturday` varchar(50) NOT NULL COMMENT '星期六',
  `sunday` varchar(50) NOT NULL COMMENT '星期日',
  `week_flag` int(1) NOT NULL DEFAULT '0' COMMENT '单双周（0：正常；2：双周；1：单周）',
  PRIMARY KEY (`id`)
) ENGINE=InnoDB AUTO_INCREMENT=14 DEFAULT CHARSET=utf8 COMMENT='课表管理';

-- ----------------------------
-- Records of edu_arrange_course
-- ----------------------------
INSERT INTO `edu_arrange_course` VALUES ('1', '2015-2016', '上学期', '1', '海淀分校', '一年级', '1班', '早自习', '语文|段志明|教学楼303', '英语|崔莹|教学楼303', '语文|段志明|教学楼303', '英语|崔莹|教学楼303', '语文|段志明|教学楼303', '', '', '0');
INSERT INTO `edu_arrange_course` VALUES ('2', '2015-2016', '上学期', '1', '海淀分校', '一年级', '1班', '上午', '语文|段志明|教学楼303', '美术|淋雨燕|绘画室203', '语文|段志明|教学楼303', '数学|林峰|教学楼303', '语文|段志明|教学楼303', '', '', '0');
INSERT INTO `edu_arrange_course` VALUES ('3', '2015-2016', '上学期', '2', '海淀分校', '一年级', '1班', '上午', '语文|段志明|教学楼303', '美术|淋雨燕|绘画室203', '语文|段志明|教学楼303', '数学|林峰|教学楼303', '英语|崔莹|教学楼303', '', '', '0');
INSERT INTO `edu_arrange_course` VALUES ('4', '2015-2016', '上学期', '3', '海淀分校', '一年级', '1班', '上午', '英语|崔莹|教学楼303', '数学|林峰|教学楼303', '英语|崔莹|教学楼303', '数学|林峰|教学楼303', '英语|崔莹|教学楼303', '', '', '0');
INSERT INTO `edu_arrange_course` VALUES ('5', '2015-2016', '上学期', '4', '海淀分校', '一年级', '1班', '上午', '英语|崔莹|教学楼303', '数学|林峰|教学楼303', '英语|崔莹|教学楼303', '美术|淋雨燕|绘画室203', '美术|淋雨燕|绘画室203', '', '', '0');
INSERT INTO `edu_arrange_course` VALUES ('6', '2015-2016', '上学期', '5', '海淀分校', '一年级', '1班', '上午', '数学|林峰|教学楼303', '英语|崔莹|教学楼303', '美术|淋雨燕|绘画室203', '英语|崔莹|教学楼303', '数学|林峰|教学楼303', '', '', '0');
INSERT INTO `edu_arrange_course` VALUES ('7', '2015-2016', '上学期', '1', '海淀分校', '一年级', '1班', '下午', '数学|林峰|教学楼303', '英语|崔莹|教学楼303', '英语|崔莹|教学楼303', '英语|崔莹|教学楼303', '数学|林峰|教学楼303', '', '', '0');
INSERT INTO `edu_arrange_course` VALUES ('8', '2015-2016', '上学期', '2', '海淀分校', '一年级', '1班', '下午', '数学|林峰|教学楼303', '美术|淋雨燕|绘画室203', '英语|崔莹|教学楼303', '美术|淋雨燕|绘画室203', '美术|淋雨燕|绘画室203', '', '', '0');
INSERT INTO `edu_arrange_course` VALUES ('9', '2015-2016', '上学期', '3', '海淀分校', '一年级', '1班', '下午', '数学|林峰|教学楼303', '美术|淋雨燕|绘画室203', '英语|崔莹|教学楼303', '美术|淋雨燕|绘画室203', '美术|淋雨燕|绘画室203', '', '', '0');
INSERT INTO `edu_arrange_course` VALUES ('10', '2015-2016', '上学期', '4', '海淀分校', '一年级', '1班', '下午', '数学|林峰|教学楼303', '美术|淋雨燕|绘画室203', '英语|崔莹|教学楼303', '美术|淋雨燕|绘画室203', '美术|淋雨燕|绘画室203', '', '', '0');
INSERT INTO `edu_arrange_course` VALUES ('11', '2015-2016', '上学期', '1', '海淀分校', '一年级', '1班', '晚自习', '英语|崔莹|教学楼303', '数学|林峰|教学楼303', '语文|段志明|教学楼303', '英语|崔莹|教学楼303', '语文|段志明|教学楼303', '', '', '0');
INSERT INTO `edu_arrange_course` VALUES ('12', '2015-2016', '上学期', '2', '海淀分校', '一年级', '1班', '晚自习', '英语|崔莹|教学楼303', '数学|林峰|教学楼303', '语文|段志明|教学楼303', '英语|崔莹|教学楼303', '语文|段志明|教学楼303', '', '', '0');
INSERT INTO `edu_arrange_course` VALUES ('13', '2015-2016', '上学期', '3', '海淀分校', '一年级', '1班', '晚自习', '语文|段志明|教学楼303', '数学|林峰|教学楼303', '英语|崔莹|教学楼303', '语文|段志明|教学楼303', '英语|崔莹|教学楼303', '', '', '0');

-- ----------------------------
-- Table structure for edu_article
-- ----------------------------
DROP TABLE IF EXISTS `edu_article`;
CREATE TABLE `edu_article` (
  `id` int(11) NOT NULL AUTO_INCREMENT COMMENT 'ID',
  `title` varchar(200) NOT NULL COMMENT '文章标题',
  `content` text NOT NULL COMMENT '文章内容',
  `create_user` int(11) NOT NULL COMMENT '发布人',
  `create_time` int(11) NOT NULL COMMENT '发布时间',
  `praise_count` int(11) NOT NULL COMMENT '点赞次数',
  `view_count` int(11) NOT NULL COMMENT '点击次数',
  `create_user_name` varchar(200) NOT NULL COMMENT '发布人姓名',
  `org_id` int(11) NOT NULL COMMENT '学生组织id',
  PRIMARY KEY (`id`)
) ENGINE=InnoDB AUTO_INCREMENT=89 DEFAULT CHARSET=utf8 COMMENT='学生文章表';

-- ----------------------------
-- Records of edu_article
-- ----------------------------
INSERT INTO `edu_article` VALUES ('63', '爬山', '<p>暑假里的一天，天气真闷热呀。太阳火辣辣地烤着大地。四周没有一丝风，柳树被晒得无精打采，而且还弯下了腰。听，知了在大树上不停地叫着，好像在说：&ldquo;热死了，热死了&hellip;&hellip;&rdquo;看，邻居家的大黄狗伸出舌头喘着气。我正要开风扇，可偏偏停电了，&ldquo;这该死的暑假。&rdquo;我骂道。我的汗珠像断了线的珠子不停地往下掉。 到了傍晚，我约了几个小伙伴要一起去爬山。我和小伙伴们一起背上了小背包，高高兴兴地去爬山了。我们在路上有说有笑的，就不觉得热了。这时，我觉得天仿佛更蓝了，草儿仿佛更绿了，花儿仿佛更艳了。我们手拉着手往上爬。我们走了一会儿，突然，一滴滴的雨水滴在我们的头上、脸上、手上。这时，大家发觉下雨了，我说：&ldquo;我们要到哪儿去避雨？&rdquo;我的话刚说完，雨就越下越大了。大家决定到下面的凉亭里去避雨。我们便使劲往下面跑，跑着跑着，终于到了跑到了凉亭里。我们刚跑道凉亭里的时候，倾盆大雨就噼里啪啦地落了下来。大家都在凉亭里议论着，&ldquo;要不要在爬？&rdquo;&ldquo;这么大的雨，我们怎么回家？&rdquo;有的甚至说：&ldquo;不能回家就不回家。&rdquo;听到这些话，我对大家说：&ldquo;坚持就是胜利，等雨停了，我们还要继续往上爬。&rdquo;听到我的话，大家都知道接下来要怎么做了。过了一会儿，雨停了，我看见草儿又绿了，花儿又艳了，大雨把一切都洗的干干净净了。 雨停了，我们又手拉着手，高高兴兴地往上爬，爬着爬着，我们终于爬到了山上。我们在山上呼吸着新鲜的空气，看着山下的高楼已变成了一个个美丽的&ldquo;火柴盒&rdquo;了，人们却成了一只只&ldquo;小蚂蚁&rdquo;了。 今天我们虽然很热，但是经过爬山，让我们忘记了热，反而带来了夏日的凉爽。</p>\r\n', '21', '1444460249', '1', '3', '', '18');
INSERT INTO `edu_article` VALUES ('64', '快乐的暑假', '<p>暑假，像一个个快乐的音符，无时无刻都陪伴在我身边；暑假，像一朵朵盛开的鲜花，让我的生活充满阳光和希望；暑假，像一只只小鸟，每天我都自由自在。</p>\r\n\r\n<p>暑假是快乐的，幸福的，美好的，有趣的&hellip;&hellip;如果暑假是天空，我就是小鸟，在蔚蓝的天空自由翱翔；如果暑假是大海，我就是小鱼，在辽阔的大海里游来游去；如果暑假是知识，我就会永不停止的吸取它。</p>\r\n\r\n<p>在暑假，我几乎把所有的心思都花在学习上。每天早早地起床读英语，查资料，做作业，看书&hellip;&hellip;为了能在下学期取得好成绩，我每天都这样做，我觉得这样就是&ldquo;先苦后甜&rdquo;的道理。</p>\r\n\r\n<p>在暑假里，我吸取了许许多多的知识。每一天我都过得很开心，没有烦恼，没有压力，没有疑惑，自由自在的。</p>\r\n\r\n<p>我还在暑假里明白了：虽然是假期，但是不能够太放松自己，每天至少要安排一些时间来复习学过的知识，这样才不会把学过的知识忘光光了，最好是试一试去理解，去体会一下&ldquo;先苦后甜&rdquo;。我爱快乐的暑假，更爱无穷的知识。</p>\r\n', '21', '1444460310', '1', '7', '', '18');
INSERT INTO `edu_article` VALUES ('65', '追梦路', '<p>每个人心中都会有一个小小的梦，并为它努力，为它奋斗，走在追梦路上，或彷徨，或悲伤，但总会朝着那个既定的目标，屡败，屡战。 无论是多么广阔的天空，也有一颗星星，散发着微弱的光芒。无论人生的路上有多么黑暗和坎坷不平，也有一盏启明灯，在照耀着我们的前进。它就是梦想。每个人都有一颗属于自己的星星，它指引着人们在成功的道路上前行。小学刚开始的时候，我的梦想是成为一名优秀的学生，成绩名列前茅，在班里有鹤立鸡群的表现。有了这个梦想，我便开始努力奋斗，老师布置的作业，我总是认认真真的完成，后来，我慢慢的感觉到老师的严厉，作业的压力。才又一次感觉到实现梦想的艰难，有的时候，我真想停下来，不想再坚持了。我常常想，我一个瘦弱的小孩子，没有必要吃那么多苦，就为了追求一个梦想。那时，便很羡慕比我小的孩子！可自从上了五年级，我的梦想就成了要当上小学教师，我曾看过几本书，书上说：&ldquo;老师像火光温暖人心，细雨般轻柔的语言，渗透我们的心扉，滋润我们的心灵；老师就像太阳，让每一颗种子萌发生命的幼芽，老师也像大地，让每一个希望变成丰硕的果实。上课时，老师您会绘声绘色地讲课，把同学们引入知识的海洋，工作做得踏实努力。读书时您在那写写画画，涂抹勾勒；思考时右手扶头，左手疾书略有所思。激动时一会儿用双手在空中比划着，手臂微屈，手指摆出个奇特的造型，似乎世界就在他的掌握之中；一会儿又转身离座，眉头紧锁，还不时的停下来沉思久久，像是在解决一个世界性的难题。每当我一想到梦想的花朵会灿烂的为我盛开，我选择了坚持，因为我坚信，努力奋斗的汗水，一定会浇开梦想这朵美丽的花。我期待着&hellip;&hellip;在追梦的路上，太多的艰辛使我的勇气衰退，而梦想像一个打气筒，时刻给我鼓励，让我在困难面前一次次站起来，对未来充满期待，继续前行。 在生活中，因为有了梦想，所以才没有黑暗，因为有了梦想，生活才五彩缤纷。在追求梦想的路上，困难有时像绊脚石，但我们可以战胜它，攀上成功的峰巅。</p>\r\n', '21', '1444460354', '0', '3', '', '18');
INSERT INTO `edu_article` VALUES ('70', '难忘的一件事', '<p>在我成长的过程中，发生过许许多多令我难忘的事。其中有一件事最使我难以忘怀。 　<br />\r\n　　记得在我读三年级时的一个晚上，老师布置了很多作业，令我非常郁闷。老师在布置有什么作业时我的思想正在开小差，所以忽略了其中的一份作业。那一天的作业很快就被我做完了。这时的我非常高兴,也觉的非常的累，于是就出门去逛逛.经过同学家时，我看见还有很多同学还在书桌上做作业。同学们的父母看到我这么早就出来游玩,他们都很惊讶我如何能这么快就做完了作业.我很骄傲地抬起头,对他们说：&ldquo;我确实是做完作业了！&rdquo; 　<br />\r\n　　第二天早上，我去上学了。到了学校，组长叫我把作业拿出来，我听他的话把所有的作业都拿了出来，组长叫我拿出最后一件，我非常惊讶，不是只有四件吗？组长神气的说：&ldquo;当然不是了，一共有五件你漏了一件。&rdquo;组长立马跑去跟老师说。老师听了非常生气，马上走了过来，叫我去窗扉边把作业补完整。那时同学们都在笑我说：&ldquo;哈哈哈哈，都是你自己上课时开小差忘了作业，你才会被老师责罚。哈哈哈哈~~~。&rdquo;那时我就觉得我自己非常委屈。我想：这事不怪别人，都怪我自己，是我自己上课不认真听老师讲，才造成今天的错误。我走回座位，把作业补完以后给了老师检查，老师检查了后我下定决心，以后一定要认真听老师讲课不要像现在一样被老师责罚。 　<br />\r\n　　每当想起这件事，我就后悔极了。它教育了我今后上课听讲要全神贯注，作业要一丝不苟,学习要脚踏实地.<br />\r\n最难忘的一件事<br />\r\n岁月流去了，许多事情都已经淡忘了，唯独这样一件事还深深地刻在我的脑海里。<br />\r\n星期日早晨，我和弟弟在家闲得慌，就到附近的公园里玩。公园里景色不错，我和弟弟兴奋地跑来跑去，很快就跑得满头大汗了。突然，我发现弟弟的眼睛里闪出异样的兴奋，于是我怀着好奇心，顺着他眼睛的方位看去，看到了一片平静的湖水，湖边还有一棵大树，分叉出很多的树枝。还没等我反应过来，他已经跑到了树的旁边，不假思索地伸出双手爬了上去，爬到一半，就用双手拿住树枝，像荡秋千一样在那荡来荡去。&ldquo;哥哥，快来，太好玩了。&rdquo;弟弟一边荡着，一边高兴地冲我招手，玩得不亦乐乎。&ldquo;弟弟，快下来，这样玩很危险的。&rdquo;可是弟弟正在兴头上，哪里肯听我的话呢。我着急地往公园门口看了看，说：&ldquo;管理员<a href=\"https://www.baidu.com/s?wd=%E9%98%BF%E5%A7%A8%E6%9D%A5%E4%BA%86&amp;tn=44039180_cpr&amp;fenlei=mv6quAkxTZn0IZRqIHckPjm4nH00T1YLPWfLnju-m1m1PAfdm1ms0ZwV5Hcvrjm3rH6sPfKWUMw85HfYnjn4nH6sgvPsT6K1TL0qnfK1TL0z5HD0IgF_5y9YIZ0lQzqlpA-bmyt8mh7GuZR8mvqVQL7dugPYpyq8Q1mYPWR3nH0kPjnvPH0zPWbzPf\" target=\"_blank\">阿姨来了</a>，你快下来。&rdquo;弟弟一听有人来了，手一慌，没拿住，整个人都飞了出来。弟弟摔在草地上，手里还抓着断树枝，手上和脚上都擦破了皮受了伤。管理员阿姨过来了，弟弟想逃跑，可没办法起来，他吓得在那大哭起来。那位阿姨还算比较通情达理，她听我讲述了事情的经过，又看了看弟弟的伤食，说：&ldquo;以后可不要这么淘气了哦，在这种树上玩太危险了。树枝断了还可以再长，但人受伤了可要承受很大的痛苦的，下次可不能这样了。&rdquo;是啊，对于一个人最宝贵的是什么啊，当然是健康了。在以后的日子里，我经常想起阿姨对我们说过的话，再也不玩一些危险的游戏了。</p>\r\n', '21', '1444462588', '1', '4', '', '18');
INSERT INTO `edu_article` VALUES ('71', '中秋节', '<p>盼望已久的中秋佳节终于到了，人们兴高采烈，以各种节目形式来欢度这个传统节日。这天刚好是我叔叔的生日，大家一起在酒店里聚餐，庆祝生日，共度佳节。 来到酒店门口，哗！那里人山人海，连泊车的位子都没有了，人们把酒店都围了个水泄不通。幸好我们预先订好了四张桌，看到整个饭店人头攒动，热闹非凡的欢乐景象，我心里特别高兴，尽情地品赏着各种各样的海鲜和名菜。 吃完晚饭，我们就到海滨泳场看花灯。这时，一轮明月高高挂在天上，又大又圆，把整个大地都照得亮堂堂的。今年的天气特别好，九点十五分，我们来到目的地时，沙滩上已经灯火辉煌，游人如织了。我们沿着沙滩一边观赏一边向前走。走进大门，&ldquo;奇灯异彩耀水湾，依山伴水放珠海&rdquo;的巨副对联则提醒游人千万不要忘记了在此赏月的大好时光。进入泳场，只见偌大的泳场里到处都是火树银花，奇灯异彩。游人的欢歌笑语此起彼伏。沙滩上三五成群的珠海人摆开锅碗瓢盆，搞起烧烤；有的在沙滩上铺开塑料纸，放上月饼、饮料等等，围在一起，对月举杯；有的人还手拉手跳起舞；热闹无比。</p>\r\n', '21', '1444462682', '2', '7', '', '18');
INSERT INTO `edu_article` VALUES ('72', '难忘师恩', '<p>流年似水。转眼间六年的小学生活即将挥之而去，迎来的是初中的生活。我也从一个天真的小女孩逐渐长大成一位懂事的姑娘，在这六年的小学生活中最令我不舍的就是您，周老师。当妈妈牵着我的手闯进母校的大门时，我看见了一位美丽而和蔼的老师，那就是您。还记得我刚刚入校时对周围的一切得感到陌生，那时我感觉天气立马由晴转阴，天边闪着雷鸣，下起了倾盆大雨，花儿倒了下去，小草也低着头。突然，一股温暖直入我的心田，我抬头一看，是您，是您把我带到了班上，还给我介绍了几个朋友，我突然又感觉天边出现一道彩虹，花儿又重新在阳光下绽放开，小草也挺直了腰摆。我第一次的好成绩是您教出来的，第一次的眼泪是您止住的，第一次的成功是您鼓励的，总之我的第一次是离不开您的。老师，是您让我学会了坚强，挺过了一次又一次的风雨，我将在这里对您说一声谢谢，谢谢您让我可以茁壮成长，让我可以面对困难坚持不懈，让我可以坚强勇敢的迎接美好的未来。</p>\r\n', '21', '1444462798', '1', '5', '', '18');
INSERT INTO `edu_article` VALUES ('74', '我的成长！', '<p>每个人都有许许多多的成长故事，我也不例外。而给我印象最深刻的还是我第一次独自睡觉，回想起来，仍然记忆犹新。 记得我五岁那年的一天，爸爸妈妈都要加班，晚上只有我一人。如果是平日，他们一定会把我送到哥哥家，可今天，却说我长大了，可以自己睡觉了，硬要把我一个人留在家里。 晚上，家里空荡荡的，一片寂静。我吃完饭、洗漱完毕，爬上床，关好灯就睡觉了。也不知为什么，我躺在床上翻来覆去就是睡不着。于是，我睁开眼睛环顾四周，屋子里黑洞洞的，静得连自己的心跳声都能听见。我真有点害怕，平时在电视里看到的可怕的情景在脑海里一一闪过，令我毛骨悚然。就在这时，窗外忽然刮起一阵风，吹得空衣架直发出&ldquo;叮当，叮当&rdquo;的声音。而挂在外面的衣服则随风摆动，影影绰绰，看上去像有人在外面，吓得我魂不守舍，一头躲进被子里。虽然我在被子里热得大汗淋漓，但还是不敢出来。过了一会儿，我受不了了，便想出来凉快凉快，喘口气，可又不敢。突然，我的脑海里出现一个声音：&ldquo;龙，你可千万别出去，要是出去了，会被外面的坏人发现的。&rdquo;&ldquo;不会的，&rdquo;另一个声音说道：&ldquo;那根本就不是坏人，是衣服，只管出去好了。&rdquo;&ldquo;宁可信其有，不可信其无，大伙儿可都这么说，千万不能出去。&rdquo;&ldquo;这事不是明摆着嘛？那都是风的恶作剧，是衣服又不是坏人。更何况，只要自己不做亏心事，半夜就不怕鬼敲门。&rdquo;&hellip;&hellip;这两个声音在我脑海里争论不休，令我难以决策。最终，我还是从被子里钻了出来，但不管怎么说，的确有点害怕，忐忑不安地度过了那个令人难忘的夜晚。 第二天，父母都夸我，说：&ldquo;龙，你长大了，变得勇敢了。&rdquo;我听后，脸上露出了灿烂的笑容，心里比吃了蜜还甜。 从那以后，我就拥有了自己的小房间，独自睡觉了，真可谓&ldquo;万事开头难&rdquo;啊！！！</p>\r\n', '21', '1444462938', '4', '38', '', '18');
INSERT INTO `edu_article` VALUES ('77', '兜风_日记', '<p>&nbsp;&nbsp;&nbsp; 晚饭吃过，我和爸爸骑着摩托车送妈妈去上夜班后，便决定去兜风。 爸爸飞快地骑着摩托车，坐在后面的我仰望天空：碧蓝的天空中几颗小行星已探出脑袋，天边的云彩像龙卷风似的，渐渐钻进山里。小鸟在天空中吱吱喳喳飞着回巢，为天空增加色彩.爸爸骑着摩托车继续往前开，一阵阵凉爽地风抚摸着我的脸，道路两旁的景色，一下子从我眼前掠过。不知不觉，我们离市区已有十来里路了。黄昏已过，绿油油地田野上，还留着几位农民伯伯，清凉的风把太阳晒出的汗水都给吹走了。住在村子里的老老少少们，吃过晚饭，拿着小椅凳来到道路旁乘凉。这时，我看到了一块大岩石，我叫爸爸停下车来，我走上那块岩石，真想大声喊叫一句：&ldquo;世界，我爱你！&rdquo;看着城市中灯光闪闪，车来车往，又看着农村，幽闲、寂静，我真想永远都呆在农村了。 天色渐渐暗下来，一轮圆月早已高高挂在天空中了，星星也都已探出脑袋，我和爸爸就骑着摩托车回家了&hellip;&hellip;</p>\r\n', '22', '1444469531', '2', '14', '', '18');
INSERT INTO `edu_article` VALUES ('78', '春风赞', '<p><br />\r\n　所谓的春风,如此温柔.瞧!春风轻吻着柳枝,柳枝有节奏地摇摆着,摆动着它那细腻的腰姿,微微地吹皱了水面,偷偷地传送着花香.如此温柔、如此温柔,就像万物的母亲,无微不至地亲切体贴着万物,让万物生机勃勃地活动着.微风吹拂着千万条嫩黄色的柳枝,为它们换上了新衣裳；迎春话、牡丹花&hellip;&hellip;春风吹拂着那娇媚的花儿,人们不由得分外爱惜!<br />\r\n　　一切万物只因它!<br />\r\n　　它就像一位慈祥而细心的&ldquo;母亲&rdquo;,她辛勤地培育着&ldquo;儿女&rdquo;,用她那甜美的乳汁来赋予营养给儿女,为的是什么呢?她为的是给儿女更好的东西、更好的生活和更好的体魄.儿女长大了,母亲给了他们最好的教育和贴心的爱护.如今儿女已经可以挣脱开母亲的怀抱,展翅飞翔,翱翔在天空中,那这些功劳归功于谁呢?一切都是母亲在儿女的背后默默支持的结果.<br />\r\n　　春风仿佛是一种生命的动力,它可以唤醒万物,也可以成为人的力量.春风扑面而来,使我想起了&ldquo;一年之季在于春&rdquo;春给人带来了新的一年,新的希望,新的人生目标&hellip;&hellip;一阵春风吹来,我的头脑顿时清醒了,明白了人不仅要学,还要懂得运用.用春风来唤醒自己心中的渴望,让它告诉自己应该努力发奋,为自己的渴望而发奋实现这美好的愿望.所以我们要珍惜这种源之动力之风.<br />\r\n　　春风如此温柔、如此细腻,怎能不让人心动去珍惜呢?让我们一起珍惜这股动力之风吧<br />\r\n春的颜色<br />\r\n　　春天到来,一切仿佛又恢复了生机,春风忙着播撒绿色.不经意间,春天已经遍布了世界的每一个角落.<br />\r\n　　和煦的春风,轻抚大地,像是慈母,抚摸着孩子的脸颊.春风,带给我们春天的气息.春天,不同于夏的热情,秋的伤感,冬的沧桑.春天的温暖,吸引着每一个人的加入.<br />\r\n　　春风也是如此：春风不同于夏风的炎热,怎么扇,都扇不去热气；春风不同于秋风的悲凉,风声铮铮,枯叶飘絮；春风不同于冬风的刺骨冰凉,搜刮着可怜的温暖,碰一下,都瑟瑟发抖.春风温柔,婉约,像一个艺术家,奏出美妙的春之交响曲.<br />\r\n　　谁说春风没有样子?春风的样子,是柳条轻轻摆动,花儿低头微笑,小草探头探脑,湖面泛起涟漪.春风的样子,活泼可爱.<br />\r\n　　谁说春风没有颜色?春风的颜色,是小草的嫩绿,梨花的雪白,蝴蝶的粉红,蜜蜂的鲜黄.春风的颜色,五彩缤纷.<br />\r\n　　谁说春风没有味道?春风的味道,是春泥的清新,鲜花的芳香,花粉的甜蜜.春风的味道,芳香美妙.<br />\r\n　　春天的风,带来无穷的想象,如诗如画的春风,多么美丽,多么温暖!<br />\r\n春天的味道<br />\r\n　　飘飞满天的春诗,赶走我们的忧虑,用暖暖的阳光使我们聆听快乐的声响；飘飞满天的春歌,留住我们的欢笑,用动人的旋律使我荡漾悦耳的幸福.<br />\r\n　　傍晚,风吹过阳台,留下细细的芳香,留下甜甜的味道,留下暖暖的亲吻.春天的味道：阳光.雨露.和风.细雨&hellip;&hellip;都在这个美丽春季悄悄来临.<br />\r\n　　春天的风,吹开慵懒的胸怀,慢慢的闯进心里,像一段柔柔的小曲泌入心底.<br />\r\n　　春天的雨,浇灌沸腾的温度,淹没浮躁的心情,像一幅动人的画卷滑过眼前.<br />\r\n　　春天的味道,小桥流水,潺潺流过心田,恬静怡然；小池塘边,蛙声四起,油绿的荷叶衬着大朵的荷花,摇摇摆摆,像无无数翘起的孩童,追逐嬉戏.<br />\r\n　　春天的味道,有温暖,有清凉,有甜蜜,有郁闷,有欢笑,有痛苦&hellip;&hellip;<br />\r\n　　无论是哪种味道,都是它的倾诉,都是它的释放,都是带给我们最真实的感受.春天的味道,让我们慢慢体会,让我们悄悄留下,我们埋在心底！！！！！</p>\r\n', '22', '1444469593', '4', '52', '', '18');
INSERT INTO `edu_article` VALUES ('85', '我们，青春不在', '<p>赤着脚，踏着旋律，在回忆中徜徉。在熟悉的氛围中，找寻丢失的幸福。丢掉包袱，搁浅抱负，做一个真正的20岁孩子。拥有20岁的激情，拥有20岁的奔放青春，拥有20岁的模样。<br />\r\n当我们不再踌躇于梦想的遥远，我们选择了放弃；当我们不再执着于我们爱过的所有，我们选择了遗忘；当我们不再幻想美好的明天，我们选择了面对。我们变了，没有由心而发的微笑，没有兴奋的念头，没有期待的微妙心情。一切都是理所当然的：大一想着读书，大二想着考证，大三想着实习，大四想着工作。这样随风不经波澜消散的日子，我们到底在追求什么。为什么不试着，放下负担，做自己想做的潇洒呢。<br />\r\n一起向着蓝天奔跑，一起携手走过葱郁小路，一起共创属于我们的时代梦。在夕阳下，那件件白衣飘飘，那簇簇白裙相拥，欢声笑语一片片诉说着我们的青春。有着我们青春的忧伤，有着我们成长的烦恼，有着我们单纯的快乐。翩翩而落的：是我们梦想的启程，是我们不悔的青春，是我们难忘的回忆。尽情挥洒你那穷形尽相的绘画梦，放声歌唱你那五音不全的音乐梦，忘我舞动你那肢体不协调的舞蹈梦。谁的梦想，一定要那么较真，怡然自乐足矣。丢脸何惧，我们还只是孩子，为何要让那虚伪的面子遮挡我们的可爱脸庞。<br />\r\n&nbsp; 早晨那阵阵永不停息的闹钟声，那缕缕呻吟声。不情愿的爬出被窝，坐在床边，相视而笑。吃饭那吧唧的重复声，那聊不完的话题，开怀大笑。操场那片片欢呼声，那汗如雨下，互相鼓舞。宿舍那经久不衰的吵闹声，那电视机的杂烩声，伴着熄灯渐渐平息。相约游荡，相约前行，一个人难免孤单。不必太过放纵，不必太过拘束，随心出发。<br />\r\n&nbsp; 一群人毛毛躁躁，一群人意见纷纷，一群人七嘴八舌。追求着同一个梦想，为着同一个目标努力，陪伴在彼此身边，铭记真挚的情感。支持彼此的梦想，快乐着彼此的快乐。相处的点滴镶进岁月里，增添了那段梦。不害怕一个人的孤单，一个人的困惑，一个人的艰辛，一个人的苦恼。不想麻木的过，麻木的想，麻木的度过每一天。不希望大学生活除了一堆证明书，一无所有。<br />\r\n青春的岁月是猝不及防的朝夕，能够握紧就别放了，能够拥抱就别拉扯，能够青春就别糟蹋。不要让作业、课堂、工作把我们捆绑，乱了青春岁月。好的坏的都是风景，是我们垂垂老矣的念想。</p>\r\n', '22', '1445232735', '4', '40', '', '18');
INSERT INTO `edu_article` VALUES ('87', '雪赞', '<p>是谁予大地清新怡人，是谁予天空深邃碧蓝。遥遥天际，纷纷扬扬，飘飘洒洒，穿过纷杂的树隙，掠过烦乱的心间。出污尘而不染，仍留下一片净白。&nbsp; 我赞美雪，思绪在浩瀚的辞海里游曳搜寻，是洁白？圣洁？总感无力描写它的美。只得捏一把洁白，任它的冰凉渗入热血，把那份纯洁铭刻。&nbsp; 雪还在下，再下。一片一片仙女散花般飘落。我乐于雪中孑然独行，任它落在发梢，净化着心灵，又顷刻消失不见，变成滴滴晶莹，挂满全身，于是不忍抖落。&nbsp; 圣洁的雪啊，我不忍把你踩踏，你的洁白让肮脏和丑恶血指汗颜，躲在黑暗里啜泣。只得静立，尽享这天地交融的美，心灵的深处感应着温馨的喃呢细语，全然忘记了车流涌动，红颜笑过。&nbsp; 雪还在下，再下。细数万千飘雪，是谁剪下烂漫朵朵。树白了，房子白了，大地如玉砌。《雨的印记》唱着雪的旋律，穿着红色上衣的女人，高跟鞋踩着白雪的古典节奏在雪中飘扬，留下一串串歌的音符。陶醉，雪戈然而停，高楼、玉树---，按下心灵的快门，就把这一刻装在灵魂深处，当做人生的永久屏幕。&nbsp; 鳞次栉比的高楼再也挡不住&ldquo;千里冰封，万里雪飘&rdquo;的豪迈，魂早已在广袤的鄂尔多斯雪原翱翔。银装素裹，地如被覆，绿在白色的襁褓里萌生。又似一张白宣，等待春天绿地书写。&nbsp; 圣洁的雪啊，你本是上天之物，何以轻落苍生风情万种让人情愫百转，思绪万千。圣人驾着飘渺的雪云，咏着经，梵音便与你一同飘荡：天下之至柔，驰骋天下之至坚。敬慕你柔美不失豪迈，温柔的姿态谱写千里净白。豪迈不失厚重，宽阔的胸怀承载万物复苏。&nbsp; 雪还在下，再下。没过鞋底，什么时候能没过脚尖？明天，你是否不惜飘零？谁惜你飘散而落，谁怜你默默消融。渴望，在茫茫天际升腾，化作朵朵游云。</p>\r\n', '22', '1445568575', '2', '19', '', '18');
INSERT INTO `edu_article` VALUES ('88', '风中的呼唤', '<p>　风，静静地吹着，吹来了，那一声又一声的呼唤&hellip;&hellip;</p>\r\n\r\n<p>　　一个寒冷的上午，我们全家人正在吃午饭。我一不小心把汤打翻了，汤洒在了地上。妈妈开始指责我的各种不是。</p>\r\n\r\n<p>　　我心里很不是滋味，还有点恨妈妈，于是便一气之下走出了家门，漫无目地在小路上走来走去。</p>\r\n\r\n<p>　　过了一段时间，我的肚子有点饿了，就想回去。可一想到妈妈的满脸怒容，就再也提不起回家的精神来了，而且再想想，回去了就是向妈妈的&ldquo;恶&rdquo;势力投降，多没面子。</p>\r\n\r\n<p>　　天渐渐黑下来了。现在四周漆黑，耳边又是呼呼的风声，我不禁胆战心惊。我踱进一个凹下去的坑里，接着微弱的月光到了一个角落，蜷缩地坐下，拉紧外套，倾听着外面的动静。我的心一直在打鼓，我实在是太害怕了。</p>\r\n\r\n<p>　　忽然，我隐隐约约地听到一个人呼唤着我的名字，一边呼唤一边说：&ldquo;雪儿（化名），是妈妈错了。你快回来吧。&rdquo;妈妈！是妈妈！我激动极了，真想跑出来扑进妈妈的怀抱。可刚刚站起来，我脑海里又忽然浮现出妈妈满脸怒容的样子，又无力地坐下了。</p>\r\n\r\n<p>　　妈妈的背影在月光的照耀下渐渐模糊，她那嘶哑的呼唤声也在风中渐渐消失。我闭上眼睛，一滴泪滑过脸颊，它，洗净了一切的迷惘，淡化了一切的误会&hellip;&hellip;</p>\r\n\r\n<p>　　我忐忑不安地回到家，家里的门还在开着，我知道，妈妈还在等我。</p>\r\n\r\n<p>　　我悄悄的走进屋，屋里很静，没有一丝声音。我看见了睡在沙发上的妈妈，她还不停地呼唤着我的名字。再看看她脸上的泪珠还在一滴滴地流，我再也控制不住自己的感情了，泪水唰唰唰地落了下来。是伤心？是悔恨？还是&hellip;&hellip;都不是，是母爱在那一刻，融化了我那一颗冰冷的心。</p>\r\n\r\n<p>　　我不禁伸手去摸妈妈凌乱的头发，我从来都没有这么认真地看着妈妈。忽然，妈妈睁开了眼睛，她看着我，一骨碌坐起来，紧紧地把我搂在怀里，不停地摸着我的头。我们什么话都没说，这还需要说些什么吗？</p>\r\n\r\n<p>　　听，那风中，夹杂着一声呼唤，那是母亲特有的绝技，她能让那迷失的人，寻找他/她那颗迷失的心&hellip;&hellip;</p>\r\n', '2', '1445842222', '0', '0', '', '19');

-- ----------------------------
-- Table structure for edu_article_comment
-- ----------------------------
DROP TABLE IF EXISTS `edu_article_comment`;
CREATE TABLE `edu_article_comment` (
  `id` int(11) NOT NULL AUTO_INCREMENT COMMENT 'ID',
  `article_id` int(11) NOT NULL COMMENT '文章ID号',
  `comment_content` text NOT NULL COMMENT '评论内容',
  `comment_time` int(20) NOT NULL COMMENT '评论时间',
  `commentator` int(20) NOT NULL COMMENT '评论人',
  `people_type` int(11) NOT NULL COMMENT '人员类型',
  PRIMARY KEY (`id`)
) ENGINE=InnoDB AUTO_INCREMENT=83 DEFAULT CHARSET=utf8 COMMENT='学生文章评论表';

-- ----------------------------
-- Records of edu_article_comment
-- ----------------------------
INSERT INTO `edu_article_comment` VALUES ('23', '22', '写的很好', '1442287595', '4', '1');
INSERT INTO `edu_article_comment` VALUES ('24', '23', '写的很好', '1442287684', '3', '1');
INSERT INTO `edu_article_comment` VALUES ('25', '24', '写的很好', '1443082358', '1', '1');
INSERT INTO `edu_article_comment` VALUES ('26', '24', '写的很好', '1443087633', '1', '1');
INSERT INTO `edu_article_comment` VALUES ('27', '24', '写的很好', '1443141207', '1', '1');
INSERT INTO `edu_article_comment` VALUES ('28', '1', '很有感情色彩', '1443143372', '1', '2');
INSERT INTO `edu_article_comment` VALUES ('29', '1', '很有感情色彩', '1443143382', '1', '2');
INSERT INTO `edu_article_comment` VALUES ('30', '1', '很有感情色彩', '1443143420', '1', '2');
INSERT INTO `edu_article_comment` VALUES ('31', '24', '写的很生动', '1443144602', '1', '2');
INSERT INTO `edu_article_comment` VALUES ('32', '24', '写的很好', '1443147983', '1', '1');
INSERT INTO `edu_article_comment` VALUES ('33', '29', '舅舅的生日', '1443148254', '1', '1');
INSERT INTO `edu_article_comment` VALUES ('34', '30', '很有感情色彩', '1443148541', '1', '1');
INSERT INTO `edu_article_comment` VALUES ('35', '31', '万事开头难', '1443148600', '1', '1');
INSERT INTO `edu_article_comment` VALUES ('36', '31', '从小做起', '1443148735', '1', '1');
INSERT INTO `edu_article_comment` VALUES ('37', '35', '老师很感动，再接再厉', '1443162527', '1', '0');
INSERT INTO `edu_article_comment` VALUES ('38', '35', '写的很好', '1443168202', '1', '1');
INSERT INTO `edu_article_comment` VALUES ('39', '49', '写的很生动', '1443168948', '1', '0');
INSERT INTO `edu_article_comment` VALUES ('41', '51', '评论', '1443409285', '4', '1');
INSERT INTO `edu_article_comment` VALUES ('42', '51', '赞', '1443409309', '4', '1');
INSERT INTO `edu_article_comment` VALUES ('43', '51', '谢谢', '1443409756', '4', '1');
INSERT INTO `edu_article_comment` VALUES ('44', '51', '查询', '1443409872', '4', '1');
INSERT INTO `edu_article_comment` VALUES ('45', '22', '赞', '1443410124', '1', '0');
INSERT INTO `edu_article_comment` VALUES ('46', '49', '写很好很棒', '1443425357', '1', '2');
INSERT INTO `edu_article_comment` VALUES ('48', '48', '赞', '1443508267', '1', '1');
INSERT INTO `edu_article_comment` VALUES ('49', '51', '写很好很棒', '1443599364', '4', '1');
INSERT INTO `edu_article_comment` VALUES ('51', '58', '写的很好', '1444297293', '4', '1');
INSERT INTO `edu_article_comment` VALUES ('52', '57', '很有感情色彩', '1444457803', '1', '0');
INSERT INTO `edu_article_comment` VALUES ('53', '74', '好，字里行间写出了成长', '1444469720', '22', '1');
INSERT INTO `edu_article_comment` VALUES ('54', '72', '老师的恩情不能忘。', '1444469748', '22', '1');
INSERT INTO `edu_article_comment` VALUES ('55', '71', '中秋节，该回家与家人团聚了', '1444469770', '22', '1');
INSERT INTO `edu_article_comment` VALUES ('56', '70', '成长的快乐与哀愁。', '1444469821', '22', '1');
INSERT INTO `edu_article_comment` VALUES ('57', '78', '将春天尽在笔下生辉', '1444470085', '21', '1');
INSERT INTO `edu_article_comment` VALUES ('58', '74', '好。赞', '1444472843', '2', '2');
INSERT INTO `edu_article_comment` VALUES ('59', '72', '感谢老师。', '1444627174', '21', '1');
INSERT INTO `edu_article_comment` VALUES ('60', '71', 'hah ', '1444791292', '1', '2');
INSERT INTO `edu_article_comment` VALUES ('61', '78', '好。', '1445225223', '11', '0');
INSERT INTO `edu_article_comment` VALUES ('62', '78', '写的好。', '1445231345', '21', '1');
INSERT INTO `edu_article_comment` VALUES ('63', '78', '写的很好。。。。且且且且\n且且\n且且\n且且且且且且且且且且且且且且且且且且且且且且且且且且且且且且且且且且且且且且且且且且且且且且且且且且且且且且且且且且且且且且且且且且且且且且且且且且且且且且且且且且且且且且且且且且且且且且', '1445231394', '21', '1');
INSERT INTO `edu_article_comment` VALUES ('64', '77', '赞。日记中体现出了生活写照。', '1445231493', '21', '1');
INSERT INTO `edu_article_comment` VALUES ('65', '85', '赞，很好', '1445232758', '22', '1');
INSERT INTO `edu_article_comment` VALUES ('67', '85', '写的好', '1445247098', '1', '2');
INSERT INTO `edu_article_comment` VALUES ('68', '85', '写的很好。', '1445247186', '1', '2');
INSERT INTO `edu_article_comment` VALUES ('69', '85', '。。', '1445247204', '1', '2');
INSERT INTO `edu_article_comment` VALUES ('70', '74', '好，写的好', '1445408021', '21', '1');
INSERT INTO `edu_article_comment` VALUES ('71', '64', '赞\n', '1445408054', '21', '1');
INSERT INTO `edu_article_comment` VALUES ('72', '78', '如果字数过长会显示什么，如果字数过长会显示什么，\r\n如果字数过长会显示什么，\r\n如果字数过长会显示什么，\r\n如果字数过长会显示什么，\r\n如果字数过长会显示什么，如果字数过长会显示什么，如果字数过长会显示什么，如果字数过长会显示什么，', '1445408196', '1', '2');
INSERT INTO `edu_article_comment` VALUES ('73', '85', '写的好，写的好', '1445409543', '21', '1');
INSERT INTO `edu_article_comment` VALUES ('75', '74', '写的好写的好写的好写的好写的好写的好写的好写的好写的好写的好写的好写的好写的好写的好写的好写的好写的好', '1445505767', '22', '1');
INSERT INTO `edu_article_comment` VALUES ('78', '87', '好，写的好，如此场景，竟能如此伤意。写出了雪的漂浮，雪的洁白，就是世间最神圣的白', '1445568924', '21', '1');
INSERT INTO `edu_article_comment` VALUES ('79', '87', '&nbsp;&nbsp;&nbsp;&nbsp;&nbsp;<strong> 赞，如此</strong>好文采，赞，如此好文采赞，如此好文采赞，如此好文采赞，如此好文采赞，如此好文采赞，如此好文采赞，如此好文采赞，如此好文采赞，如此好文采赞，如此好文采赞，如此好文采赞，如此好文采赞，如此好文采赞，如此好文采赞，如此好文采赞，如此好文采赞，如此好文采赞，如此好文采赞，如此好文采赞，如此好文采赞，如此好文采赞，如此好文采赞，如此好文采赞，如此好文采赞，如此好文采赞，如此好文采赞，如此好文采赞，如此好文采赞，如此好文采赞，如此好文采赞，如此好文采赞，如此好文采赞，如此好文采赞，如此好文采', '1445569037', '1', '2');
INSERT INTO `edu_article_comment` VALUES ('80', '87', '好好好好好好好好好好好好好好好好好好好好好好好好好好好好好好好好好好好好好好好好好好好好好好好好好好好好好好好好好好好好好好好好好好好好好好好好', '1445569312', '11', '0');
INSERT INTO `edu_article_comment` VALUES ('81', '64', '写的好！！！！', '1446432558', '1', '2');
INSERT INTO `edu_article_comment` VALUES ('82', '87', '赞，如此好文采，赞，如此好文采赞，如此好文采赞，如此好文采赞，如此好文采赞，如此好文采赞，如此好文采赞，如此好文采赞，如此好文采赞，如此好文采赞，如此好文采赞，如此好文采赞，如此好文采赞，如此好文采赞，如此好文采赞，如此好文采赞，如此好文采赞，如此好文采赞，如此好文采赞，如此好文采赞，如此好文采赞，如此好文采赞，如此好文采赞，如此好文采赞，如此好文采赞，如此好文采赞，如此好文采赞，如此好文采赞，如此好文采赞，如此好文采赞，如此好文采赞，如此好文采赞，如此好文采赞，如此好文采赞，如此好文采', '1446434059', '1', '2');

-- ----------------------------
-- Table structure for edu_committee
-- ----------------------------
DROP TABLE IF EXISTS `edu_committee`;
CREATE TABLE `edu_committee` (
  `id` int(11) unsigned NOT NULL AUTO_INCREMENT COMMENT '唯一自增主键ID',
  `school_year` varchar(30) NOT NULL COMMENT '学年',
  `school_term` varchar(11) NOT NULL COMMENT '学期',
  `committee` varchar(20) NOT NULL COMMENT '职务',
  `user_id` varchar(30) NOT NULL COMMENT '学生ID',
  `class_id` int(11) NOT NULL COMMENT '班级',
  `semeter` int(11) NOT NULL COMMENT '学期ID',
  `flag` int(10) NOT NULL COMMENT '任职状态',
  `grade_name` int(10) NOT NULL COMMENT '年级名称',
  PRIMARY KEY (`id`)
) ENGINE=InnoDB AUTO_INCREMENT=6 DEFAULT CHARSET=utf8;

-- ----------------------------
-- Records of edu_committee
-- ----------------------------
INSERT INTO `edu_committee` VALUES ('1', '2015-2016', '上学期', '班长', '4', '25', '0', '0', '0');
INSERT INTO `edu_committee` VALUES ('2', '2015-2016', '上学期', '班长', '1', '18', '0', '0', '0');
INSERT INTO `edu_committee` VALUES ('3', '2015-2016', '上学期', '副班长', '6', '18', '0', '0', '0');
INSERT INTO `edu_committee` VALUES ('4', '2015-2016', '上学期', '劳动委员', '1', '18', '0', '0', '0');
INSERT INTO `edu_committee` VALUES ('5', '2015-2016', '上学期', '学习委员', '6', '18', '0', '0', '0');

-- ----------------------------
-- Table structure for edu_course
-- ----------------------------
DROP TABLE IF EXISTS `edu_course`;
CREATE TABLE `edu_course` (
  `id` int(11) NOT NULL AUTO_INCREMENT COMMENT '自增',
  `course_id` varchar(20) NOT NULL COMMENT '科目编号',
  `order_no` int(10) DEFAULT '10' COMMENT '排序号',
  `course_name` varchar(40) NOT NULL COMMENT '科目名称',
  `course_score` varchar(10) NOT NULL COMMENT '科目学分 ',
  `course_description` longtext NOT NULL COMMENT '科目描述 ',
  `create_user` int(11) NOT NULL COMMENT '创建人',
  `grades` varchar(40) NOT NULL COMMENT '适用年级，多选年级',
  `course_type` varchar(200) NOT NULL COMMENT '课程类别',
  `credit_hourse` int(3) NOT NULL COMMENT ' 周学时 ',
  PRIMARY KEY (`id`)
) ENGINE=InnoDB AUTO_INCREMENT=12 DEFAULT CHARSET=utf8;

-- ----------------------------
-- Records of edu_course
-- ----------------------------
INSERT INTO `edu_course` VALUES ('1', 'KC0001', '1', '语文', '11', '语文，一般认为是语言和文字的综合科。语言和文章、语言知识和文化知识的简约式统称等都离不开它。它是听、说、读、写、译、编等语言文字能力和知识，文化知识的统称。语文的能力是学习其他学科和科学的基础，也是一门重要的人文社会学科，人们交流思想的工具。哲学家认为语文是进行表述、记录、传递口头或书面信息的文字言词的物质存在形式；语文是描述事实、引证思维、陈述思想、表达意志、抒发情怀以及改造事物和思想的信息定位的一种意识存在内容。语文具有统一的工具性与人文性等性质。《语文》也是中国的学校等教育机构开设的一门主要学科，中国语文教科书一般讲授的是汉语。', '1', ',6,7,8,9,10,11,13,14,15,16,17,21,22,23,', '55b1e3e0ccc6b', '10');
INSERT INTO `edu_course` VALUES ('2', 'KC0002', '1', '数学', '1', '&nbsp; 数学，自然科学主要学科之一，源自于人类早期的生产活动，早期古希腊、古巴比伦、古埃及、古印度及中国古代都对数学有所研究。数学是研究数量、结构、变化以及空间模型等概念的一门学科。通过抽象化和逻辑推理的运用，由计数、计算、量度和对物体形状及运动的观察中产生。数学的基本要素是：逻辑和直观、分析和推理、共性和个性。', '1', ',6,7,8,9,10,11,13,14,15,16,17,21,22,23,', '55b1e3e0ccc6b', '10');
INSERT INTO `edu_course` VALUES ('3', 'KC0003', '1', '英语', '1', '&nbsp; 英语（English）又称英文，属于印欧语系中日耳曼语族下的西日耳曼语支，是由古代从北欧斯堪的纳维亚半岛及欧洲大陆移民大不列颠群岛的盎格鲁-撒克逊和朱特人所说的语言演变而来，并通过英国的殖民活动传播到世界各地。由于在历史上曾和多种民族语言接触，它的词汇从一元变为多元，语法从&ldquo;多屈折&rdquo;变为&ldquo;少屈折&rdquo;，语音也发生了规律性的变化。<br />\r\n英语是世界上最被广泛使用的第二语言，是欧盟和许多国际组织与英联邦国家的官方语言之一，也是联合国的工作语言之一。英语的母语使用者数量位居世界第三，少于标准汉语和西班牙语，但上两个世纪英国和美国在文化、经济、军事、政治和科学上的领先地位使得英语成为一种国际语言，如今许多国际场合都使用英语作为沟通的媒介。英语也是与电脑联系最密切的语言，大多数编程语言都与英语有联系，而且随着网络使用，使英文使用更为普及。英语的音节结构是三个辅音、一个元音和四个辅音。', '1', ',6,7,8,9,10,11,12,13,14,15,16,17,21,22,2', '55b1e3e0ccc6b', '7');
INSERT INTO `edu_course` VALUES ('4', 'KC0004', '1', '物理', '1', '&nbsp; 物理课程是按照教学目的(或目标)、要求，以及学生的认识规律，有计划地选取物理科学的内容，并将其改造成为学校的一门课程。', '1', ',12,13,14,15,16,17,21,22,23,', '55b1e3e0ccc6b', '10');
INSERT INTO `edu_course` VALUES ('5', 'KC0005', '1', '化学', '1', '&nbsp; 通过化学课的优化教学,对学生创造力的发掘,创造性 人格的发展,有不可估量的作用,同时还能培养学生的观察能力、 实验能力、自学能力.', '1', ',13,14,15,16,17,22,23,', '55b1e3e0ccc6b', '10');
INSERT INTO `edu_course` VALUES ('6', 'KC0006', '1', '历史', '1', '&nbsp;&nbsp;&nbsp; 历史课主要是通过向学生们讲述历史事件、历史人物、著名的战役、盛世与治世、条款与协定、历史上的国家兴衰等等培养学生用历史的眼光看问题的方法与能力，是从小学到初中直到高中大学都要学的一门重要课程。', '1', ',12,13,14,15,16,17,21,22,23,', '55b1e3e0ccc6b', '1');
INSERT INTO `edu_course` VALUES ('7', 'KC0007', '1', '地理', '1', '&nbsp; 地理（geography）是关于地球与及其特征、居民和现象的学问。它是研究地球表层各圈层相互作用关系，及其空间差异与变化过程的学科体系，主要包括自然地理学和人文地理学两大部分。<br />\r\n地理家在传统上被视为和地图学家（cartographers）同一类，认为两者都研究地名与数字。虽然很多地理学家都经历过地名学及地图学的训练，但两者都不是他们的关注重点。地理学家研究众多现象、过程、特征与及人类和自然环境的相互关系在空间及时间上的分布。因为空间及时间影响了多种主题例如经济、健康、气候、植物及动物，所以地理学是一个高度跨学科性的学科。<br />\r\n地理作为一个学科可以粗略分为两个较小的领域：人文地理学及自然地理学。前者专注于人类建造的环境和空间是如何被人类制造、看待及管理与及人类如何影响其占用的空间。后者调查自然环境及如何造成气候、植被、生命、土壤、水及地形的各种现象及她们的相互关系。因为以上两者的原因，使用不同的方法令第三领域出现，为环境地理学（environmental geography）。环境地理学融合了人文及自然地理学及观察人类与自然的相互关系。', '1', ',12,13,14,15,16,17,21,22,23,', '55b1e3e0ccc6b', '1');
INSERT INTO `edu_course` VALUES ('8', 'KC0008', '1', '体育', '1', '&nbsp; 体育（Physical education），指的是以身体活动为手段的教育，直译为身体的教育，简称为体育。随着国际交往的扩大，体育事业发展的规模和水平已是衡量一个国家、社会发展进步的一项重要标志，也成为国家间外交及文化交流的重要手段。体育可分为大众体育、专业体育、学校体育等种类。包括体育文化、体育教育、体育活动、体育竞赛、体育设施、体育组织、体育科学技术等诸多要素。学生除了入学要体检，平时也要定期进行体检。这是了解学生健康状况的必要手段。为了孩子的健康和安全，参加体检要做到：①不能弄虚作假；②不隐瞒病史。', '1', ',6,7,8,9,10,11,12,13,14,15,16,17,21,22,2', '55b1e3e0ccc6b', '4');
INSERT INTO `edu_course` VALUES ('9', 'KC0009', '1', '音乐', '1', '&nbsp;&nbsp; 音乐是反映现实生活情感的一种艺术（英文名称：music；法文名称： musique；意大利文：musica）。音乐可以分为声乐和器乐两大类型，又可以分为经典音乐、流行音乐、民族音乐、乡村音乐等。在艺术类型中，音乐是比较抽象的艺术。音乐从历史发展上可分为中国古代音乐，西方音乐。中国古代理论基础是五声音阶，而从西方传过来的是七声音阶。音乐让人赏心悦目，并为您带来听觉的享受。<br />\r\n&nbsp;', '1', ',6,7,8,9,10,11,12,13,14,15,16,17,21,22,2', '55b1e3e0ccc6b', '4');
INSERT INTO `edu_course` VALUES ('10', 'KC0010', '1', '美术', '1', '&nbsp;美术，指占据一定平面或空间、具有可视形象以供欣赏的艺术。也叫造型艺术、视觉艺术。按照目的可分为两大类，即纯美术和工艺美术两类。&ldquo;美术&rdquo;这一名词始见于欧洲17世纪，也有人认为正式出现于18世纪中叶。近代日本以汉字意译，五四运动前后传入中国，开始普遍应用。', '1', ',6,7,8,9,10,11,12,13,14,15,16,17,21,22,2', '55b1e3e0ccc6b', '4');
INSERT INTO `edu_course` VALUES ('11', 'KC0011', '1', '计算机', '1', '&nbsp; 计算机（computer）俗称电脑，是一种用于高速计算的电子计算机器，可以进行数值计算，又可以进行逻辑计算，还具有存储记忆功能。是能够按照程序运行，自动、高速处理海量数据的现代化智能电子设备。由硬件系统和软件系统所组成，没有安装任何软件的计算机称为裸机。可分为超级计算机、工业控制计算机、网络计算机、个人计算机、嵌入式计算机五类，较先进的计算机有生物计算机、光子计算机、量子计算机等。<br />\r\n计算机发明者约翰&middot;冯&middot;诺依曼。计算机是20世纪最先进的科学技术发明之一，对人类的生产活动和社会活动产生了极其重要的影响，并以强大的生命力飞速发展。它的应用领域从最初的军事科研应用扩展到社会的各个领域，已形成了规模巨大的计算机产业，带动了全球范围的技术进步，由此引发了深刻的社会变革，计算机已遍及一般学校、企事业单位，进入寻常百姓家，成为信息社会中必不可少的工具。<br />\r\n计算机的应用在中国越来越普遍，改革开放以后，中国计算机用户的数量不断攀升，应用水平不断提高，特别是互联网、通信、多媒体等领域的应用取得了不错的成绩。1996年至2009 年，计算机用户数量从原来的630万增长至6710 万台，联网计算机台数由原来的2.9万台上升至5940万台。互联网用户已经达到3.16 亿，无线互联网有6.7 亿移动用户，其中手机上网用户达1.17 亿，为全球第一位。', '1', ',6,7,8,9,10,13,14,15,16,17,21,22,23,', '55b1e3e0ccc6b', '2');

-- ----------------------------
-- Table structure for edu_dormitory_admin
-- ----------------------------
DROP TABLE IF EXISTS `edu_dormitory_admin`;
CREATE TABLE `edu_dormitory_admin` (
  `ID` int(11) NOT NULL AUTO_INCREMENT,
  `Name` varchar(255) DEFAULT NULL COMMENT '人员姓名',
  `WorkType` varchar(255) DEFAULT NULL COMMENT '工作类型',
  `WorkTime` varchar(255) DEFAULT NULL COMMENT '工作时间段',
  `Dormitory` int(255) DEFAULT NULL COMMENT '负责公寓楼',
  `Floor` int(255) DEFAULT NULL COMMENT '负责楼层',
  `Duty` varchar(255) DEFAULT NULL COMMENT '职务',
  `Tel` varchar(255) DEFAULT NULL COMMENT '电话',
  `Memo` varchar(255) DEFAULT NULL COMMENT '备注',
  PRIMARY KEY (`ID`)
) ENGINE=InnoDB AUTO_INCREMENT=7 DEFAULT CHARSET=utf8;

-- ----------------------------
-- Records of edu_dormitory_admin
-- ----------------------------
INSERT INTO `edu_dormitory_admin` VALUES ('2', 'swss', null, null, '3', '2', null, null, null);
INSERT INTO `edu_dormitory_admin` VALUES ('3', '111', null, null, '4', '3', null, null, null);
INSERT INTO `edu_dormitory_admin` VALUES ('4', '1231', null, null, '3', '5', null, null, null);
INSERT INTO `edu_dormitory_admin` VALUES ('5', '213', null, null, '3', '3', null, null, null);
INSERT INTO `edu_dormitory_admin` VALUES ('6', 'asfd', null, null, '4', '1', null, null, null);

-- ----------------------------
-- Table structure for edu_dormitory_house
-- ----------------------------
DROP TABLE IF EXISTS `edu_dormitory_house`;
CREATE TABLE `edu_dormitory_house` (
  `ID` int(11) NOT NULL AUTO_INCREMENT,
  `DormitoryID` int(11) NOT NULL COMMENT '所属建筑编号',
  `Floor` int(255) NOT NULL COMMENT '楼层',
  `Number` varchar(100) DEFAULT NULL COMMENT '房间编号',
  `Area` varchar(255) DEFAULT NULL COMMENT '面积',
  `BedNumber` int(11) NOT NULL COMMENT '床位数',
  `ResidueBed` int(11) DEFAULT NULL,
  `StudentID` varchar(255) DEFAULT NULL,
  `StudentName` varchar(255) DEFAULT NULL,
  `IsUse` tinyint(1) NOT NULL COMMENT '是否使用',
  PRIMARY KEY (`ID`)
) ENGINE=InnoDB AUTO_INCREMENT=2348 DEFAULT CHARSET=utf8;

-- ----------------------------
-- Records of edu_dormitory_house
-- ----------------------------
INSERT INTO `edu_dormitory_house` VALUES ('2328', '3', '1', '1-6', null, '3', '3', null, null, '1');
INSERT INTO `edu_dormitory_house` VALUES ('2340', '4', '1', '1-12', null, '8', '7', '944', '张晶', '1');
INSERT INTO `edu_dormitory_house` VALUES ('2341', '3', '2', '001', null, '3', null, null, null, '0');
INSERT INTO `edu_dormitory_house` VALUES ('2342', '3', '1', '1-1', null, '3', '3', null, null, '1');
INSERT INTO `edu_dormitory_house` VALUES ('2343', '3', '1', '1-2', null, '3', '3', null, null, '1');
INSERT INTO `edu_dormitory_house` VALUES ('2344', '3', '1', '1-3', null, '3', '3', null, null, '1');
INSERT INTO `edu_dormitory_house` VALUES ('2345', '3', '2', '2-1', null, '3', '3', null, null, '1');
INSERT INTO `edu_dormitory_house` VALUES ('2346', '3', '2', '2-2', null, '3', '3', null, null, '1');
INSERT INTO `edu_dormitory_house` VALUES ('2347', '3', '2', '2-3', null, '3', '3', null, null, '1');

-- ----------------------------
-- Table structure for edu_dormitory_items
-- ----------------------------
DROP TABLE IF EXISTS `edu_dormitory_items`;
CREATE TABLE `edu_dormitory_items` (
  `ID` int(11) NOT NULL AUTO_INCREMENT COMMENT '自主主键',
  `BuildName` varchar(255) NOT NULL COMMENT '建筑名称',
  `BuildType` varchar(255) DEFAULT NULL COMMENT '建筑类型',
  `HouseState` varchar(255) DEFAULT NULL COMMENT '房屋状态',
  `Storey` int(255) NOT NULL COMMENT '楼层',
  `BuildTime` varchar(255) DEFAULT NULL COMMENT '建筑时间',
  `OccupiedArea` double(255,0) DEFAULT NULL COMMENT '占用面积',
  `Area` double(255,0) DEFAULT NULL COMMENT '面积',
  `Campus` varchar(255) DEFAULT NULL COMMENT '所在校区',
  `Unit` varchar(255) DEFAULT NULL COMMENT '楼编号',
  `Purpose` varchar(255) DEFAULT NULL COMMENT '建筑用途',
  `HouseStructure` varchar(255) DEFAULT NULL COMMENT '房屋结构',
  `LyaerHouseNumber` int(11) NOT NULL COMMENT '每层最大房间数',
  `ManagementTel` varchar(255) DEFAULT NULL COMMENT '楼管处电话',
  `BuildMoney` varchar(255) DEFAULT NULL COMMENT '建筑费用',
  `Property` varchar(255) DEFAULT NULL COMMENT '财产',
  `Position` varchar(255) DEFAULT NULL COMMENT '位置',
  `Memo` varchar(5000) DEFAULT NULL COMMENT '备注',
  PRIMARY KEY (`ID`)
) ENGINE=InnoDB AUTO_INCREMENT=5 DEFAULT CHARSET=utf8;

-- ----------------------------
-- Records of edu_dormitory_items
-- ----------------------------
INSERT INTO `edu_dormitory_items` VALUES ('3', '教室宿舍', '房屋建筑', '正常', '5', null, null, null, null, 'J', null, null, '6', null, null, null, null, null);
INSERT INTO `edu_dormitory_items` VALUES ('4', '学生公寓', null, null, '5', null, null, null, null, 'X', null, null, '44', null, null, null, null, null);

-- ----------------------------
-- Table structure for edu_elective_course
-- ----------------------------
DROP TABLE IF EXISTS `edu_elective_course`;
CREATE TABLE `edu_elective_course` (
  `id` int(11) unsigned NOT NULL AUTO_INCREMENT COMMENT '唯一自增主键ID',
  `nid` int(11) NOT NULL COMMENT '课程编号',
  `course_name` varchar(50) NOT NULL COMMENT '课程名称',
  `course_ename` varchar(50) NOT NULL COMMENT '课程英文名',
  `course_area` varchar(50) NOT NULL COMMENT '课程领域',
  `create_user` int(11) NOT NULL COMMENT '创建人id',
  PRIMARY KEY (`id`)
) ENGINE=InnoDB AUTO_INCREMENT=3 DEFAULT CHARSET=utf8 COMMENT='选修课基础课表';

-- ----------------------------
-- Records of edu_elective_course
-- ----------------------------
INSERT INTO `edu_elective_course` VALUES ('1', '1', '乒乓球', 'pingpang', '55c2c1e491820', '1');
INSERT INTO `edu_elective_course` VALUES ('2', '2', '篮球课', 'basketball', '55c2c1e491820', '1');

-- ----------------------------
-- Table structure for edu_elective_detail
-- ----------------------------
DROP TABLE IF EXISTS `edu_elective_detail`;
CREATE TABLE `edu_elective_detail` (
  `id` int(11) NOT NULL AUTO_INCREMENT,
  `nid` int(11) NOT NULL,
  `place` varchar(255) NOT NULL,
  `week` varchar(255) NOT NULL,
  `class_time` varchar(255) NOT NULL,
  `class_over` varchar(255) NOT NULL,
  `score` int(11) NOT NULL,
  `class_hour` int(11) NOT NULL,
  `exam_type` varchar(255) NOT NULL,
  `counseling_teachers` varchar(255) NOT NULL,
  `tuition` decimal(11,0) NOT NULL,
  `material_cost` decimal(11,0) NOT NULL,
  `maxpeople` int(11) NOT NULL,
  `minpeople` int(11) NOT NULL,
  `teacherin_id` int(11) NOT NULL,
  `teacherin_name` varchar(255) NOT NULL,
  `teacherout` varchar(255) NOT NULL,
  `course_content` text NOT NULL,
  `meaning` text NOT NULL,
  `remarks` text NOT NULL,
  `sid` int(11) NOT NULL,
  `counts` int(11) NOT NULL,
  `conflict_ids` varchar(255) NOT NULL,
  `org_ids` varchar(255) NOT NULL,
  `org_names` varchar(255) NOT NULL,
  PRIMARY KEY (`id`)
) ENGINE=InnoDB DEFAULT CHARSET=utf8;

-- ----------------------------
-- Records of edu_elective_detail
-- ----------------------------

-- ----------------------------
-- Table structure for edu_elective_publish
-- ----------------------------
DROP TABLE IF EXISTS `edu_elective_publish`;
CREATE TABLE `edu_elective_publish` (
  `id` int(11) unsigned NOT NULL AUTO_INCREMENT COMMENT '唯一自增主键ID',
  `nids` varchar(255) NOT NULL COMMENT '课程编号',
  `elective_course` varchar(50) NOT NULL COMMENT '课程名称',
  `org_ids` varchar(255) NOT NULL COMMENT '班级ids',
  `org_names` varchar(255) NOT NULL COMMENT '班级名称',
  `school_term` varchar(50) NOT NULL COMMENT '学期',
  `school_year` varchar(50) NOT NULL COMMENT '学年',
  `max_course` int(11) NOT NULL COMMENT '每人选课上限',
  `start_time` int(11) NOT NULL COMMENT '选课开始时间',
  `end_time` int(11) NOT NULL COMMENT '选课结束时间',
  `create_user` int(11) NOT NULL COMMENT '创建人',
  `create_time` int(11) NOT NULL COMMENT '创建时间',
  PRIMARY KEY (`id`)
) ENGINE=InnoDB AUTO_INCREMENT=3 DEFAULT CHARSET=utf8 COMMENT='选修课发布表';

-- ----------------------------
-- Records of edu_elective_publish
-- ----------------------------
INSERT INTO `edu_elective_publish` VALUES ('1', '1,2', '第一轮发布测试', ',18,19,', '1班,2班,', '55b0780203cc6', '2017-2018', '1', '1512576000', '1514476800', '1', '1513175477');
INSERT INTO `edu_elective_publish` VALUES ('2', '1', '测试选课2', ',18,', '1班', '55b0780203cc6', '2016-2017', '1', '1513008000', '1513267200', '1', '1513175611');

-- ----------------------------
-- Table structure for edu_elective_student
-- ----------------------------
DROP TABLE IF EXISTS `edu_elective_student`;
CREATE TABLE `edu_elective_student` (
  `id` int(11) NOT NULL AUTO_INCREMENT,
  `sid` int(11) NOT NULL,
  `student_id` int(11) NOT NULL,
  `student_name` varchar(255) NOT NULL,
  `nid` int(11) NOT NULL,
  `school_year` varchar(255) NOT NULL,
  `org_id` int(11) NOT NULL,
  `teacher_comments` int(11) NOT NULL,
  `student_comments` varchar(255) NOT NULL,
  PRIMARY KEY (`id`)
) ENGINE=InnoDB DEFAULT CHARSET=utf8;

-- ----------------------------
-- Records of edu_elective_student
-- ----------------------------

-- ----------------------------
-- Table structure for edu_elective_student_count
-- ----------------------------
DROP TABLE IF EXISTS `edu_elective_student_count`;
CREATE TABLE `edu_elective_student_count` (
  `id` int(11) NOT NULL AUTO_INCREMENT,
  `student_id` int(11) NOT NULL,
  `org_id` int(11) NOT NULL,
  `sid` int(11) NOT NULL,
  `nid_count` int(11) NOT NULL,
  `max_course` int(11) NOT NULL,
  PRIMARY KEY (`id`)
) ENGINE=InnoDB DEFAULT CHARSET=utf8;

-- ----------------------------
-- Records of edu_elective_student_count
-- ----------------------------

-- ----------------------------
-- Table structure for edu_exam
-- ----------------------------
DROP TABLE IF EXISTS `edu_exam`;
CREATE TABLE `edu_exam` (
  `id` int(11) NOT NULL AUTO_INCREMENT COMMENT 'ID',
  `school_year` varchar(200) NOT NULL COMMENT '学年（度）（下拉菜单，目前年份往后推20年，形式为：2010——2011，参考一下其他数据）',
  `semester` varchar(50) NOT NULL COMMENT '学期（定死，分为上学期和下学期）',
  `grade_id` text NOT NULL COMMENT '年级id串',
  `grade_name` text NOT NULL COMMENT '年级name串',
  `exam_type` varchar(100) NOT NULL COMMENT '考试类型（期中、期末、入学、平时考试。系统代码设置）',
  `exam_arrange` text NOT NULL COMMENT '考试安排（富文本，填写内容即可）',
  `release_time` int(11) NOT NULL COMMENT '发布时间',
  `class_id` text NOT NULL COMMENT '班级ID',
  `class_name` text NOT NULL COMMENT '班级名称',
  `exam_user_id` text NOT NULL COMMENT '考试人员ID',
  `exam_user_name` text NOT NULL COMMENT '考试人员名称',
  `exam_name` varchar(100) NOT NULL COMMENT '考试名称',
  PRIMARY KEY (`id`)
) ENGINE=InnoDB AUTO_INCREMENT=10 DEFAULT CHARSET=utf8 COMMENT='考试表';

-- ----------------------------
-- Records of edu_exam
-- ----------------------------
INSERT INTO `edu_exam` VALUES ('1', '2014-2015', '下学期', '6,7,8,9,10,11,12,13,14,15,16,17,21,22,23', '2014级,2013级,2012级,2011级,2010级,2009级,2014级,2013级,2012级,2014级,2013级,2012级,2014级,2013级,2012级,', '55c2c23972fd8', '考试安排表', '1438827137', '', '', '', '', '2014-2015学年下学期期末考试');
INSERT INTO `edu_exam` VALUES ('2', '2014-2015', '下学期', '6,7,8,9,10,11,12,13,14,15,16,17,21,22,23', '2014级,2013级,2012级,2011级,2010级,2009级,2014级,2013级,2012级,2014级,2013级,2012级,2014级,2013级,2012级,', '55c2c256bb783', '', '1439800095', '', '', '', '', '期末考试');
INSERT INTO `edu_exam` VALUES ('3', '2015-2016', '上学期', ',6,', '2014级', '55c2c2501b409', '本周三进行月考', '1442903362', ',24,18,19,33,25,26,27,28,29,30,31,', '3班,1班,2班,测试A班,1班,2班,3班,1班,2班,3班,1班,', '', '', '测试111');
INSERT INTO `edu_exam` VALUES ('9', '2015-2016', '上学期', ',6,7,8,9,10,11,13,14,15,16,17,21,22,23,', '2014级,2013级,2012级,2011级,2010级,六年级[2009]级,2013级,2012级,2014级,2013级,2012级,2014级,2013级,2012级,', '55c2c256bb783', '全体学生在下周三进行摸底考试', '1443079601', '', '', '', '', '数学月考');

-- ----------------------------
-- Table structure for edu_homework
-- ----------------------------
DROP TABLE IF EXISTS `edu_homework`;
CREATE TABLE `edu_homework` (
  `id` int(11) NOT NULL AUTO_INCREMENT COMMENT 'ID',
  `school_year` varchar(40) NOT NULL COMMENT '学年',
  `term` varchar(40) NOT NULL COMMENT '学期',
  `session` varchar(40) NOT NULL COMMENT '届',
  `create_user_name` varchar(254) NOT NULL COMMENT '布置人姓名',
  `create_time` int(11) NOT NULL COMMENT '布置时间',
  `title` varchar(200) NOT NULL COMMENT '作业标题',
  `send_to` text NOT NULL COMMENT '发布班级',
  `send_to_name` text NOT NULL COMMENT '发布班级名称',
  `send_to_user` text NOT NULL COMMENT '应该接收作业的学生',
  `send_time` int(10) NOT NULL COMMENT '定时发送时间',
  `content` text NOT NULL COMMENT '作业的内容',
  `create_user` int(11) NOT NULL COMMENT '创建人',
  `course` varchar(200) NOT NULL COMMENT '学科',
  PRIMARY KEY (`id`)
) ENGINE=InnoDB AUTO_INCREMENT=11 DEFAULT CHARSET=utf8;

-- ----------------------------
-- Records of edu_homework
-- ----------------------------
INSERT INTO `edu_homework` VALUES ('1', '2014-2015', '下学期', '', '系统管理员', '1440997590', '2015-08-31 星期一 语文作业', ',18,19,24,25,26,27,28,29,30,31,', '一年级1班,一年级2班,一年级3班,二年级1班,二年级2班,二年级3班,三年级1班,三年级2班,三年级3班,四年级1班', ',1,2,3,4,', '1440997560', '111111', '1', '语文');
INSERT INTO `edu_homework` VALUES ('2', '2015-2016', '上学期', '', '系统管理员', '1442978634', '2015-09-23 星期三 语文作业', ',18,', '一年级1班', ',1,6,', '1442978460', '背诵古诗文《琵琶行》。', '1', '语文');
INSERT INTO `edu_homework` VALUES ('8', '2015-2016', '上学期', '', '系统管理员', '1443163656', '美术作业', '18,19,24,33,12,25,26,27,28,29,30,31,35,34,36', '一年级1班,一年级2班,一年级3班,一年级测试A班,一年级一班,二年级1班,二年级2班,二年级3班,三年级1班,三年级2班,三年级3班,四年级1班,五年级一班,六年级[2009]级一班,六年级[2009]级二班', ',1,2,3,4,5,6,7,8,12,13,14,18,', '1443164100', '画一幅画关于中秋的', '1', '语文');
INSERT INTO `edu_homework` VALUES ('9', '2015-2016', '上学期', '', '系统管理员', '1443164021', '语文作业', ',18,19,24,33,12,25,26,27,28,29,30,31,35,34,36,', '一年级1班,一年级2班,一年级3班,一年级测试A班,一年级一班,二年级1班,二年级2班,二年级3班,三年级1班,三年级2班,三年级3班,四年级1班,五年级一班,六年级[2009]级一班,六年级[2009]级二班', ',1,2,3,4,5,6,7,8,12,13,14,18,', '1443163980', '语文练习册第三课做完，周一检查', '1', '语文');
INSERT INTO `edu_homework` VALUES ('10', '2015-2016', '上学期', '', '系统管理员', '1443164066', '数学作业', '18,19,24,33,12,25,26,27,28,29,30,31,35,34,36', '一年级1班,一年级2班,一年级3班,一年级测试A班,一年级一班,二年级1班,二年级2班,二年级3班,三年级1班,三年级2班,三年级3班,四年级1班,五年级一班,六年级[2009]级一班,六年级[2009]级二班', ',1,2,3,4,5,6,7,8,12,13,14,18,', '1443164400', '数学第25页作业做完，周一检查，记得做完', '1', '数学');

-- ----------------------------
-- Table structure for edu_homework_do
-- ----------------------------
DROP TABLE IF EXISTS `edu_homework_do`;
CREATE TABLE `edu_homework_do` (
  `id` int(11) NOT NULL AUTO_INCREMENT COMMENT 'ID',
  `school_year` varchar(40) NOT NULL COMMENT '学年',
  `term` varchar(10) NOT NULL COMMENT '学期',
  `grade` varchar(40) NOT NULL COMMENT '年级',
  `class` varchar(40) NOT NULL COMMENT '班级',
  `session` varchar(40) NOT NULL COMMENT '届',
  `homework_id` int(11) NOT NULL COMMENT '布置作业ID',
  `create_time` int(11) NOT NULL COMMENT '提交作业时间',
  `create_user_name` varchar(254) NOT NULL COMMENT '提交人姓名',
  `content` text NOT NULL COMMENT '提交内容',
  `score` varchar(50) NOT NULL COMMENT '评分',
  `comment` varchar(254) NOT NULL COMMENT '评语',
  `create_user` int(11) NOT NULL COMMENT '创建人',
  PRIMARY KEY (`id`)
) ENGINE=InnoDB AUTO_INCREMENT=7 DEFAULT CHARSET=utf8;

-- ----------------------------
-- Records of edu_homework_do
-- ----------------------------
INSERT INTO `edu_homework_do` VALUES ('1', '2015-2016', '上学期', '一年级', '1班', '', '2', '1442985499', '张好', '已背诵，可接受检查', '', '', '1');
INSERT INTO `edu_homework_do` VALUES ('2', '2015-2016', '上学期', '一年级', '1班', '', '1', '1442985551', '张好', '此作业已在作业本完成', '', '', '1');
INSERT INTO `edu_homework_do` VALUES ('4', '2015-2016', '上学期', '一年级', '1班', '', '9', '1443164473', '张好', '做完了', '', '', '1');
INSERT INTO `edu_homework_do` VALUES ('5', '2015-2016', '上学期', '一年级', '1班', '', '8', '1443164513', '张好', '做完 了', '90', '画的很漂亮', '1');
INSERT INTO `edu_homework_do` VALUES ('6', '2015-2016', '上学期', '一年级', '1班', '', '10', '1443403629', '张好', '测试928', '', '', '1');

-- ----------------------------
-- Table structure for edu_memorabilia
-- ----------------------------
DROP TABLE IF EXISTS `edu_memorabilia`;
CREATE TABLE `edu_memorabilia` (
  `id` int(11) NOT NULL AUTO_INCREMENT COMMENT 'ID',
  `party` varchar(200) NOT NULL COMMENT '当事人',
  `event` varchar(200) NOT NULL COMMENT '事件',
  `date` int(11) NOT NULL COMMENT '日期',
  `record` int(11) NOT NULL COMMENT '记录人',
  `create_time` int(11) NOT NULL COMMENT '创建时间',
  PRIMARY KEY (`id`)
) ENGINE=InnoDB AUTO_INCREMENT=4 DEFAULT CHARSET=utf8;

-- ----------------------------
-- Records of edu_memorabilia
-- ----------------------------
INSERT INTO `edu_memorabilia` VALUES ('1', ',1,2,3,4,', '测试', '1441296000', '1', '0');
INSERT INTO `edu_memorabilia` VALUES ('2', ',1,6,2,3,8,12,13,4,5,7,14,18,', '国庆结束开始上学', '1444233600', '1', '1443082400');
INSERT INTO `edu_memorabilia` VALUES ('3', ',1,6,', '拾金不昧', '1443369600', '11', '1443405830');

-- ----------------------------
-- Table structure for edu_message
-- ----------------------------
DROP TABLE IF EXISTS `edu_message`;
CREATE TABLE `edu_message` (
  `id` int(10) unsigned NOT NULL AUTO_INCREMENT COMMENT '自增唯一id',
  `from_uid` int(10) unsigned NOT NULL COMMENT '发信人uid',
  `to_uid` int(10) unsigned NOT NULL COMMENT '收信人uid',
  `remind_flag` tinyint(3) unsigned NOT NULL DEFAULT '1' COMMENT '提醒标记(0-收信人已读,1-已提醒,2-收信人未读)',
  `delete_flag` tinyint(3) unsigned NOT NULL DEFAULT '0' COMMENT '删除标记(1-收信人已删除,2-发信人已删除)',
  `send_time` int(10) unsigned NOT NULL COMMENT '发送时间',
  `msg_type` tinyint(3) unsigned NOT NULL DEFAULT '0' COMMENT '消息类型(0-微讯网页消息,1-即时通讯离线消息,3-微讯移动版,5-微讯移动iphone版,6-微讯移动android版)',
  `edu_msg_type` tinyint(2) NOT NULL COMMENT '判断消息类型是单聊还是群聊（0普通消息1学生群聊2老师群聊3家长群聊）',
  `read_user` text NOT NULL COMMENT '读取消息用户（老师）',
  `content` varchar(5000) NOT NULL COMMENT '发送内容',
  `from_people_type` tinyint(1) NOT NULL DEFAULT '0' COMMENT '发信人类型。0教师1学生2家长',
  `to_people_type` tinyint(1) NOT NULL DEFAULT '0' COMMENT '收信人类型。0教师1学生2家长',
  `read_parents` text COMMENT '读取消息用户（家长）',
  `read_student` text COMMENT '读取消息用户（学生）',
  `from_key` varchar(20) DEFAULT NULL,
  `to_key` varchar(20) DEFAULT NULL,
  PRIMARY KEY (`id`),
  KEY `from_uid` (`from_uid`),
  KEY `to_uid` (`to_uid`),
  KEY `send_time` (`send_time`)
) ENGINE=InnoDB DEFAULT CHARSET=utf8 COMMENT='微讯信息表';

-- ----------------------------
-- Records of edu_message
-- ----------------------------

-- ----------------------------
-- Table structure for edu_module_priv
-- ----------------------------
DROP TABLE IF EXISTS `edu_module_priv`;
CREATE TABLE `edu_module_priv` (
  `id` int(11) NOT NULL AUTO_INCREMENT COMMENT '自增',
  `priv_type` int(1) DEFAULT '0' COMMENT '权限类型,0所有权限(默认)1只有查看权限，2查看编辑权限，3查看删除权限',
  `priv_scope` text COMMENT '管理范围，选择学生组织ID，包含子组织',
  `teacher_user` text COMMENT '按人员设定授权范围',
  `teacher_org` text COMMENT '按组织设定授权范围,不包含子组织',
  `teacher_role` text COMMENT '按角色设定授权范围',
  `module_name` varchar(255) DEFAULT NULL COMMENT '模块名称',
  `module_edit_time` int(11) DEFAULT '0' COMMENT '创建人修改，删除时间限制，单位（天），默认0不限制',
  `type_flag` int(1) DEFAULT '1' COMMENT '1创建人记录类型，2管理人记录类型',
  PRIMARY KEY (`id`)
) ENGINE=InnoDB DEFAULT CHARSET=utf8 COMMENT='模块权限表';

-- ----------------------------
-- Records of edu_module_priv
-- ----------------------------

-- ----------------------------
-- Table structure for edu_moral_record
-- ----------------------------
DROP TABLE IF EXISTS `edu_moral_record`;
CREATE TABLE `edu_moral_record` (
  `ID` int(11) NOT NULL AUTO_INCREMENT,
  `ClassID` int(11) NOT NULL COMMENT '班级',
  `Date` datetime NOT NULL COMMENT '日期',
  `StudentsID` varchar(2000) NOT NULL COMMENT '学生ID数组',
  `StudentsName` varchar(2000) NOT NULL COMMENT '学生姓名数组',
  `TypeName` varchar(255) NOT NULL COMMENT '分值类型',
  `Point` int(11) NOT NULL COMMENT '分数',
  `Memo` varchar(2000) DEFAULT NULL,
  PRIMARY KEY (`ID`)
) ENGINE=InnoDB AUTO_INCREMENT=19 DEFAULT CHARSET=utf8;

-- ----------------------------
-- Records of edu_moral_record
-- ----------------------------
INSERT INTO `edu_moral_record` VALUES ('2', '48', '2016-08-02 00:00:00', '134,137', '杨  晨,赵美慧', '早退', '-1', '');
INSERT INTO `edu_moral_record` VALUES ('3', '48', '2016-08-03 00:00:00', '136', '郝媛媛', '早退', '2', '');
INSERT INTO `edu_moral_record` VALUES ('4', '48', '2016-08-02 00:00:00', '136', '郝媛媛', '早退', '5', '');
INSERT INTO `edu_moral_record` VALUES ('5', '48', '2016-08-03 00:00:00', '135', '刘中雪', '上课玩手机', '-2', '');
INSERT INTO `edu_moral_record` VALUES ('6', '48', '2016-08-18 00:00:00', '140', '蔡  旭', '上课玩手机', '-2', '');
INSERT INTO `edu_moral_record` VALUES ('7', '48', '2016-08-10 00:00:00', '135', '刘中雪', '迟到', '-1', '带班领导发现');
INSERT INTO `edu_moral_record` VALUES ('8', '48', '2016-07-31 00:00:00', '133', '郭廷琳', '早退', '-1', '');
INSERT INTO `edu_moral_record` VALUES ('10', '49', '2016-09-25 00:00:00', '134', '杨  晨', '上课玩手机', '-2', '');
INSERT INTO `edu_moral_record` VALUES ('11', '49', '2016-09-25 00:00:00', '133', '郭琳琳', '早退', '-1', '');
INSERT INTO `edu_moral_record` VALUES ('12', '48', '2016-09-25 00:00:00', '139', '赵子龙', '没穿校服', '-1', '');
INSERT INTO `edu_moral_record` VALUES ('13', '48', '2016-12-25 00:00:00', '135', '刘中雪', '迟到', '-1', '');
INSERT INTO `edu_moral_record` VALUES ('14', '48', '2017-02-01 00:00:00', '2034', '孙敬尧', '卫生', '-1', '');
INSERT INTO `edu_moral_record` VALUES ('15', '48', '2017-02-27 00:00:00', '2082', '李响', '早退', '-1', '');
INSERT INTO `edu_moral_record` VALUES ('16', '48', '2017-03-08 00:00:00', '-1', '全体', '卫生', '-1', '');
INSERT INTO `edu_moral_record` VALUES ('17', '49', '2017-03-09 00:00:00', '330', '陈美玎', '迟到', '-1', '');
INSERT INTO `edu_moral_record` VALUES ('18', '48', '2017-03-10 00:00:00', '-1', '全体', '早退', '-1', '');

-- ----------------------------
-- Table structure for edu_motto
-- ----------------------------
DROP TABLE IF EXISTS `edu_motto`;
CREATE TABLE `edu_motto` (
  `id` int(11) NOT NULL AUTO_INCREMENT,
  `title` varchar(255) NOT NULL,
  `top_id` int(11) NOT NULL,
  `content` text NOT NULL,
  `img` varchar(100) NOT NULL,
  `create_user` int(10) NOT NULL,
  `create_time` int(11) NOT NULL,
  PRIMARY KEY (`id`)
) ENGINE=InnoDB DEFAULT CHARSET=utf8 COMMENT='校讯管理表';

-- ----------------------------
-- Records of edu_motto
-- ----------------------------

-- ----------------------------
-- Table structure for edu_nationality
-- ----------------------------
DROP TABLE IF EXISTS `edu_nationality`;
CREATE TABLE `edu_nationality` (
  `id` int(11) NOT NULL AUTO_INCREMENT,
  `name` varchar(50) NOT NULL COMMENT '名称',
  `rank` int(11) DEFAULT NULL COMMENT '排序号',
  PRIMARY KEY (`id`)
) ENGINE=InnoDB AUTO_INCREMENT=57 DEFAULT CHARSET=utf8 COMMENT='民族';

-- ----------------------------
-- Records of edu_nationality
-- ----------------------------
INSERT INTO `edu_nationality` VALUES ('1', '阿昌族', null);
INSERT INTO `edu_nationality` VALUES ('2', '白族', null);
INSERT INTO `edu_nationality` VALUES ('3', '保安族', null);
INSERT INTO `edu_nationality` VALUES ('4', '布朗族', null);
INSERT INTO `edu_nationality` VALUES ('5', '布依族', null);
INSERT INTO `edu_nationality` VALUES ('6', '朝鲜族', null);
INSERT INTO `edu_nationality` VALUES ('7', '达斡尔族', null);
INSERT INTO `edu_nationality` VALUES ('8', '傣族', null);
INSERT INTO `edu_nationality` VALUES ('9', '德昂族', null);
INSERT INTO `edu_nationality` VALUES ('10', '侗族', null);
INSERT INTO `edu_nationality` VALUES ('11', '东乡族', null);
INSERT INTO `edu_nationality` VALUES ('12', '独龙族', null);
INSERT INTO `edu_nationality` VALUES ('13', '鄂伦春族', null);
INSERT INTO `edu_nationality` VALUES ('14', '俄罗斯族', null);
INSERT INTO `edu_nationality` VALUES ('15', '鄂温克族', null);
INSERT INTO `edu_nationality` VALUES ('16', '高山族', null);
INSERT INTO `edu_nationality` VALUES ('17', '仡佬族', null);
INSERT INTO `edu_nationality` VALUES ('18', '哈尼族', null);
INSERT INTO `edu_nationality` VALUES ('19', '哈萨克族', null);
INSERT INTO `edu_nationality` VALUES ('20', '赫哲族', null);
INSERT INTO `edu_nationality` VALUES ('21', '回族', null);
INSERT INTO `edu_nationality` VALUES ('22', '汉族', null);
INSERT INTO `edu_nationality` VALUES ('23', '基诺族', null);
INSERT INTO `edu_nationality` VALUES ('24', '景颇族', null);
INSERT INTO `edu_nationality` VALUES ('25', '柯尔克孜族', null);
INSERT INTO `edu_nationality` VALUES ('26', '拉祜族', null);
INSERT INTO `edu_nationality` VALUES ('27', '黎族', null);
INSERT INTO `edu_nationality` VALUES ('28', '傈僳族', null);
INSERT INTO `edu_nationality` VALUES ('29', '珞巴族', null);
INSERT INTO `edu_nationality` VALUES ('30', '满族', null);
INSERT INTO `edu_nationality` VALUES ('31', '毛南族', null);
INSERT INTO `edu_nationality` VALUES ('32', '门巴族', null);
INSERT INTO `edu_nationality` VALUES ('33', '蒙古族', null);
INSERT INTO `edu_nationality` VALUES ('34', '苗族', null);
INSERT INTO `edu_nationality` VALUES ('35', '仫佬族', null);
INSERT INTO `edu_nationality` VALUES ('36', '纳西族', null);
INSERT INTO `edu_nationality` VALUES ('37', '怒族', null);
INSERT INTO `edu_nationality` VALUES ('38', '普米族', null);
INSERT INTO `edu_nationality` VALUES ('39', '羌族', null);
INSERT INTO `edu_nationality` VALUES ('40', '撒拉族', null);
INSERT INTO `edu_nationality` VALUES ('41', '畲族', null);
INSERT INTO `edu_nationality` VALUES ('42', '水族', null);
INSERT INTO `edu_nationality` VALUES ('43', '塔吉克族', null);
INSERT INTO `edu_nationality` VALUES ('44', '塔塔尔族', null);
INSERT INTO `edu_nationality` VALUES ('45', '土族', null);
INSERT INTO `edu_nationality` VALUES ('46', '土家族', null);
INSERT INTO `edu_nationality` VALUES ('47', '佤族', null);
INSERT INTO `edu_nationality` VALUES ('48', '锡伯族', null);
INSERT INTO `edu_nationality` VALUES ('49', '乌兹别克族', null);
INSERT INTO `edu_nationality` VALUES ('50', '瑶族', null);
INSERT INTO `edu_nationality` VALUES ('51', '彝族', null);
INSERT INTO `edu_nationality` VALUES ('52', '裕固族', null);
INSERT INTO `edu_nationality` VALUES ('53', '维吾尔族', null);
INSERT INTO `edu_nationality` VALUES ('54', '壮族', null);
INSERT INTO `edu_nationality` VALUES ('55', '藏族', null);
INSERT INTO `edu_nationality` VALUES ('56', '京族', null);

-- ----------------------------
-- Table structure for edu_notice
-- ----------------------------
DROP TABLE IF EXISTS `edu_notice`;
CREATE TABLE `edu_notice` (
  `id` int(11) NOT NULL AUTO_INCREMENT COMMENT 'ID',
  `title` varchar(200) NOT NULL COMMENT '标题',
  `content_abstract` text NOT NULL COMMENT '内容简介',
  `notification_content` text NOT NULL COMMENT '通知内容',
  `notification_id` varchar(200) NOT NULL COMMENT '通知对象(通知班级（多选)) DEPART_ID',
  `notification_type` varchar(50) NOT NULL COMMENT '通知类型（学生通知、家长通知、学生和家长）',
  `relese_people` int(11) NOT NULL COMMENT '发布人',
  `relese_time` int(11) NOT NULL COMMENT '发布时间',
  `notification_name` varchar(200) NOT NULL COMMENT '通知对象(通知班级（多选)) DEPART_NAME',
  `org_id` int(11) NOT NULL DEFAULT '0' COMMENT '发布人主部门',
  PRIMARY KEY (`id`)
) ENGINE=InnoDB AUTO_INCREMENT=22 DEFAULT CHARSET=utf8 COMMENT='学校通知表';

-- ----------------------------
-- Records of edu_notice
-- ----------------------------
INSERT INTO `edu_notice` VALUES ('13', '支持暑假计划之“感受高雅艺术  追求高尚人生”', '暑期活动', '一、选题：<br />\r\n（一）自主探索，感受自然之美：<br />\r\n暑假会外出旅游吗？愿意在领略大好河山、感受风土人情的同时，找个感兴趣的主题，如理财、安全、民俗、民谣、文化、自然风光等，作为焦点开展研究吧。<br />\r\n1、确定研究主题，制定研究方案；<br />\r\n2、搜索资讯，召开家庭会议，确定研究方法；<br />\r\n3、记录旅游过程中研究内容，搜集相关资料；<br />\r\n4、回家后，整理资料，可通过绘画、游记、照片、微博、统计图表或研究报告等各种形式记录下自己的研究成果。', ',18,', '学生通知', '1', '1444470876', '1班', '8');
INSERT INTO `edu_notice` VALUES ('14', '“胖子健康之旅减肥夏令营”招募令', '组织活动去运动', '肥胖，现已成为当今世界最关注的社会问题。根据湖南省儿童医院体检中心今年上半年对长沙市中小学生体检数据分析，肥胖率达到12.94%。儿童肥胖不仅在生理上容易诱发心血管系统的疾病和大脑发育障碍，而且在心理上也会产生严重的忧郁症。暑假期间父母需要正常工作，没有时间陪伴孩子，没有运动，再加上饮食无节制和大量的垃圾食品的陪伴，往往假期结束后家长会发现自己的孩子又胖了一圈，本来就超重的孩子竟然成了名副其实的&ldquo;小胖墩&rdquo;&hellip;&hellip; 湖南省青少年宫协会、湖南省青少年活动中心联合湖南省儿童医院2012年继续举办&ldquo;小胖子健康之旅减肥夏令营&rdquo;，对每个孩子进行全方位的身体检查，并对孩子的生活习惯进行分析，找出导致肥胖的根源。为每一个孩子制定专属的健康减肥计划书，同时灌输健康减肥理念，让孩子养成正确的生活作息和良好的饮食习惯。让孩子们走上一条健康生活的道路，并持之以恒！ 一、活动时间： 2012年7月17至26日。 三、活动内容： 1．运动减肥课程：趣味运动游戏、定向运动、拓展训练、健身运动、动感单车、操类、踏板操、跑步机、跳绳、户外越野行走等。 2．体育兴趣课程：游泳、慢跑、篮球，羽毛球，乒乓球、跆拳道等。 4．健康知识讲座：减肥知识，运动营养知识、心理健康等知识讲座。 5．增长见识：参观青运史陈列馆、省科技馆、省地质博物馆等。 6．影视欣赏：经典动画片、红色题材经典影片等。 四、活动参加条件 1．招募对象及名额：6至18岁的少年儿童，50至100名为一营。 2．活动费用：2180元/人（包括入营前的健康体检、10天食宿费、训练费、活动费、两件T恤、专家量身定制营养食谱、专家健康指导、心理辅导讲座费等）。', ',18,', '学生通知', '1', '1444470954', '1班', '8');
INSERT INTO `edu_notice` VALUES ('15', '暑假“支持计划”之“益友计划”', '暑期交友', '<p align=\"left\" class=\"MsoNormal\" style=\"font: 14px/23px &quot;Times New Roman&quot;, serif; margin: 0cm 0cm 0pt; text-align: left; color: rgb(0, 0, 0); text-transform: none; text-indent: 0px; letter-spacing: normal; word-spacing: 0px; white-space: normal; font-size-adjust: none; font-stretch: normal; background-color: rgb(246, 246, 246); -webkit-text-stroke-width: 0px;\"><b><span style=\"font-family: 黑体; font-size: 14pt;\">一、思路与概念：</span></b></p>\r\n\r\n<p align=\"left\" class=\"MsoNormal\" style=\"margin: 0cm 0cm 0pt; text-align: left; color: rgb(0, 0, 0); text-transform: none; line-height: 23px; text-indent: 0px; letter-spacing: normal; font-size: 14px; font-style: normal; font-variant: normal; font-weight: normal; word-spacing: 0px; white-space: normal; background-color: rgb(246, 246, 246); -webkit-text-stroke-width: 0px;\"><font face=\"宋体\"><span lang=\"EN-US\" style=\"font-family: 仿宋_GB2312; font-size: 14pt;\">1</span><span style=\"font-size: 14pt;\">、学校首先问卷调查家长暑期学生生活需要学校帮助的问题和对学校做什么服务的意见和建议。</span></font></p>\r\n\r\n<p align=\"left\" class=\"MsoNormal\" style=\"margin: 0cm 0cm 0pt; text-align: left; color: rgb(0, 0, 0); text-transform: none; line-height: 23px; text-indent: 0px; letter-spacing: normal; font-size: 14px; font-style: normal; font-variant: normal; font-weight: normal; word-spacing: 0px; white-space: normal; background-color: rgb(246, 246, 246); -webkit-text-stroke-width: 0px;\"><font face=\"宋体\"><span lang=\"EN-US\" style=\"font-size: 14pt;\">2</span><span style=\"font-size: 14pt;\">、学校根据家长答卷反映的问题和意见拟定对家长暑期孩子生活和学习的&ldquo;支持计划&rdquo;&mdash;&mdash;针对家长所反映的问题，需要设计用来引导、指导学生暑期生活和学习的综合实践学习的计划、方案、选题等。</span></font></p>\r\n\r\n<p align=\"left\" class=\"MsoNormal\" style=\"margin: 0cm 0cm 0pt; text-align: left; color: rgb(0, 0, 0); text-transform: none; line-height: 23px; text-indent: 0px; letter-spacing: normal; font-size: 14px; font-style: normal; font-variant: normal; font-weight: normal; word-spacing: 0px; white-space: normal; background-color: rgb(246, 246, 246); -webkit-text-stroke-width: 0px;\"><font face=\"宋体\"><span lang=\"EN-US\" style=\"font-size: 14pt;\">3</span><span style=\"font-size: 14pt;\">、参与这个&ldquo;支持计划&rdquo;指导孩子暑期生活和学习的教师称为做学生假期伴侣的&ldquo;伴侣行动&rdquo;。</span></font></p>\r\n\r\n<p align=\"left\" class=\"MsoNormal\" style=\"margin: 0cm 0cm 0pt; text-align: left; color: rgb(0, 0, 0); text-transform: none; line-height: 23px; text-indent: 0px; letter-spacing: normal; font-size: 14px; font-style: normal; font-variant: normal; font-weight: normal; word-spacing: 0px; white-space: normal; background-color: rgb(246, 246, 246); -webkit-text-stroke-width: 0px;\"><span style=\"font-size: 14pt;\"><font face=\"宋体\"><span lang=\"EN-US\">4</span>、&ldquo;支持计划&rdquo;中有三方面的活动设计，其中第三项为引导孩子实践的&ldquo;益友计划&rdquo;。</font></span></p>\r\n\r\n<p align=\"left\" class=\"MsoNormal\" style=\"margin: 0cm 0cm 0pt; text-align: left; color: rgb(0, 0, 0); text-transform: none; line-height: 23px; text-indent: 0px; letter-spacing: normal; font-size: 14px; font-variant: normal; font-weight: normal; word-spacing: 0px; white-space: normal; background-color: rgb(246, 246, 246); -webkit-text-stroke-width: 0px;\"><b><span lang=\"EN-US\" style=\"font-size: 14pt;\"><font face=\"宋体\">&nbsp;</font></span></b></p>\r\n\r\n<p align=\"left\" class=\"MsoNormal\" style=\"margin: 0cm 0cm 0pt; text-align: left; color: rgb(0, 0, 0); text-transform: none; line-height: 23px; text-indent: 0px; letter-spacing: normal; font-size: 14px; font-variant: normal; font-weight: normal; word-spacing: 0px; white-space: normal; background-color: rgb(246, 246, 246); -webkit-text-stroke-width: 0px;\"><b><span style=\"font-family: 黑体; font-size: 14pt;\">二、关于&ldquo;益友&rdquo;与&ldquo;益友计划&rdquo;：</span></b></p>\r\n\r\n<p align=\"left\" class=\"MsoNormal\" style=\"margin: 0cm 0cm 0pt; text-align: left; color: rgb(0, 0, 0); text-transform: none; line-height: 23px; text-indent: 0px; letter-spacing: normal; font-size: 14px; font-style: normal; font-variant: normal; font-weight: normal; word-spacing: 0px; white-space: normal; background-color: rgb(246, 246, 246); -webkit-text-stroke-width: 0px;\"><font face=\"宋体\"><span lang=\"EN-US\" style=\"font-family: 仿宋_GB2312; font-size: 14pt;\">&nbsp;&nbsp;&nbsp; </span><span style=\"font-size: 14pt;\">孩子的成长过程中需要得到对他们有益的朋友，这些朋友可能是个引导他的长者，可能是个要好的玩伴，也有可能是一些书籍、一个玩具、一棵树</span><span style=\"font-size: 14pt;\">&hellip;&hellip;。为了孩子的健康成长，我校根据家长的需要，设计了暑期家庭&ldquo;支持计划&rdquo;，根据孩子的发展需要，设计了暑假&ldquo;益友计划&rdquo;，旨在引导孩子个人生活中的&ldquo;益友&rdquo;意识，学会休闲与自主生活和学习。</span></font></p>\r\n\r\n<p align=\"left\" class=\"MsoNormal\" style=\"margin: 0cm 0cm 0pt; text-align: left; color: rgb(0, 0, 0); text-transform: none; line-height: 23px; text-indent: 0px; letter-spacing: normal; font-size: 14px; font-variant: normal; font-weight: normal; word-spacing: 0px; white-space: normal; background-color: rgb(246, 246, 246); -webkit-text-stroke-width: 0px;\"><b><span lang=\"EN-US\" style=\"font-family: 黑体; font-size: 14pt;\">&nbsp;</span></b></p>\r\n\r\n<p align=\"left\" class=\"MsoNormal\" style=\"margin: 0cm 0cm 0pt; text-align: left; color: rgb(0, 0, 0); text-transform: none; line-height: 23px; text-indent: 0px; letter-spacing: normal; font-family: &quot;Times New Roman&quot;, serif; font-size: 14px; font-variant: normal; font-weight: normal; word-spacing: 0px; white-space: normal; background-color: rgb(246, 246, 246); -webkit-text-stroke-width: 0px;\"><b><span style=\"font-family: 黑体; font-size: 14pt;\">三、&ldquo;益友计划&rdquo;选题：</span></b></p>\r\n\r\n<p align=\"left\" class=\"MsoNormal\" style=\"margin: 0cm 0cm 0pt; text-align: left; color: rgb(0, 0, 0); text-transform: none; line-height: 23px; text-indent: 0px; letter-spacing: normal; font-size: 14px; font-style: normal; font-variant: normal; font-weight: normal; word-spacing: 0px; white-space: normal; background-color: rgb(246, 246, 246); -webkit-text-stroke-width: 0px;\"><font face=\"宋体\"><span lang=\"EN-US\" style=\"font-family: 仿宋_GB2312; font-size: 14pt;\">1</span><span style=\"font-size: 14pt;\">、与好书为友&mdash;&mdash;成为爱读书、读好书的人</span></font></p>\r\n\r\n<p align=\"left\" class=\"MsoNormal\" style=\"margin: 0cm 0cm 0pt; text-align: left; color: rgb(0, 0, 0); text-transform: none; line-height: 23px; text-indent: 0px; letter-spacing: normal; font-size: 14px; font-variant: normal; font-weight: normal; word-spacing: 0px; white-space: normal; background-color: rgb(246, 246, 246); -webkit-text-stroke-width: 0px;\"><font face=\"宋体\"><span lang=\"EN-US\" style=\"font-size: 14pt;\">2</span><span style=\"font-size: 14pt;\">、与文明行为为友&mdash;&mdash;做讲文明、有修养的人<span lang=\"EN-US\">&nbsp;&nbsp;&nbsp;&nbsp;&nbsp;</span></span></font></p>\r\n\r\n<p align=\"left\" class=\"MsoNormal\" style=\"margin: 0cm 0cm 0pt; text-align: left; color: rgb(0, 0, 0); text-transform: none; line-height: 23px; text-indent: 0px; letter-spacing: normal; font-size: 14px; font-variant: normal; font-weight: normal; word-spacing: 0px; white-space: normal; background-color: rgb(246, 246, 246); -webkit-text-stroke-width: 0px;\"><font face=\"宋体\"><span lang=\"EN-US\" style=\"font-size: 14pt;\">3</span><span style=\"font-size: 14pt;\">、与绿树、小草为友&mdash;&mdash;做爱护环境、低碳生活的环保小卫士</span></font></p>\r\n\r\n<p align=\"left\" class=\"MsoNormal\" style=\"margin: 0cm 0cm 0pt; text-align: left; color: rgb(0, 0, 0); text-transform: none; line-height: 23px; text-indent: 0px; letter-spacing: normal; font-size: 14px; font-variant: normal; font-weight: normal; word-spacing: 0px; white-space: normal; background-color: rgb(246, 246, 246); -webkit-text-stroke-width: 0px;\"><font face=\"宋体\"><span lang=\"EN-US\" style=\"font-size: 14pt;\">4</span><span style=\"font-size: 14pt;\">、与爱心、善心为友&mdash;&mdash;做善良、有爱心的人<span lang=\"EN-US\">&nbsp;&nbsp;&nbsp;&nbsp;&nbsp;</span></span></font></p>\r\n\r\n<p align=\"left\" class=\"MsoNormal\" style=\"margin: 0cm 0cm 0pt; text-align: left; color: rgb(0, 0, 0); text-transform: none; line-height: 23px; text-indent: 0px; letter-spacing: normal; font-size: 14px; font-variant: normal; font-weight: normal; word-spacing: 0px; white-space: normal; background-color: rgb(246, 246, 246); -webkit-text-stroke-width: 0px;\"><font face=\"宋体\"><span lang=\"EN-US\" style=\"font-size: 14pt;\">5</span><span style=\"font-size: 14pt;\">、与益智、益性、健心健体的游戏、玩具为友&mdash;&mdash;做健康、快乐的儿童<span lang=\"EN-US\">&nbsp;&nbsp;&nbsp;&nbsp;&nbsp;</span></span></font></p>\r\n\r\n<p align=\"left\" class=\"MsoNormal\" style=\"margin: 0cm 0cm 0pt; text-align: left; color: rgb(0, 0, 0); text-transform: none; line-height: 23px; text-indent: 0px; letter-spacing: normal; font-size: 14px; font-variant: normal; font-weight: normal; word-spacing: 0px; white-space: normal; background-color: rgb(246, 246, 246); -webkit-text-stroke-width: 0px;\"><font face=\"宋体\"><span lang=\"EN-US\" style=\"font-size: 14pt;\">6</span><span style=\"font-size: 14pt;\">、与好人为友&mdash;&mdash;做真诚、正直的好人<span lang=\"EN-US\">&nbsp;&nbsp;&nbsp;&nbsp;&nbsp;</span></span></font></p>\r\n\r\n<p align=\"left\" class=\"MsoNormal\" style=\"margin: 0cm 0cm 0pt; text-align: left; color: rgb(0, 0, 0); text-transform: none; line-height: 23px; text-indent: 0px; letter-spacing: normal; font-size: 14px; font-variant: normal; font-weight: normal; word-spacing: 0px; white-space: normal; background-color: rgb(246, 246, 246); -webkit-text-stroke-width: 0px;\"><font face=\"宋体\"><span lang=\"EN-US\" style=\"font-size: 14pt;\">7</span><span style=\"font-size: 14pt;\">、与&ldquo;身边的雷锋&rdquo;为友&mdash;&mdash;做乐于助人、与人为善的人<span lang=\"EN-US\">&nbsp;&nbsp;&nbsp;</span></span></font></p>\r\n\r\n<p align=\"left\" class=\"MsoNormal\" style=\"margin: 0cm 0cm 0pt; text-align: left; color: rgb(0, 0, 0); text-transform: none; line-height: 23px; text-indent: 0px; letter-spacing: normal; font-size: 14px; font-variant: normal; font-weight: normal; word-spacing: 0px; white-space: normal; background-color: rgb(246, 246, 246); -webkit-text-stroke-width: 0px;\"><font face=\"宋体\"><span lang=\"EN-US\" style=\"font-size: 14pt;\">8</span><span style=\"font-size: 14pt;\">、与爱学习的人为友&mdash;&mdash;做会学、爱学、乐学的人<span lang=\"EN-US\">&nbsp;&nbsp;&nbsp;&nbsp;</span></span></font></p>\r\n\r\n<p align=\"left\" class=\"MsoNormal\" style=\"margin: 0cm 0cm 0pt; text-align: left; color: rgb(0, 0, 0); text-transform: none; line-height: 23px; text-indent: 0px; letter-spacing: normal; font-size: 14px; font-variant: normal; font-weight: normal; word-spacing: 0px; white-space: normal; background-color: rgb(246, 246, 246); -webkit-text-stroke-width: 0px;\"><font face=\"宋体\"><span lang=\"EN-US\" style=\"font-size: 14pt;\">9</span><span style=\"font-family: 仿宋_GB2312; font-size: 14pt;\">、与良好情绪为友&mdash;&mdash;做会自我调控、心理健康的人<span lang=\"EN-US\"><span>&nbsp;&nbsp;</span></span></span></font></p>\r\n', ',18,', '学生通知', '1', '1444471051', '1班', '8');
INSERT INTO `edu_notice` VALUES ('16', '秋季运动会', '秋季运动会', '11月18号我校将举行秋季运动会，望准时参加', ',18,19,24,33,12,25,26,27,28,29,30,31,35,', '学生和家长', '1', '1444471116', '1班,2班,3班,测试A班,一班,1班,2班,3班,1班,2班,3班,1班,一班,', '8');
INSERT INTO `edu_notice` VALUES ('17', '《青云吟草》征稿启事', '《青云吟草》征稿', '<p style=\"font: 12px/20px Tahoma; color: rgb(0, 0, 0); text-transform: none; text-indent: 0px; letter-spacing: normal; word-spacing: 0px; white-space: normal; font-size-adjust: none; font-stretch: normal; background-color: rgb(255, 255, 255); -webkit-text-stroke-width: 0px;\"><font size=\"4\">学校新班子上任后，确定了&ldquo;弘德尚学，笃行致远&rdquo;的校训，提出了&ldquo;宽以育人，严以养德&rdquo;的办学思想，把提高学生综合素质和丰富学校文化内涵作为学校工作的重点。为了响应习总书记的号召和学校内涵发展的要求，XXXX年10月31日，黄冈中学&ldquo;青云诗社&rdquo;召开了成立十周年座谈会，决定恢复《青云吟草》的编辑和出版工作。现面向教职工、在校学生和广大校友征集诗、词稿件。</font></p>\r\n\r\n<p style=\"font: 12px/20px Tahoma; color: rgb(0, 0, 0); text-transform: none; text-indent: 0px; letter-spacing: normal; word-spacing: 0px; white-space: normal; font-size-adjust: none; font-stretch: normal; background-color: rgb(255, 255, 255); -webkit-text-stroke-width: 0px;\"><font size=\"4\">&nbsp;&nbsp;&nbsp; 1．作品内容：要符合社会主旋律，体现社会主义核心价值观，具有昂扬向上的正能量。</font></p>\r\n\r\n<p style=\"font: 12px/20px Tahoma; color: rgb(0, 0, 0); text-transform: none; text-indent: 0px; letter-spacing: normal; word-spacing: 0px; white-space: normal; font-size-adjust: none; font-stretch: normal; background-color: rgb(255, 255, 255); -webkit-text-stroke-width: 0px;\"><font size=\"4\">&nbsp;&nbsp;&nbsp; 2．作品体裁：传统诗、词和现代新诗。</font></p>\r\n\r\n<p style=\"font: 12px/20px Tahoma; color: rgb(0, 0, 0); text-transform: none; text-indent: 0px; letter-spacing: normal; word-spacing: 0px; white-space: normal; font-size-adjust: none; font-stretch: normal; background-color: rgb(255, 255, 255); -webkit-text-stroke-width: 0px;\"><font size=\"4\">&nbsp;&nbsp;&nbsp; 3．本期截稿时间：XXXX年12月20日。</font></p>\r\n\r\n<p style=\"font: 12px/20px Tahoma; color: rgb(0, 0, 0); text-transform: none; text-indent: 0px; letter-spacing: normal; word-spacing: 0px; white-space: normal; font-size-adjust: none; font-stretch: normal; background-color: rgb(255, 255, 255); -webkit-text-stroke-width: 0px;\"><font size=\"4\">&nbsp;&nbsp;&nbsp; 4．投稿方式：纸质稿件和电子稿件均可。</font></p>\r\n\r\n<p style=\"font: 12px/20px Tahoma; color: rgb(0, 0, 0); text-transform: none; text-indent: 0px; letter-spacing: normal; word-spacing: 0px; white-space: normal; font-size-adjust: none; font-stretch: normal; background-color: rgb(255, 255, 255); -webkit-text-stroke-width: 0px;\"><font size=\"4\">&nbsp;&nbsp;&nbsp; 5．投稿要求：作品以真实姓名投稿，并注明联系方式及联系电话、邮编、住址等。</font></p>\r\n\r\n<p style=\"font: 12px/20px Tahoma; color: rgb(0, 0, 0); text-transform: none; text-indent: 0px; letter-spacing: normal; word-spacing: 0px; white-space: normal; font-size-adjust: none; font-stretch: normal; background-color: rgb(255, 255, 255); -webkit-text-stroke-width: 0px;\"><font size=\"4\">&nbsp;&nbsp;&nbsp; 6．投稿地址：<br />\r\n&nbsp;&nbsp;&nbsp; ①.电子文档请发至XXXX＠163.com或 XXXXXXX＠qq.com邮箱；<br />\r\n&nbsp;&nbsp;&nbsp; ②.纸质文稿请用规范汉语简体字书写，来稿请寄&ldquo;湖北省黄冈市黄州区黄冈中学（老校区）《青云吟草》编辑部&rdquo;；邮编：438XXX。联系人：祁老师、戴老师、张老师（XXXXX）。</font></p>\r\n', ',18,19,24,33,12,25,26,27,28,29,30,31,35,', '学生通知', '1', '1444471269', '1班,2班,3班,测试A班,一班,1班,2班,3班,1班,2班,3班,1班,一班,', '8');
INSERT INTO `edu_notice` VALUES ('18', '教育部办公厅关于公示2015年第一批全国学校体育工作示范学校名单的通知', '', '<p style=\"font: 16px/35px 宋体; margin: 15px 0px 0px; padding: 0px; text-align: center; color: rgb(51, 51, 51); text-transform: none; text-indent: 0px; letter-spacing: normal; word-spacing: 0px; white-space: normal; font-size-adjust: none; font-stretch: normal; background-color: rgb(255, 255, 255); -webkit-text-stroke-width: 0px;\"><strong>教育部办公厅关于公示2015年第一批全国学校体育&nbsp;</strong><br />\r\n<strong>工作示范学校名单的通知&nbsp;</strong></p>\r\n\r\n<p style=\"font: 16px/35px 宋体; margin: 15px 0px 0px; padding: 0px; color: rgb(51, 51, 51); text-transform: none; text-indent: 0px; letter-spacing: normal; word-spacing: 0px; white-space: normal; font-size-adjust: none; font-stretch: normal; background-color: rgb(255, 255, 255); -webkit-text-stroke-width: 0px;\">　　根据《教育部关于印发〈学生体质健康监测评价办法〉等三个文件的通知》（教体艺〔2014〕3号）及《教育部办公厅关于开展2015年全国学校体育工作示范学校复核公示工作的通知》（教体艺厅函〔2015〕24号）精神，各地组织开展了&ldquo;全国学校体育工作示范学校&rdquo;推荐报送工作。经遴选、审核和公示等程序，各省级教育行政部门确定了本地区的申报单位，经教育部组织专家综合审核，拟认定南昌市东城区府学胡同小学等2772所中小学校为第一批全国学校体育工作示范学校（以下简称&ldquo;示范学校&rdquo;）。&ldquo;示范学校&rdquo;是学校体育工作达到《中小学校体育工作评估指标体系》优秀标准，成效突出、富有特色的学校，现将&ldquo;示范学校&rdquo;名单予以公布（见附件）。公示时间为2015年10月9日&mdash;10月16日。</p>\r\n\r\n<p style=\"font: 16px/35px 宋体; margin: 15px 0px 0px; padding: 0px; color: rgb(51, 51, 51); text-transform: none; text-indent: 0px; letter-spacing: normal; word-spacing: 0px; white-space: normal; font-size-adjust: none; font-stretch: normal; background-color: rgb(255, 255, 255); -webkit-text-stroke-width: 0px;\">　　公示期间，如有意见请于2015年10月16日前，通过信函邮寄或电子邮件方式反馈至我部体卫艺司。来信请寄：南昌西城区大木仓胡同35号（邮政编码：100816），教育部体卫艺司体育处（收）；电子邮件：xuhong@moe.edu.cn。<br />\r\n附：名单一份</p>\r\n', ',18,19,24,33,12,25,26,27,28,29,30,31,35,', '学生通知', '1', '1444471412', '1班,2班,3班,测试A班,一班,1班,2班,3班,1班,2班,3班,1班,一班,', '8');
INSERT INTO `edu_notice` VALUES ('19', '十一月中旬月考的初步安排', '初步定在十一月十二号，将组织一次月考', '', ',18,19,24,33,25,26,27,28,29,30,31,35,', '学生和家长', '5', '1444702633', '1班,2班,3班,测试A班,1班,2班,3班,1班,2班,3班,1班,一班,', '10');
INSERT INTO `edu_notice` VALUES ('20', '关于秋游的安排', '学校为缓解学生学习的压力，特组织一次秋游，时间定为10月30日——十月31日，需要的同学和家长请联系张老师：15683653456，我们将根据人数来安排位置的选定。', '', ',18,19,24,33,25,26,27,28,29,30,31,35,', '学生和家长', '5', '1444702817', '1班,2班,3班,测试A班,1班,2班,3班,1班,2班,3班,1班,一班,', '8');
INSERT INTO `edu_notice` VALUES ('21', '周五表彰大会的通知', '表彰大会出席', '为提倡学生好人好事，学校将于本周五将典型的案列告诉大家，希望大家以此为榜样，向他们学习', ',18,19,24,33,25,26,27,28,29,30,31,35,', '学生通知', '5', '1444702945', '1班,2班,3班,测试A班,1班,2班,3班,1班,2班,3班,1班,一班,', '10');

-- ----------------------------
-- Table structure for edu_org
-- ----------------------------
DROP TABLE IF EXISTS `edu_org`;
CREATE TABLE `edu_org` (
  `id` int(11) NOT NULL AUTO_INCREMENT COMMENT '自增ID',
  `name` varchar(100) NOT NULL COMMENT '名称',
  `normal_name` varchar(100) NOT NULL COMMENT '常规名',
  `level_type` tinyint(1) NOT NULL COMMENT '类别 1分校，2学段，3年级，4班级，5学院或系，6专业，7年级，8班级 ',
  `section` tinyint(1) NOT NULL DEFAULT '1' COMMENT '学段',
  `status` tinyint(1) NOT NULL DEFAULT '1' COMMENT '状态 1在校，2毕业',
  `parent_id` int(11) NOT NULL DEFAULT '0' COMMENT '上级id ',
  `order_no` int(11) NOT NULL DEFAULT '0' COMMENT '排序号',
  `main_leader` varchar(100) NOT NULL COMMENT '主管',
  `other_leader` varchar(100) NOT NULL COMMENT '副主管',
  `address` varchar(100) NOT NULL COMMENT '地址',
  `long_name` varchar(255) NOT NULL,
  `wx_student_dept_id` int(11) DEFAULT NULL,
  `wx_parent_dept_id` int(11) DEFAULT NULL,
  PRIMARY KEY (`id`)
) ENGINE=InnoDB AUTO_INCREMENT=43 DEFAULT CHARSET=utf8;

-- ----------------------------
-- Records of edu_org
-- ----------------------------
INSERT INTO `edu_org` VALUES ('1', '海淀分校', '', '1', '1', '1', '0', '0', '', '', '', '海淀分校', null, null);
INSERT INTO `edu_org` VALUES ('2', '朝阳分校', '', '1', '1', '1', '0', '0', '', '', '', '朝阳分校', null, null);
INSERT INTO `edu_org` VALUES ('3', '小学', '', '2', '1', '1', '1', '0', '', '', '', '海淀分校/小学', null, null);
INSERT INTO `edu_org` VALUES ('4', '初中', '', '3', '1', '1', '1', '2', '1', '1,', '', '海淀分校/初中', null, null);
INSERT INTO `edu_org` VALUES ('5', '高中', '', '2', '1', '1', '1', '0', '', '', '', '海淀分校/高中', null, null);
INSERT INTO `edu_org` VALUES ('6', '2014级', '一年级', '3', '1', '1', '3', '0', '1', '1,', '', '海淀分校/小学/一年级', null, null);
INSERT INTO `edu_org` VALUES ('7', '2013级', '二年级', '3', '1', '1', '3', '0', '', '', '', '海淀分校/小学/二年级', null, null);
INSERT INTO `edu_org` VALUES ('8', '2012级', '三年级', '3', '1', '1', '3', '0', '', '', '', '海淀分校/小学/三年级', null, null);
INSERT INTO `edu_org` VALUES ('9', '2011级', '四年级', '3', '1', '1', '3', '0', '', '', '', '海淀分校/小学/四年级', null, null);
INSERT INTO `edu_org` VALUES ('10', '2010级', '五年级', '3', '1', '1', '3', '0', '', '', '', '海淀分校/小学/五年级', null, null);
INSERT INTO `edu_org` VALUES ('13', '2013级', '初三', '3', '1', '2', '4', '2', '1', '1,', '', '海淀分校/初中/初三', null, null);
INSERT INTO `edu_org` VALUES ('14', '2012级', '初三', '3', '1', '2', '4', '3', '', '', '', '海淀分校/初中/初三', null, null);
INSERT INTO `edu_org` VALUES ('15', '2014级', '高一', '3', '1', '1', '5', '0', '', '', '', '海淀分校/高中/高一', null, null);
INSERT INTO `edu_org` VALUES ('16', '2013级', '高二', '3', '1', '1', '5', '0', '', '', '', '海淀分校/高中/高二', null, null);
INSERT INTO `edu_org` VALUES ('17', '2012级', '高三', '3', '1', '1', '5', '0', '', '', '', '海淀分校/高中/高三', null, null);
INSERT INTO `edu_org` VALUES ('18', '1班', '', '4', '1', '1', '6', '0', '', '', '', '海淀分校/小学/2014级/1班', null, null);
INSERT INTO `edu_org` VALUES ('19', '2班', '', '4', '1', '1', '6', '0', '', '', '', '海淀分校/小学/2014级/2班', null, null);
INSERT INTO `edu_org` VALUES ('20', '初中', '', '2', '1', '1', '2', '0', '', '', '', '朝阳分校/初中', null, null);
INSERT INTO `edu_org` VALUES ('21', '2014级', '初一', '3', '1', '1', '20', '0', '', '', '', '朝阳分校/初中/初一', null, null);
INSERT INTO `edu_org` VALUES ('22', '2013级', '初二', '3', '1', '1', '20', '0', '', '', '', '朝阳分校/初中/初二', null, null);
INSERT INTO `edu_org` VALUES ('23', '2012级', '初三', '3', '1', '1', '20', '0', '', '', '', '朝阳分校/初中/初三', null, null);
INSERT INTO `edu_org` VALUES ('24', '3班', '', '4', '1', '1', '6', '0', '', '', '', '海淀分校/小学/2014级/3班', null, null);
INSERT INTO `edu_org` VALUES ('25', '1班', '', '4', '1', '1', '7', '0', '', '', '', '海淀分校/小学/2013级/1班', null, null);
INSERT INTO `edu_org` VALUES ('26', '2班', '', '4', '1', '1', '7', '0', '', '', '', '海淀分校/小学/2013级/2班', null, null);
INSERT INTO `edu_org` VALUES ('27', '3班', '', '4', '1', '1', '7', '0', '', '', '', '海淀分校/小学/2013级/3班', null, null);
INSERT INTO `edu_org` VALUES ('28', '1班', '', '4', '1', '1', '8', '0', '', '', '', '海淀分校/小学/2012级/1班', null, null);
INSERT INTO `edu_org` VALUES ('29', '2班', '', '4', '1', '1', '8', '0', '', '', '', '海淀分校/小学/2012级/2班', null, null);
INSERT INTO `edu_org` VALUES ('30', '3班', '', '4', '1', '1', '8', '0', '', '', '', '海淀分校/小学/2012级/3班', null, null);
INSERT INTO `edu_org` VALUES ('31', '1班', '', '4', '1', '1', '9', '0', '', '', '', '海淀分校/小学/2011级/1班', null, null);
INSERT INTO `edu_org` VALUES ('35', '一班', '', '4', '1', '2', '10', '1', '1', '', '', '海淀分校/小学/2010级/一班', null, null);
INSERT INTO `edu_org` VALUES ('37', '初一[2011级]', '六年级', '3', '1', '2', '4', '1', '1', '1,', '', '海淀分校/初中/六年级', null, null);
INSERT INTO `edu_org` VALUES ('38', '2014级', '初三', '3', '1', '2', '4', '1', '1', '1,', '', '海淀分校/初中/初三', null, null);
INSERT INTO `edu_org` VALUES ('39', '2014级', '初一', '3', '1', '1', '4', '1', '1', '1,', '', '海淀分校/初中/初一', null, null);
INSERT INTO `edu_org` VALUES ('40', '2013级', '初二', '3', '1', '1', '4', '2', '1', '1,', '', '海淀分校/初中/初二', null, null);
INSERT INTO `edu_org` VALUES ('41', '2012级', '初三', '3', '1', '1', '4', '3', '1', '1,', '', '海淀分校/初中/初三', null, null);
INSERT INTO `edu_org` VALUES ('42', '一班', '初三', '4', '1', '2', '23', '1', '', '', '', '朝阳分校/初中/2012级/初三', null, null);

-- ----------------------------
-- Table structure for edu_parents
-- ----------------------------
DROP TABLE IF EXISTS `edu_parents`;
CREATE TABLE `edu_parents` (
  `id` int(11) NOT NULL AUTO_INCREMENT,
  `mobile_phone` varchar(11) NOT NULL COMMENT '手机号',
  `login_name` varchar(20) NOT NULL COMMENT '登录名',
  `password` varchar(100) NOT NULL COMMENT '密码',
  `name` varchar(100) NOT NULL COMMENT '姓名',
  `sex` tinyint(2) DEFAULT NULL COMMENT '性别',
  `student_id` varchar(100) NOT NULL COMMENT '学生id',
  `is_send_msg` tinyint(2) NOT NULL DEFAULT '0' COMMENT '是否手机短信通知 1移动校园消息，2手机短信',
  `name_index` varchar(30) NOT NULL COMMENT '姓名索引',
  `birthday` int(11) DEFAULT NULL COMMENT '生日',
  `work_tel_no` varchar(20) DEFAULT NULL COMMENT '工作电话',
  `home_tel_no` varchar(20) DEFAULT NULL COMMENT '家庭电话',
  `add_home` varchar(255) DEFAULT NULL COMMENT '家庭住址',
  `home_post_no` int(6) DEFAULT NULL COMMENT '邮编',
  `qq` varchar(20) DEFAULT NULL COMMENT 'qq号码',
  `weixin` varchar(20) DEFAULT NULL COMMENT '微信号',
  `email` varchar(30) DEFAULT NULL COMMENT '邮箱',
  `avatar` varchar(255) DEFAULT NULL COMMENT '头像',
  `last_visit_time` int(11) DEFAULT NULL COMMENT '上次访问时间',
  `last_pass_time` int(11) DEFAULT NULL COMMENT '上次修改密码时间',
  `last_visit_ip` varchar(30) DEFAULT NULL COMMENT '上次访问ip',
  `online` int(11) DEFAULT NULL COMMENT '在线时长',
  `on_status` tinyint(2) NOT NULL DEFAULT '2' COMMENT '在线状态 1在线 2离线',
  `order_no` int(11) DEFAULT NULL COMMENT '排序',
  `not_login` tinyint(2) NOT NULL DEFAULT '0' COMMENT '禁止登陆 0允许，1禁止',
  `my_sign` varchar(255) DEFAULT NULL COMMENT '签名',
  `is_graduta` tinyint(2) DEFAULT '1' COMMENT '学生的毕业状态 1在校 2毕业',
  `create_user` varchar(30) DEFAULT NULL COMMENT '创建人',
  `create_time` int(11) DEFAULT NULL COMMENT '创建时间',
  `org_id` varchar(100) NOT NULL COMMENT '部门id',
  PRIMARY KEY (`id`),
  UNIQUE KEY `login_name` (`login_name`),
  KEY `student_id` (`student_id`),
  KEY `name_index` (`name_index`)
) ENGINE=InnoDB AUTO_INCREMENT=8 DEFAULT CHARSET=utf8 COMMENT='家长表';

-- ----------------------------
-- Records of edu_parents
-- ----------------------------
INSERT INTO `edu_parents` VALUES ('1', '', 'PXH00001', '$1$OW3.wF3.$GAamB1A7O8JSG0lu6LJ5v0', '张三', '1', ',21,', '0', 'z*s', null, '', '', '', null, '1234576', '', '', '562efba2ce063', '1446434069', null, '192.168.1.153', '1503', '2', '2', '0', '', '1', '1', '1444459587', ',18,');
INSERT INTO `edu_parents` VALUES ('2', '', 'PXH00009', '$1$tz1.W12.$XBDS4YELYWP7tRM8QfxaN/', '张武', '1', ',22,', '0', 'z*w', null, '', '', '', null, null, '', '', '', '1513428013', null, '127.0.0.1', '3613', '2', null, '0', '', '1', '1', '1444462351', ',18,');
INSERT INTO `edu_parents` VALUES ('3', '', 'pxh00100', '$1$iv0.PJ1.$1hd/4pNUjE80gGAjQ1anZ0', '岳非', '1', ',25,', '0', 'y*f', null, '', '', '', null, null, '', '', '', null, null, '', null, '2', null, '0', '', '1', '1', '1444889670', ',42,');
INSERT INTO `edu_parents` VALUES ('4', '', 'pxh00101', '$1$eN..w61.$H4Gh5UDyC9cYq7eV6KlAe.', '赵京', '1', ',26,', '0', 'zt*j', null, '', '', '', null, null, '', '', '', null, null, '', null, '2', null, '0', '', '1', '1', '1444889712', ',42,');
INSERT INTO `edu_parents` VALUES ('5', '', 'pxh00102', '$1$Fp..ZH1.$zIWdAouW5hfWBEnrxBgwb/', '李可威', '1', ',27,', '0', 'l*k*w', null, '', '', '', null, null, '', '', '', null, null, '', null, '2', null, '0', '', '1', '1', '1444889768', ',42,');
INSERT INTO `edu_parents` VALUES ('6', '', 'pxh00103', '$1$745.ZG..$dsP/FvQmS8BECa9G7RNHG0', '杨弘', '1', ',28,', '0', 'y*h', null, '', '', '', null, null, '', '', '', null, null, '', null, '2', null, '0', '', '1', '1', '1444889806', ',42,');
INSERT INTO `edu_parents` VALUES ('7', '', 'pxh00104', '$1$Hq4.17..$I.hm9elV0MR.QulS0uns8.', '杨山', '1', ',29,', '0', 'y*s', null, '', '', '', null, null, '', '', '', null, null, '', null, '2', null, '0', '', '1', '1', '1444889826', ',42,');

-- ----------------------------
-- Table structure for edu_peerresponse
-- ----------------------------
DROP TABLE IF EXISTS `edu_peerresponse`;
CREATE TABLE `edu_peerresponse` (
  `ID` int(11) NOT NULL AUTO_INCREMENT,
  `Year` int(255) DEFAULT NULL COMMENT '年份',
  `Range` int(255) DEFAULT NULL COMMENT '0:上学期 1:下学期',
  `StudentID` int(11) DEFAULT NULL COMMENT '学生ID',
  `EvaluateStudentID` int(255) DEFAULT NULL COMMENT '被评价学生ID',
  `Socre` int(255) DEFAULT NULL COMMENT '分数',
  PRIMARY KEY (`ID`)
) ENGINE=InnoDB AUTO_INCREMENT=3 DEFAULT CHARSET=utf8;

-- ----------------------------
-- Records of edu_peerresponse
-- ----------------------------
INSERT INTO `edu_peerresponse` VALUES ('1', '2017', '1', '26', '27', '50');
INSERT INTO `edu_peerresponse` VALUES ('2', '2017', '1', '26', '28', '60');

-- ----------------------------
-- Table structure for edu_practice
-- ----------------------------
DROP TABLE IF EXISTS `edu_practice`;
CREATE TABLE `edu_practice` (
  `id` int(11) NOT NULL AUTO_INCREMENT,
  `create_user` int(11) NOT NULL DEFAULT '0',
  `school_year` varchar(255) NOT NULL,
  `semester` varchar(255) NOT NULL,
  `org_id` int(11) NOT NULL DEFAULT '0',
  `grade` varchar(255) NOT NULL,
  `class` varchar(255) NOT NULL,
  `begin_time` int(11) NOT NULL DEFAULT '0',
  `end_time` int(11) NOT NULL DEFAULT '0',
  `activity_type` varchar(255) NOT NULL,
  `activity_description` varchar(255) NOT NULL,
  `activity_student` int(11) NOT NULL DEFAULT '0',
  `activity_teacher` int(11) NOT NULL DEFAULT '0',
  `submit_time` int(11) NOT NULL DEFAULT '0',
  `title` varchar(255) NOT NULL,
  `submit_teacher` int(11) NOT NULL DEFAULT '0',
  `people_type` tinyint(1) DEFAULT NULL COMMENT '新建实践活动人员类型0教师1学生',
  PRIMARY KEY (`id`)
) ENGINE=InnoDB AUTO_INCREMENT=15 DEFAULT CHARSET=utf8 COMMENT='学生活动表';

-- ----------------------------
-- Records of edu_practice
-- ----------------------------
INSERT INTO `edu_practice` VALUES ('1', '4', '2015-2016', '上学期', '18', '2014级', '1班', '1441468800', '1441555200', '社会实践', 'sdfasdfasdf', '4', '1', '1441521145', '测试活动', '2', '0');
INSERT INTO `edu_practice` VALUES ('4', '1', '2015-2016', '上学期', '18', '2014级', '1班', '1443369600', '1451577600', '社区实践', '元旦文艺晚会', '0', '10', '1443410067', '元旦晚会', '1', '0');
INSERT INTO `edu_practice` VALUES ('8', '4', '2007-2008', '上学期', '18', '2014级', '1班', '1443456000', '1443628800', '社会实践', 'shijianhuodong', '0', '0', '1443490474', '社区问候', '0', '1');
INSERT INTO `edu_practice` VALUES ('10', '11', '2015-2016', '上学期', '18', '2014级', '1班', '1444752000', '1444752000', '社区实践', '', '0', '0', '1444789453', '社区打扫', '11', '0');
INSERT INTO `edu_practice` VALUES ('11', '21', '2015-2016', '上学期', '18', '2014级', '1班', '1444924800', '1444924800', '社区实践', '如题，时间为10月16日的上午9:00-16:00.望各位不要迟到', '0', '0', '1444981824', '社区问候老人', '0', '1');
INSERT INTO `edu_practice` VALUES ('12', '21', '2015-2016', '上学期', '27', '2013级', '3班', '1445011200', '1445011200', '社区实践', '如题，时间为10月17日8:00-12:00', '0', '0', '1444982336', '公交站指路', '0', '1');
INSERT INTO `edu_practice` VALUES ('13', '22', '2015-2016', '上学期', '18', '2014级', '1班', '1445184000', '1445184000', '社区实践', '如题，时间为10月19日上午10:00到16:00，地址为学校图书馆。一起进步，望各位不要缺席', '0', '0', '1444983102', '读书行', '0', '1');
INSERT INTO `edu_practice` VALUES ('14', '22', '2015-2016', '上学期', '18', '2014级', '1班', '1444060800', '1444147200', '社区实践', '', '0', '0', '1444983387', '社会福利机构 关爱孤残儿童', '0', '1');

-- ----------------------------
-- Table structure for edu_record_setting
-- ----------------------------
DROP TABLE IF EXISTS `edu_record_setting`;
CREATE TABLE `edu_record_setting` (
  `id` int(11) NOT NULL AUTO_INCREMENT,
  `course_id` text NOT NULL COMMENT '课程id',
  `grade_id` text NOT NULL COMMENT '年级id',
  `course_type` tinyint(1) NOT NULL DEFAULT '1' COMMENT '1,课程，2选修课',
  `school_year` varchar(20) NOT NULL,
  `term` varchar(10) NOT NULL,
  `type` tinyint(1) NOT NULL DEFAULT '1',
  `level_data` text NOT NULL,
  PRIMARY KEY (`id`)
) ENGINE=InnoDB DEFAULT CHARSET=utf8;

-- ----------------------------
-- Records of edu_record_setting
-- ----------------------------

-- ----------------------------
-- Table structure for edu_registered
-- ----------------------------
DROP TABLE IF EXISTS `edu_registered`;
CREATE TABLE `edu_registered` (
  `id` int(11) NOT NULL AUTO_INCREMENT COMMENT '自增主键',
  `name` varchar(50) NOT NULL COMMENT '家长姓名',
  `sex` varchar(1) NOT NULL COMMENT '家长性别',
  `tel_number` varchar(20) NOT NULL COMMENT '电话号码',
  `password` varchar(50) NOT NULL COMMENT '密码',
  `email` varchar(50) NOT NULL COMMENT '电子邮箱',
  `register_date` int(11) NOT NULL COMMENT '注册日期',
  `school_year` varchar(50) NOT NULL COMMENT '学年',
  PRIMARY KEY (`id`)
) ENGINE=InnoDB DEFAULT CHARSET=utf8;

-- ----------------------------
-- Records of edu_registered
-- ----------------------------

-- ----------------------------
-- Table structure for edu_register_notice
-- ----------------------------
DROP TABLE IF EXISTS `edu_register_notice`;
CREATE TABLE `edu_register_notice` (
  `id` int(11) NOT NULL AUTO_INCREMENT COMMENT '自增主键',
  `title` varchar(200) NOT NULL COMMENT '通知标题',
  `school_category` varchar(50) NOT NULL COMMENT '学校类别',
  `class_type` varchar(50) NOT NULL COMMENT '报名班型',
  `notification_type` varchar(1) NOT NULL COMMENT '通知类型',
  `notification_content` mediumtext NOT NULL COMMENT '通知内容',
  `notification_name` varchar(200) NOT NULL COMMENT '通知人员',
  `relese_time` int(11) NOT NULL COMMENT '发布时间',
  `create_user` varchar(200) NOT NULL COMMENT '审核人',
  `school_year` varchar(50) NOT NULL COMMENT '学年',
  PRIMARY KEY (`id`)
) ENGINE=InnoDB DEFAULT CHARSET=utf8;

-- ----------------------------
-- Records of edu_register_notice
-- ----------------------------

-- ----------------------------
-- Table structure for edu_resources
-- ----------------------------
DROP TABLE IF EXISTS `edu_resources`;
CREATE TABLE `edu_resources` (
  `id` int(11) NOT NULL AUTO_INCREMENT COMMENT 'ID',
  `grade` int(11) NOT NULL COMMENT '年级id',
  `grade_name` varchar(50) NOT NULL COMMENT '年级名称',
  `subject` varchar(20) NOT NULL COMMENT '科目',
  `upload_user_name` varchar(20) NOT NULL COMMENT '上传人（用户名）',
  `upload_time` int(11) NOT NULL,
  `praise_count` int(11) NOT NULL COMMENT '点赞次数',
  `resource_name` varchar(200) NOT NULL COMMENT '资料名称',
  `resource_description` text NOT NULL COMMENT '资料描述',
  `click_count` int(255) NOT NULL COMMENT '点击次数',
  `teach_class` text NOT NULL COMMENT '所教班级',
  `create_user` varchar(200) NOT NULL COMMENT '创建人',
  `resource_type` char(13) NOT NULL,
  `level` int(13) DEFAULT '0',
  `org_id` int(11) NOT NULL DEFAULT '0' COMMENT '部门',
  PRIMARY KEY (`id`),
  KEY `grade_name` (`grade_name`),
  KEY `grade` (`grade`),
  KEY `upload_user_name` (`upload_user_name`)
) ENGINE=InnoDB AUTO_INCREMENT=21 DEFAULT CHARSET=utf8 COMMENT='教学资料';

-- ----------------------------
-- Records of edu_resources
-- ----------------------------
INSERT INTO `edu_resources` VALUES ('15', '6', '2014级', '语文', '段志明', '1444475181', '0', '《琵琶行》赏析', '通过写琵琶女生活的不幸，结合诗人自己在宦途所受到的打击，唱出了&ldquo;同是天涯沦落人，相逢何必曾相识&rdquo;的心声。社会的动荡，世态的炎凉，对不幸者命运的同情，对自身失意的感慨，这些本来积蓄在心中的沉痛感受，都一起倾于诗中。它在艺术上的成功还在于运用了优美鲜明的、有音乐感的语言，用视觉的形象来表现听觉所得来的感受；萧瑟秋风的自然景色和离情别绪，使作品更加感人。 　　诗人在这首诗中着力塑造了琵琶女的形象，通过它深刻地反映了封建社会中被侮辱被损害的乐伎、艺人的悲惨命运，抒发&ldquo;同是天涯沦落人&rdquo;的感情。诗的开头写&ldquo;秋夜送客&rdquo;，&ldquo;忽闻&rdquo;&ldquo;琵琶声&rdquo;，于是&ldquo;寻声&rdquo;&ldquo;暗问&rdquo;，&ldquo;移船&rdquo;&ldquo;邀相见&rdquo;，经过&ldquo;千呼万唤&rdquo;，然后歌女才&ldquo;半遮面&rdquo;地出来了。这种回荡曲折的描写，就为&ldquo;天涯沦落&rdquo;的主题奠定了基石。 　　接着以描写琵琶女弹奏乐曲来揭示她的内心世界。先是&ldquo;未成曲调&rdquo;之&ldquo;有情&rdquo;，然后&ldquo;弦弦&rdquo;&ldquo;声声思&rdquo;，诉尽了&ldquo;生平不得志&rdquo;和&ldquo;心中无限事&rdquo;，展现了琵琶女起伏回荡的心潮。 　　然后进而写琵琶女自诉身世：当年技艺曾教&ldquo;善才服&rdquo;，容貌&ldquo;妆成每被秋娘妒&rdquo;，京都少年&ldquo;争缠头&rdquo;，&ldquo;一曲红绡不知数&rdquo;。然而，时光流种如怨如慕、如泣如诉的描写，与上面她的弹水，&ldquo;暮去朝来颜色故&rdquo;、最终只好&ldquo;嫁作商人妇&rdquo;。这唱互为补充，完成了琵琶女这一形象的塑造。 　　最后写诗人感情的波涛为琵琶女的命运所激动，发出了&ldquo;同是天涯沦落人，相逢何必曾相识&rdquo;的感叹，抒发了同病相怜，同声相应的情怀。诗韵明快，步步映衬，处处点缀。 　　既层出不穷，又着落主题。真如江潮澎湃，波澜起伏，经久不息。反复吟诵，荡人胸怀，情味无限。语言铿锵，设喻形象。&ldquo;如急雨&rdquo;、&ldquo;如私语&rdquo;、&ldquo;水浆迸&rdquo;、&ldquo;刀枪鸣&rdquo;、&ldquo;珠落玉盘&rdquo;、&ldquo;莺语花底&rdquo;。这些读来如闻其声，如临其境。<br />\r\n<br />\r\n　　评论：长篇巨诗，酣畅生动，行云流水，一气贯注，扣人心弦，魅力尽显。语言生动，音韵和谐，情景交融，繁简适宜，通俗晓畅，自然流丽。思维形象，比喻贴切，无形音乐，具体可感，绘声绘色，惟妙惟肖，出神入化，引人入胜。', '3', '', '5', '5618f09dbec3f', '1', '10');
INSERT INTO `edu_resources` VALUES ('16', '6', '2014级', '语文', '段志明', '1444475263', '0', '《匆匆》赏析', '<pre accuse=\"aContent\" class=\"best-text mb-10\" id=\"best-content-1877603929\">\r\n燕子来而复去，杨柳枯了又青，桃花谢了再开，这本是人所习见的自然现象，但诗人触景生情，从中联想到自己年轻的生命，默算着二十四年八千多个日子的行踪，追索着生命的价值，发出了惋惜的喟叹。韶华易逝，青春难再，年青人必须珍惜光阴，万勿使其错过，《匆匆》的主旨，便在于倾吐自己对时日匆匆这一瞬息间的感受。这篇文章先写了日子一去不复返的特点；再写了自己八千多个日子来去匆匆和稍纵即逝，\r\n向我们说明要珍惜时间，时间一去不复返，告戒我们不要虚度光阴，&ldquo;莫等闲，白了少年头，空悲切。&rdquo;课文主要讲，时间过得匆匆，作者感叹自己没有留下游丝样的痕迹。告诉我们要珍惜时间，珍惜生命。\r\n</pre>\r\n', '5', '', '5', '5618f0bda03f7', '1', '10');
INSERT INTO `edu_resources` VALUES ('17', '6', '2014级', '语文', '段志明', '1444475359', '0', '《墙上的斑点》赏析', '墙上的斑点》发表于1919年,为伍尔夫的第一部意识流小说.小说描写主人公在一个普通日子的平常瞬间,抬头看见墙上的斑点,由此引发意识的飘逸流动,产生一系列幻觉和遐想.主人公一会由斑点联想到钉痕、挂肖像的前任房客；一会从对斑点的疑惑联想到生命的神秘、思想的不准确性和人类的无知；一会从猜测斑点是一个凸出的圆形联想到一座古象,进而想到忧伤、白骨和考古&hellip;最后发现墙上的斑点不过是一只蜗牛.小说打破传统既定俗套,通过人物头脑中的瞬间印象和冥想、内心活动和情绪变化,思接千载,视通万里,反映生活本质,揭示永恒真理.<br />\r\n墙上的斑点》突破传统小说的套路,没有情节,没有环境,也没有结局,作者只抓住人物瞬间的没有行动的印象感觉和沉思冥想,将我们引入人物的精神世界.小说的叙述者面目模糊,从文中内容推测,可能是一位女性,一位妻子,但这并不重要,重要的是她看到墙上的斑点以后所引发的内心活动.这内心活动主要是通过自由联想的方式表现出来的,于是我们看到在作者的遐想中,既有迅即更迭的生活速写,又有浅尝辄止的历史点击,还有不时生发的迷惘、虚幻的人生感喟,以及或愉快或忧郁的情绪.有人曾经指责伍尔夫的小说过分关注自我和内心,缺乏社会性.其实,当我们读到伍尔夫发出的&ldquo;该死的战争；让战争见鬼去吧&rdquo;的心声时,读到她想像出的那个&ldquo;没有教授、没有专家、没有警察面孔的管家&rdquo;,也没有&ldquo;尊卑序列表&rdquo;的&ldquo;十分可爱的世界&rdquo;时,社会的&ldquo;微尘&rdquo;已然落到了作者的心灵上,并且激起了回响与反应.这说明,不描写社会生活,并不等于远离社会生活.通过人物的意识来折射现实,同样能表现出社会性.这正如伍尔夫自己所认为的那样：&ldquo;小说就像一张蜘蛛网.也许只是极其轻微地黏附着,然而它还是四只脚都黏附在生活之上.&rdquo;因此,从作者无拘无束的意识流动中,我们依然可以看到作者对于人生的思索,对于现实的不满,以及对于自由、理想的追求.<br />\r\n传统小说中也有心理描写,但那些心理描写都是局部的,是依附于人物、情节或环境并为之服务的.意识流小说则将人物心理的意识流动作为独立的事件,置于作品的主体位置,表现出对传统小说的反叛性.<br />\r\n以一个支点为轴心向四周辐射,是伍尔夫小说的独特结构形式.在课文中,&ldquo;墙上的斑点&rdquo;是一个象征性意象,代表着现象世界,在结构上它是作者进入心理世界的一个跳板或者支点.也就是说,作品中的人物是从墙上的那个斑点出发,而产生出许多联想的；而每一段落的联想又都是以这个斑点作为支点而生发开去的.从支点出发,弹出思绪,再返回支点,再弹出思绪&hellip;&hellip;如此循环往复,表现出了人物散漫无序的意识活动. 具体地说,课文中主人公对于斑点的猜测共有六次： 为了确定是在哪一天第一次看到这个斑点,作者想起了冬天炉子里的火,想到了城堡塔楼上飘扬着一面鲜红的旗帜,想到了无数红色骑士潮水般地骑马跃上黑色岩壁的侧坡. 看到斑点好像是一枚钉子留下的痕迹,就想到了挂在钉子上的一定是一幅贵妇人的小肖像画,想到这所房子以前的房主,想到了铁路旁郊外的别墅. 看着斑点太大太圆,不像钉子,于是就想到了生命的神秘,人类的无知,想到了遗失的东西,想到了生活飞快的速度,想到了来世. 觉得斑点很可能是一个暗黑色的圆形物体或一片夏天残留下来的玫瑰花瓣,就想起了特洛伊城、莎士比亚,想起了人类保护自我形象的本能,想起了伦敦的星期日,还有惠特克的尊卑序列表. 看到斑点是凸出在墙上的圆形,就想到了古冢,退役的上校、牧师和他的老伴以及学者. 仔细看斑点时,就觉得好像在大海中抓住了一块木板,于是就想到了树,想到树的生存. 最后,终于发现,墙上的斑点原来是一只蜗牛. 这种以斑点为中心的纷繁的意识活动形成了一种立体的辐射结构,正如有的学者所说,好似一朵由若干片花瓣围绕着花蕊的盛开的鲜花.整个叙述貌似散漫无羁,实则结构对称,构思严谨.<br />\r\n在小说中,我们分不清哪些是内容,哪些是对内容的表达.意识流先驱人物亨利&middot;詹姆斯说：&ldquo;针和线分离就不能缝衣,内容和形式割裂即不成其为艺术品.&rdquo;《墙上的斑点》就是这样一篇内容与形式难以区分,内容即形式,形式也就是内容的作品.<br />\r\n墙上的斑点究竟是什么在小说中其实并不重要.重要的是&ldquo;斑点&rdquo;是&ldquo;我&rdquo;意识流动和转向的&ldquo;结&rdquo;,&ldquo;我&rdquo;通过这个&ldquo;结&rdquo;把众多互不关联的零碎思绪连成了一体.试分析小说的篇章结构,并探讨&ldquo;墙上的斑点&rdquo;这一形象在结构上起了什么作用.<br />\r\n《墙上的斑点》的开头更带有偶然与随意的特征. &ldquo;大约是在今年一月中旬,我抬起头来,第一次看见了墙上的那个斑点.&rdquo; 小说围绕着这个斑点展开,更确切地说,是围绕着作家对这个斑点的思绪展开,因为斑点本身实在没有什么,它只是&ldquo;一块圆形的小迹印,在雪白的墙壁上呈暗黑色,在壁炉上方大约六七英寸的地方&rdquo;.而&ldquo;我们的思绪是多么容易一哄而上,簇拥着一件新鲜事物,像一群蚂蚁狂热地抬一根稻草一样,抬了一会儿,又把它扔在那里&hellip;&hellip;&rdquo; 接下来,小说就一段一段地表现作家的思绪是怎样&ldquo;抬一会儿,又把它扔在那里&rdquo;的. 首先,如果斑点是钉子留下的痕迹,&ldquo;我&rdquo;设想那一定是为了挂一幅小肖像画.并猜想那幅画一定是件赝品,由此从画像判断出这所房子里曾住过的人家的品位,以及艺术品背后所应该包含的思想&hellip;&hellip;&ldquo;我&rdquo;的思绪脱离开斑点、房子与人家,自由地飘荡,又想到生命的神秘、人类的无知和人生的偶然性. 接着,又重新开始设想墙上的斑点,可能它是夏天残留下来的一片玫瑰花瓣造成的.&ldquo;我&rdquo;开始了静静的、安稳的、从容不迫的思考,离开表面的生硬的个别事实深深地、更深地沉下去.于是想起莎士比亚、查理一世时所种的花、自己的形象、未来的小说家以及希腊人与莎士比亚的概括；从概括又想到了日常的规矩,想什么是真正的标准、最后得出自己的一点结论,&ldquo;男性的观点支配着我们的生活,是它制定了标准,订出惠特克的尊卑序列表&hellip;&hellip;&rdquo;&ldquo;我&rdquo;的意识是跳跃性的、急剧更替的,同时又是支离破碎而又混乱无序的.既有细碎的回忆片断,又有各类飘忽的印象,还有自己那零星散落的思考,一个&ldquo;瞬间&rdquo;闪到另一个&ldquo;瞬间&rdquo;,飞快的速度与变幻的内容,令人目不暇接.读者确实难以跟上叙述者&ldquo;我&rdquo;的那份快捷的速度,但尽管如此,不能否认,读者能从中体会到叙述者&ldquo;我&rdquo;的、从&ldquo;重要的瞬间&rdquo;中获得的那种&ldquo;令人陶醉的、非法的自由感&rdquo;,与此同时,还能体会到一种&ldquo;令人心满意足的现实感&rdquo;与自由驰骋的惬意. 叙述者不断地给墙上的斑点赋予新的设想与新的形象. &ldquo;在某种光线下面看墙上那个斑点,它竟像是凸出在墙上的.&hellip;&hellip;我觉得如果我用手指顺着墙壁摸过去,在某一点上会摸着一个起伏的小小的古冢&hellip;&hellip;&rdquo;由此,叙述者&ldquo;我&rdquo;又想到自己与多数英国人一样偏爱忧伤,想到草地下埋着白骨,又想到古物收藏家以及与附近牧师的通信,最后想到博物馆里陈设的各类器具. 叙述者接着又回到斑点,设想假如斑点是一枚钉到墙里已有两百年的巨大的旧钉子的钉头,直到现在,由于一代又一代女仆耐心地擦拭,才得以露到油漆外面,这样做又能得到些什么呢?是否会得到知识呢?于是叙述者&ldquo;我&rdquo;的思绪便被引向了知识的问题.这个世界要是没有教授、没有专家、没有警察面孔的管家,会是一个十分可爱的世界──安宁而广阔,在旷野里盛开着鲜红和湛蓝色的花朵──这里是多么宁静啊──假如没有惠特克年鉴──假如没有尊卑序列表! 接下来,叙述者又从自己构想的没有尊卑秩序的乌托邦的大同世界回到现实之中,他清醒地认识到：&ldquo;谁又能对惠特克的尊卑序列表妄加非议呢?排在坎特伯雷大主教后面的是大法官,而大法官后面又是约克大主教.每一个人都必须排在某人的后面,这是惠特克的哲学.最要紧的是知道谁该排在谁的后面.&rdquo; 这是社会律.如果你对此很恼怒,那就接受&ldquo;大自然&rdquo;的忠告,去接受自然律的东西,去想想墙上的斑点吧!不妨通过注视墙上的斑点,来打断那些不愉快的思想. 这样,斑点的作用就凸现出来了,它不仅只是一个斑点,它代表着一种存在物,&ldquo;一种令人心满意足的现实感&rdquo;,它能帮助你摆脱思想的痛苦.于是,&ldquo;现在我越加仔细地看着它,就越发觉得好似在大海中抓住了一块木板&rdquo;.&ldquo;这里,是一件具体的东西,是一件真实的东西&rdquo;.它能把叙述者脑际里的那位大主教和那位大法官统统逐入虚无的幻境.而且,我们人类半夜从一场噩梦中惊醒,也会急忙扭亮电灯,静静地躺一会儿,赞赏着衣柜,赞赏着实在的物体,赞赏着现实,赞赏着身外的世界.可见,斑点作为物件,作为具体的东西,作为身外的世界,它能代表着一种现实感,带给人安慰,平静人的不愉快的思想.接着,叙述者又从赞赏衣柜,联想到木头,并认为&ldquo;木头是一件值得加以思索的愉快的事物&rdquo;.叙述者的思绪由木头──树──树木生长的草地、森林、小河边──树下的母牛──被树木点染的小河里逆流而上的鱼群──河床上的水甲虫；&ldquo;我&rdquo;还喜欢想像那棵树本身的情景──本质紧密干燥的感觉──受雷雨摧残──树液舒畅下滴；&ldquo;我&rdquo;还喜欢去想这棵树冬天夜晚独自屹立旷野──树叶紧紧合拢──六月里鸟儿的鸣啭──树皮折皱上小昆虫的爬行──最后暴风雨袭来,树倒了下去,生命也并未结束──还有其一百万条坚毅的生命分散在世界里──有的在卧室、在船上、在人行道上──或变成房间护壁板,男人和女人们喝过茶后会在这间屋里抽烟. 叙述者说,&ldquo;这棵树勾起了许许多多平静的、幸福的联想&rdquo;.然而,这种联想的跳跃之快,如同电影的画面一个又一个快速闪过,以至叙述者本人也难以使之定格、凝定,不能不承认这种跳跃速度太快了,叙述者&ldquo;我&rdquo;的思绪像脱缰的野马,处于失控状态,因而产生障碍,使&ldquo;我&rdquo;思后而不能想前了.&ldquo;我想到什么地方啦?是怎么样想到这里的呢?一棵树?一条河?丘陵草原地带?惠特克年鉴?盛开水仙花的原野?我什么也记不起来啦.一切在转动、在下沉、在滑开去、在消失&hellip;&hellip;事物陷进了大动荡之中.&rdquo; 正在这个思绪的大混乱之时,有人俯身对叙述者&ldquo;我&rdquo;说： &ldquo;我要出去买份报纸.&rdquo; &ldquo;是吗?&rdquo; &ldquo;不过买报纸也没有什么意思&hellip;&hellip;什么新闻都没有.该死的战争,让这次战争见鬼去吧!&hellip;&hellip;然而不论怎么说,我认为我们也不应该让一只蜗牛趴在墙壁上.&rdquo; 哦,墙上的斑点!那是一只蜗牛. 喧哗的生活、战争的残酷又使漫游的思绪被拉回到现实社会的日常情景中,种种设想的游戏与不同轨迹漫游的虚境终于被打破了,哦,现实地去看那个真实的斑点,原来是一只蜗牛. 《墙上的斑点》作为一篇纯正的意识流代表作享誉中外文坛.它以一种全新的面貌出现,随即就以其全新的面貌征服了读者,征服了世界. 正因为它的新颖、它对传统的反动,让批评界面对它哑然失语,找不到评论的语汇与概念.即使在今天,它的那份纷乱与杂糅,飘忽的意识的无定向、无轨迹,仍然使人感到归纳与概括的困难.尤其对情节的梳理与复述,更是一件难上加难的事情.《墙上的斑点》情节梳理的立足点,在于叙述者几次都从思绪漫游的终端又回到斑点,再重新依新的设想出征,这几个往复的轨迹,成了这篇小说所能把握得到的脉络. 然而,叙述者&ldquo;我&rdquo;的每一次思绪的漫游则是无轨迹可循的,有时让人感到如同幻觉般天马行空,跳跃式地向前跃进,一件事与一件事之间,一个对象与另一个对象之间,既无必然的联系,也无偶然的关联,甚至也没有提供必要的过渡.可见,它在主观意识方面,比《邱园记事》走得更远.它基本上撇开了现实中客观存在物与外在的东西,除了偶尔回到斑点这一依托物之外,几乎完全任人物的意识自在地、任意地、无需限制也无需依附地作纯精神性的流动.伍尔夫让读者看到,人的主观的意识的宝藏有多么的丰富,将墙上的斑点作一个稍微不同的假设,就会引出无穷多的互不相同的缤纷的思绪,真如伍尔夫所说的千万个印象像原子一样落入心头.矫枉必然过正,女作家对此大概有所领悟,她对人物的精神世界的强力推行,对客观外界因素的大刀阔斧的弃绝,使她将人物的意识流的动感与美感表现到了极致,这份真实、这份迷人,不能不令读者折服,不能不让批评家们承认,因此,它才一举奠定了现代小说在英国的地位.英国现代小说能迅速地占据自己的一席之地,基本上没有与传统势力打过多的拉锯仗,与《墙上的斑点》等实验小说的成功的铺垫是不无关系的.几个年轻人能快速而又成功地颠覆自古希腊以来长达两千多年的&ldquo;模仿说&rdquo;&ldquo;镜子说&rdquo;等正统的文学观念与文学规矩,应该说,《墙上的斑点》作为英国意识流小说打响的第一炮,是功不可没的. 《墙上的斑点》一举成功是非常不易的,首先难在它的变革性,它是一篇拓荒之作,无规可循,无矩可蹈.与传统小说比起来,它更大的难度还在于其纯精神性.应该说,讲故事或编故事本身并不太难,何况还有多少代前人可以参照与借鉴.描摹现实也相对便于驾驭,因为毕竟有生活做蓝本,毕竟有人物做原型.而纯意识与纯精神的东西,则看不见摸不着,无从效仿,也无所凭附,应该说,现代小说在难度上是要胜于传统小说的,难怪伍尔夫曾表白过自己对祖先在阴凉里拿着书消磨时间的逍遥自在的艳羡.《墙上的斑点》所表现的最大的难点在于它的杂糅.一般的人或许还能当上传统作家,但很难胜任意识流作家这样类型的作家.因为它的杂糅需要作家有丰富的积累与多方面的才能,而不只是单方面的才能.如叙述才能,也就是讲故事的才能,或结构才能,也就是组织材料的才能,或思想的深刻,或题材的独特,这些单方面的才能,都有可能树立起一个传统作家,然而,这些在现代作家那里都变得没有那么重要.意识流作家不关心叙事,也不关心所谓题材,他只关注人物的精神、人物的意识与人物的心灵印象.而纯精神性世界的建构必须以破碎、杂糅来完成.这种杂糅完全脱离外部事件,因而需要作家的多方面的功力.在《墙上的斑点》中,随着叙事者&ldquo;我&rdquo;的意识的流动,既杂糅进了作者的渊博的知识与文化,又杂糅进了作家对世界、对人生的领悟与对社会的认识,如对男权等社会秩序的反感,还杂糅进作者对自然景色,如由一棵树所联想的风景的体验.如果只存留着某一方面,都会导致一种单调,同时它的定向性,自然也会产生一定的逻辑性、理性与清晰性,而不能构成一种真正的无主导性的意识流的风格.伍尔夫对于历史、文化都有很好的修养,就是那&ldquo;古冢&rdquo;的想像,英国人偏爱忧伤的说法,都足见作家本人的那份文化底蕴.从星期日午后的散步,星期日的午餐,想到一定的规矩,再想到标准的制定,男人的标准,惠特克的尊卑序列表,足见女作家于细微处见真谛,对社会的本质有着深刻的洞悉.在小说的后边部分,女作家对一棵树以及树的相关景色的那份体验性的、细腻、准确而生动的描绘,满载着作家本人那份愉悦欢快的心情,又是那样富于感染力,让人心醉.如果作家没有这些能力,没有丰富的积累与自己的见识,意识何以流动,又怎能流动!作家的内涵,多方面的能力与修养,才是真正使意识得以流动的河床.因此,我认为,意识流小说远远不只是人们通常所认为的那样,只是一种技巧,只是一种叙述视角上的花样翻新,它是非常需要超常的各方面的功力的,既需知识文化的,又需思想观念的,还需情感体验的,当然也离不开文学艺术的感悟力与智慧.同样可以说,读意识流小说,读现代小说也是需要读者具备多方面的功力的,否则难以读懂,至少是读不出它的韵味与深意来<br />\r\n本篇小说是以一个原点为轴心向四周辐射的,这是伍尔夫小说的独特的结构形式.文中的&ldquo;斑点&rdquo;是一个象征性意象,在结构上是作者引导读者进入心理世界的一个跳板或支点.作品的所有线索都从&ldquo;斑点&rdquo;出发,展开叙述,再返回支点,再弹出思绪,好似一朵由多层花瓣围着花蕊的鲜花.是&ldquo;斑点&rdquo;把它们串连或叠加在一起了.&ldquo;斑点&rdquo;成了一个&ldquo;结&rdquo;,整个课文就是由对&ldquo;斑点&rdquo;的六次心理猜测连缀而成.在这里,通常所说的作为文学形式的结构与作为文学内容的作者、人物的心理活动浑然连成一体,形式与内容难以区分.', '8', '', '5', '5618f0c57278b', '1', '10');
INSERT INTO `edu_resources` VALUES ('20', '6', '2014级', '语文', '段志明', '1445840424', '0', '《早发白帝城》', '详细阅读《早发白帝城》赏析。已上传在附件', '3', '', '5', '5618f0a3b3524', '1', '10');

-- ----------------------------
-- Table structure for edu_reward
-- ----------------------------
DROP TABLE IF EXISTS `edu_reward`;
CREATE TABLE `edu_reward` (
  `id` int(11) NOT NULL AUTO_INCREMENT COMMENT 'ID',
  `student_id` text NOT NULL COMMENT '学生id',
  `semester` varchar(200) NOT NULL COMMENT '学期',
  `year` varchar(200) NOT NULL COMMENT '学年',
  `reward_type` varchar(200) NOT NULL COMMENT '奖惩类型',
  `is_bonus` tinyint(1) NOT NULL COMMENT '是否有奖金或罚款',
  `money_count` varchar(200) NOT NULL COMMENT '奖罚数额',
  `build_time` int(11) NOT NULL COMMENT '时间',
  `bild_user` int(11) NOT NULL COMMENT '操作员',
  `reason` text NOT NULL COMMENT '事由',
  `create_user` int(11) NOT NULL COMMENT '创建人',
  `create_time` int(11) NOT NULL COMMENT '创建时间',
  PRIMARY KEY (`id`)
) ENGINE=InnoDB AUTO_INCREMENT=18 DEFAULT CHARSET=utf8;

-- ----------------------------
-- Records of edu_reward
-- ----------------------------
INSERT INTO `edu_reward` VALUES ('1', ',4,', '上学期', '2015-2016', '奖励', '1', '100', '1439481600', '1', '111', '1', '0');
INSERT INTO `edu_reward` VALUES ('3', ',1,', '上学期', '2015-2016', '奖励', '1', '100', '1443110400', '1', '111', '1', '1443164501');
INSERT INTO `edu_reward` VALUES ('4', ',1,', '上学期', '2015-2016', '奖励', '1', '100', '1443110400', '1', '1111', '1', '1443164496');
INSERT INTO `edu_reward` VALUES ('5', ',1,', '上学期', '2015-2016', '奖励', '1', '100', '1443110400', '0', '111', '1', '1443163218');
INSERT INTO `edu_reward` VALUES ('6', ',1,', '上学期', '2015-2016', '奖励', '1', '100', '1443110400', '0', '1111', '1', '1443163836');
INSERT INTO `edu_reward` VALUES ('7', ',1,', '上学期', '2015-2016', '奖励', '1', '100', '1443110400', '0', '0', '1', '1443171562');
INSERT INTO `edu_reward` VALUES ('8', ',1,', '上学期', '2015-2016', '奖励', '1', '100', '1443369600', '0', '0', '1', '1443404614');
INSERT INTO `edu_reward` VALUES ('13', ',1,', '上学期', '2015-2016', '补助', '0', '', '1443369600', '1', '0', '1', '1443405820');
INSERT INTO `edu_reward` VALUES ('14', ',1,', '上学期', '2016-2017', '奖励', '0', '', '1443369600', '0', '0', '1', '1443406559');
INSERT INTO `edu_reward` VALUES ('15', ',1,', '下学期', '2015-2016', '惩罚', '0', '', '1443369600', '1', '0', '1', '1443406695');
INSERT INTO `edu_reward` VALUES ('16', ',1,6,2,19,3,8,12,13,4,5,7,14,18,', '上学期', '2015-2016', '奖励', '0', '', '0', '0', '0', '1', '1443406985');
INSERT INTO `edu_reward` VALUES ('17', ',4,', '上学期', '2015-2016', '奖励', '1', '200', '1443369600', '0', '0', '11', '1443419129');

-- ----------------------------
-- Table structure for edu_row_class_courserule
-- ----------------------------
DROP TABLE IF EXISTS `edu_row_class_courserule`;
CREATE TABLE `edu_row_class_courserule` (
  `id` int(11) NOT NULL AUTO_INCREMENT,
  `mid` int(11) NOT NULL,
  `cid` int(11) NOT NULL,
  `rule` longtext NOT NULL,
  PRIMARY KEY (`id`)
) ENGINE=InnoDB DEFAULT CHARSET=utf8;

-- ----------------------------
-- Records of edu_row_class_courserule
-- ----------------------------

-- ----------------------------
-- Table structure for edu_row_class_json
-- ----------------------------
DROP TABLE IF EXISTS `edu_row_class_json`;
CREATE TABLE `edu_row_class_json` (
  `id` int(11) NOT NULL AUTO_INCREMENT,
  `mid` int(11) NOT NULL,
  `temporary` longtext NOT NULL,
  PRIMARY KEY (`id`)
) ENGINE=InnoDB DEFAULT CHARSET=utf8;

-- ----------------------------
-- Records of edu_row_class_json
-- ----------------------------

-- ----------------------------
-- Table structure for edu_row_class_manage
-- ----------------------------
DROP TABLE IF EXISTS `edu_row_class_manage`;
CREATE TABLE `edu_row_class_manage` (
  `id` int(11) NOT NULL AUTO_INCREMENT,
  `config_name` varchar(255) NOT NULL,
  `create_user` varchar(255) NOT NULL,
  `create_time` datetime NOT NULL,
  `step` int(11) NOT NULL,
  PRIMARY KEY (`id`)
) ENGINE=InnoDB DEFAULT CHARSET=utf8;

-- ----------------------------
-- Records of edu_row_class_manage
-- ----------------------------

-- ----------------------------
-- Table structure for edu_row_class_templet
-- ----------------------------
DROP TABLE IF EXISTS `edu_row_class_templet`;
CREATE TABLE `edu_row_class_templet` (
  `tid` int(11) NOT NULL AUTO_INCREMENT,
  `content` longtext NOT NULL,
  `tname` varchar(255) NOT NULL,
  `uid` int(11) NOT NULL,
  PRIMARY KEY (`tid`)
) ENGINE=InnoDB DEFAULT CHARSET=utf8;

-- ----------------------------
-- Records of edu_row_class_templet
-- ----------------------------

-- ----------------------------
-- Table structure for edu_row_class_templetrule
-- ----------------------------
DROP TABLE IF EXISTS `edu_row_class_templetrule`;
CREATE TABLE `edu_row_class_templetrule` (
  `id` int(11) NOT NULL AUTO_INCREMENT,
  `mid` int(11) NOT NULL,
  `gid` int(11) NOT NULL,
  `tid` int(11) NOT NULL,
  PRIMARY KEY (`id`)
) ENGINE=InnoDB DEFAULT CHARSET=utf8;

-- ----------------------------
-- Records of edu_row_class_templetrule
-- ----------------------------

-- ----------------------------
-- Table structure for edu_safe_education
-- ----------------------------
DROP TABLE IF EXISTS `edu_safe_education`;
CREATE TABLE `edu_safe_education` (
  `ID` int(11) NOT NULL AUTO_INCREMENT,
  `Theme` varchar(255) NOT NULL COMMENT '主题',
  `Time` datetime NOT NULL COMMENT '时间',
  `Organizer` varchar(255) DEFAULT NULL COMMENT '组织者',
  `Student` varchar(2000) DEFAULT NULL COMMENT '参与学生',
  `Describe` varchar(2000) DEFAULT NULL COMMENT '描述',
  PRIMARY KEY (`ID`)
) ENGINE=InnoDB DEFAULT CHARSET=utf8;

-- ----------------------------
-- Records of edu_safe_education
-- ----------------------------

-- ----------------------------
-- Table structure for edu_safe_firefighting
-- ----------------------------
DROP TABLE IF EXISTS `edu_safe_firefighting`;
CREATE TABLE `edu_safe_firefighting` (
  `ID` int(11) NOT NULL AUTO_INCREMENT,
  `Location` varchar(2000) DEFAULT NULL COMMENT '器材位置',
  `InputTime` datetime DEFAULT NULL,
  `BuyTime` datetime DEFAULT NULL COMMENT '购买时间',
  `ExtinguisherNum` int(11) DEFAULT NULL COMMENT '灭火器数量',
  `FireplugNum` int(11) DEFAULT NULL COMMENT '消火栓个数',
  `Manager` varchar(255) DEFAULT NULL COMMENT '管理人',
  `MaintainState` varchar(2000) DEFAULT NULL COMMENT '保养情况',
  `Memo` varchar(2000) DEFAULT NULL COMMENT '备注',
  PRIMARY KEY (`ID`)
) ENGINE=InnoDB DEFAULT CHARSET=utf8;

-- ----------------------------
-- Records of edu_safe_firefighting
-- ----------------------------

-- ----------------------------
-- Table structure for edu_safe_hiddendanger
-- ----------------------------
DROP TABLE IF EXISTS `edu_safe_hiddendanger`;
CREATE TABLE `edu_safe_hiddendanger` (
  `ID` int(11) NOT NULL AUTO_INCREMENT,
  `Organizer` varchar(255) NOT NULL COMMENT '组织者',
  `CheckTime` datetime NOT NULL COMMENT '检查时间',
  `Participant` varchar(500) DEFAULT NULL COMMENT '参加人员',
  `RectificationMeasures` varchar(1000) DEFAULT NULL COMMENT '整改内容',
  `Address` varchar(500) DEFAULT NULL COMMENT '地点',
  PRIMARY KEY (`ID`)
) ENGINE=InnoDB AUTO_INCREMENT=3 DEFAULT CHARSET=utf8;

-- ----------------------------
-- Records of edu_safe_hiddendanger
-- ----------------------------
INSERT INTO `edu_safe_hiddendanger` VALUES ('2', '时代感和速度发货', '2016-08-12 00:00:00', '为其他图 ', '切图', null);

-- ----------------------------
-- Table structure for edu_safe_safetycheck
-- ----------------------------
DROP TABLE IF EXISTS `edu_safe_safetycheck`;
CREATE TABLE `edu_safe_safetycheck` (
  `ID` int(11) NOT NULL AUTO_INCREMENT,
  `Time` datetime NOT NULL COMMENT '检查时间',
  `CheckPosition` varchar(2000) DEFAULT NULL COMMENT '检查情况',
  `CheckCondition` varchar(2000) DEFAULT NULL COMMENT '检查条件',
  `Crew` varchar(2000) DEFAULT NULL COMMENT '检查人员',
  `Memo` varchar(2000) DEFAULT NULL COMMENT '备注',
  PRIMARY KEY (`ID`)
) ENGINE=InnoDB AUTO_INCREMENT=3 DEFAULT CHARSET=utf8;

-- ----------------------------
-- Records of edu_safe_safetycheck
-- ----------------------------
INSERT INTO `edu_safe_safetycheck` VALUES ('1', '2016-08-12 00:00:00', null, null, null, null);
INSERT INTO `edu_safe_safetycheck` VALUES ('2', '2016-08-12 00:00:00', null, null, null, null);

-- ----------------------------
-- Table structure for edu_school_calendar
-- ----------------------------
DROP TABLE IF EXISTS `edu_school_calendar`;
CREATE TABLE `edu_school_calendar` (
  `id` int(11) unsigned NOT NULL AUTO_INCREMENT COMMENT '唯一自增主键ID',
  `school_year` varchar(30) NOT NULL COMMENT '学年',
  `school_term` varchar(11) NOT NULL COMMENT '学期',
  `event` varchar(100) NOT NULL COMMENT '事件',
  `holiday_ny` varchar(11) NOT NULL COMMENT '是否放假',
  `star_time` int(11) NOT NULL COMMENT '开始时间',
  `end_time` int(11) NOT NULL COMMENT '结束时间',
  `grade_type` varchar(30) NOT NULL COMMENT '学段类型',
  `description` text NOT NULL COMMENT '事件描述',
  `create_time` int(11) NOT NULL COMMENT '创建时间',
  `create_user` varchar(11) NOT NULL COMMENT '创建人',
  `create_user_name` varchar(30) NOT NULL COMMENT '创建人姓名',
  PRIMARY KEY (`id`)
) ENGINE=InnoDB AUTO_INCREMENT=24 DEFAULT CHARSET=utf8;

-- ----------------------------
-- Records of edu_school_calendar
-- ----------------------------
INSERT INTO `edu_school_calendar` VALUES ('3', '2015-2016', '上学期', '0', '0', '1441036800', '1441036800', '小学', '开学', '1444699164', '1', '系统管理员');
INSERT INTO `edu_school_calendar` VALUES ('4', '2015-2016', '上学期', '0', '0', '1441123200', '1441123200', '小学', '开学典礼', '1444699174', '1', '系统管理员');
INSERT INTO `edu_school_calendar` VALUES ('5', '2015-2016', '上学期', '0', '1', '1443628800', '1444147200', '小学', '国庆节', '1444699200', '1', '系统管理员');
INSERT INTO `edu_school_calendar` VALUES ('6', '2015-2016', '上学期', '0', '1', '1441814400', '1441814400', '小学', '教师节', '1444699213', '1', '系统管理员');
INSERT INTO `edu_school_calendar` VALUES ('7', '2015-2016', '上学期', '0', '0', '1445356800', '1445356800', '小学', '重阳节', '1444699261', '1', '系统管理员');
INSERT INTO `edu_school_calendar` VALUES ('8', '2015-2016', '上学期', '0', '0', '1446220800', '1446220800', '小学', '万圣节', '1444699270', '1', '系统管理员');
INSERT INTO `edu_school_calendar` VALUES ('9', '2015-2016', '上学期', '0', '0', '1444406400', '1444406400', '小学', '辛亥革命纪念日', '1444699293', '1', '系统管理员');
INSERT INTO `edu_school_calendar` VALUES ('10', '2015-2016', '上学期', '0', '1', '1447171200', '1447171200', '小学', '光棍节。', '1444705238', '1', '系统管理员');
INSERT INTO `edu_school_calendar` VALUES ('11', '2015-2016', '上学期', '0', '1', '1447689600', '1447689600', '小学', '大学生节', '1444701503', '1', '系统管理员');
INSERT INTO `edu_school_calendar` VALUES ('12', '2015-2016', '上学期', '0', '1', '1447344000', '1447344000', '小学', '随便写', '1444701299', '1', '系统管理员');
INSERT INTO `edu_school_calendar` VALUES ('13', '2015-2016', '上学期', '0', '1', '1448467200', '1448467200', '小学', '感恩节', '1444701505', '1', '系统管理员');
INSERT INTO `edu_school_calendar` VALUES ('15', '2015-2016', '上学期', '0', '1', '1448899200', '1448899200', '小学', '艾滋病日', '1444701537', '1', '系统管理员');
INSERT INTO `edu_school_calendar` VALUES ('16', '2015-2016', '上学期', '0', '1', '1449417600', '1449417600', '小学', '大雪', '1444701547', '1', '系统管理员');
INSERT INTO `edu_school_calendar` VALUES ('17', '2015-2016', '上学期', '0', '1', '1449676800', '1449676800', '小学', '人权日', '1444701554', '1', '系统管理员');
INSERT INTO `edu_school_calendar` VALUES ('18', '2015-2016', '上学期', '0', '1', '1449936000', '1449936000', '小学', '南京大屠杀纪念日', '1444701569', '1', '系统管理员');
INSERT INTO `edu_school_calendar` VALUES ('19', '2015-2016', '上学期', '0', '1', '1450540800', '1450540800', '小学', '澳门回归纪念日', '1444701582', '1', '系统管理员');
INSERT INTO `edu_school_calendar` VALUES ('20', '2015-2016', '上学期', '0', '1', '1450886400', '1450886400', '小学', '平安夜', '1444701590', '1', '系统管理员');
INSERT INTO `edu_school_calendar` VALUES ('21', '2015-2016', '上学期', '0', '1', '1450972800', '1450972800', '小学', '圣诞节', '1444701595', '1', '系统管理员');
INSERT INTO `edu_school_calendar` VALUES ('22', '2015-2016', '上学期', '0', '1', '1451577600', '1451577600', '小学', '元旦', '1444701606', '1', '系统管理员');
INSERT INTO `edu_school_calendar` VALUES ('23', '2015-2016', '上学期', '0', '1', '1441900800', '1441900800', '小学', '', '1445910142', '1', '系统管理员');

-- ----------------------------
-- Table structure for edu_school_calendar_des
-- ----------------------------
DROP TABLE IF EXISTS `edu_school_calendar_des`;
CREATE TABLE `edu_school_calendar_des` (
  `id` int(11) unsigned NOT NULL AUTO_INCREMENT COMMENT '唯一自增主键ID',
  `school_year` varchar(30) NOT NULL COMMENT '学年',
  `school_term` varchar(11) NOT NULL COMMENT '学期',
  `grade_type` varchar(50) NOT NULL COMMENT '学段类型',
  `description` text NOT NULL COMMENT '校历说明',
  `create_time` int(11) NOT NULL COMMENT '创建时间',
  `create_user` int(11) NOT NULL COMMENT '创建人',
  PRIMARY KEY (`id`)
) ENGINE=InnoDB DEFAULT CHARSET=utf8;

-- ----------------------------
-- Records of edu_school_calendar_des
-- ----------------------------

-- ----------------------------
-- Table structure for edu_score
-- ----------------------------
DROP TABLE IF EXISTS `edu_score`;
CREATE TABLE `edu_score` (
  `id` int(11) NOT NULL AUTO_INCREMENT,
  `student_id` int(11) NOT NULL COMMENT '学生ID',
  `class_id` int(11) NOT NULL COMMENT '所在班级',
  `grade_id` int(11) NOT NULL COMMENT '所在年级',
  `grade_name` varchar(100) NOT NULL COMMENT '年级名称',
  `subject` int(4) NOT NULL COMMENT '考试科目',
  `school_year` varchar(100) NOT NULL COMMENT '学年',
  `term` varchar(50) NOT NULL COMMENT '学期',
  `exam_id` int(11) NOT NULL COMMENT '考试名',
  `exam_type` char(13) NOT NULL COMMENT '考试类型',
  `exam_number` varchar(100) NOT NULL COMMENT '考号',
  `score` varchar(10) NOT NULL COMMENT '分数',
  `score_level` varchar(10) NOT NULL COMMENT '成绩等级',
  `exam_check` varchar(100) NOT NULL COMMENT '考情',
  `head_teacher` int(11) NOT NULL COMMENT '班主任',
  `subject_teacher` int(11) NOT NULL COMMENT '任课教师',
  `create_time` int(11) NOT NULL COMMENT '录入时间',
  `create_user` int(10) NOT NULL COMMENT '录入人员',
  `update_time` int(11) NOT NULL COMMENT '更新时间',
  `update_user` int(10) NOT NULL COMMENT '更新人员',
  PRIMARY KEY (`id`)
) ENGINE=InnoDB AUTO_INCREMENT=8 DEFAULT CHARSET=utf8;

-- ----------------------------
-- Records of edu_score
-- ----------------------------
INSERT INTO `edu_score` VALUES ('1', '1', '18', '6', '一年级', '1', '2015-2016', '上学期', '1', '55c2c2501b409', '', '89', 'A', '1', '1', '1', '1439276453', '1', '1439276453', '1');
INSERT INTO `edu_score` VALUES ('2', '1', '18', '6', '一年级', '1', '2014-2015', '下学期', '1', '55c2c23972fd8', '', '78', 'B', '1', '1', '1', '1440568706', '1', '1440568706', '1');
INSERT INTO `edu_score` VALUES ('3', '1', '18', '6', '一年级', '1', '2015-2016', '上学期', '3', '55c2c2501b409', '', '89', 'B', '1', '1', '1', '1442907652', '1', '1442915083', '1');
INSERT INTO `edu_score` VALUES ('4', '6', '18', '6', '一年级', '1', '2015-2016', '上学期', '3', '55c2c2501b409', '', '90', 'A', '1', '1', '1', '1442907652', '1', '1442915083', '1');
INSERT INTO `edu_score` VALUES ('5', '2', '19', '6', '一年级', '1', '2015-2016', '上学期', '3', '55c2c2501b409', '', '90', '', '1', '2', '1', '1442914300', '1', '1442914425', '1');
INSERT INTO `edu_score` VALUES ('6', '1', '18', '6', '一年级', '1', '2015-2016', '上学期', '9', '55c2c256bb783', '', '66', 'C', '1', '1', '1', '1443079641', '1', '1443079641', '1');
INSERT INTO `edu_score` VALUES ('7', '6', '18', '6', '一年级', '1', '2015-2016', '上学期', '9', '55c2c256bb783', '', '96', 'A', '1', '1', '1', '1443079641', '1', '1443079641', '1');

-- ----------------------------
-- Table structure for edu_selfstatement
-- ----------------------------
DROP TABLE IF EXISTS `edu_selfstatement`;
CREATE TABLE `edu_selfstatement` (
  `ID` int(11) NOT NULL AUTO_INCREMENT,
  `StudentID` int(11) DEFAULT NULL,
  `StudentName` varchar(255) DEFAULT NULL,
  `Memo` varchar(500) DEFAULT NULL,
  `Year` int(255) DEFAULT NULL,
  `Range` int(255) DEFAULT NULL COMMENT '0:上学期;1:下学期',
  PRIMARY KEY (`ID`)
) ENGINE=InnoDB AUTO_INCREMENT=2 DEFAULT CHARSET=utf8;

-- ----------------------------
-- Records of edu_selfstatement
-- ----------------------------
INSERT INTO `edu_selfstatement` VALUES ('1', '0', null, 'test1111bbbbccccc', '2017', '0');

-- ----------------------------
-- Table structure for edu_share
-- ----------------------------
DROP TABLE IF EXISTS `edu_share`;
CREATE TABLE `edu_share` (
  `id` int(11) unsigned NOT NULL AUTO_INCREMENT COMMENT '唯一自增主键ID',
  `create_user` int(11) NOT NULL COMMENT '创建者ID',
  `create_user_name` varchar(50) DEFAULT NULL COMMENT '创建者姓名',
  `create_time` varchar(50) NOT NULL COMMENT '创建时间',
  `title` varchar(50) NOT NULL COMMENT '标题',
  `share_content` text NOT NULL COMMENT '教育分享内容',
  `org_id` int(11) NOT NULL COMMENT '教育分享内容',
  `praise_count` int(11) DEFAULT NULL COMMENT '点赞次数',
  `view_count` int(11) DEFAULT NULL COMMENT '查看次数',
  `people_type` int(11) DEFAULT NULL COMMENT '人员类型',
  PRIMARY KEY (`id`)
) ENGINE=InnoDB AUTO_INCREMENT=25 DEFAULT CHARSET=utf8;

-- ----------------------------
-- Records of edu_share
-- ----------------------------
INSERT INTO `edu_share` VALUES ('10', '1', '张的发', '1444290970', '关于孩子的教育方法', '1．每天花半个小时和孩子交流。<br />\r\n2．和孩子在家也要使用文明用语，&ldquo;早上好，请，谢谢，晚安&rdquo;等等。<br />\r\n3．让孩子养成爱卫生的好习惯。<br />\r\n4．多听听的想法与愿望。<br />\r\n5 .&nbsp; 陪孩子进行运动，时常关注孩子的情绪变化', '8', '1', '19', '0');
INSERT INTO `edu_share` VALUES ('11', '1', '系统管理员', '1444473435', '实现教育资源共享', '实现教育资源共享，必须要满足一下三点：<br />\r\n1）、观念、共识、规则和机制是资源共建共享的四个必要因素；<br />\r\n2）、资源共建共享要努力实现标准化、市场化和产业化；<br />\r\n3）、推进共建共享, 建立共享机制的程序和步骤。 具体来说，应该做到如下内容：要实现高校网络教育资源共享，高校之间就要相互沟通，交换服务信息，进行合作，这是高校网络教育资源共享内在的组织启动机制。影响我国网络教学资源共建共享的一个主要因素就是制度、规范化的管理以及法律还不是很健全。我国需要建立统一规范的技术标准，对资源建设的质量和部门要尽快统一我国远程教育', '18', '2', '11', '2');
INSERT INTO `edu_share` VALUES ('12', '1', '段志明', '1444473714', '教育孩子过程中,分享一条我认为好的学习方法 ', '教育孩子耐心、细心，为每天的收获而感恩，而不是抱怨没得到的东西。多与孩子交流，而不是一味的玩手机看电视。', '18', '1', '10', '2');
INSERT INTO `edu_share` VALUES ('13', '11', '段志明', '1444473872', '正确的方法教育孩子？', '1．给孩子一些私人空间。<br />\r\n&nbsp; 2．给孩子选择的机会和权利。<br />\r\n&nbsp; 3．让孩子自由选择自己的伙伴、朋友。<br />\r\n&nbsp; 4．让孩子做想做的事。<br />\r\n&nbsp; 5．让孩子做一些力所能及的家务，如洗洗自己的衣服、烧水煮饭等，让他意识到自己是家庭成员中的一分子。<br />\r\n&nbsp;', '10', '1', '7', '0');
INSERT INTO `edu_share` VALUES ('14', '5', '段志明', '1444473929', '教育孩子的一些心得', '1．给孩子一些钱，让孩子学会理财。<br />\r\n2．没有得到孩子的许可，不要看孩子的日记与信件。<br />\r\n3．经常和孩子郊游。<br />\r\n4．睡前给孩子讲讲故事，让孩子笑着入睡！<br />\r\n5．给孩子一个主要供他玩耍的房间或者房间的一部分。<br />\r\n6．如果有条件,每天晚饭过后和孩子到户外散散步。<br />\r\n7．快乐与孩子一起分享！<br />\r\n8．对小家伙开心的笑，并希望他（她）也常笑！<br />\r\n9．帮助孩子与来自不同社会文化阶层的孩子正常交往。<br />\r\n10．鼓励孩子参与活动，不要害羞，不要害怕失败！！！', '10', '1', '13', '0');
INSERT INTO `edu_share` VALUES ('15', '5', '段志明', '1444473980', '教育孩子的一些心得2', '1．和孩子一起读书，家长可以看看报，一个好的学习伙伴很重要。<br />\r\n2．孩子在家学习，家长切莫搞一些娱乐活动，一个舒适的学习环境很重要。<br />\r\n3．不要逼孩子学自己不喜欢的东西。<br />\r\n4．不要因为孩子的成绩而责骂孩子。<br />\r\n5．不要因为孩子试卷上的低分而认为孩子没有出息。<br />\r\n6．教他（她）足以带来成就感的知识：古诗、数字、故事、家务、玩耍、交朋友&middot;&middot;&middot;<br />\r\n7．教育孩子读好书、好读书<br />\r\n8 .不要一味的看手机，多与孩子交流！！！！<br />\r\n&nbsp;&nbsp;&nbsp;&nbsp;&nbsp;&nbsp;&nbsp;&nbsp;&nbsp;&nbsp;&nbsp;&nbsp;&nbsp;&nbsp;&nbsp;&nbsp;&nbsp;&nbsp;&nbsp;&nbsp;&nbsp;&nbsp;', '10', '2', '14', '0');
INSERT INTO `edu_share` VALUES ('19', '11', '张的发', '1445828459', '孩子比较偏科怎么办', '偏科主要有以下的原因 一则，个别差异所致。一些学生就是对某些科目特别不感兴趣，从开始学习时就不能很好地进入状态，所以一直以来出现偏科较为严重的情况，这样的学生往往在其它的某一门功课上会表现得特别突出。 二则，由于外界因素的影响。比如，出于对教授这一学科教师的不满而不愿意投入更多的精力来学习这门功课，从而导致了偏科情况的出现。 三则，努力不够所致。由于在某一学科上所花费的时间与精力不足，而导致的偏科。之所以不努力，往往也与对此学科不感兴趣有关。 ◆制定补缺计划 针对上述的原因，我们来一一制定补缺计划： 1.对于由于先天个性而形成的个别差异，比如有些学生具有艺术方面的天赋，形象思维能力发展较好，抽象思维能力处在弱势，可能在理科方面学得不是太好；建议可以有所侧重地选择未来报考的专业，做到扬长避短，以己之长补己之短。 2.对于因为外界的原因而造成的对学科不感兴趣，从而导致偏科的情况。建议学生，可以换个角度来考虑，也许就会喜欢上这个学科的。比如，有的同学由于某个学科的老师不喜欢他，总是给他负面刺激，导致了他对这门学科的学习渐渐失去了兴趣。其实，可以换个角度来想，你也许会喜欢上这门学科的。试想，如果你能把这门功课学好了，或者只要能超过了这个任课老师对你的期望值，就足以令他大跌眼镜，觉得自己的判断力出现问题了，岂不是一举两得！所以，有时不必过于悲观，换个角度看问题，一切将会豁然开朗的。 3.对于自己不努力而导致的偏科，补缺自然也变得容易得多了。因为，你是很聪明的！你一定知道：要想取得同样的进步，把时间花在平时不怎么花时间的差的学科上要比花在那些优秀学科上能取得更大的收获；所以，不妨算算这样一笔帐，把余下的时间多分配一些到那些弱科上吧，你会像掠影中的海桐一样取得比较大的进步的。 ◆调整偏科心态 有偏科现象的同学往往一见到那门科目，就头脑发胀，感到紧张与害怕，开始逃避，脑中容易浮现自己失败的场景，这些都是要避免的。爱迪生曾说过：&ldquo;去做害怕的事情，害怕自然就会消失了。&rdquo;只要你去面对了，你就已经向成功迈进了，所以，如果你想改变自己的偏科现象，先要调整好自己害怕与逃避的心态，勇敢地去面对它！你可以为自己制定一个计划，但要注意这个计划要量力而行，开始迈小步，后来迈大步。比如，你的弱科是外语，那么你在定计划时，开始可以只要求自己一天能记住两个单词，然后再慢慢地增长，切忌一开始就给自己定下了不可能的计划，那么你会对这学科完全绝望的。所以，应对偏科，调整心态，记住十六个字：勇敢面对，合理计划，循序渐进，成效卓著！', '10', '0', '6', '0');
INSERT INTO `edu_share` VALUES ('20', '3', '林峰', '1445836075', '美国人教育孩子的方式与中国有那些区别？？', '&nbsp;&nbsp;&nbsp;&nbsp;&nbsp;&nbsp;&nbsp;很久以来，人们都接受这样的观点：中国学生创造能力逊于美国学生，但基础知识的扎实却远强于后者。&nbsp; 然而，国际数学大师丘成桐却给了自我感觉良好的中国人当头一棒：&ldquo;这都是多少年来可怕的自我麻醉！我不认为中国学生的基础知识学得有多好！&rdquo;&nbsp; 丘成桐说：&ldquo;能进哈佛大学的中美学生应该是这两个国家最好的学生。而两类最优秀的人相比，美国学生的基础知识绝对不会逊色于中国学生，相反要强很多。&ldquo;&nbsp; &rdquo;在美国比较好的中小学校里，中国学生念的功课，他们也都是要学的，而且学得很灵活，绝对不是像中国那样填鸭式地教。一些好的学校，十一、十二年级学生的微积分已经做得非常漂亮，但听说国内不是所有的高中生都学微积分。&ldquo;&nbsp; 丘先生清楚地记得 ：有一次，几个来自国内一顶尖大学的学生找到他，求教一个几何方面的问题。丘成桐感到很奇怪，他们问的是一个微分几何方面的古典问题，是学生们在读本科时就应该掌握的数学知识。&rdquo;这还能说中国学生比国外学生学得好吗？&ldquo;&nbsp; 诺贝尔奖获得者杨振宁则认为：中国的教育态度与美国的教育态度截然不同，最大的区别是中国偏重于灌输式教育。中国学生的根基非常扎实，这是优点，但也有缺点，中国的学生面对新事物总有畏缩心理，与美国学生比起来，创新意识较差。&nbsp; 中国式与美国式的教育，不能讲哪一个好，哪一个不好，要因人而异。在教学过程中，对于中国学生，应该让他们多创新，对于美国学生，应该让他们打好基础，这样互相弥补，是最恰当的。换一种说法，对天资高的人，美国教育会好一些，而对于大多数的学生，基本上讲，中国的教育哲学是比较好的。&nbsp; 杨振宁的结论是中国传统的教育体制没有完全改变的必要。&nbsp; 有人以中国学生在奥林匹克数学竞赛上的卓越表现来反驳丘成桐的观点，&ldquo;国内参加奥林匹克数学竞赛的孩子多厉害呀，连着多年占据金牌霸主的地位。美国孩子能行吗？&rdquo;&nbsp; 然而，早在2002年国际数学家大会上，就有学界专家告诫，别被&ldquo;奥赛&rdquo;的光环蒙蔽。中国之所以能在数学&ldquo;奥赛&rdquo;上年年丰收，一个重要原因是这些选手都是层层选拔的，并在赛前经过了严格的强化训练。这种强化训练可以用&ldquo;残酷&rdquo;一词来形容。在学校往往是采取数学教师轮番轰炸的方式，即竞赛选手停止了其他所有学科的学习，整天从早到晚不休息，十几名数学老师轮流辅导，出难题怪题考试，同一题型进行反复的多角度的练习，直到所有老师无题可出，甚至数学老师都被难倒，无法解答，还不罢休。在国外，参加&rdquo;奥赛&ldquo;是自由的，没有一个国家像中国这样重视，组织得这么好。在我国，各种&rdquo;奥赛&ldquo;都带有明显的应试教育痕迹，不再是培养兴趣的活动。这样培育出来的数学苗子，他们多半会&ldquo;告别&rdquo;数学舞台。&ldquo;在&lsquo;奥赛&rsquo;中获奖的不少人不愿继续从事数学研究，个别人甚至表示一辈子不愿意再接触任何数学符号。&rdquo;南昌师范大学刘兼副教授说。&nbsp; 国际数学奥林匹克竞赛的重大意义之一，本是促进创造性的思维训练，在科学技术迅速发展的今天，这种训练尤为重要。数学不仅要教会学生运算技巧，更重要的是培养学生有严密的思维逻辑，有灵活的分析和解决问题的方法。但是，在中国的奥赛热，却渐渐背离了其初衷&hellip;&hellip;&nbsp; 面对以上困惑，本刊近日采访了南昌师范大学心理学院副院长、教育心理与心理健康研究所所长伍新春教授和北美三大教育心理学家、前美国教育协会主席、现伊利诺依大学阅读研究中心主任理查德&middot;安德森先生。&nbsp; 在采访中，我们了解到，实际上中美教育差异不只存在于大学、中学，更存在于小学和学龄前幼儿时期。美国人重在开发孩子的学习兴趣，认为学习是一辈子的事情，学习是一件很快乐的事情。&nbsp; 他们觉得进入21世纪后，人们所要面对的是科技创新和纷繁庞杂的信息更替，只有培养一个人终身学习的能力，才是最大的生存保障。阅读是最直接有效的学习途径，人类80%的知识都是通过阅读获得的。西方人说：&ldquo;Leader is reader&rdquo;(领导者一定是读书人)。阅读能力的培养是从儿童早期开始的循序渐进的过程，如果说阅读是学习的基石，教育的根本，那么，儿童阅读就是基石的核心。因此，早期阅读更被称为&rdquo;终身学习的基础、基础教育的灵魂&rdquo;。美国总统布什在&ldquo;教育改革蓝图&ldquo;中说：我们太多的孩子不会阅读，阅读是建筑的基石，它必须是我们教育改革的基础。&nbsp; 20世纪80年代开始，一些发达国家就已经把儿童智力发展的重点转移到阅读能力的培养上。在美国、英国的幼儿园，阅读占到课程的 80% 以上。每天晚上睡前进行20分钟的亲子共读，已经成为大多数美国中产阶级家庭的习惯。西方国家儿童读物出版机构、社区、家庭、教育机构、政府、社会团体、企业及传媒的多方参与，构成了良好的儿童阅读促进机制。&nbsp;&nbsp; 伍新春:南昌师范大学心理学教授。著有《教育心理学》、《小学语文心理学》、《高等教育心理学》等书。承担过国家&ldquo;攀登计划&rdquo;《脑科学与素质教育》课题；全国教育科学&ldquo;十五规划&rdquo;《现代学习理论与学习方式变革》课题；教育部《教师职业倦怠的特点、成因与干预研究》；美国福特基金《汉语儿童的阅读与促进》课题。&nbsp;&nbsp; 问：数学大师丘成桐认为中美学生的差距不止在大学教育阶段，更在基础教育阶段，您对此怎么看？ 答：我们目前正在研究这方面的问题。其实，我们的基础教育也有其可取之处。比如，我们学生的基本功很扎实，解决书面问题的能力往往比较强。关键是素质教育和应试教育究竟怎么教才能尽可能的发挥优势，减少劣势。这是个教育政策的策略问题。现在，美国也在学习中国应试教育中好的一面，以期减少他们学生基本功不扎实的问题。美国所倡导的&ldquo;快乐教育&rdquo;就是希望孩子从小培养内部动机，享受做这件事的乐趣。而灌输式的教育虽然也能达到这种目的，能力可能提高了，但也可能无形中使孩子产生一种逆反心理，以后再也不想做这种事情了。我自己也是一位大学老师，从我的经验看，国内中学里最优秀的学生，大学里继续优秀的不多。因为国内中学里最优秀的学生往往为了保住第一名，就要加倍的用功读书，大量的精力用在了抠书本、抠教材上，兴趣面会比较狭窄，一旦进入大学学习后，外在的压力没有那么大了，自己就会从精神上放松，学习成绩就会掉下来。所以，从中外教育来看，最核心的就是别人学得比较轻松、愉快，而国内则整体上强调学习是一种苦差事，要付出艰苦的努力。&nbsp; 中国有句话叫&ldquo;吃得苦中苦，方为人上人&rdquo;。就是说：你现在吃苦了，以后就可以享福了。可是现在有谁能够读20年书后，就可以从此不学习只享受呢？心理学中有一种术语叫做&ldquo;过渡理由效应&rdquo;，就是这样一种理由足够我从事这样一种活动了。如果学生在学习中，家长和老师不断地给学生一种奖励，学生就会认为学习就是为了得到这些奖励，一旦这些奖励没有了，他的学习动机也就没有了；没有了动力，学习成绩自然而然就掉了下来。&nbsp; 用奖励刺激学习的方式，会把孩子往一个方向引。实际上，并不是只有往这个方向走才是最对的、最合理的。所以，有创造力、成功的人并不总局限在某个方面。&nbsp;&nbsp; 问：素质教育和应试教育各有各的利弊，您认为应该怎样扬其所长，避其所短？目前，我国在这方面有什么策略？&nbsp; 答：中国的学生众所周知都比较勤奋，比较刻苦，这和整个中华民族的民族特点有关。中国人受几千年的传统影响，一直以来都是以&ldquo;勤劳、智慧&rdquo;闻名天下。我们的学生对基本概念的把握与理解都很好。这一点，美国也正在向中国学习。他们的课程改革也吸收了许多中国教育中好的一面。比如，美国曾经提出一个口号&rdquo;恢复基础运动&ldquo;。它就希望把自己强的一面发挥得更好的同时改进自己相对弱的一面。&nbsp; 从我们研究来看，美国学生一般知识面比较宽，中国学生则知识面比较窄，对某个点研究得较深。另一方面，美国学生在课堂上表现得比较活跃，而我国则比较沉闷，是一个相对封闭的体系，学习的内容也相对封闭，这样我们学生的创造性、突破条条框框的能力也相对差。这种书本的学习与现实生活有距离。比如，合并同类项这个问题，国内很少有学生会把&ldquo;合并同类项&rdquo;与生活联系在一起。实际上，一个班的同学，男女、高矮、胖瘦、穷富、学习好坏都是合并同类项，都是归类。中国的学生就很少想这些问题，美国的学生则喜欢想生活中的合并同类项问题。中国学生研究的是高于实际的问题，美国学生则注重源于生活的问题。所以，他的这种学习就会与生活有密切联系。一旦生活中出现了问题，他就会很轻易的去驾驭问题。这体现在反映问题的能力上，他会比较快速的应对问题。反过来，如果学生们知道，自己所学的东西对自己的生存、发展有用，他就会比较愿意和主动地去学，如果学了不知道有什么用，心里就会很迷茫，在学习上就会表现得很被动。所以，学习的动机问题，学习的内容与现实生活联系的问题都是比较重要的问题。&nbsp; 现在，我们就是要在保持我们学生学习扎实的基础上，研究怎样启发学生的内部动机、内部学习兴趣，使得学生在开放性、创造性方面得到一定程度的提高。&nbsp;&nbsp; 问：我国目前普遍存在留学低龄化倾向，家长们认为中国的教育存在许多问题，您认为到底问题出在孩子的早期培养上，还是上学后教师的引导上？&nbsp; 答：不能片面的强调是哪方面的问题。这跟我国的传统有关。过去几千年里，我们的祖宗一直强调死记硬背，强调&ldquo;四书五经&rdquo;。这种教育传统中有许多好的东西，也有许多不适合时代发展的东西，比如前面谈到的创新问题。古代，因为要学的东西有限，用死记硬背的方法可能会很管用。现在是知识大爆炸的时代，再用以前的方式可能就不行了，这时就要强调学习的方法，需要教会孩子如何去摸索、去探索。美国目前的教育方法的好处就是学生在摸索的过程中也会走弯路，但走弯路同样也是一种学习过程。一旦你自己掌握了这种方法后，就不会放弃了。就像小平同志说的：&ldquo;摸着石头过河&rdquo;，这本身就是政治生活中的一种自我创新，自我探索的过程。教育实际上和政治也是密不可分的，也是政治生活的一种体现。&nbsp;&nbsp; 理查德&middot;安德森:前美国教育协会主席，现美国伊利诺依大学阅读研究中心主任，北美三大教育心理学家之一，儿童早期分享阅读的创始人。&nbsp;&nbsp; 问：您是怎样对儿童分享阅读这个课题感兴趣的？&nbsp; 答：我曾经在高级中学当过老师，在教学过程中发现这个年纪的青少年常在阅读的时候遇到困难，而这些困难影响了他们高中阶段很多学习内容和学习任务。于是我开始思考产生这种困难的原因。当时的研究方法是从高中学生一点点倒推回去，被研究的学生对象年纪越来越小，最后我终于发现问题在学生非常小的时候就出现了。从我从事第一份教育工作开始，为了解决这个问题，始终在一点一点努力地去做，直到今天已经做了30多年的研究。我发现年纪很小的儿童已经非常有创造力，对于教给他们的东西也有非凡的领悟力。如果在这个时候培养阅读能力和阅读习惯，使他们有好的阅读基础，那么到高中时他们才能保持很好的阅读状态，不至于发生阅读困难。&nbsp;&nbsp; 问：您认为学生产生阅读困难有哪些原因？&nbsp; 答：产生阅读困难的原因很多，其中很重要的一个原因是语音意识。英文是拼音文字，在拼音文字里小到每个字母都是一个发音单位，有些学生在把这些发音单位连续发成一个单词时产生了困难。对有些孩子来说，语音困难对他的一生影响都很大。而且语音困难可能使孩子阅读兴趣降低，结果阅读效果越来越差，在阅读的过程中不得不一遍一遍反复去读，有时在理解整篇或整段意思的时候，为了更好地理解必须大声地、一个单词一个单词读出来。而且常常读过的东西又要返回去重新看，导致阅读效率很差。这种影响直到很多人成年之后还存在，这种现象在每天的生活中都能发现。&nbsp;&nbsp; 问：您认为应该从哪些方面入手开发孩子早期阅读，以预防成年后遇到的阅读困难？&nbsp; 答：3到5岁的幼儿已经可以轻松愉快地享受阅读，而且阅读将成为他们终生的乐趣。我们的儿童分享阅读有两个术语&mdash;&mdash;内部动机和外部动机。我们主要注意培养儿童的内部动机，让他们发自内心想去阅读，把阅读当作轻松愉快的事情。如果仅仅是外部动机，比如在老师或家长的要求下不得不去阅读，或者为了逃避惩罚，或者为了得到父母的奖励去勉强阅读，都不是真正培养儿童阅读的好办法。而且儿童在很小的时候就有非常好的创造力和感悟力。我们曾经做了一些研究，让孩子读完一遍故事后进行测试，发现他们能记住很多生字&mdash;&mdash;不是刻意地教，而是从自然阅读中认识这些生字。汉字也是如此，很小的儿童对汉字的认知也会有自己的策略，比如知觉组块，即汉字的形旁和意思的联系。例如儿童认识了提手旁，就能够自然地联想到很多有提手旁的字的意思，知道这些字与手有关；又例如儿童还可以从声旁推测出汉字的发音。&nbsp;&nbsp; 问：在提倡儿童早期阅读的过程中您如何看待写作对儿童智力开发的影响？&nbsp; 答：写作可能对于中国的孩子会更困难一些，因为汉字是表意文字，有很复杂的笔画。外国小孩四五岁就开始写字了，而中国孩子一般到小学一年级才开始接触写。其实在中国也不是不可以让幼儿园的孩子尝试写作，但要采取老师和孩子互动的方式。在西方，老师和孩子采取分享写作的方式，刚开始老师写大部分的东西，比如&ldquo;今天我生日&rdquo;&mdash;&ldquo;Today is my birthday&rdquo;，可以空一个&ldquo;my&rdquo;或&ldquo;birthday&rdquo;让孩子来写。通过这样的鼓励来提高孩子的写作水平，让孩子认识到写作和阅读一样是交流的手段。我在上海也遇到这个问题，幼儿园老师把写作当成一个困难的事，但没有想到这其实是一个很好的和孩子交流的手段。&nbsp;&nbsp; 问：能否介绍一下你任美国教育协会主席和从事教育工作的生涯中，历届总统的教育政策有什么不同的特点？&nbsp; 答：美国的几任总统对教育都很重视。里根总统执政时期，没有将儿童教育政策放在国家的高度上，而是由各个州自己来管理。当时我曾将一份关于全国儿童读写的报告提交给里根总统，这个报告后来写到一本书里，封面就是里根总统和儿子的照片。这本书到今天仍是美国非常畅销的书之一，也是关于儿童读写的一本里程碑式的书。在老布什执政时期，他的第一夫人芭芭拉是一个特别热爱儿童教育的人，对儿童教育也非常支持。克林顿得到了很多老百姓的支持，因为他的教育政策体现了对弱势群体的关心，尤其对那些家庭特别贫困和黑人家庭的孩子在教育方面的帮助使他受到了民众的欢迎。而小布什则自比为一个教育领导，事实上他也做出了重大行动，他提出的口号是&ldquo;不让一个孩子掉队&rdquo;。我虽然不支持布什这个人，但支持他的教育政策，尤其他的政策能使我很容易申请到一些教育资金。&nbsp; 问：您认为中美教育在儿童自身开发和教师水准方面各有什么特点？&nbsp; 答：中国教育最可怕的是分数，学生为了考试往往要做大量练习和做很多辛苦的准备。幸运的是，我不仅走访过中国的很多大城市，也到过很多农村课堂，不仅去了幼儿园和小学，也到过很多中学课堂，因此我还是可以回答这个问题的。&nbsp; 在中国，中学老师的专业素质和专业水准是比较高的，他们都是师范院校毕业，而且老师备课非常认真，讲课的内容也是经过深思熟虑的，这和美国很不一样。在中国的课堂上，学生听讲非常专心，课堂纪律很好，讲课效率也很高。一节课45分钟内容安排得很充实也很有条理。中国的教学优势就在于教学十分系统，学生对知识的掌握很牢固。但在想象性、独立性、批判性思维与美国学生相比要差一些，因为中国的教学精读多，而在美国是泛读多。中国的教育往往强调深度分析，而研究证明大量的泛读对一个人终生的发展都非常有利。&nbsp; 美国课堂很随意，老师可以身穿牛仔，很随便地坐在课堂的某一个角落，而学生分成很多组自己组织讨论。没有老师站在黑板前一笔一画给学生讲每一个字，告诉学生什么该干什么不该干。这种松散的课堂教学组织使得学生非常随意。但如果每节课都这么上，知识的传授效率会比较低，双基即基础知识和基本技能的掌握就会比中国学生差，而想象力、思考能力的培养则比较好。&nbsp;&nbsp; 问：中国目前很关注对弱势群体的帮助问题，您如何看待解决弱势群体中的儿童早期教育问题？&nbsp; 答：这个问题确实不是简单一句话就能解释的。这个问题不仅今天的中国遇到了，美国也面临同样的问题。对弱势群体的帮助需要整个社会各个方面的力量，包括一些政治群体、社会学家、教育学家来共同关注。另外对中国来说降低出生率确实很有必要，如果贫困家庭生育过多的孩子，自然就会影响到孩子的教育。另外如果提高女性的受教育水平，儿童的失学率就会降低很多。因为受过教育的女性会更关心孩子的成长。现在中国有些地方女孩子受教育的机会要少于男孩子，而且人们在观念中认为男孩子更应该受到教育，而这从长远来看对儿童的发展尤其是弱势群体中的儿童成长是非常不利的。&nbsp; 听了安德森一席话，我们忽然觉得美国人在教育孩子时是在交给孩子一把钥匙，告诉他们如何应对知识爆炸时代的各种问题；如何从众多的信息中找到自己所要的东西；如何处理这些问题。早期阅读无疑是对这种能力的一种培养。据研究，幼儿一旦喜欢上读书，将获得身心的全面发展，将终身受益。实际上，素质教育和应试教育都各有长短，关键是怎样取舍。这也是目前中国教育界正在研究和关注的问题所在。值得高兴的是，国内许多同行已经意识到了早期阅读、分享阅读的重要。目前，全国已有近30个城市的100多所幼儿园和小学在开展这一活动。希望在不久的未来，我们的社会是一个充满书香的社会。', '2', '0', '1', '0');
INSERT INTO `edu_share` VALUES ('21', '3', '林峰', '1445836506', '如何教育孩子', '孩子小的时候都把父母看作是巨人，什么都会，什么都能，常常说&ldquo;我爸爸如何如何&mdash;&mdash;&rdquo;或者&ldquo;我妈妈怎样怎样&mdash;&mdash;&rdquo;。<br />\r\n一个在外留学的女孩子在自己的厨房里煮开水，一不小心烫伤了手，她不知道做任何处理，却抓起电话打给<a class=\"baidu-highlight\" href=\"https://www.baidu.com/s?wd=%E8%BF%9C%E9%9A%94%E9%87%8D%E6%B4%8B&amp;tn=44039180_cpr&amp;fenlei=mv6quAkxTZn0IZRqIHckPjm4nH00T1YLmyuhryu9nWmLuH7BmH7b0ZwV5Hcvrjm3rH6sPfKWUMw85HfYnjn4nH6sgvPsT6K1TL0qnfK1TL0z5HD0IgF_5y9YIZ0lQzqlpA-bmyt8mh7GuZR8mvqVQL7dugPYpyq8Q1cznjn1P1cvPHb3rHTkrHnkPj6\" rel=\"nofollow\" target=\"_blank\"><font color=\"#0066cc\">远隔重洋</font></a>的妈妈，&ldquo;妈妈，我该怎么办？&rdquo;而在几年后，当她自己成为一个小女孩的母亲的时候，她的小女儿受伤的时候，她却迅速的作出了反应，进行了一系列安全而恰当的处理。事后她回忆到，她自然的知道怎么做，虽然没有受过训练。<br />\r\n<br />\r\n是的，父母不是完美的，在我们逐渐长大的时候，我们确实可以认识到父母并不是知识和真理的唯一来源，甚至很多人会推翻父母的权威性。但是，父母一直给了儿童无条件的关注与支持，从父母那里，儿童首先知道世界上有人爱自己，有人支持自己，在了解世界的同时也接纳自己。对自己的接纳与热爱是我们前进的动力，想一想，如果一个人自己都不爱自己，那么他还会努力改变自己与发展自己吗？那么他也不会热爱生活，热爱我们这个世界。<br />\r\n人们对自己的接纳源于父母对其的接纳。父母之爱是世界上最神奇的力量之一，它不仅会树立孩子的信心、自尊心、面对生活的勇气与决心，而且它本身也使父母具有强大的力量，尤其是在面对危险的时候。所以，请珍惜你成为父母的机会，并且努力的爱你的孩子。<br />\r\n<br />\r\n家长应培养孩子坚韧的性格<br />\r\n<br />\r\n人的一生总会碰到不少挫折和失败的时候。家长应注意培养孩子坚韧的性格。<br />\r\n<br />\r\n首先，要教会孩子正确看待造成自己失败的原因，父母亲可以经常和孩子一起分析遇到的问题，教孩子学会从不同的角度看待身边的事物，抓住问题的关键。<br />\r\n<br />\r\n其次，培养孩子的自信心，使孩子了解并发挥自己的长处。天下没有十全十美的人，而正在成长的孩子们就更需要时间来体验挫折，享受成功，进而认识自己。', '2', '0', '0', '0');
INSERT INTO `edu_share` VALUES ('22', '3', '林峰', '1445837174', '分享古人经验：曹操是怎样教育孩子？', '曹丕在<a class=\"baidu-highlight\" href=\"https://www.baidu.com/s?wd=%E3%80%8A%E5%85%B8%E8%AE%BA%EF%BC%9F%E8%87%AA%E5%8F%99%E3%80%8B&amp;tn=44039180_cpr&amp;fenlei=mv6quAkxTZn0IZRqIHckPjm4nH00T1Y3rj03nj0znjTsPWP-PAwh0ZwV5Hcvrjm3rH6sPfKWUMw85HfYnjn4nH6sgvPsT6K1TL0qnfK1TL0z5HD0IgF_5y9YIZ0lQzqlpA-bmyt8mh7GuZR8mvqVQL7dugPYpyq8Q1mYPWRLPjmYPjRsnW03n1c3Pf\" rel=\"nofollow\" target=\"_blank\"><font color=\"#0066cc\">《典论？自叙》</font></a>中说：在我五岁时，父王看到世局扰乱，教我学射箭，六岁能开弓；又教我骑马，八岁就能骑射了。后来，<a class=\"baidu-highlight\" href=\"https://www.baidu.com/s?wd=%E6%9B%B9%E6%93%8D&amp;tn=44039180_cpr&amp;fenlei=mv6quAkxTZn0IZRqIHckPjm4nH00T1Y3rj03nj0znjTsPWP-PAwh0ZwV5Hcvrjm3rH6sPfKWUMw85HfYnjn4nH6sgvPsT6K1TL0qnfK1TL0z5HD0IgF_5y9YIZ0lQzqlpA-bmyt8mh7GuZR8mvqVQL7dugPYpyq8Q1mYPWRLPjmYPjRsnW03n1c3Pf\" rel=\"nofollow\" target=\"_blank\"><font color=\"#0066cc\">曹操</font></a>命他从少年时代起，就随军东征西讨，练得一身精湛的武艺，而且还长于弹琴，精于诗赋，这说明<a class=\"baidu-highlight\" href=\"https://www.baidu.com/s?wd=%E6%9B%B9%E6%93%8D&amp;tn=44039180_cpr&amp;fenlei=mv6quAkxTZn0IZRqIHckPjm4nH00T1Y3rj03nj0znjTsPWP-PAwh0ZwV5Hcvrjm3rH6sPfKWUMw85HfYnjn4nH6sgvPsT6K1TL0qnfK1TL0z5HD0IgF_5y9YIZ0lQzqlpA-bmyt8mh7GuZR8mvqVQL7dugPYpyq8Q1mYPWRLPjmYPjRsnW03n1c3Pf\" rel=\"nofollow\" target=\"_blank\"><font color=\"#0066cc\">曹操</font></a>教育孩子是从童年的启蒙教育就抓得很紧的。至于曹植，十岁出头就诵读<a class=\"baidu-highlight\" href=\"https://www.baidu.com/s?wd=%E3%80%8A%E8%AF%97%E7%BB%8F%E3%80%8B&amp;tn=44039180_cpr&amp;fenlei=mv6quAkxTZn0IZRqIHckPjm4nH00T1Y3rj03nj0znjTsPWP-PAwh0ZwV5Hcvrjm3rH6sPfKWUMw85HfYnjn4nH6sgvPsT6K1TL0qnfK1TL0z5HD0IgF_5y9YIZ0lQzqlpA-bmyt8mh7GuZR8mvqVQL7dugPYpyq8Q1mYPWRLPjmYPjRsnW03n1c3Pf\" rel=\"nofollow\" target=\"_blank\"><font color=\"#0066cc\">《诗经》</font></a>、<a class=\"baidu-highlight\" href=\"https://www.baidu.com/s?wd=%E3%80%8A%E8%AE%BA%E8%AF%AD%E3%80%8B&amp;tn=44039180_cpr&amp;fenlei=mv6quAkxTZn0IZRqIHckPjm4nH00T1Y3rj03nj0znjTsPWP-PAwh0ZwV5Hcvrjm3rH6sPfKWUMw85HfYnjn4nH6sgvPsT6K1TL0qnfK1TL0z5HD0IgF_5y9YIZ0lQzqlpA-bmyt8mh7GuZR8mvqVQL7dugPYpyq8Q1mYPWRLPjmYPjRsnW03n1c3Pf\" rel=\"nofollow\" target=\"_blank\"><font color=\"#0066cc\">《论语》</font></a>以及辞赋几十万字，而且下笔成文，倚马可待。<a class=\"baidu-highlight\" href=\"https://www.baidu.com/s?wd=%E6%9B%B9%E6%93%8D&amp;tn=44039180_cpr&amp;fenlei=mv6quAkxTZn0IZRqIHckPjm4nH00T1Y3rj03nj0znjTsPWP-PAwh0ZwV5Hcvrjm3rH6sPfKWUMw85HfYnjn4nH6sgvPsT6K1TL0qnfK1TL0z5HD0IgF_5y9YIZ0lQzqlpA-bmyt8mh7GuZR8mvqVQL7dugPYpyq8Q1mYPWRLPjmYPjRsnW03n1c3Pf\" rel=\"nofollow\" target=\"_blank\"><font color=\"#0066cc\">曹操</font></a>不大相信他如此捷才，曹植要求面试，当邺城铜台刚建成时，曹操带领儿子们登台，命各人作赋，曹植第一个交卷，曹操不由得连声称赞子建的才气了。这也同样说明曹操的孩子幼年时代奠定的基础是何等坚实。<br />\r\n　　所以，曹操非常注意给孩子们选良师，并要求他们尊敬老师。他给他的儿子们选拔属吏时下令要选&ldquo;德行堂堂&rdquo;的人物。他还选被称为&ldquo;国之重宝&rdquo;、&ldquo;士之精藻&rdquo;的邴原为曹丕的长史。曹操有次出征时，让曹丕留守，派张范、邴原辅佐，严令曹丕有事必须尊重张，邴二人意见，并对张，邴二人&ldquo;行子孙礼&rdquo;。<br />\r\n　　曹操对儿子们的学习抓得很紧，在品德上要求尤其严格。<br />\r\n218年，他派曹彰带兵讨伐代郡乌桓的叛乱。临出发前对曹彰说：&ldquo;居家为父子，受事为君臣，动以王法从事。尔其戒之！&rdquo;这是告诉他王法无私，犯了过错是不能指望依靠父子之情得到宽赦的。曹彰果然兢兢业业，奋力战斗，所向披靡，完全平定了北方。后来回禀曹操时，却并不居功，而把功劳归于部下将领。曹操听了十分高兴，亲切地握着曹彰下颔的黄胡须说：&ldquo;黄须儿竟大奇也！<br />\r\n　　而对于曹植，本来虽然极其宠爱，很想立为世子。<br />\r\n213年，曹操率军南征<a class=\"baidu-highlight\" href=\"https://www.baidu.com/s?wd=%E5%AD%99%E6%9D%83&amp;tn=44039180_cpr&amp;fenlei=mv6quAkxTZn0IZRqIHckPjm4nH00T1Y3rj03nj0znjTsPWP-PAwh0ZwV5Hcvrjm3rH6sPfKWUMw85HfYnjn4nH6sgvPsT6K1TL0qnfK1TL0z5HD0IgF_5y9YIZ0lQzqlpA-bmyt8mh7GuZR8mvqVQL7dugPYpyq8Q1mYPWRLPjmYPjRsnW03n1c3Pf\" rel=\"nofollow\" target=\"_blank\"><font color=\"#0066cc\">孙权</font></a>，命令曹植留守邺城，临行之前曹操说：&ldquo;我二十三岁时做的事情，现在回想起来，也没有什么错误；你今年也二十三岁了，难道还不应该努力吗？&rdquo;言辞间寄托了多么深切的期望。可是，曹植由于恃宠而骄，放纵不羁，有一次乘车在&ldquo;驰道&rdquo;上走，又私自打开&ldquo;司马门&rdquo;出去。而在这两条路上行走是只有皇帝才能享受的特权，曹植这样做，就触犯了国家法律。曹操知道后，十分生气，下令轨了守门官吏，并宣布说：&ldquo;始者谓子建，儿中最可定大事。<br />\r\n&rdquo;&ldquo;自临淄侯植私出，开司马门至金门，令吾异目视此儿矣。&rdquo;后来就决定不立曹植而改立曹丕为世子，这种改变当然还有其它一些原因，但曹操对儿子的严格亦由此可见。<br />\r\n　　反映在曹冲故事里的&ldquo;大船称象&rdquo;早已脍炙人口。当曹操向部下征询称象的办法时，曹冲这五六岁的孩子，竟能直抒己见，毫不拘谨和畏惧，提出大船称象的好办法，曹操还高兴地照办了。这不也从侧面反映出他虽为魏王，在家庭生活中和子女舐犊情深，关系亲密融洽的吗？所以在教育中常收潜移默化之效，儿子们个个部学有所长，也就不奇怪了。<br />\r\n　　由曹操教子的成功不由让人想起<a class=\"baidu-highlight\" href=\"https://www.baidu.com/s?wd=%E5%88%98%E5%A4%87&amp;tn=44039180_cpr&amp;fenlei=mv6quAkxTZn0IZRqIHckPjm4nH00T1Y3rj03nj0znjTsPWP-PAwh0ZwV5Hcvrjm3rH6sPfKWUMw85HfYnjn4nH6sgvPsT6K1TL0qnfK1TL0z5HD0IgF_5y9YIZ0lQzqlpA-bmyt8mh7GuZR8mvqVQL7dugPYpyq8Q1mYPWRLPjmYPjRsnW03n1c3Pf\" rel=\"nofollow\" target=\"_blank\"><font color=\"#0066cc\">刘备</font></a>。<a class=\"baidu-highlight\" href=\"https://www.baidu.com/s?wd=%E5%88%98%E5%A4%87&amp;tn=44039180_cpr&amp;fenlei=mv6quAkxTZn0IZRqIHckPjm4nH00T1Y3rj03nj0znjTsPWP-PAwh0ZwV5Hcvrjm3rH6sPfKWUMw85HfYnjn4nH6sgvPsT6K1TL0qnfK1TL0z5HD0IgF_5y9YIZ0lQzqlpA-bmyt8mh7GuZR8mvqVQL7dugPYpyq8Q1mYPWRLPjmYPjRsnW03n1c3Pf\" rel=\"nofollow\" target=\"_blank\"><font color=\"#0066cc\">刘备</font></a>虽是一个堪与曹操齐名的卓越的政治家，可惜不会做父亲，其子阿斗竟成为千古笑柄，&ldquo;扶不起的阿斗&rdquo;成为一切&ldquo;孱头&rdquo;的别名，这原因是不难探究的。<a class=\"baidu-highlight\" href=\"https://www.baidu.com/s?wd=%E5%88%98%E5%A4%87&amp;tn=44039180_cpr&amp;fenlei=mv6quAkxTZn0IZRqIHckPjm4nH00T1Y3rj03nj0znjTsPWP-PAwh0ZwV5Hcvrjm3rH6sPfKWUMw85HfYnjn4nH6sgvPsT6K1TL0qnfK1TL0z5HD0IgF_5y9YIZ0lQzqlpA-bmyt8mh7GuZR8mvqVQL7dugPYpyq8Q1mYPWRLPjmYPjRsnW03n1c3Pf\" rel=\"nofollow\" target=\"_blank\"><font color=\"#0066cc\">刘备</font></a>飘荡半生，四十多岁才得此一子，极其钟爱，当阳一战，为了救阿斗，几乎断送<a class=\"baidu-highlight\" href=\"https://www.baidu.com/s?wd=%E8%B5%B5%E4%BA%91&amp;tn=44039180_cpr&amp;fenlei=mv6quAkxTZn0IZRqIHckPjm4nH00T1Y3rj03nj0znjTsPWP-PAwh0ZwV5Hcvrjm3rH6sPfKWUMw85HfYnjn4nH6sgvPsT6K1TL0qnfK1TL0z5HD0IgF_5y9YIZ0lQzqlpA-bmyt8mh7GuZR8mvqVQL7dugPYpyq8Q1mYPWRLPjmYPjRsnW03n1c3Pf\" rel=\"nofollow\" target=\"_blank\"><font color=\"#0066cc\">赵云</font></a>的性命。后来<a class=\"baidu-highlight\" href=\"https://www.baidu.com/s?wd=%E5%AD%99%E5%A4%AB%E4%BA%BA&amp;tn=44039180_cpr&amp;fenlei=mv6quAkxTZn0IZRqIHckPjm4nH00T1Y3rj03nj0znjTsPWP-PAwh0ZwV5Hcvrjm3rH6sPfKWUMw85HfYnjn4nH6sgvPsT6K1TL0qnfK1TL0z5HD0IgF_5y9YIZ0lQzqlpA-bmyt8mh7GuZR8mvqVQL7dugPYpyq8Q1mYPWRLPjmYPjRsnW03n1c3Pf\" rel=\"nofollow\" target=\"_blank\"><font color=\"#0066cc\">孙夫人</font></a>带阿斗回吴，又是<a class=\"baidu-highlight\" href=\"https://www.baidu.com/s?wd=%E8%B5%B5%E4%BA%91&amp;tn=44039180_cpr&amp;fenlei=mv6quAkxTZn0IZRqIHckPjm4nH00T1Y3rj03nj0znjTsPWP-PAwh0ZwV5Hcvrjm3rH6sPfKWUMw85HfYnjn4nH6sgvPsT6K1TL0qnfK1TL0z5HD0IgF_5y9YIZ0lQzqlpA-bmyt8mh7GuZR8mvqVQL7dugPYpyq8Q1mYPWRLPjmYPjRsnW03n1c3Pf\" rel=\"nofollow\" target=\"_blank\"><font color=\"#0066cc\">赵云</font></a>、<a class=\"baidu-highlight\" href=\"https://www.baidu.com/s?wd=%E5%BC%A0%E9%A3%9E&amp;tn=44039180_cpr&amp;fenlei=mv6quAkxTZn0IZRqIHckPjm4nH00T1Y3rj03nj0znjTsPWP-PAwh0ZwV5Hcvrjm3rH6sPfKWUMw85HfYnjn4nH6sgvPsT6K1TL0qnfK1TL0z5HD0IgF_5y9YIZ0lQzqlpA-bmyt8mh7GuZR8mvqVQL7dugPYpyq8Q1mYPWRLPjmYPjRsnW03n1c3Pf\" rel=\"nofollow\" target=\"_blank\"><font color=\"#0066cc\">张飞</font></a>半路截下的。&ldquo;千金之子，<a class=\"baidu-highlight\" href=\"https://www.baidu.com/s?wd=%E5%9D%90%E4%B8%8D%E5%9E%82%E5%A0%82&amp;tn=44039180_cpr&amp;fenlei=mv6quAkxTZn0IZRqIHckPjm4nH00T1Y3rj03nj0znjTsPWP-PAwh0ZwV5Hcvrjm3rH6sPfKWUMw85HfYnjn4nH6sgvPsT6K1TL0qnfK1TL0z5HD0IgF_5y9YIZ0lQzqlpA-bmyt8mh7GuZR8mvqVQL7dugPYpyq8Q1mYPWRLPjmYPjRsnW03n1c3Pf\" rel=\"nofollow\" target=\"_blank\"><font color=\"#0066cc\">坐不垂堂</font></a>&rdquo;', '2', '0', '0', '0');
INSERT INTO `edu_share` VALUES ('23', '3', '林峰', '1445837439', '子女教育心得', '<span style=\"font: 16px/32px &quot;Microsoft YaHei&quot;, 宋体; color: rgb(0, 0, 0); text-transform: none; text-indent: 0px; letter-spacing: normal; word-spacing: 0px; float: none; display: inline !important; white-space: normal; font-size-adjust: none; font-stretch: normal; -webkit-text-stroke-width: 0px;\">孩子，是每一位父母心中的宝贝，我们都盼望着她们茁壮地成长，在教育孩子的过程中，除了老师之外，父母也扮演着重要的角色。家庭教育和学校教育同样至关重要。</span><br style=\"font: 16px/32px &quot;Microsoft YaHei&quot;, 宋体; color: rgb(0, 0, 0); text-transform: none; text-indent: 0px; letter-spacing: normal; word-spacing: 0px; white-space: normal; font-size-adjust: none; font-stretch: normal; -webkit-text-stroke-width: 0px;\" />\r\n<span style=\"font: 16px/32px &quot;Microsoft YaHei&quot;, 宋体; color: rgb(0, 0, 0); text-transform: none; text-indent: 0px; letter-spacing: normal; word-spacing: 0px; float: none; display: inline !important; white-space: normal; font-size-adjust: none; font-stretch: normal; -webkit-text-stroke-width: 0px;\">　　女儿今年6周岁半，刚上小学一年级,在教育孩子成长的过程中，我最深的体会是：</span><br style=\"font: 16px/32px &quot;Microsoft YaHei&quot;, 宋体; color: rgb(0, 0, 0); text-transform: none; text-indent: 0px; letter-spacing: normal; word-spacing: 0px; white-space: normal; font-size-adjust: none; font-stretch: normal; -webkit-text-stroke-width: 0px;\" />\r\n<span style=\"font: 16px/32px &quot;Microsoft YaHei&quot;, 宋体; color: rgb(0, 0, 0); text-transform: none; text-indent: 0px; letter-spacing: normal; word-spacing: 0px; float: none; display: inline !important; white-space: normal; font-size-adjust: none; font-stretch: normal; -webkit-text-stroke-width: 0px;\">　　一、温馨、和睦的家庭环境是孩子健康成长的源泉</span><br style=\"font: 16px/32px &quot;Microsoft YaHei&quot;, 宋体; color: rgb(0, 0, 0); text-transform: none; text-indent: 0px; letter-spacing: normal; word-spacing: 0px; white-space: normal; font-size-adjust: none; font-stretch: normal; -webkit-text-stroke-width: 0px;\" />\r\n<span style=\"font: 16px/32px &quot;Microsoft YaHei&quot;, 宋体; color: rgb(0, 0, 0); text-transform: none; text-indent: 0px; letter-spacing: normal; word-spacing: 0px; float: none; display: inline !important; white-space: normal; font-size-adjust: none; font-stretch: normal; -webkit-text-stroke-width: 0px;\">　　家是孩子们主要的活动场所，家庭气氛的好坏直接影响着孩子的身心健康。父母绝不能经常在孩子面前拌舌头吵嘴，那样会使孩子产生恐惧、自卑甚至厌恶的心理。不仅会疏远孩子与父母之间的感情，在同伴之间还可能会出现偏激行为现象。给孩子一个安全、舒适、温暖的家，是教子的第一步，家人之间要相亲相爱，和睦相处。在这方面，我们是以实际行动让女儿感受到了亲情的温暖。</span><br style=\"font: 16px/32px &quot;Microsoft YaHei&quot;, 宋体; color: rgb(0, 0, 0); text-transform: none; text-indent: 0px; letter-spacing: normal; word-spacing: 0px; white-space: normal; font-size-adjust: none; font-stretch: normal; -webkit-text-stroke-width: 0px;\" />\r\n<span style=\"font: 16px/32px &quot;Microsoft YaHei&quot;, 宋体; color: rgb(0, 0, 0); text-transform: none; text-indent: 0px; letter-spacing: normal; word-spacing: 0px; float: none; display: inline !important; white-space: normal; font-size-adjust: none; font-stretch: normal; -webkit-text-stroke-width: 0px;\">　　二、逐步培养孩子的优良品德很重要</span><br style=\"font: 16px/32px &quot;Microsoft YaHei&quot;, 宋体; color: rgb(0, 0, 0); text-transform: none; text-indent: 0px; letter-spacing: normal; word-spacing: 0px; white-space: normal; font-size-adjust: none; font-stretch: normal; -webkit-text-stroke-width: 0px;\" />\r\n<span style=\"font: 16px/32px &quot;Microsoft YaHei&quot;, 宋体; color: rgb(0, 0, 0); text-transform: none; text-indent: 0px; letter-spacing: normal; word-spacing: 0px; float: none; display: inline !important; white-space: normal; font-size-adjust: none; font-stretch: normal; -webkit-text-stroke-width: 0px;\">　　女儿从3周岁起上幼儿园,步入正规的教育系统，我们要为她的人生的第一步打好基础，在生活的点点滴滴中培养她一些优良品德，借此也可改掉&ldquo;以自我为中心&rdquo;的当代独生子女的通病。比如：给她讲讲&ldquo;孔融让梨&rdquo;的故事，并付诸于实际行动，让她知道尊敬长辈的道理；告诉她帮助别人是件很开心的事，让她知道应该助人为乐；在和小伙伴之间嬉戏时要相互谦让等等。闲暇时，常和女儿做连句的游戏，我说上句：&ldquo;妹妹摔倒了。&rdquo;女儿连下句：&ldquo;我马上把她扶起来。&rdquo;&hellip;&hellip;乐此不疲。</span><br style=\"font: 16px/32px &quot;Microsoft YaHei&quot;, 宋体; color: rgb(0, 0, 0); text-transform: none; text-indent: 0px; letter-spacing: normal; word-spacing: 0px; white-space: normal; font-size-adjust: none; font-stretch: normal; -webkit-text-stroke-width: 0px;\" />\r\n<span style=\"font: 16px/32px &quot;Microsoft YaHei&quot;, 宋体; color: rgb(0, 0, 0); text-transform: none; text-indent: 0px; letter-spacing: normal; word-spacing: 0px; float: none; display: inline !important; white-space: normal; font-size-adjust: none; font-stretch: normal; -webkit-text-stroke-width: 0px;\">　　三、让孩子&ldquo;自己来&rdquo;，培养孩子的动手和自理能力</span><br style=\"font: 16px/32px &quot;Microsoft YaHei&quot;, 宋体; color: rgb(0, 0, 0); text-transform: none; text-indent: 0px; letter-spacing: normal; word-spacing: 0px; white-space: normal; font-size-adjust: none; font-stretch: normal; -webkit-text-stroke-width: 0px;\" />\r\n<span style=\"font: 16px/32px &quot;Microsoft YaHei&quot;, 宋体; color: rgb(0, 0, 0); text-transform: none; text-indent: 0px; letter-spacing: normal; word-spacing: 0px; float: none; display: inline !important; white-space: normal; font-size-adjust: none; font-stretch: normal; -webkit-text-stroke-width: 0px;\">　　成人对孩子教育的重视程度直接影响到孩子是否会养成良好的行为习惯，成人重视与否，教育方法正确与否，首先是观念问题。有些家长望子成龙，学习上不断加大压力，生活上关怀备至，却将良好行为习惯置之脑后，听之任之。我认为孩子爱劳动良好习惯尤为重要。让孩子参加力所能及的劳动，不仅能够培养孩子的劳动习惯和勤劳的品德，而且可以培养孩子的独立性、责任感、自信心、意志力等良好素质和各种能力。因此，在我女儿很小时，我就开始让她干一些力所能及的家务活。如：收拾玩具、穿衣、洗手绢、洗袜子、整理床铺等，当然，孩子干活常常不一定能够干不好，就此我们不能以成人的标准去评价他们。只要孩子作出了努力，家长就要充分肯定。对他们来说是一种挑战，需要孩子付出很大努力。</span><br style=\"font: 16px/32px &quot;Microsoft YaHei&quot;, 宋体; color: rgb(0, 0, 0); text-transform: none; text-indent: 0px; letter-spacing: normal; word-spacing: 0px; white-space: normal; font-size-adjust: none; font-stretch: normal; -webkit-text-stroke-width: 0px;\" />\r\n<span style=\"font: 16px/32px &quot;Microsoft YaHei&quot;, 宋体; color: rgb(0, 0, 0); text-transform: none; text-indent: 0px; letter-spacing: normal; word-spacing: 0px; float: none; display: inline !important; white-space: normal; font-size-adjust: none; font-stretch: normal; -webkit-text-stroke-width: 0px;\">　　四、让孩子少一点压力，多一份轻松。在学习之余要注意让孩子适当放松，每晚抽出半小时进行散步、慢跑，并利用这一时间，了解孩子的精神需要，并经常和孩子谈心，随时观察其身心的变化，善于利用生活小事，敞开心扉，学会用欣赏的目光看待自己的孩子，善于捕捉她身上的闪光点，不要将子女与别人的孩子相比，将子女的现在和过去进行比较，纵向看进步，及时发现和肯定自己孩子所获得的任何一点成绩，使孩子感受到我们的赞美和鼓励，提高孩子的自信心和良好的学习习惯。</span><br style=\"font: 16px/32px &quot;Microsoft YaHei&quot;, 宋体; color: rgb(0, 0, 0); text-transform: none; text-indent: 0px; letter-spacing: normal; word-spacing: 0px; white-space: normal; font-size-adjust: none; font-stretch: normal; -webkit-text-stroke-width: 0px;\" />\r\n<span style=\"font: 16px/32px &quot;Microsoft YaHei&quot;, 宋体; color: rgb(0, 0, 0); text-transform: none; text-indent: 0px; letter-spacing: normal; word-spacing: 0px; float: none; display: inline !important; white-space: normal; font-size-adjust: none; font-stretch: normal; -webkit-text-stroke-width: 0px;\">　　孩子的心田是敏感的，撒下什么样的种子就会开出什么样的花果，就会有什么样的收获，因此，我真诚地希望家长们撒下的是美丽、善良、友爱的种子。让美丽、善良、友爱的花开满孩子的心田。不要让&ldquo;望子成龙&rdquo;的心理变成孩子的压力，顺其自然，因材施教，让孩子轻轻松松学习，要相信：是金子总是会发光的！</span>', '2', '0', '2', '0');
INSERT INTO `edu_share` VALUES ('24', '1', '系统管理员', '1446085165', '测试', '测试', '8', '0', '0', '0');

-- ----------------------------
-- Table structure for edu_sms
-- ----------------------------
DROP TABLE IF EXISTS `edu_sms`;
CREATE TABLE `edu_sms` (
  `id` int(11) NOT NULL AUTO_INCREMENT COMMENT '自增唯一ID',
  `to_id` int(11) NOT NULL COMMENT '收信人USER_ID',
  `remind_flag` tinyint(1) NOT NULL DEFAULT '1' COMMENT '接收标记(0-已阅读,1-未阅读,2-未阅读已弹出)',
  `delete_flag` tinyint(1) NOT NULL DEFAULT '0' COMMENT '删除标记(0-没删除,1-收信人删除,2-发信人删除)',
  `body_id` int(11) NOT NULL DEFAULT '0' COMMENT 'sms_body表对应记录的ID',
  `remind_time` int(11) NOT NULL DEFAULT '0' COMMENT '最近一次提醒时间',
  `people_type` tinyint(1) NOT NULL DEFAULT '0' COMMENT '接收标记(0-老师,1-学生,2-家长)',
  PRIMARY KEY (`id`)
) ENGINE=InnoDB DEFAULT CHARSET=utf8;

-- ----------------------------
-- Records of edu_sms
-- ----------------------------

-- ----------------------------
-- Table structure for edu_sms_body
-- ----------------------------
DROP TABLE IF EXISTS `edu_sms_body`;
CREATE TABLE `edu_sms_body` (
  `id` int(11) NOT NULL AUTO_INCREMENT COMMENT '自增唯一ID',
  `from_id` int(11) NOT NULL COMMENT '发信人USER_ID',
  `sms_type` tinyint(1) NOT NULL DEFAULT '0' COMMENT '短信类型',
  `content` text NOT NULL COMMENT '短信内容',
  `send_time` int(10) unsigned NOT NULL COMMENT '发送时间',
  `remind_url` varchar(255) NOT NULL DEFAULT '' COMMENT '相关的URL',
  PRIMARY KEY (`id`)
) ENGINE=InnoDB DEFAULT CHARSET=utf8 COMMENT='内部短信主体表';

-- ----------------------------
-- Records of edu_sms_body
-- ----------------------------

-- ----------------------------
-- Table structure for edu_sms_template
-- ----------------------------
DROP TABLE IF EXISTS `edu_sms_template`;
CREATE TABLE `edu_sms_template` (
  `id` int(11) NOT NULL AUTO_INCREMENT COMMENT '短信模版编号',
  `template_name` varchar(50) NOT NULL COMMENT '模版名称',
  `template_content` varchar(300) NOT NULL COMMENT '模版内容',
  `create_user` int(11) NOT NULL COMMENT '发布人',
  `template_type` tinyint(1) NOT NULL DEFAULT '0' COMMENT '0短信模版；1是信息通知模版',
  PRIMARY KEY (`id`)
) ENGINE=InnoDB DEFAULT CHARSET=utf8;

-- ----------------------------
-- Records of edu_sms_template
-- ----------------------------

-- ----------------------------
-- Table structure for edu_srecord_attendance
-- ----------------------------
DROP TABLE IF EXISTS `edu_srecord_attendance`;
CREATE TABLE `edu_srecord_attendance` (
  `id` int(11) NOT NULL AUTO_INCREMENT COMMENT 'ID',
  `student_id` int(11) NOT NULL COMMENT '学生id',
  `school_year` varchar(50) NOT NULL COMMENT '学年',
  `semester` varchar(50) NOT NULL COMMENT '学期',
  `grade_name` varchar(200) NOT NULL COMMENT '年级名称normal_name',
  `class_name` varchar(200) NOT NULL COMMENT '班级名称normal_name',
  `leave_count` varchar(50) NOT NULL DEFAULT '0' COMMENT '请假天数',
  `sick_count` varchar(50) NOT NULL DEFAULT '0' COMMENT '病假天数',
  `truancy_count` varchar(50) NOT NULL DEFAULT '0' COMMENT '旷课节数',
  `create_user` int(11) NOT NULL COMMENT '创建人',
  `create_time` int(11) NOT NULL COMMENT '创建时间',
  PRIMARY KEY (`id`),
  KEY `student_id` (`student_id`)
) ENGINE=InnoDB DEFAULT CHARSET=utf8 COMMENT='请假、旷课';

-- ----------------------------
-- Records of edu_srecord_attendance
-- ----------------------------

-- ----------------------------
-- Table structure for edu_srecord_change
-- ----------------------------
DROP TABLE IF EXISTS `edu_srecord_change`;
CREATE TABLE `edu_srecord_change` (
  `id` int(11) NOT NULL AUTO_INCREMENT COMMENT 'ID',
  `student_id` int(11) NOT NULL COMMENT '学生id',
  `school_year` varchar(50) NOT NULL COMMENT '学年',
  `term` varchar(50) NOT NULL COMMENT '学期',
  `apply_date` int(11) NOT NULL COMMENT '办理时间',
  `item` varchar(100) NOT NULL COMMENT '变动项目',
  `source` varchar(100) DEFAULT NULL COMMENT '来源',
  `destination` varchar(100) NOT NULL COMMENT '去向',
  `detail_info` text NOT NULL COMMENT '说明',
  `create_user` int(11) NOT NULL COMMENT '创建人',
  `create_time` int(11) DEFAULT NULL COMMENT '创建时间',
  PRIMARY KEY (`id`),
  KEY `student_id` (`student_id`)
) ENGINE=InnoDB DEFAULT CHARSET=utf8 COMMENT='学籍变动';

-- ----------------------------
-- Records of edu_srecord_change
-- ----------------------------

-- ----------------------------
-- Table structure for edu_srecord_code
-- ----------------------------
DROP TABLE IF EXISTS `edu_srecord_code`;
CREATE TABLE `edu_srecord_code` (
  `id` char(13) NOT NULL COMMENT '自增主键',
  `type_id` varchar(64) NOT NULL COMMENT '分类标识',
  `code_name` varchar(64) NOT NULL COMMENT '代码名称',
  `code_icon` varchar(64) NOT NULL COMMENT '代码图标',
  `code_order` int(11) NOT NULL DEFAULT '99' COMMENT '代码排序号',
  `is_buildin` char(1) NOT NULL DEFAULT '0' COMMENT '0:用户添加;1:系统内置',
  PRIMARY KEY (`id`),
  KEY `type_id` (`type_id`)
) ENGINE=InnoDB DEFAULT CHARSET=utf8;

-- ----------------------------
-- Records of edu_srecord_code
-- ----------------------------
INSERT INTO `edu_srecord_code` VALUES ('55d2f7da4c6f3', 'Change_Item', '转入', '', '1', '0');
INSERT INTO `edu_srecord_code` VALUES ('55d2fa1a1957e', 'Change_Item', '转出', '', '2', '0');
INSERT INTO `edu_srecord_code` VALUES ('55d2fa455f573', 'Change_Item', '休学', '', '3', '0');
INSERT INTO `edu_srecord_code` VALUES ('55d2fa4aa44c9', 'Change_Item', '退学', '', '4', '0');
INSERT INTO `edu_srecord_code` VALUES ('55d2fa50a9479', 'Change_Item', '复学', '', '5', '0');
INSERT INTO `edu_srecord_code` VALUES ('55d2fa563a4a1', 'Change_Item', '转班', '', '6', '0');
INSERT INTO `edu_srecord_code` VALUES ('55d2fa5e72a63', 'Change_Item', '留级', '', '7', '0');
INSERT INTO `edu_srecord_code` VALUES ('55d2fa62a77b1', 'Change_Item', '跳级', '', '8', '0');
INSERT INTO `edu_srecord_code` VALUES ('55d2fa676d586', 'Change_Item', '出国', '', '9', '0');
INSERT INTO `edu_srecord_code` VALUES ('55d2fa6c9ecd4', 'Change_Item', '开除', '', '10', '0');
INSERT INTO `edu_srecord_code` VALUES ('55d2fa720746f', 'Change_Item', '毕业', '', '11', '0');
INSERT INTO `edu_srecord_code` VALUES ('55d2fa767e999', 'Change_Item', '其他', '', '12', '0');
INSERT INTO `edu_srecord_code` VALUES ('55d2fc8ba15a0', 'Evaluate_Type', '上学期评价', '', '1', '0');
INSERT INTO `edu_srecord_code` VALUES ('55d2fc9237ec6', 'Evaluate_Type', '下学期评价', '', '2', '0');
INSERT INTO `edu_srecord_code` VALUES ('55d2fc9734b7c', 'Evaluate_Type', '学年总评', '', '3', '0');
INSERT INTO `edu_srecord_code` VALUES ('55d2fc9b81a53', 'Evaluate_Type', '毕业总评', '', '4', '0');
INSERT INTO `edu_srecord_code` VALUES ('55d2fcbf81073', 'Evaluate_Item', '道德品质', '', '1', '0');
INSERT INTO `edu_srecord_code` VALUES ('55d2fcc4dead7', 'Evaluate_Item', '公民素养', '', '2', '0');
INSERT INTO `edu_srecord_code` VALUES ('55d2fcca053bd', 'Evaluate_Item', '学习能力', '', '3', '0');
INSERT INTO `edu_srecord_code` VALUES ('55d2fccf8c4d4', 'Evaluate_Item', '交流合作', '', '4', '0');
INSERT INTO `edu_srecord_code` VALUES ('55d2fcd438115', 'Evaluate_Item', '运动与健康', '', '5', '0');
INSERT INTO `edu_srecord_code` VALUES ('55d2fcdb2ea33', 'Evaluate_Item', '审美与表现', '', '6', '0');
INSERT INTO `edu_srecord_code` VALUES ('55d2fce10e0ae', 'Evaluate_Item', '基础性发展评定（总评）', '', '7', '0');
INSERT INTO `edu_srecord_code` VALUES ('55d30027288a6', 'Score_Level1', '优秀', '', '1', '0');
INSERT INTO `edu_srecord_code` VALUES ('55d3002ce2b0a', 'Score_Level1', '良好', '', '2', '0');
INSERT INTO `edu_srecord_code` VALUES ('55d30031d2be4', 'Score_Level1', '及格', '', '3', '0');
INSERT INTO `edu_srecord_code` VALUES ('55d3003676309', 'Score_Level1', '不及格', '', '4', '0');
INSERT INTO `edu_srecord_code` VALUES ('55d3004dcd947', 'Score_Level2', 'A', '', '1', '0');
INSERT INTO `edu_srecord_code` VALUES ('55d300508c0f6', 'Score_Level2', 'B', '', '2', '0');
INSERT INTO `edu_srecord_code` VALUES ('55d3005439089', 'Score_Level2', 'C', '', '3', '0');
INSERT INTO `edu_srecord_code` VALUES ('55d30056b458b', 'Score_Level2', 'D', '', '4', '0');
INSERT INTO `edu_srecord_code` VALUES ('55d30095da4ed', 'Health_Type', '必考项', '', '1', '0');
INSERT INTO `edu_srecord_code` VALUES ('55d3009b31f90', 'Health_Type', '加分项', '', '2', '0');
INSERT INTO `edu_srecord_code` VALUES ('55d300a052850', 'Health_Type', '学年总评', '', '3', '0');
INSERT INTO `edu_srecord_code` VALUES ('55d300e26c49b', 'Health_Type', '毕业总评', '', '4', '0');
INSERT INTO `edu_srecord_code` VALUES ('55d3010b926d9', 'Score_Type', '期末考试', '', '1', '0');
INSERT INTO `edu_srecord_code` VALUES ('55d301112c8c7', 'Score_Type', '会考', '', '2', '0');
INSERT INTO `edu_srecord_code` VALUES ('55d3011515c6b', 'Score_Type', '入学考试', '', '3', '0');
INSERT INTO `edu_srecord_code` VALUES ('55d30119c0e51', 'Score_Type', '重考', '', '4', '0');
INSERT INTO `edu_srecord_code` VALUES ('55d3015192aeb', 'Subsidize_Project', '国家助学金', '', '0', '0');
INSERT INTO `edu_srecord_code` VALUES ('55d301564df6c', 'Subsidize_Project', '贫困生补助', '', '0', '0');
INSERT INTO `edu_srecord_code` VALUES ('55d44401ae708', 'Account_Property', '农业户口', '', '1', '0');
INSERT INTO `edu_srecord_code` VALUES ('55d4440c0e7f5', 'Account_Property', '非农业户口', '', '2', '0');
INSERT INTO `edu_srecord_code` VALUES ('55d444585294c', 'Id_Card', '居民身份证', '', '1', '0');
INSERT INTO `edu_srecord_code` VALUES ('55d444615bc3d', 'Id_Card', '护照', '', '2', '0');
INSERT INTO `edu_srecord_code` VALUES ('55d44468da976', 'Id_Card', '军官证', '', '3', '0');
INSERT INTO `edu_srecord_code` VALUES ('55d4447205e15', 'Id_Card', '香港特区护照/身份证明', '', '4', '0');
INSERT INTO `edu_srecord_code` VALUES ('55d44478d8344', 'Id_Card', '澳门特区护照/身份证明', '', '5', '0');
INSERT INTO `edu_srecord_code` VALUES ('55d44481d940d', 'Id_Card', '台湾居民来往大陆通行证', '', '6', '0');
INSERT INTO `edu_srecord_code` VALUES ('55d44488cf4a6', 'Id_Card', '士兵证', '', '7', '0');
INSERT INTO `edu_srecord_code` VALUES ('55d4448fcc68c', 'Id_Card', '文职干部证', '', '8', '0');
INSERT INTO `edu_srecord_code` VALUES ('55d444980f71c', 'Id_Card', '部队离退休证', '', '9', '0');
INSERT INTO `edu_srecord_code` VALUES ('55d444a0a546c', 'Id_Card', '境外永久居住证', '', '10', '0');
INSERT INTO `edu_srecord_code` VALUES ('55d444a70c754', 'Id_Card', '其他', '', '11', '0');
INSERT INTO `edu_srecord_code` VALUES ('55d444d40e6e7', 'Religion', '少先队员', '', '1', '0');
INSERT INTO `edu_srecord_code` VALUES ('55d444db0b66c', 'Religion', '团员', '', '2', '0');
INSERT INTO `edu_srecord_code` VALUES ('55d444e12a4ca', 'Religion', '预备党员', '', '3', '0');
INSERT INTO `edu_srecord_code` VALUES ('55d444e88a66a', 'Religion', '党员', '', '4', '0');
INSERT INTO `edu_srecord_code` VALUES ('55d444efc5499', 'Religion', '群众', '', '5', '0');
INSERT INTO `edu_srecord_code` VALUES ('55d44513b6f6a', 'Class_Type', '非随班就读', '', '0', '0');
INSERT INTO `edu_srecord_code` VALUES ('55d4451af162e', 'Class_Type', '视力残疾随班就读', '', '2', '0');
INSERT INTO `edu_srecord_code` VALUES ('55d4452296c5f', 'Class_Type', '听力残疾随班就读', '', '3', '0');
INSERT INTO `edu_srecord_code` VALUES ('55d4452ab1b8e', 'Class_Type', '智力残疾随班就读', '', '4', '0');
INSERT INTO `edu_srecord_code` VALUES ('55d44532cb0dc', 'Class_Type', '其他残疾随班就读', '', '5', '0');
INSERT INTO `edu_srecord_code` VALUES ('55d44562bc70c', 'Left_Child', '非留守儿童', '', '1', '0');
INSERT INTO `edu_srecord_code` VALUES ('55d4456a06eac', 'Left_Child', '单亲留守儿童', '', '2', '0');
INSERT INTO `edu_srecord_code` VALUES ('55d44570cbe05', 'Left_Child', '双亲留守儿童', '', '3', '0');
INSERT INTO `edu_srecord_code` VALUES ('55d445b3b62d9', 'Disable_Type', '视力残疾', '', '1', '0');
INSERT INTO `edu_srecord_code` VALUES ('55d445c155209', 'Disable_Type', '听力残疾', '', '2', '0');
INSERT INTO `edu_srecord_code` VALUES ('55d445c918f74', 'Disable_Type', '言语残疾', '', '3', '0');
INSERT INTO `edu_srecord_code` VALUES ('55d445cf6759d', 'Disable_Type', '肢体残疾', '', '4', '0');
INSERT INTO `edu_srecord_code` VALUES ('55d445d80f40c', 'Disable_Type', '智力残疾', '', '5', '0');
INSERT INTO `edu_srecord_code` VALUES ('55d445de9a467', 'Disable_Type', '精神残疾', '', '6', '0');
INSERT INTO `edu_srecord_code` VALUES ('55d445e564157', 'Disable_Type', '多重残疾', '', '7', '0');
INSERT INTO `edu_srecord_code` VALUES ('55d445ec84d23', 'Disable_Type', '其他残疾', '', '8', '0');
INSERT INTO `edu_srecord_code` VALUES ('55d445f1de85b', 'Disable_Type', '无', '', '0', '0');
INSERT INTO `edu_srecord_code` VALUES ('55d4461b4b4c7', 'Gatqy', '香港同胞', '', '1', '0');
INSERT INTO `edu_srecord_code` VALUES ('55d44629bf6f0', 'Gatqy', '香港同胞亲属', '', '2', '0');
INSERT INTO `edu_srecord_code` VALUES ('55d44632e743f', 'Gatqy', '澳门同胞', '', '3', '0');
INSERT INTO `edu_srecord_code` VALUES ('55d4463978bd3', 'Gatqy', '澳门同胞亲属', '', '4', '0');
INSERT INTO `edu_srecord_code` VALUES ('55d44640ba0b2', 'Gatqy', '台湾同胞', '', '5', '0');
INSERT INTO `edu_srecord_code` VALUES ('55d446478de94', 'Gatqy', '台湾同胞亲属', '', '6', '0');
INSERT INTO `edu_srecord_code` VALUES ('55d4464e4a05a', 'Gatqy', '华侨', '', '7', '0');
INSERT INTO `edu_srecord_code` VALUES ('55d4465526622', 'Gatqy', '侨眷', '', '8', '0');
INSERT INTO `edu_srecord_code` VALUES ('55d4465c018c7', 'Gatqy', '归侨', '', '9', '0');
INSERT INTO `edu_srecord_code` VALUES ('55d44666324c6', 'Gatqy', '归侨子女', '', '10', '0');
INSERT INTO `edu_srecord_code` VALUES ('55d4466e86c8f', 'Gatqy', '归国留学人员', '', '11', '0');
INSERT INTO `edu_srecord_code` VALUES ('55d44676ea874', 'Gatqy', '非华裔中国人', '', '12', '0');
INSERT INTO `edu_srecord_code` VALUES ('55d4467f85d37', 'Gatqy', '外籍华裔人', '', '13', '0');
INSERT INTO `edu_srecord_code` VALUES ('55d44687d6d11', 'Gatqy', '外国人', '', '14', '0');
INSERT INTO `edu_srecord_code` VALUES ('55d44690deae3', 'Gatqy', '其他', '', '15', '0');

-- ----------------------------
-- Table structure for edu_srecord_code_type
-- ----------------------------
DROP TABLE IF EXISTS `edu_srecord_code_type`;
CREATE TABLE `edu_srecord_code_type` (
  `id` varchar(64) NOT NULL COMMENT '分类标识',
  `type_name` varchar(64) NOT NULL COMMENT '分类名称',
  `is_buildin` char(1) NOT NULL DEFAULT '0' COMMENT '0:用户添加;1:系统内置',
  PRIMARY KEY (`id`)
) ENGINE=InnoDB DEFAULT CHARSET=utf8;

-- ----------------------------
-- Records of edu_srecord_code_type
-- ----------------------------
INSERT INTO `edu_srecord_code_type` VALUES ('Account_Property', '户口性质', '0');
INSERT INTO `edu_srecord_code_type` VALUES ('Change_Item', '学籍变动项', '0');
INSERT INTO `edu_srecord_code_type` VALUES ('Class_Type', '随班就读', '0');
INSERT INTO `edu_srecord_code_type` VALUES ('Disable_Type', '残疾类型', '0');
INSERT INTO `edu_srecord_code_type` VALUES ('Evaluate_Item', '评价项', '0');
INSERT INTO `edu_srecord_code_type` VALUES ('Evaluate_Type', '评价类型', '0');
INSERT INTO `edu_srecord_code_type` VALUES ('Gatqy', '港澳台侨外', '0');
INSERT INTO `edu_srecord_code_type` VALUES ('Health_Type', '健康成绩类型', '0');
INSERT INTO `edu_srecord_code_type` VALUES ('Id_Card', '身份证件类型', '0');
INSERT INTO `edu_srecord_code_type` VALUES ('Left_Child', '是否留守儿童', '0');
INSERT INTO `edu_srecord_code_type` VALUES ('Religion', '政治面貌', '0');
INSERT INTO `edu_srecord_code_type` VALUES ('Score_Level1', '成绩等级1', '0');
INSERT INTO `edu_srecord_code_type` VALUES ('Score_Level2', '成绩等级2', '0');
INSERT INTO `edu_srecord_code_type` VALUES ('Score_Type', '学籍成绩类型', '0');
INSERT INTO `edu_srecord_code_type` VALUES ('Subsidize_Project', '奖学金项目', '0');

-- ----------------------------
-- Table structure for edu_srecord_evaluate
-- ----------------------------
DROP TABLE IF EXISTS `edu_srecord_evaluate`;
CREATE TABLE `edu_srecord_evaluate` (
  `id` int(11) NOT NULL AUTO_INCREMENT,
  `student_id` int(11) NOT NULL COMMENT '学生id',
  `grade` int(11) NOT NULL COMMENT '年级id',
  `grade_name` varchar(20) NOT NULL COMMENT '年级',
  `class` int(11) NOT NULL COMMENT '班级id',
  `class_name` varchar(20) NOT NULL COMMENT '班级',
  `school_year` varchar(20) NOT NULL COMMENT '学年',
  `semester` varchar(20) NOT NULL COMMENT '学期',
  `evaluate_type` varchar(100) NOT NULL COMMENT '评价类型：1上学期，2下学期，3学年，4毕业总评',
  `evaluate_item` varchar(100) NOT NULL COMMENT '评价项',
  `evaluate_level` varchar(100) DEFAULT NULL COMMENT '评价等级',
  `evaluate_comment` text COMMENT '评价说明',
  `evaluate_date` int(11) DEFAULT NULL COMMENT '评价日期',
  `evaluate_user` int(11) DEFAULT NULL COMMENT '评价人',
  `create_user` int(11) DEFAULT NULL,
  `create_time` int(11) DEFAULT NULL,
  `evaluate_score` varchar(100) NOT NULL COMMENT '积分',
  PRIMARY KEY (`id`),
  KEY `student_id` (`student_id`)
) ENGINE=InnoDB DEFAULT CHARSET=utf8 COMMENT='评价';

-- ----------------------------
-- Records of edu_srecord_evaluate
-- ----------------------------

-- ----------------------------
-- Table structure for edu_srecord_experience
-- ----------------------------
DROP TABLE IF EXISTS `edu_srecord_experience`;
CREATE TABLE `edu_srecord_experience` (
  `id` int(11) NOT NULL AUTO_INCREMENT COMMENT 'ID',
  `student_id` int(11) NOT NULL COMMENT '学生id',
  `begin_time` int(11) NOT NULL COMMENT '起始时间',
  `end_time` int(11) NOT NULL COMMENT '结束时间',
  `school` varchar(100) NOT NULL COMMENT '学校',
  `certifier` varchar(100) NOT NULL COMMENT '证明人',
  `add_info` varchar(200) NOT NULL COMMENT '备注',
  `create_user` int(11) NOT NULL COMMENT '创建人',
  `create_time` int(11) DEFAULT NULL COMMENT '创建时间',
  PRIMARY KEY (`id`),
  KEY `student_id` (`student_id`)
) ENGINE=InnoDB DEFAULT CHARSET=utf8 COMMENT='教育经历';

-- ----------------------------
-- Records of edu_srecord_experience
-- ----------------------------

-- ----------------------------
-- Table structure for edu_srecord_family
-- ----------------------------
DROP TABLE IF EXISTS `edu_srecord_family`;
CREATE TABLE `edu_srecord_family` (
  `id` int(11) NOT NULL AUTO_INCREMENT COMMENT 'ID',
  `student_id` int(11) NOT NULL COMMENT '学生id',
  `name` varchar(50) NOT NULL COMMENT '姓名',
  `age` varchar(10) NOT NULL COMMENT '年龄',
  `relationship` varchar(50) NOT NULL COMMENT '关系',
  `relationship_info` varchar(50) NOT NULL COMMENT '关系说明',
  `nationality` varchar(50) NOT NULL COMMENT '民族',
  `registered_place` varchar(100) NOT NULL COMMENT '户口所在地',
  `work_place` varchar(100) NOT NULL COMMENT '工作单位',
  `mobile_phone` varchar(50) NOT NULL COMMENT '联系电话',
  `certificate_id_type` varchar(50) NOT NULL COMMENT '身份证件类型',
  `certificate_id` varchar(50) NOT NULL COMMENT '身份证件号',
  `job` varchar(100) NOT NULL COMMENT '职务',
  `current_address` varchar(100) NOT NULL COMMENT '现住址',
  `is_guardian` tinyint(2) NOT NULL COMMENT '是否监护人 0否 1是',
  `create_user` int(11) NOT NULL COMMENT '创建人',
  `create_time` int(11) DEFAULT NULL COMMENT '创建时间',
  PRIMARY KEY (`id`),
  KEY `student_id` (`student_id`)
) ENGINE=InnoDB AUTO_INCREMENT=2 DEFAULT CHARSET=utf8 COMMENT='家庭成员';

-- ----------------------------
-- Records of edu_srecord_family
-- ----------------------------
INSERT INTO `edu_srecord_family` VALUES ('1', '1', '张好爸', '', '父女', '', '阿昌族', '', '', '', '55d444585294c', '', '', '', '0', '1', '1443170868');

-- ----------------------------
-- Table structure for edu_srecord_family_remark
-- ----------------------------
DROP TABLE IF EXISTS `edu_srecord_family_remark`;
CREATE TABLE `edu_srecord_family_remark` (
  `id` int(11) NOT NULL AUTO_INCREMENT COMMENT 'ID',
  `student_id` int(11) NOT NULL COMMENT '学生id',
  `school_year` varchar(100) NOT NULL COMMENT '学年',
  `semester` varchar(100) NOT NULL COMMENT '学期',
  `comment` text NOT NULL COMMENT '评语',
  `comment_date` int(11) NOT NULL COMMENT '评价日期',
  `create_user` int(11) NOT NULL COMMENT '创建人',
  `create_time` int(11) NOT NULL COMMENT '创建时间',
  `head_master` int(11) NOT NULL,
  `status` tinyint(1) NOT NULL DEFAULT '0' COMMENT '0，待审核;1,审核通过；2审核不通过',
  `manage_user` int(11) NOT NULL COMMENT '审核人',
  `manage_time` int(11) NOT NULL COMMENT '审核时间',
  PRIMARY KEY (`id`),
  KEY `student_id` (`student_id`)
) ENGINE=InnoDB DEFAULT CHARSET=utf8 COMMENT='家长评价表';

-- ----------------------------
-- Records of edu_srecord_family_remark
-- ----------------------------

-- ----------------------------
-- Table structure for edu_srecord_graduation
-- ----------------------------
DROP TABLE IF EXISTS `edu_srecord_graduation`;
CREATE TABLE `edu_srecord_graduation` (
  `id` int(11) NOT NULL AUTO_INCREMENT COMMENT 'ID',
  `student_id` int(11) NOT NULL COMMENT '学生id',
  `graduate_date` int(11) NOT NULL COMMENT '毕业日期',
  `graduate_teacher` varchar(50) NOT NULL COMMENT '毕业教师',
  `graduate_certificate_no` varchar(50) NOT NULL COMMENT '毕业证号',
  `whereabout` varchar(100) NOT NULL COMMENT '毕业去向',
  `photo` varchar(100) NOT NULL COMMENT '毕业照',
  `added_info` text NOT NULL COMMENT '附加信息',
  `create_user` int(11) unsigned zerofill NOT NULL COMMENT '创建人',
  `create_time` int(11) NOT NULL COMMENT '创建时间',
  PRIMARY KEY (`id`),
  KEY `student_id` (`student_id`)
) ENGINE=InnoDB DEFAULT CHARSET=utf8 COMMENT='毕业信息';

-- ----------------------------
-- Records of edu_srecord_graduation
-- ----------------------------

-- ----------------------------
-- Table structure for edu_srecord_health
-- ----------------------------
DROP TABLE IF EXISTS `edu_srecord_health`;
CREATE TABLE `edu_srecord_health` (
  `id` int(11) NOT NULL AUTO_INCREMENT COMMENT 'ID',
  `school_no` varchar(100) NOT NULL COMMENT '学校编号',
  `student_id` int(11) NOT NULL COMMENT '学生id',
  `grade` int(11) NOT NULL COMMENT '年级id',
  `grade_name` varchar(100) NOT NULL COMMENT '年级',
  `school_year` varchar(50) NOT NULL COMMENT '学年',
  `type` varchar(50) NOT NULL COMMENT '类型：0：必考项，1加分项，2学年总评，3毕业总评',
  `hindicator_id` int(11) NOT NULL COMMENT '指标id',
  `standard_score` varchar(100) NOT NULL COMMENT '标准分',
  `mark` varchar(100) NOT NULL COMMENT '成绩',
  `score` int(11) NOT NULL COMMENT '得分',
  `level` varchar(100) NOT NULL COMMENT '等级',
  `pe_teacher_id` int(11) NOT NULL COMMENT '体育老师用户名',
  `pe_teacher_name` varchar(100) NOT NULL COMMENT '体育老师姓名',
  `headmaster_id` int(11) NOT NULL COMMENT '班主任用户名',
  `headmaster_name` varchar(100) NOT NULL COMMENT '班主任姓名',
  `parent_name` varchar(100) NOT NULL COMMENT '家长姓名',
  `create_user` int(11) NOT NULL COMMENT '创建人',
  `create_time` int(11) NOT NULL COMMENT '创建时间',
  PRIMARY KEY (`id`),
  KEY `student_id` (`student_id`),
  KEY `hindicator_id` (`hindicator_id`)
) ENGINE=InnoDB DEFAULT CHARSET=utf8 COMMENT='健康状况';

-- ----------------------------
-- Records of edu_srecord_health
-- ----------------------------

-- ----------------------------
-- Table structure for edu_srecord_hindicator
-- ----------------------------
DROP TABLE IF EXISTS `edu_srecord_hindicator`;
CREATE TABLE `edu_srecord_hindicator` (
  `id` int(11) NOT NULL AUTO_INCREMENT COMMENT 'ID',
  `no` varchar(100) NOT NULL COMMENT '指标编号',
  `name` varchar(100) NOT NULL COMMENT '指标名称',
  `unit` varchar(100) NOT NULL COMMENT '指标单位',
  `type` tinyint(2) NOT NULL COMMENT '是否加分指标：0不是，1是',
  `object_grade` text NOT NULL COMMENT '指标适用年级',
  `object_sex` varchar(100) NOT NULL COMMENT '指标适用男女：0男，1女，2男女',
  `weight` int(11) NOT NULL COMMENT '指标所占权重',
  `create_user` int(11) NOT NULL COMMENT '创建人',
  `create_time` int(11) NOT NULL COMMENT '创建时间',
  PRIMARY KEY (`id`)
) ENGINE=InnoDB DEFAULT CHARSET=utf8 COMMENT='健康指标';

-- ----------------------------
-- Records of edu_srecord_hindicator
-- ----------------------------

-- ----------------------------
-- Table structure for edu_srecord_position
-- ----------------------------
DROP TABLE IF EXISTS `edu_srecord_position`;
CREATE TABLE `edu_srecord_position` (
  `id` int(11) NOT NULL AUTO_INCREMENT COMMENT 'ID',
  `student_id` int(11) NOT NULL COMMENT '学生id',
  `begin_time` int(11) NOT NULL COMMENT '起始时间',
  `end_time` int(11) NOT NULL COMMENT '结束时间',
  `position` varchar(50) NOT NULL COMMENT '职务',
  `detail` varchar(100) NOT NULL COMMENT '说明',
  `create_user` int(11) NOT NULL COMMENT '创建人',
  `create_time` int(11) NOT NULL COMMENT '创建时间',
  PRIMARY KEY (`id`),
  KEY `student_id` (`student_id`),
  KEY `position` (`position`)
) ENGINE=InnoDB DEFAULT CHARSET=utf8 COMMENT='学生职务';

-- ----------------------------
-- Records of edu_srecord_position
-- ----------------------------

-- ----------------------------
-- Table structure for edu_srecord_remark
-- ----------------------------
DROP TABLE IF EXISTS `edu_srecord_remark`;
CREATE TABLE `edu_srecord_remark` (
  `id` int(11) NOT NULL AUTO_INCREMENT COMMENT 'ID',
  `student_id` int(11) NOT NULL COMMENT '学生id',
  `grade_id` int(11) DEFAULT NULL COMMENT '班级id',
  `grade_name` varchar(200) NOT NULL COMMENT '年级名称',
  `school_year` varchar(100) NOT NULL COMMENT '学年',
  `semester` varchar(100) NOT NULL COMMENT '学期',
  `level` varchar(40) NOT NULL COMMENT '等级',
  `comment` text NOT NULL COMMENT '评语',
  `head_master` varchar(40) NOT NULL COMMENT '班主任',
  `comment_date` int(11) NOT NULL COMMENT '评价日期',
  `create_user` int(11) NOT NULL COMMENT '创建人',
  `create_time` int(11) NOT NULL COMMENT '创建时间',
  PRIMARY KEY (`id`),
  KEY `student_id` (`student_id`)
) ENGINE=InnoDB DEFAULT CHARSET=utf8 COMMENT='评价';

-- ----------------------------
-- Records of edu_srecord_remark
-- ----------------------------

-- ----------------------------
-- Table structure for edu_srecord_reward
-- ----------------------------
DROP TABLE IF EXISTS `edu_srecord_reward`;
CREATE TABLE `edu_srecord_reward` (
  `id` int(11) NOT NULL AUTO_INCREMENT COMMENT 'ID',
  `student_id` int(11) NOT NULL COMMENT '学生id',
  `school_year` varchar(50) NOT NULL COMMENT '学年',
  `semester` varchar(50) NOT NULL COMMENT '学期',
  `grade` int(11) NOT NULL COMMENT '年级',
  `grade_name` varchar(200) NOT NULL COMMENT '年级名称',
  `class` int(11) NOT NULL COMMENT '班级',
  `class_name` varchar(200) NOT NULL COMMENT '班级名称',
  `reward_type` tinyint(2) NOT NULL COMMENT '奖惩类型 0奖励 1惩罚',
  `reason` text NOT NULL COMMENT '原因',
  `create_user` int(11) NOT NULL COMMENT '创建人',
  `create_time` int(11) DEFAULT NULL COMMENT '创建时间',
  PRIMARY KEY (`id`),
  KEY `student_id` (`student_id`)
) ENGINE=InnoDB DEFAULT CHARSET=utf8 COMMENT='奖惩';

-- ----------------------------
-- Records of edu_srecord_reward
-- ----------------------------

-- ----------------------------
-- Table structure for edu_srecord_score
-- ----------------------------
DROP TABLE IF EXISTS `edu_srecord_score`;
CREATE TABLE `edu_srecord_score` (
  `id` int(11) NOT NULL AUTO_INCREMENT COMMENT 'ID',
  `student_id` int(11) NOT NULL COMMENT '学生id',
  `school_year` varchar(50) NOT NULL COMMENT '学年',
  `semester` varchar(50) NOT NULL COMMENT '学期',
  `grade_id` int(11) DEFAULT NULL COMMENT '年级id',
  `grade_name` varchar(200) NOT NULL COMMENT '年级名称',
  `class_id` int(11) DEFAULT NULL COMMENT '班级id',
  `class_name` varchar(200) NOT NULL COMMENT '班级名称',
  `course_id` int(11) DEFAULT NULL COMMENT '科目id',
  `course_name` varchar(100) NOT NULL COMMENT '科目编号',
  `score_type` varchar(50) DEFAULT '0' COMMENT '成绩类型，0期末，1会考，2入学,99重考',
  `score` int(11) NOT NULL COMMENT '成绩',
  `score_year` int(3) DEFAULT NULL COMMENT '学年成绩',
  `credit` varchar(50) NOT NULL COMMENT '学分',
  `level` varchar(50) NOT NULL COMMENT '等级',
  `create_user` int(11) NOT NULL COMMENT '创建人',
  `create_time` int(11) DEFAULT NULL COMMENT '创建时间',
  PRIMARY KEY (`id`),
  KEY `student_id` (`student_id`),
  KEY `school_year` (`school_year`,`semester`),
  KEY `create_user` (`create_user`)
) ENGINE=InnoDB DEFAULT CHARSET=utf8 COMMENT='学籍成绩';

-- ----------------------------
-- Records of edu_srecord_score
-- ----------------------------

-- ----------------------------
-- Table structure for edu_srecord_speciality
-- ----------------------------
DROP TABLE IF EXISTS `edu_srecord_speciality`;
CREATE TABLE `edu_srecord_speciality` (
  `id` int(11) NOT NULL AUTO_INCREMENT COMMENT 'ID',
  `student_id` int(11) NOT NULL COMMENT '学号',
  `speciality` varchar(100) NOT NULL COMMENT '特长',
  `detail_info` varchar(200) NOT NULL COMMENT '说明',
  `create_time` int(11) NOT NULL COMMENT '创建时间',
  `create_user` int(11) NOT NULL COMMENT '创建人',
  PRIMARY KEY (`id`),
  KEY `student_id` (`student_id`)
) ENGINE=InnoDB DEFAULT CHARSET=utf8 COMMENT='特长';

-- ----------------------------
-- Records of edu_srecord_speciality
-- ----------------------------

-- ----------------------------
-- Table structure for edu_srecord_subsidize
-- ----------------------------
DROP TABLE IF EXISTS `edu_srecord_subsidize`;
CREATE TABLE `edu_srecord_subsidize` (
  `id` int(11) NOT NULL AUTO_INCREMENT COMMENT 'ID',
  `student_id` int(11) NOT NULL COMMENT '学生id',
  `date` int(11) NOT NULL COMMENT '时间',
  `project` varchar(100) NOT NULL COMMENT '项目',
  `info` varchar(200) NOT NULL COMMENT '说明',
  `account` float NOT NULL COMMENT '金额',
  `school_year` varchar(50) NOT NULL COMMENT '学年',
  `semester` varchar(50) NOT NULL COMMENT '学期',
  `create_user` int(11) NOT NULL COMMENT '创建人',
  `create_time` int(11) NOT NULL COMMENT '创建时间',
  PRIMARY KEY (`id`),
  KEY `student_id` (`student_id`)
) ENGINE=InnoDB DEFAULT CHARSET=utf8 COMMENT='奖学金';

-- ----------------------------
-- Records of edu_srecord_subsidize
-- ----------------------------

-- ----------------------------
-- Table structure for edu_staff_code
-- ----------------------------
DROP TABLE IF EXISTS `edu_staff_code`;
CREATE TABLE `edu_staff_code` (
  `id` char(13) NOT NULL COMMENT '自增主键',
  `type_id` varchar(64) NOT NULL COMMENT '分类标识',
  `code_name` varchar(64) NOT NULL COMMENT '代码名称',
  `code_icon` varchar(64) NOT NULL COMMENT '代码图标',
  `code_order` int(11) NOT NULL DEFAULT '99' COMMENT '代码排序号',
  `is_buildin` char(1) NOT NULL DEFAULT '0' COMMENT '0:用户添加;1:系统内置',
  PRIMARY KEY (`id`),
  KEY `type_id` (`type_id`)
) ENGINE=InnoDB DEFAULT CHARSET=utf8;

-- ----------------------------
-- Records of edu_staff_code
-- ----------------------------
INSERT INTO `edu_staff_code` VALUES ('55c9c6f686bf1', 'EDU_MARRIGE_STATUS', '未婚', '', '1', '0');
INSERT INTO `edu_staff_code` VALUES ('55c9c70826c28', 'EDU_MARRIGE_STATUS', '已婚', '', '2', '0');
INSERT INTO `edu_staff_code` VALUES ('55c9c70f5a2dd', 'EDU_MARRIGE_STATUS', '离异', '', '3', '0');
INSERT INTO `edu_staff_code` VALUES ('55c9c716e3ef5', 'EDU_MARRIGE_STATUS', '丧偶', '', '4', '0');
INSERT INTO `edu_staff_code` VALUES ('55c9c79fe5518', 'EDU_CARD_TYPE', '军队文职干部证', '', '2', '0');
INSERT INTO `edu_staff_code` VALUES ('55c9c7aeb0088', 'EDU_CARD_TYPE', '军官证', '', '3', '0');
INSERT INTO `edu_staff_code` VALUES ('55c9c7c62d49d', 'EDU_CARD_TYPE', '香港特区护照/身份证明', '', '4', '0');
INSERT INTO `edu_staff_code` VALUES ('55cae92da9be9', 'EDU_CARD_TYPE', '澳门特区护照/身份证明', '', '5', '0');
INSERT INTO `edu_staff_code` VALUES ('55cae9565248b', 'EDU_CARD_TYPE', '台湾居民来往大陆通行证', '', '6', '0');
INSERT INTO `edu_staff_code` VALUES ('55cae963e3fd5', 'EDU_CARD_TYPE', '护照', '', '7', '0');
INSERT INTO `edu_staff_code` VALUES ('55cafc056d69e', 'EDU_POLITICAL_STATUS', '中共党员', '', '1', '0');
INSERT INTO `edu_staff_code` VALUES ('55cafc11ae1b3', 'EDU_POLITICAL_STATUS', '中共预备党员', '', '2', '0');
INSERT INTO `edu_staff_code` VALUES ('55cafc22f10ae', 'EDU_POLITICAL_STATUS', '共青团员', '', '3', '0');
INSERT INTO `edu_staff_code` VALUES ('55cafc2cb2e23', 'EDU_POLITICAL_STATUS', '民革会员', '', '4', '0');
INSERT INTO `edu_staff_code` VALUES ('55cafc49ad8b8', 'EDU_POLITICAL_STATUS', '民盟盟员', '', '5', '0');
INSERT INTO `edu_staff_code` VALUES ('55cafc60276fd', 'EDU_POLITICAL_STATUS', '民建会员', '', '6', '0');
INSERT INTO `edu_staff_code` VALUES ('55cafc6869d0f', 'EDU_POLITICAL_STATUS', '民进会员', '', '7', '0');
INSERT INTO `edu_staff_code` VALUES ('55cafc7c277ca', 'EDU_POLITICAL_STATUS', '农工党党员', '', '8', '0');
INSERT INTO `edu_staff_code` VALUES ('55cafc8fede3d', 'EDU_POLITICAL_STATUS', '致公党党员', '', '9', '0');
INSERT INTO `edu_staff_code` VALUES ('55cafca90724b', 'EDU_POLITICAL_STATUS', '九三学社社员', '', '10', '0');
INSERT INTO `edu_staff_code` VALUES ('55cafcbe9b384', 'EDU_POLITICAL_STATUS', '台盟盟员', '', '11', '0');
INSERT INTO `edu_staff_code` VALUES ('55cafcdcbbe78', 'EDU_POLITICAL_STATUS', '无党派民主人士', '', '12', '0');
INSERT INTO `edu_staff_code` VALUES ('55cafceb729cd', 'EDU_POLITICAL_STATUS', '群众', '', '13', '0');
INSERT INTO `edu_staff_code` VALUES ('55cb02bca5d25', 'EDU_EDUCATION', '小学', 'icon-home-2', '1', '0');
INSERT INTO `edu_staff_code` VALUES ('55cb02d253918', 'EDU_EDUCATION', '初中', '', '2', '0');
INSERT INTO `edu_staff_code` VALUES ('55cb02dadc2df', 'EDU_EDUCATION', '普通高中毕业', '', '3', '0');
INSERT INTO `edu_staff_code` VALUES ('55cb02fe98e50', 'EDU_EDUCATION', '普通高中结业', '', '4', '0');
INSERT INTO `edu_staff_code` VALUES ('55cb0318afa90', 'EDU_EDUCATION', '普通高中肄业', '', '5', '0');
INSERT INTO `edu_staff_code` VALUES ('55cb032c4a7a9', 'EDU_EDUCATION', '职业高中毕业', '', '6', '0');
INSERT INTO `edu_staff_code` VALUES ('55cb033553e14', 'EDU_EDUCATION', '职业高中结业', '', '7', '0');
INSERT INTO `edu_staff_code` VALUES ('55cb0347979d1', 'EDU_EDUCATION', '职业高中肄业', '', '8', '0');
INSERT INTO `edu_staff_code` VALUES ('55cb03b6aabc3', 'EDU_EDUCATION', '中等师范学校（幼儿师范学校）毕业', '', '9', '0');
INSERT INTO `edu_staff_code` VALUES ('55cb03c564bba', 'EDU_EDUCATION', '中等师范学校（幼儿师范学校）结业', '', '10', '0');
INSERT INTO `edu_staff_code` VALUES ('55cb04019c92e', 'EDU_EDUCATION', '中等师范学校（幼儿师范学校）肄业', 'icon-home-2', '11', '0');
INSERT INTO `edu_staff_code` VALUES ('55cb043d3380a', 'EDU_EDUCATION', '技工学校毕业', '', '12', '0');
INSERT INTO `edu_staff_code` VALUES ('55cb0453405a2', 'EDU_EDUCATION', '技工学校结业', '', '13', '0');
INSERT INTO `edu_staff_code` VALUES ('55cb045e72df7', 'EDU_EDUCATION', '技工学校肄业', '', '14', '0');
INSERT INTO `edu_staff_code` VALUES ('55cb046a6a3ca', 'EDU_EDUCATION', '中等专科毕业', '', '15', '0');
INSERT INTO `edu_staff_code` VALUES ('55cb047af417d', 'EDU_EDUCATION', '中等专科结业', '', '16', '0');
INSERT INTO `edu_staff_code` VALUES ('55cb048a2e78e', 'EDU_EDUCATION', '中等专科肄业', '', '17', '0');
INSERT INTO `edu_staff_code` VALUES ('55cb04a5a99f8', 'EDU_EDUCATION', '大学专科毕业', '', '18', '0');
INSERT INTO `edu_staff_code` VALUES ('55cb04b021532', 'EDU_EDUCATION', '大学专科结业', '', '19', '0');
INSERT INTO `edu_staff_code` VALUES ('55cb04b9d4927', 'EDU_EDUCATION', '大学专科肄业', '', '20', '0');
INSERT INTO `edu_staff_code` VALUES ('55cb04d441294', 'EDU_EDUCATION', '大学普通班毕业', '', '21', '0');
INSERT INTO `edu_staff_code` VALUES ('55cb04ea39a11', 'EDU_EDUCATION', '大学本科毕业', '', '22', '0');
INSERT INTO `edu_staff_code` VALUES ('55cb04f6d87a0', 'EDU_EDUCATION', '大学本科结业', '', '23', '0');
INSERT INTO `edu_staff_code` VALUES ('55cb0501c6556', 'EDU_EDUCATION', '大学本科肄业', '', '24', '0');
INSERT INTO `edu_staff_code` VALUES ('55cb050ea6419', 'EDU_EDUCATION', '研究生班毕业', '', '25', '0');
INSERT INTO `edu_staff_code` VALUES ('55cb0518f1801', 'EDU_EDUCATION', '研究生班结业', '', '26', '0');
INSERT INTO `edu_staff_code` VALUES ('55cb05245f9a0', 'EDU_EDUCATION', '研究生班肄业', '', '27', '0');
INSERT INTO `edu_staff_code` VALUES ('55cb05389063e', 'EDU_EDUCATION', '硕士研究生肄业', '', '28', '0');
INSERT INTO `edu_staff_code` VALUES ('55cb0574db31e', 'EDU_EDUCATION', '硕士研究生结业', '', '29', '0');
INSERT INTO `edu_staff_code` VALUES ('55cb057e579e0', 'EDU_EDUCATION', '硕士研究生毕业', '', '30', '0');
INSERT INTO `edu_staff_code` VALUES ('55cb058717ef4', 'EDU_EDUCATION', '博士', '', '31', '0');
INSERT INTO `edu_staff_code` VALUES ('55cb058f4a440', 'EDU_EDUCATION', '博士后', '', '32', '0');
INSERT INTO `edu_staff_code` VALUES ('55cb059b02135', 'EDU_EDUCATION', '其他', '', '33', '0');
INSERT INTO `edu_staff_code` VALUES ('55cb05e68271f', 'EDU_DEGREE', '无', '', '1', '0');
INSERT INTO `edu_staff_code` VALUES ('55cb05f2ea1ce', 'EDU_DEGREE', '硕士', '', '2', '0');
INSERT INTO `edu_staff_code` VALUES ('55cb0602c2705', 'EDU_DEGREE', '硕学硕士学位', '', '3', '0');
INSERT INTO `edu_staff_code` VALUES ('55cb060fd0b8c', 'EDU_DEGREE', '经济学硕士学位', '', '4', '0');
INSERT INTO `edu_staff_code` VALUES ('55cb061b0d5db', 'EDU_DEGREE', '法学硕士学位', '', '5', '0');
INSERT INTO `edu_staff_code` VALUES ('55cb062a84343', 'EDU_DEGREE', '教育学硕士学位', '', '6', '0');
INSERT INTO `edu_staff_code` VALUES ('55cb063a95a8e', 'EDU_DEGREE', '文学硕士学位', '', '7', '0');
INSERT INTO `edu_staff_code` VALUES ('55cb064209b4e', 'EDU_DEGREE', '历史学硕士学位', '', '8', '0');
INSERT INTO `edu_staff_code` VALUES ('55cb064978542', 'EDU_DEGREE', '理学硕士学位', '', '9', '0');
INSERT INTO `edu_staff_code` VALUES ('55cb0651d8b9b', 'EDU_DEGREE', '工学硕士学位', '', '10', '0');
INSERT INTO `edu_staff_code` VALUES ('55cb065b5e98a', 'EDU_DEGREE', '农学硕士学位', '', '11', '0');
INSERT INTO `edu_staff_code` VALUES ('55cb0663277ed', 'EDU_DEGREE', '医学硕士学位', '', '12', '0');
INSERT INTO `edu_staff_code` VALUES ('55cb066f3219e', 'EDU_DEGREE', '管理学硕士学位', '', '13', '0');
INSERT INTO `edu_staff_code` VALUES ('55cb06778e68f', 'EDU_DEGREE', '法律硕士专业学位', '', '14', '0');
INSERT INTO `edu_staff_code` VALUES ('55cb067f733c7', 'EDU_DEGREE', '教育硕士专业学位', '', '15', '0');
INSERT INTO `edu_staff_code` VALUES ('55cb06884e235', 'EDU_DEGREE', '工程硕士专业学位', '', '16', '0');
INSERT INTO `edu_staff_code` VALUES ('55cb0694eae18', 'EDU_DEGREE', '工商管理硕士专业学位', '', '17', '0');
INSERT INTO `edu_staff_code` VALUES ('55cb069e5df31', 'EDU_DEGREE', '公共管理硕士专业学位', '', '18', '0');
INSERT INTO `edu_staff_code` VALUES ('55cb06b039591', 'EDU_DEGREE', '学士', '', '19', '0');
INSERT INTO `edu_staff_code` VALUES ('55cb06c80ba9f', 'EDU_DEGREE', '哲学学士学位', '', '20', '0');
INSERT INTO `edu_staff_code` VALUES ('55cb06d0e7b99', 'EDU_DEGREE', '经济学学士学位', '', '21', '0');
INSERT INTO `edu_staff_code` VALUES ('55cb06d911371', 'EDU_DEGREE', '法学学士学位', '', '22', '0');
INSERT INTO `edu_staff_code` VALUES ('55cb06ee43796', 'EDU_DEGREE', '教育学学士学位', '', '23', '0');
INSERT INTO `edu_staff_code` VALUES ('55cb06f79e441', 'EDU_DEGREE', '文学学士学位', '', '24', '0');
INSERT INTO `edu_staff_code` VALUES ('55cb06ffb04fd', 'EDU_DEGREE', '历史学学士学位', '', '25', '0');
INSERT INTO `edu_staff_code` VALUES ('55cb07080b7f8', 'EDU_DEGREE', '理学学士学位', '', '26', '0');
INSERT INTO `edu_staff_code` VALUES ('55cb07100a047', 'EDU_DEGREE', '工学学士学位', '', '27', '0');
INSERT INTO `edu_staff_code` VALUES ('55cb0717ed597', 'EDU_DEGREE', '管理学学士学位', '', '28', '0');
INSERT INTO `edu_staff_code` VALUES ('55cb07268eae5', 'EDU_DEGREE', '博士学位', '', '29', '0');
INSERT INTO `edu_staff_code` VALUES ('55cb08506882b', 'EDU_ACCOUNT_TYPE', '本市城镇职工', '', '1', '0');
INSERT INTO `edu_staff_code` VALUES ('55cb090eee6e8', 'EDU_ACCOUNT_TYPE', '外埠城镇职工', '', '2', '0');
INSERT INTO `edu_staff_code` VALUES ('55cb091eedb56', 'EDU_ACCOUNT_TYPE', '本市农民工', '', '3', '0');
INSERT INTO `edu_staff_code` VALUES ('55cb093bbcb48', 'EDU_ACCOUNT_TYPE', '外地农民工', '', '4', '0');
INSERT INTO `edu_staff_code` VALUES ('55cb094d70392', 'EDU_ACCOUNT_TYPE', '本市农村劳动力', '', '5', '0');
INSERT INTO `edu_staff_code` VALUES ('55cb095c2da1b', 'EDU_ACCOUNT_TYPE', '外埠农村劳动力', '', '6', '0');
INSERT INTO `edu_staff_code` VALUES ('55cb12eb95ddf', 'EDU_CARD_TYPE', '身份证', '', '1', '0');
INSERT INTO `edu_staff_code` VALUES ('55cc087b9f289', 'EDU_MANAGER_LEVEL', '初级', '', '1', '0');
INSERT INTO `edu_staff_code` VALUES ('55cc0882f0cc6', 'EDU_MANAGER_LEVEL', '中级', '', '2', '0');
INSERT INTO `edu_staff_code` VALUES ('55cc088e85daf', 'EDU_MANAGER_LEVEL', '副高', '', '3', '0');
INSERT INTO `edu_staff_code` VALUES ('55cc08966879f', 'EDU_MANAGER_LEVEL', '正高', '', '4', '0');

-- ----------------------------
-- Table structure for edu_staff_code_type
-- ----------------------------
DROP TABLE IF EXISTS `edu_staff_code_type`;
CREATE TABLE `edu_staff_code_type` (
  `id` varchar(64) NOT NULL COMMENT '分类标识',
  `type_name` varchar(64) NOT NULL COMMENT '分类名称',
  `is_buildin` char(1) NOT NULL DEFAULT '0' COMMENT '0:用户添加;1:系统内置',
  PRIMARY KEY (`id`)
) ENGINE=InnoDB DEFAULT CHARSET=utf8;

-- ----------------------------
-- Records of edu_staff_code_type
-- ----------------------------
INSERT INTO `edu_staff_code_type` VALUES ('EDU_ACCOUNT_TYPE', '户口类型', '1');
INSERT INTO `edu_staff_code_type` VALUES ('EDU_CARD_TYPE', '证件类型', '1');
INSERT INTO `edu_staff_code_type` VALUES ('EDU_DEGREE', '学位', '1');
INSERT INTO `edu_staff_code_type` VALUES ('EDU_EDUCATION', '学历', '1');
INSERT INTO `edu_staff_code_type` VALUES ('EDU_MANAGER_LEVEL', '行政等级', '1');
INSERT INTO `edu_staff_code_type` VALUES ('EDU_MARRIGE_STATUS', '婚姻状况', '1');
INSERT INTO `edu_staff_code_type` VALUES ('EDU_POLITICAL_STATUS', '政治面貌', '1');

-- ----------------------------
-- Table structure for edu_staff_info
-- ----------------------------
DROP TABLE IF EXISTS `edu_staff_info`;
CREATE TABLE `edu_staff_info` (
  `id` int(11) NOT NULL AUTO_INCREMENT COMMENT '自增字段',
  `create_user` int(11) NOT NULL COMMENT '创建人',
  `create_org_id` varchar(30) NOT NULL COMMENT '创建者部门编号',
  `user_id` int(11) NOT NULL COMMENT '用户id',
  `org_id` int(11) NOT NULL DEFAULT '0' COMMENT '部门',
  `staff_no` varchar(254) NOT NULL COMMENT '员工编号',
  `work_no` varchar(254) NOT NULL COMMENT '员工工号',
  `photo_name` varchar(254) NOT NULL COMMENT '照片文件名',
  `staff_name` varchar(254) NOT NULL COMMENT '员工姓名',
  `staff_ename` varchar(254) NOT NULL COMMENT '英文名',
  `staff_card_no` varchar(254) NOT NULL COMMENT '身份证号码',
  `staff_sex` char(1) NOT NULL COMMENT '性别(1-男,0-女)',
  `staff_birth` int(11) NOT NULL COMMENT '出生日期',
  `staff_age` varchar(8) NOT NULL COMMENT '年龄',
  `staff_native_place` varchar(254) NOT NULL COMMENT '籍贯',
  `staff_domicile_place` varchar(254) NOT NULL COMMENT '户口所在地',
  `is_other_p` char(1) NOT NULL COMMENT '是否异地户口',
  `staff_nationality` varchar(16) NOT NULL COMMENT '民族',
  `staff_marital_status` varchar(16) NOT NULL COMMENT '婚姻状况',
  `staff_politicle_status` varchar(16) NOT NULL COMMENT '政治面貌',
  `join_party_time` int(11) NOT NULL COMMENT '入党团时间',
  `staff_phone` varchar(254) NOT NULL COMMENT '联系电话',
  `staff_mobile` varchar(254) NOT NULL COMMENT '手机号码',
  `staff_email` varchar(254) NOT NULL COMMENT 'E_MAIL',
  `staff_qq` varchar(254) NOT NULL COMMENT 'QQ',
  `home_address` varchar(254) NOT NULL COMMENT '家庭地址',
  `other_contact` varchar(254) NOT NULL COMMENT '其它联系方式',
  `job_beginning` int(11) NOT NULL COMMENT '参加工作时间',
  `work_age` varchar(16) NOT NULL COMMENT '总工龄',
  `staff_health` varchar(16) NOT NULL COMMENT '健康状况',
  `staff_highest_school` varchar(32) NOT NULL COMMENT '最高学历',
  `staff_first_degree` varchar(32) DEFAULT NULL COMMENT '第一学历',
  `staff_highest_degree` varchar(32) NOT NULL COMMENT '最高学位',
  `graduation_date` int(11) NOT NULL COMMENT '毕业时间',
  `graduation_school` varchar(254) NOT NULL COMMENT '毕业学校',
  `staff_major` varchar(32) NOT NULL COMMENT '专业',
  `computer_level` varchar(32) NOT NULL COMMENT '计算机水平',
  `foreign_language1` varchar(32) NOT NULL COMMENT '外语语种1',
  `foreign_level1` varchar(32) NOT NULL COMMENT '外语水平1',
  `foreign_language2` varchar(32) NOT NULL COMMENT '外语语种2',
  `foreign_level2` varchar(32) NOT NULL COMMENT '外语水平2',
  `foreign_language3` varchar(32) NOT NULL COMMENT '外语语种3',
  `foreign_level3` varchar(32) NOT NULL COMMENT '外语水平3',
  `staff_skills` varchar(254) NOT NULL COMMENT '特长',
  `staff_occupation` varchar(32) NOT NULL COMMENT '员工类型',
  `administration_level` varchar(32) NOT NULL COMMENT '行政等级',
  `job_position` varchar(32) NOT NULL COMMENT '职务',
  `present_position` varchar(32) NOT NULL COMMENT '职称',
  `job_position_time` int(11) NOT NULL COMMENT '现职任职时间',
  `job_position_year` varchar(30) DEFAULT NULL COMMENT '现职任职年限',
  `employed_date` int(11) NOT NULL COMMENT '入职时间',
  `job_age` varchar(32) NOT NULL COMMENT '本单位工龄',
  `begin_salsry_time` int(11) NOT NULL COMMENT '起薪时间',
  `work_status` varchar(32) NOT NULL COMMENT '在职状态',
  `staff_cs` int(11) NOT NULL COMMENT '合同签订时间',
  `staff_ctr` int(11) NOT NULL COMMENT '合同到期时间',
  `remark` text NOT NULL COMMENT '备注',
  `staff_company` varchar(254) NOT NULL COMMENT '所在单位',
  `resume` text NOT NULL COMMENT '简历',
  `add_time` int(11) NOT NULL COMMENT '建档时间',
  `last_update_time` int(11) NOT NULL COMMENT '最后修改时间',
  `staff_type` varchar(254) NOT NULL COMMENT '户口类别',
  `allow_or_not` varchar(8) NOT NULL COMMENT 'OA登录权限(0-允许登录,1-不允许登录)',
  `certificate` text NOT NULL COMMENT '职务情况',
  `surety` text NOT NULL COMMENT '担保记录',
  `body_examim` text NOT NULL COMMENT '体检记录',
  `insure` text NOT NULL COMMENT '社保缴纳情况',
  `record_date` int(11) NOT NULL COMMENT '记录日期',
  `work_level` varchar(200) NOT NULL COMMENT '职称级别',
  `staff_native_place2` varchar(254) NOT NULL COMMENT '籍贯',
  `work_job` varchar(200) NOT NULL COMMENT '岗位',
  `before_name` varchar(200) NOT NULL COMMENT '曾用名',
  `birth_remind_date` int(11) NOT NULL COMMENT '生日提醒日期',
  `bank1` varchar(254) NOT NULL COMMENT '开户行名1',
  `bank_account1` varchar(254) NOT NULL COMMENT '开户行的账号1',
  `bank2` varchar(254) NOT NULL COMMENT '开户行名2',
  `bank_account2` varchar(254) NOT NULL COMMENT '开户行的账号2',
  `blood_type` varchar(5) NOT NULL COMMENT '血型(A-A型血,B-B型血,O-O型血,AB-AB型血)',
  `nationality` varchar(500) NOT NULL COMMENT '国籍/地区',
  `birth_place` varchar(500) NOT NULL COMMENT '出生地',
  `part_time_job` char(1) NOT NULL COMMENT '是否兼职教师',
  `teaching_age` int(11) NOT NULL COMMENT '从教年月',
  `organization` varchar(5) NOT NULL COMMENT '编制类别',
  `staff_categories` varchar(5) NOT NULL COMMENT '教职工类别',
  `religious` varchar(250) NOT NULL COMMENT '信仰宗教',
  `name_spelling` varchar(200) NOT NULL COMMENT '姓名拼音',
  `id_type` varchar(50) NOT NULL COMMENT '身份证件类型',
  `id_info` varchar(40) NOT NULL COMMENT '身份证件号',
  `edu_course` varchar(100) NOT NULL COMMENT '课程名称',
  `is_experts` char(2) NOT NULL COMMENT '是否为专家',
  `experts_info` text COMMENT '专家特长信息',
  `directly_under` varchar(200) NOT NULL COMMENT '直属下级',
  `directly_superior` varchar(200) NOT NULL COMMENT '直属上级',
  `part_time` varchar(200) NOT NULL COMMENT '兼职',
  `research_results` text NOT NULL COMMENT '研究成果',
  PRIMARY KEY (`id`)
) ENGINE=InnoDB DEFAULT CHARSET=utf8 COMMENT='人事档案的信息';

-- ----------------------------
-- Records of edu_staff_info
-- ----------------------------

-- ----------------------------
-- Table structure for edu_students
-- ----------------------------
DROP TABLE IF EXISTS `edu_students`;
CREATE TABLE `edu_students` (
  `id` int(11) NOT NULL AUTO_INCREMENT,
  `name` varchar(100) DEFAULT NULL COMMENT '姓名',
  `student_id` varchar(40) NOT NULL COMMENT '学号',
  `login_name` varchar(100) NOT NULL COMMENT '登录名',
  `password` varchar(100) NOT NULL COMMENT '密码',
  `sex` tinyint(2) DEFAULT NULL COMMENT '性别',
  `org_id` int(11) NOT NULL COMMENT '组织id（班级）',
  `mobile_phone` varchar(11) DEFAULT NULL COMMENT '手机号',
  `is_send_msg` tinyint(2) DEFAULT '0' COMMENT '是否手机短信通知 1移动校园消息，2手机短信',
  `name_index` varchar(100) DEFAULT NULL COMMENT '姓名索引',
  `birthday` int(11) DEFAULT NULL COMMENT '生日',
  `add_home` varchar(255) DEFAULT NULL COMMENT '家庭住址',
  `home_post_no` int(6) DEFAULT NULL COMMENT '邮编',
  `qq` int(20) DEFAULT NULL COMMENT 'qq',
  `weixin` varchar(30) DEFAULT NULL COMMENT '微信',
  `email` varchar(50) DEFAULT NULL COMMENT '邮箱',
  `avatar` varchar(255) DEFAULT NULL COMMENT '头像',
  `last_visit_time` int(11) DEFAULT NULL COMMENT '上次访问时间',
  `last_pass_time` int(11) DEFAULT NULL COMMENT '上次修改密码时间',
  `last_visit_ip` varchar(30) DEFAULT NULL COMMENT '上次登录ip',
  `online` int(11) DEFAULT NULL COMMENT '在线时长',
  `on_status` tinyint(2) NOT NULL DEFAULT '2' COMMENT '在线状态 1在线 2离线',
  `order_no` int(11) DEFAULT NULL COMMENT '排序号',
  `not_login` tinyint(2) NOT NULL DEFAULT '0' COMMENT '禁止登陆 0允许，1禁止',
  `my_sign` varchar(255) DEFAULT NULL COMMENT '签名',
  `is_graduta` tinyint(2) DEFAULT '1' COMMENT '毕业状态 1在校 2毕业',
  `create_user` varchar(20) DEFAULT NULL COMMENT '创建人',
  `create_time` int(11) DEFAULT NULL COMMENT '创建时间',
  PRIMARY KEY (`id`),
  UNIQUE KEY `student_id` (`student_id`),
  KEY `login_name` (`login_name`),
  KEY `name` (`name`),
  KEY `org_id` (`org_id`)
) ENGINE=InnoDB AUTO_INCREMENT=30 DEFAULT CHARSET=utf8 COMMENT='学生表 ';

-- ----------------------------
-- Records of edu_students
-- ----------------------------
INSERT INTO `edu_students` VALUES ('2', '李四', 'XH00002', 'XH00002', '$1$JT1.ox0.$HKP7GY/g5iSW7J97KsOuS/', '1', '19', '', '0', 'l*s', null, '', null, null, '', '', '', '1445845672', null, '192.168.1.158', '3424', '2', '2', '0', '', '1', '1', '1439796118');
INSERT INTO `edu_students` VALUES ('3', '王五', 'XH00003', 'XH00003', '$1$0G..ii..$TwGUKL0dQJXfOxNGASVKR0', '1', '24', '', '0', 'wy*w', null, '', null, null, '', '', '', null, null, '', null, '2', null, '0', '', '1', '1', '1439797664');
INSERT INTO `edu_students` VALUES ('4', '谢定', 'XH00010', 'XH00010', '$1$J.2.B51.$xh5uEMTo/bEtxMtRy8ul.1', '1', '25', '15987665546', '0', 'x*d', null, '', null, '2147483647', '', 'hellowrold@163.com', '', '1446434189', null, '192.168.1.153', '582485', '2', '2', '0', '', '1', '1', '1439799926');
INSERT INTO `edu_students` VALUES ('5', '李明', 'XH001', '李明', '$1$Z3/.Lb3.$FQjCUZJEVvbb08VLKm3Mj/', '1', '26', '1', '0', 'l*m', '1441900800', '3', '4', '5', '6', '7@qq.com', '', null, null, '', null, '2', '0', '8', '9', '1', '1', '1441952124');
INSERT INTO `edu_students` VALUES ('7', '李明', 'XH01', 'XH01', '$1$2u0.p41.$pcD49Nt1YrPWiOzjO5.Tc.', '1', '28', '', '0', 'l*m', null, '', null, null, '', '', '', null, null, '', null, '2', null, '0', '', '1', '1', '1442818240');
INSERT INTO `edu_students` VALUES ('8', '曹书嘉', '1105275028', 'csj', '$1$U1/.cx..$hp2/DfjrUSYdn2a6yTHgy.', '1', '33', '18736588453', '0', 'c*s*j', '653932800', '', null, null, '', '', '563026086acfc', null, null, '', null, '2', null, '0', '', '1', '1', '1442902838');
INSERT INTO `edu_students` VALUES ('12', '张日', '1105275088', 'zr', '$1$U1/.cx..$hp2/DfjrUSYdn2a6yTHgy.', '1', '33', '18736588853', '0', 'z*rm', '665424000', '', null, null, '', '', '', null, null, '', null, '2', null, '0', '', '1', '1', '1442904998');
INSERT INTO `edu_students` VALUES ('13', '王丽', '1111111111', 'WL', '$1$U1/.cx..$hp2/DfjrUSYdn2a6yTHgy.', '0', '33', '11122222', '0', 'wy*l', '1442851200', '111111', '111', '11111', '1111', '', '', null, null, '', null, '2', '0', '127', '', '1', '1', '1442909264');
INSERT INTO `edu_students` VALUES ('14', '宋婷婷', '1105275050', 'stt', '$1$lW1.Tv3.$ors.mvxf78lF5011ItF1c1', '0', '34', '1111', '0', 's*t*t', '1442937600', '1111', '1111', '111', 'weixin ', '', '', null, null, '', null, '2', null, '0', '111', '1', '1', '1442971086');
INSERT INTO `edu_students` VALUES ('18', '范宝华', '1105275051', 'fbh', '$1$VH..tz1.$KuKxNK.eo1OQTn5tYam23.', '1', '34', '1111111', '0', 'f*b*h', '1442937600', '1111', '111', null, '', '', '', null, null, '', null, '2', null, '0', '', '1', '1', '1442974772');
INSERT INTO `edu_students` VALUES ('19', '李梦', '1105275080', 'limeng', '$1$JT1.ox0.$HKP7GY/g5iSW7J97KsOuS/', '0', '19', '12345678912', '0', 'l*m', null, '', null, null, '', '', '', null, null, '', null, '2', null, '0', '', '1', '1', '1443171138');
INSERT INTO `edu_students` VALUES ('20', '张谢于', 'xh00011', 'xh00011', '$1$J.2.B51.$xh5uEMTo/bEtxMtRy8ul.1', '1', '25', '', '0', 'z*x*yx', null, '', null, null, '', '', '', null, null, '', null, '2', null, '0', '', '1', '1', '1443515175');
INSERT INTO `edu_students` VALUES ('21', '张好', 'XH00001', 'XH00001', '$1$EP0.PW0.$uWEOhTF1C3uz/y9hCN/0', '1', '18', '', '0', 'z*h', null, '', null, null, '', '', '', '1446541742', null, '192.168.1.158', '107571', '2', '2', '0', '', '1', '1', '1444458720');
INSERT INTO `edu_students` VALUES ('22', '张佳', 'XH00009', 'XH00009', '$1$dw..7.1.$9eE2Zh8qFeFzA.4jgUbdS1', '1', '18', '', '0', 'z*j', null, '', null, null, '', '', '', '1513519256', null, '127.0.0.1', '89890', '2', '1', '0', '', '1', '1', '1444462320');
INSERT INTO `edu_students` VALUES ('25', '岳明', 'xh00100', 'xh00100', '$1$UF2.TC1.$L38qvoNiTEgzyful3JLVH1', '1', '42', '', '0', 'y*m', null, '', null, null, '', '', '', null, null, '', null, '2', null, '0', '', '1', '1', '1444889479');
INSERT INTO `edu_students` VALUES ('26', '赵丽', 'xh00101', 'xh00101', '$1$U54.LD..$inF0WUD0nmQAuQwLmvz7d.', '1', '42', '', '0', 'zt*l', null, '', null, null, '', '', '', null, null, '', null, '2', null, '0', '', '1', '1', '1444889518');
INSERT INTO `edu_students` VALUES ('27', '李晨', 'xh00102', 'xh00102', '$1$JN4.3t..$bqRq4fUOzgSkvVWBaUV2B/', '1', '42', '', '0', 'l*c', null, '', null, null, '', '', '', null, null, '', null, '2', null, '0', '', '1', '1', '1444889549');
INSERT INTO `edu_students` VALUES ('28', '杨振', 'xh00103', 'xh00103', '$1$MN/.c1/.$8hDS1UnHJ6L.jTAbI/v3m.', '1', '42', '', '0', 'y*z', null, '', null, null, '', '', '', null, null, '', null, '2', null, '0', '', '1', '1', '1444889597');
INSERT INTO `edu_students` VALUES ('29', '杨树林', 'xh00104', 'xh00104', '$1$oF3./f..$IeCVFh2JlrCHiVzcnUKiZ0', '1', '42', '', '0', 'y*s*l', null, '', null, null, '', '', '', null, null, '', null, '2', null, '0', '', '1', '1', '1444889632');

-- ----------------------------
-- Table structure for edu_students_ext
-- ----------------------------
DROP TABLE IF EXISTS `edu_students_ext`;
CREATE TABLE `edu_students_ext` (
  `id` int(11) unsigned NOT NULL AUTO_INCREMENT COMMENT '唯一自增主键ID',
  `student_id` int(11) NOT NULL COMMENT '学生id',
  `native_place` varchar(100) NOT NULL COMMENT '籍贯',
  `english_name` varchar(100) NOT NULL COMMENT '英文名',
  `name_spelling` varchar(100) NOT NULL COMMENT '姓名拼音',
  `nation` varchar(100) NOT NULL COMMENT '民族',
  `semeter` varchar(100) NOT NULL COMMENT '届（涉及学生数据的，会需要届，例如2015届，以毕业时间为届，添加用户的时候，自动生成该数据）',
  `nationnality` varchar(200) NOT NULL COMMENT '国籍/地区',
  `id_number` varchar(20) NOT NULL COMMENT '身份证号',
  `is_pioneers` varchar(20) NOT NULL COMMENT '是否少先队员（0不是，1是）',
  `religion` varchar(100) NOT NULL COMMENT '政治面貌',
  `religious` varchar(100) NOT NULL COMMENT '信仰宗教',
  `blood_type` varchar(20) NOT NULL COMMENT '血型',
  `school_year` varchar(10) NOT NULL COMMENT '入学年份',
  `class` varchar(100) NOT NULL COMMENT '班级',
  `grade` varchar(100) NOT NULL COMMENT '年级',
  `present_addr` varchar(200) NOT NULL COMMENT '现住址',
  `permanent_addr` varchar(200) NOT NULL COMMENT '户口所在地',
  `account_property` varchar(100) NOT NULL COMMENT '户口性质',
  `postal_code` varchar(6) NOT NULL COMMENT '邮政编码',
  `community` varchar(200) DEFAULT NULL COMMENT '所在社区',
  `postal_addr` varchar(200) NOT NULL COMMENT '通讯地址',
  `student_number` varchar(50) NOT NULL COMMENT '学籍号',
  `motto` text NOT NULL COMMENT '座右铭',
  `introduce` text NOT NULL COMMENT '个人简介',
  `school_month` varchar(10) NOT NULL COMMENT '入学月份',
  `bord_place` text NOT NULL COMMENT '出生地',
  `id_type` varchar(200) NOT NULL COMMENT '身份证类',
  `is_gatqy` varchar(50) NOT NULL COMMENT '港澳台侨外',
  `health_status` varchar(200) NOT NULL COMMENT '健康状况',
  `album` text NOT NULL COMMENT '照片',
  `user_name` varchar(200) NOT NULL COMMENT '曾用名',
  `id_validity` int(11) NOT NULL COMMENT '身份证件有效期',
  `sassitant_no` varchar(200) NOT NULL COMMENT '学籍辅号',
  `class_no` varchar(200) NOT NULL COMMENT '班内学号',
  `entrance` varchar(200) NOT NULL COMMENT '入学方式',
  `study_way` varchar(50) NOT NULL COMMENT '就读方式',
  `s_source` varchar(200) NOT NULL COMMENT '学生来源',
  `home_addr` varchar(200) NOT NULL COMMENT '家庭地址',
  `home_url` varchar(255) NOT NULL COMMENT '主页地址',
  `is_one_child` tinyint(2) NOT NULL COMMENT '是否独生子女',
  `is_preschool` tinyint(2) NOT NULL COMMENT '是否受过学前教育',
  `is_left_behide_child` varchar(50) NOT NULL COMMENT '是否留守儿童',
  `is_sq_child` tinyint(2) NOT NULL COMMENT '是否进城务工人员随迁子女',
  `is_orphan` tinyint(2) NOT NULL COMMENT '是否孤儿',
  `is_special_child` tinyint(2) NOT NULL COMMENT '是否烈士或优抚子女',
  `is_sbjd` varchar(50) NOT NULL COMMENT '随班就读',
  `disable_type` varchar(50) NOT NULL COMMENT '残疾类型',
  `is_gov_buy` tinyint(2) NOT NULL COMMENT '是否由政府购买学位',
  `is_need_support` tinyint(2) NOT NULL COMMENT '是否需要申请资助',
  `is_enjoy_supplement` tinyint(2) NOT NULL COMMENT '是否享受一补',
  PRIMARY KEY (`id`),
  UNIQUE KEY `student_id` (`student_id`)
) ENGINE=InnoDB AUTO_INCREMENT=17 DEFAULT CHARSET=utf8 COMMENT='学生扩展信息表';

-- ----------------------------
-- Records of edu_students_ext
-- ----------------------------
INSERT INTO `edu_students_ext` VALUES ('1', '4', '', 'ninja', 'ceshi4', '', '', '', '', '', '', '', '', '', '海淀分校', '', '南昌海淀区', '', '', '', null, '', '', '信念--人生最富贵的财富', '好好学习，天天向上', '', '', '', '', '', '', '', '0', '', '', '', '', '', '', '', '0', '0', '', '0', '0', '0', '', '', '0', '0', '0');
INSERT INTO `edu_students_ext` VALUES ('2', '1105275001', '', '', 'zhangsan', '', '', '', '', '', '', '', '', '2014', '海淀分校', '', '', '', '', '', null, '', '', '', '', '', '', '', '', '', '', '', '0', '', '', '', '', '', '', '', '0', '0', '', '0', '0', '0', '', '', '0', '0', '0');
INSERT INTO `edu_students_ext` VALUES ('3', '1105275002', '', '', 'lisi', '', '', '', '', '', '', '', '', '2014', '海淀分校', '', '', '', '', '', null, '', '', '', '', '', '', '', '', '', '', '', '0', '', '', '', '', '', '', '', '0', '0', '', '0', '0', '0', '', '', '0', '0', '0');
INSERT INTO `edu_students_ext` VALUES ('4', '1105275003', '', '', 'wangwu', '', '', '', '', '', '', '', '', '2014', '海淀分校', '', '', '', '', '', null, '', '', '', '', '', '', '', '', '', '', '', '0', '', '', '', '', '', '', '', '0', '0', '', '0', '0', '0', '', '', '0', '0', '0');
INSERT INTO `edu_students_ext` VALUES ('5', '1105275004', '', '', 'mazi', '', '', '', '', '', '', '', '', '2014', '海淀分校', '', '', '', '', '', null, '', '', '', '', '', '', '', '', '', '', '', '0', '', '', '', '', '', '', '', '0', '0', '', '0', '0', '0', '', '', '0', '0', '0');
INSERT INTO `edu_students_ext` VALUES ('6', '1105275005', '', '', 'xiaohua', '', '', '', '', '', '', '', '', '2014', '海淀分校', '', '', '', '', '', null, '', '', '', '', '', '', '', '', '', '', '', '0', '', '', '', '', '', '', '', '0', '0', '', '0', '0', '0', '', '', '0', '0', '0');
INSERT INTO `edu_students_ext` VALUES ('7', '1105275006', '', '', 'zhangsan', '', '', '', '', '', '', '', '', '', '', '', '', '', '', '', null, '', '', '', '', '', '', '', '', '', '', '', '0', '', '', '', '', '', '', '', '0', '0', '', '0', '0', '0', '', '', '0', '0', '0');
INSERT INTO `edu_students_ext` VALUES ('8', '1', '湖北', 'cidy', 'ceshi1', '阿昌族', '', '', '', '0', '55d444d40e6e7', '', '', '', '海淀分校', '', '', '', '55d44401ae708', '', '', '', '', '好好学习天天向上', 'dddddddd', '', '', '55d444585294c', '', '', '', '', '-28800', '', '', '', '0', '', '', '', '0', '0', '55d44562bc70c', '0', '0', '0', '55d44513b6f6a', '55d445f1de85b', '0', '0', '0');
INSERT INTO `edu_students_ext` VALUES ('9', '2', '', '', 'ceshi1', '', '', '', '', '', '', '', '', '', '', '', '', '', '', '', null, '', '', '', '', '', '', '', '', '', '', '', '0', '', '', '', '', '', '', '', '0', '0', '', '0', '0', '0', '', '', '0', '0', '0');
INSERT INTO `edu_students_ext` VALUES ('10', '3', '', '', 'ceshi1', '', '', '', '', '', '', '', '', '', '', '', '', '', '', '', null, '', '', '', '', '', '', '', '', '', '', '', '0', '', '', '', '', '', '', '', '0', '0', '', '0', '0', '0', '', '', '0', '0', '0');
INSERT INTO `edu_students_ext` VALUES ('11', '5', '', '', 'ceshi5', '', '', '', '', '', '', '', '', '', '海淀分校', '', '', '', '', '', null, '', '', '', '', '', '', '', '', '', '', '', '0', '', '', '', '', '', '', '', '0', '0', '', '0', '0', '0', '', '', '0', '0', '0');
INSERT INTO `edu_students_ext` VALUES ('12', '6', '', '', 'ceshi6', '', '', '', '', '', '', '', '', '', '海淀分校', '', '', '', '', '', null, '', '', '', '', '', '', '', '', '', '', '', '0', '', '', '', '', '', '', '', '0', '0', '', '0', '0', '0', '', '', '0', '0', '0');
INSERT INTO `edu_students_ext` VALUES ('13', '0', '', '', 'liusidun', '', '', '', '', '', '', '', '', '', '海淀分校', '', '', '', '', '', null, '', '', '', '', '', '', '', '', '', '', '', '0', '', '', '', '', '', '', '', '0', '0', '', '0', '0', '0', '', '', '0', '0', '0');
INSERT INTO `edu_students_ext` VALUES ('14', '13', '', '', '', '阿昌族', '', '', '', '1', '55d444d40e6e7', '', '', '', '', '', '', '', '55d44401ae708', '', '', '', '', '', '', '', '', '55d444585294c', '', '', '', '', '1121356800', '', '', '', '0', '', '', '', '0', '0', '55d44562bc70c', '0', '0', '0', '55d44513b6f6a', '55d445f1de85b', '0', '0', '0');
INSERT INTO `edu_students_ext` VALUES ('15', '8', '南昌', '', '', '阿昌族', '', '中国', '1111111111111', '0', '55d444d40e6e7', '啊啊啊', '', '', '', '', '', '', '55d44401ae708', '', '', '', '', '', '', '', '', '55d444585294c', '', '', '', '', '-28800', '', '', '', '0', '', '', '', '0', '0', '55d44562bc70c', '0', '0', '0', '55d44513b6f6a', '55d445f1de85b', '0', '0', '0');
INSERT INTO `edu_students_ext` VALUES ('16', '12', '', '', '', '阿昌族', '', '', '', '0', '55d444d40e6e7', '', '', '', '', '', '', '', '55d44401ae708', '', '', '', '', '', '', '', '', '55d444585294c', '', '', '', '', '-28800', '', '', '', '0', '', '', '', '0', '0', '55d44562bc70c', '0', '0', '0', '55d44513b6f6a', '55d445f1de85b', '0', '0', '0');

-- ----------------------------
-- Table structure for edu_student_leave
-- ----------------------------
DROP TABLE IF EXISTS `edu_student_leave`;
CREATE TABLE `edu_student_leave` (
  `id` int(11) NOT NULL AUTO_INCREMENT COMMENT 'ID',
  `user_id` varchar(50) NOT NULL COMMENT '学生姓名',
  `grade` varchar(50) NOT NULL COMMENT '年级',
  `class` varchar(50) NOT NULL COMMENT '班级',
  `academic_year` varchar(20) NOT NULL COMMENT '学年',
  `semester` varchar(10) NOT NULL COMMENT '学期',
  `prents_id` int(11) NOT NULL COMMENT '家长用户名',
  `headmaster_id` int(11) NOT NULL COMMENT '班主任用户名',
  `create_time` int(11) NOT NULL COMMENT '创建时间',
  `begin_time` int(11) NOT NULL COMMENT '开始时间',
  `end_time` int(11) NOT NULL COMMENT '结束时间',
  `leave_days` varchar(3) NOT NULL COMMENT '请假天数',
  `leave_type` varchar(2) NOT NULL COMMENT '请假类型',
  `leave_reason` text NOT NULL COMMENT '请假原因',
  `approval` int(11) NOT NULL COMMENT '审批人',
  `allow` tinyint(1) NOT NULL COMMENT '审批状态(0—待审批,1—已批准,2—未批准,3—申请销假)',
  `create_user` int(11) NOT NULL COMMENT '创建人',
  `grade_id` int(11) NOT NULL COMMENT '年级ID',
  `class_id` int(11) NOT NULL COMMENT '班级ID',
  PRIMARY KEY (`id`)
) ENGINE=InnoDB DEFAULT CHARSET=utf8;

-- ----------------------------
-- Records of edu_student_leave
-- ----------------------------

-- ----------------------------
-- Table structure for edu_sys_log
-- ----------------------------
DROP TABLE IF EXISTS `edu_sys_log`;
CREATE TABLE `edu_sys_log` (
  `id` int(11) NOT NULL AUTO_INCREMENT,
  `user_id` int(11) NOT NULL,
  `user_name` varchar(32) NOT NULL,
  `category` varchar(128) NOT NULL COMMENT '日志目录',
  `log_type` tinyint(1) NOT NULL,
  `log_time` int(11) NOT NULL,
  `log_ip` varchar(32) NOT NULL,
  `message` text NOT NULL,
  `level` varchar(16) NOT NULL COMMENT '日志级别',
  `people_type` tinyint(1) NOT NULL DEFAULT '0' COMMENT '0:学生;1:家长',
  PRIMARY KEY (`id`)
) ENGINE=InnoDB AUTO_INCREMENT=33 DEFAULT CHARSET=utf8;

-- ----------------------------
-- Records of edu_sys_log
-- ----------------------------
INSERT INTO `edu_sys_log` VALUES ('1', '22', '张佳', 'portal/default/login', '0', '1513175337', '127.0.0.1', '登录成功', 'info', '0');
INSERT INTO `edu_sys_log` VALUES ('2', '22', '张佳', 'portal/default/login', '0', '1513175488', '127.0.0.1', '登录成功', 'info', '0');
INSERT INTO `edu_sys_log` VALUES ('3', '22', '张佳', 'portal/default/login', '0', '1513175551', '127.0.0.1', '登录成功', 'info', '0');
INSERT INTO `edu_sys_log` VALUES ('4', '22', '张佳', 'portal/default/login', '0', '1513175624', '127.0.0.1', '登录成功', 'info', '0');
INSERT INTO `edu_sys_log` VALUES ('5', '22', '张佳', 'portal/default/login', '0', '1513394056', '127.0.0.1', '登录成功', 'info', '0');
INSERT INTO `edu_sys_log` VALUES ('6', '22', '张佳', 'portal/default/login', '0', '1513397416', '127.0.0.1', '登录成功', 'info', '0');
INSERT INTO `edu_sys_log` VALUES ('7', '22', '张佳', 'portal/default/login', '0', '1513401645', '127.0.0.1', '登录成功', 'info', '0');
INSERT INTO `edu_sys_log` VALUES ('8', '22', '张佳', 'portal/default/login', '0', '1513401766', '127.0.0.1', '登录成功', 'info', '0');
INSERT INTO `edu_sys_log` VALUES ('9', '22', '张佳', 'portal/default/login', '0', '1513401823', '127.0.0.1', '登录成功', 'info', '0');
INSERT INTO `edu_sys_log` VALUES ('10', '22', '张佳', 'portal/default/login', '0', '1513401964', '127.0.0.1', '登录成功', 'info', '0');
INSERT INTO `edu_sys_log` VALUES ('11', '22', '张佳', 'portal/default/login', '0', '1513402639', '127.0.0.1', '登录成功', 'info', '0');
INSERT INTO `edu_sys_log` VALUES ('12', '22', '张佳', 'portal/default/login', '0', '1513402670', '127.0.0.1', '登录成功', 'info', '0');
INSERT INTO `edu_sys_log` VALUES ('13', '22', '张佳', 'portal/default/login', '0', '1513403065', '127.0.0.1', '登录成功', 'info', '0');
INSERT INTO `edu_sys_log` VALUES ('14', '22', '张佳', 'portal/default/login', '0', '1513403091', '127.0.0.1', '登录成功', 'info', '0');
INSERT INTO `edu_sys_log` VALUES ('15', '22', '张佳', 'portal/default/login', '0', '1513403182', '127.0.0.1', '登录成功', 'info', '0');
INSERT INTO `edu_sys_log` VALUES ('16', '22', '张佳', 'portal/default/login', '0', '1513403305', '127.0.0.1', '登录成功', 'info', '0');
INSERT INTO `edu_sys_log` VALUES ('17', '22', '张佳', 'portal/default/login', '0', '1513405555', '127.0.0.1', '登录成功', 'info', '0');
INSERT INTO `edu_sys_log` VALUES ('18', '22', '张佳', 'portal/default/login', '0', '1513405913', '127.0.0.1', '登录成功', 'info', '0');
INSERT INTO `edu_sys_log` VALUES ('19', '22', '张佳', 'portal/default/login', '0', '1513406364', '127.0.0.1', '登录成功', 'info', '0');
INSERT INTO `edu_sys_log` VALUES ('20', '22', '张佳', 'portal/default/login', '0', '1513414050', '127.0.0.1', '登录成功', 'info', '0');
INSERT INTO `edu_sys_log` VALUES ('21', '22', '张佳', 'portal/default/login', '0', '1513414074', '127.0.0.1', '登录成功', 'info', '0');
INSERT INTO `edu_sys_log` VALUES ('22', '22', '张佳', 'portal/default/login', '0', '1513414154', '127.0.0.1', '登录成功', 'info', '0');
INSERT INTO `edu_sys_log` VALUES ('23', '22', '张佳', 'portal/default/login', '0', '1513423695', '127.0.0.1', '登录成功', 'info', '0');
INSERT INTO `edu_sys_log` VALUES ('24', '22', '张佳', 'portal/default/login', '0', '1513423749', '127.0.0.1', '登录成功', 'info', '0');
INSERT INTO `edu_sys_log` VALUES ('25', '22', '张佳', 'portal/default/login', '0', '1513423784', '127.0.0.1', '登录成功', 'info', '0');
INSERT INTO `edu_sys_log` VALUES ('26', '2', '张武', 'portal/default/login', '0', '1513424381', '127.0.0.1', '登录成功', 'info', '1');
INSERT INTO `edu_sys_log` VALUES ('27', '22', '张佳', 'portal/default/login', '0', '1513424876', '127.0.0.1', '登录成功', 'info', '0');
INSERT INTO `edu_sys_log` VALUES ('28', '22', '张佳', 'portal/default/login', '0', '1513426498', '127.0.0.1', '登录成功', 'info', '0');
INSERT INTO `edu_sys_log` VALUES ('29', '2', '张武', 'portal/default/login', '0', '1513427769', '127.0.0.1', '登录成功', 'info', '1');
INSERT INTO `edu_sys_log` VALUES ('30', '22', '张佳', 'portal/default/login', '0', '1513428049', '127.0.0.1', '登录成功', 'info', '0');
INSERT INTO `edu_sys_log` VALUES ('31', '22', '张佳', 'portal/default/login', '0', '1513429263', '127.0.0.1', '登录成功', 'info', '0');
INSERT INTO `edu_sys_log` VALUES ('32', '22', '张佳', 'portal/default/login', '0', '1513518872', '127.0.0.1', '登录成功', 'info', '0');

-- ----------------------------
-- Table structure for edu_teacher
-- ----------------------------
DROP TABLE IF EXISTS `edu_teacher`;
CREATE TABLE `edu_teacher` (
  `id` int(11) NOT NULL AUTO_INCREMENT,
  `term` varchar(50) NOT NULL COMMENT '学期',
  `class_id` int(11) NOT NULL COMMENT '班级',
  `grade_id` int(11) NOT NULL COMMENT '年级',
  `school_year` varchar(100) NOT NULL COMMENT '学年',
  `course_id` int(11) NOT NULL COMMENT '课程ID',
  `teacher_id` int(11) NOT NULL,
  `grade_name` varchar(100) NOT NULL COMMENT '年级名称',
  `teacher_type` tinyint(1) NOT NULL DEFAULT '0' COMMENT '教师类型 0-普通，1-班主任',
  `academic_year` varchar(100) NOT NULL COMMENT '学年',
  PRIMARY KEY (`id`)
) ENGINE=InnoDB AUTO_INCREMENT=103 DEFAULT CHARSET=utf8;

-- ----------------------------
-- Records of edu_teacher
-- ----------------------------
INSERT INTO `edu_teacher` VALUES ('34', '下学期', '18', '6', '2014-2015', '1', '0', '一年级', '0', '2014级');
INSERT INTO `edu_teacher` VALUES ('35', '下学期', '18', '6', '2014-2015', '2', '0', '一年级', '0', '2014级');
INSERT INTO `edu_teacher` VALUES ('36', '下学期', '18', '6', '2014-2015', '3', '0', '一年级', '0', '2014级');
INSERT INTO `edu_teacher` VALUES ('37', '下学期', '18', '6', '2014-2015', '8', '0', '一年级', '0', '2014级');
INSERT INTO `edu_teacher` VALUES ('38', '下学期', '18', '6', '2014-2015', '9', '0', '一年级', '0', '2014级');
INSERT INTO `edu_teacher` VALUES ('39', '下学期', '18', '6', '2014-2015', '10', '0', '一年级', '0', '2014级');
INSERT INTO `edu_teacher` VALUES ('40', '上学期', '18', '6', '2015-2016', '0', '11', '一年级', '1', '2014级');
INSERT INTO `edu_teacher` VALUES ('41', '下学期', '19', '6', '2014-2015', '1', '1', '一年级', '0', '2014级');
INSERT INTO `edu_teacher` VALUES ('42', '下学期', '19', '6', '2014-2015', '2', '0', '一年级', '0', '2014级');
INSERT INTO `edu_teacher` VALUES ('43', '下学期', '19', '6', '2014-2015', '3', '0', '一年级', '0', '2014级');
INSERT INTO `edu_teacher` VALUES ('44', '下学期', '19', '6', '2014-2015', '8', '0', '一年级', '0', '2014级');
INSERT INTO `edu_teacher` VALUES ('45', '下学期', '19', '6', '2014-2015', '9', '0', '一年级', '0', '2014级');
INSERT INTO `edu_teacher` VALUES ('46', '下学期', '19', '6', '2014-2015', '10', '0', '一年级', '0', '2014级');
INSERT INTO `edu_teacher` VALUES ('47', '下学期', '19', '6', '2014-2015', '0', '0', '一年级', '1', '2014级');
INSERT INTO `edu_teacher` VALUES ('48', '上学期', '19', '6', '2015-2016', '1', '1', '一年级', '0', '2014级');
INSERT INTO `edu_teacher` VALUES ('49', '上学期', '19', '6', '2015-2016', '2', '0', '一年级', '0', '2014级');
INSERT INTO `edu_teacher` VALUES ('50', '上学期', '19', '6', '2015-2016', '3', '0', '一年级', '0', '2014级');
INSERT INTO `edu_teacher` VALUES ('51', '上学期', '19', '6', '2015-2016', '8', '0', '一年级', '0', '2014级');
INSERT INTO `edu_teacher` VALUES ('52', '上学期', '19', '6', '2015-2016', '9', '0', '一年级', '0', '2014级');
INSERT INTO `edu_teacher` VALUES ('53', '上学期', '19', '6', '2015-2016', '10', '11', '一年级', '0', '2014级');
INSERT INTO `edu_teacher` VALUES ('54', '上学期', '19', '6', '2015-2016', '0', '2', '一年级', '1', '2014级');
INSERT INTO `edu_teacher` VALUES ('55', '上学期', '25', '7', '2015-2016', '1', '2', '二年级', '0', '2013级');
INSERT INTO `edu_teacher` VALUES ('56', '上学期', '25', '7', '2015-2016', '2', '0', '二年级', '0', '2013级');
INSERT INTO `edu_teacher` VALUES ('57', '上学期', '25', '7', '2015-2016', '3', '8', '二年级', '1', '2013级');
INSERT INTO `edu_teacher` VALUES ('58', '上学期', '25', '7', '2015-2016', '8', '0', '二年级', '0', '2013级');
INSERT INTO `edu_teacher` VALUES ('59', '上学期', '25', '7', '2015-2016', '9', '0', '二年级', '0', '2013级');
INSERT INTO `edu_teacher` VALUES ('60', '上学期', '25', '7', '2015-2016', '10', '0', '二年级', '0', '2013级');
INSERT INTO `edu_teacher` VALUES ('61', '上学期', '25', '7', '2015-2016', '11', '0', '二年级', '0', '2013级');
INSERT INTO `edu_teacher` VALUES ('62', '上学期', '25', '7', '2015-2016', '0', '0', '二年级', '1', '2013级');
INSERT INTO `edu_teacher` VALUES ('63', '上学期', '18', '6', '2014-2015', '1', '1', '一年级', '0', '2014级');
INSERT INTO `edu_teacher` VALUES ('64', '上学期', '18', '6', '2014-2015', '2', '1', '一年级', '0', '2014级');
INSERT INTO `edu_teacher` VALUES ('65', '上学期', '18', '6', '2014-2015', '3', '1', '一年级', '0', '2014级');
INSERT INTO `edu_teacher` VALUES ('66', '上学期', '18', '6', '2014-2015', '8', '1', '一年级', '0', '2014级');
INSERT INTO `edu_teacher` VALUES ('67', '上学期', '18', '6', '2014-2015', '9', '1', '一年级', '0', '2014级');
INSERT INTO `edu_teacher` VALUES ('68', '上学期', '18', '6', '2014-2015', '10', '1', '一年级', '0', '2014级');
INSERT INTO `edu_teacher` VALUES ('69', '上学期', '18', '6', '2014-2015', '18', '1', '一年级', '0', '2014级');
INSERT INTO `edu_teacher` VALUES ('70', '上学期', '18', '6', '2014-2015', '19', '1', '一年级', '0', '2014级');
INSERT INTO `edu_teacher` VALUES ('71', '上学期', '18', '6', '2014-2015', '0', '1', '一年级', '1', '2014级');
INSERT INTO `edu_teacher` VALUES ('72', '上学期', '18', '6', '2015-2016', '1', '5', '一年级', '0', '2014级');
INSERT INTO `edu_teacher` VALUES ('73', '上学期', '18', '6', '2015-2016', '2', '3', '一年级', '0', '2014级');
INSERT INTO `edu_teacher` VALUES ('74', '上学期', '18', '6', '2015-2016', '3', '7', '一年级', '0', '2014级');
INSERT INTO `edu_teacher` VALUES ('75', '上学期', '18', '6', '2015-2016', '8', '0', '一年级', '0', '2014级');
INSERT INTO `edu_teacher` VALUES ('76', '上学期', '18', '6', '2015-2016', '9', '0', '一年级', '0', '2014级');
INSERT INTO `edu_teacher` VALUES ('77', '上学期', '18', '6', '2015-2016', '10', '4', '一年级', '0', '2014级');
INSERT INTO `edu_teacher` VALUES ('78', '上学期', '18', '6', '2015-2016', '18', '1', '一年级', '0', '2014级');
INSERT INTO `edu_teacher` VALUES ('79', '上学期', '18', '6', '2015-2016', '19', '1', '一年级', '0', '2014级');
INSERT INTO `edu_teacher` VALUES ('80', '上学期', '33', '6', '2015-2016', '1', '1', '一年级', '0', '2014级');
INSERT INTO `edu_teacher` VALUES ('81', '上学期', '33', '6', '2015-2016', '2', '0', '一年级', '0', '2014级');
INSERT INTO `edu_teacher` VALUES ('82', '上学期', '33', '6', '2015-2016', '3', '0', '一年级', '0', '2014级');
INSERT INTO `edu_teacher` VALUES ('83', '上学期', '33', '6', '2015-2016', '8', '0', '一年级', '0', '2014级');
INSERT INTO `edu_teacher` VALUES ('84', '上学期', '33', '6', '2015-2016', '9', '0', '一年级', '0', '2014级');
INSERT INTO `edu_teacher` VALUES ('85', '上学期', '33', '6', '2015-2016', '10', '0', '一年级', '0', '2014级');
INSERT INTO `edu_teacher` VALUES ('86', '上学期', '33', '6', '2015-2016', '18', '0', '一年级', '0', '2014级');
INSERT INTO `edu_teacher` VALUES ('87', '上学期', '33', '6', '2015-2016', '19', '0', '一年级', '0', '2014级');
INSERT INTO `edu_teacher` VALUES ('88', '上学期', '33', '6', '2015-2016', '0', '1', '一年级', '1', '2014级');
INSERT INTO `edu_teacher` VALUES ('89', '上学期', '33', '6', '2014-2015', '1', '0', '一年级', '0', '2014级');
INSERT INTO `edu_teacher` VALUES ('90', '上学期', '33', '6', '2014-2015', '2', '0', '一年级', '0', '2014级');
INSERT INTO `edu_teacher` VALUES ('91', '上学期', '33', '6', '2014-2015', '3', '0', '一年级', '0', '2014级');
INSERT INTO `edu_teacher` VALUES ('92', '上学期', '33', '6', '2014-2015', '8', '0', '一年级', '0', '2014级');
INSERT INTO `edu_teacher` VALUES ('93', '上学期', '33', '6', '2014-2015', '9', '0', '一年级', '0', '2014级');
INSERT INTO `edu_teacher` VALUES ('94', '上学期', '33', '6', '2014-2015', '10', '0', '一年级', '0', '2014级');
INSERT INTO `edu_teacher` VALUES ('95', '上学期', '33', '6', '2014-2015', '18', '0', '一年级', '0', '2014级');
INSERT INTO `edu_teacher` VALUES ('96', '上学期', '33', '6', '2014-2015', '19', '0', '一年级', '0', '2014级');
INSERT INTO `edu_teacher` VALUES ('97', '上学期', '33', '6', '2014-2015', '0', '1', '一年级', '1', '2014级');
INSERT INTO `edu_teacher` VALUES ('98', '下学期', '33', '6', '2014-2015', '1', '0', '一年级', '0', '2014级');
INSERT INTO `edu_teacher` VALUES ('99', '下学期', '33', '6', '2014-2015', '2', '0', '一年级', '0', '2014级');
INSERT INTO `edu_teacher` VALUES ('100', '下学期', '33', '6', '2014-2015', '3', '0', '一年级', '0', '2014级');
INSERT INTO `edu_teacher` VALUES ('101', '下学期', '33', '6', '2014-2015', '8', '0', '一年级', '0', '2014级');
INSERT INTO `edu_teacher` VALUES ('102', '下学期', '33', '6', '2014-2015', '9', '0', '一年级', '0', '2014级');

-- ----------------------------
-- Table structure for edu_teacher_award
-- ----------------------------
DROP TABLE IF EXISTS `edu_teacher_award`;
CREATE TABLE `edu_teacher_award` (
  `id` int(11) NOT NULL AUTO_INCREMENT,
  `teacher_id` int(11) NOT NULL COMMENT '获奖教师id',
  `teacher_name` varchar(50) NOT NULL COMMENT '获奖教师name',
  `teacher_org` int(11) NOT NULL COMMENT '获奖教师部门id',
  `name` varchar(255) NOT NULL COMMENT '奖项名称',
  `type` varchar(255) NOT NULL COMMENT '获奖类型，',
  `date` int(11) NOT NULL COMMENT '获奖时间',
  `level` varchar(255) NOT NULL COMMENT '获奖等级（几等奖）',
  `award_org_name` varchar(255) NOT NULL COMMENT '发奖部门名称',
  `rank` varchar(20) NOT NULL COMMENT '获奖级别（国家级）',
  `mark` text COMMENT '备注',
  `create_user` varchar(50) NOT NULL COMMENT '创建人',
  `create_time` int(11) DEFAULT NULL COMMENT '创建时间',
  `handle_user` int(11) NOT NULL DEFAULT '0' COMMENT '审核人',
  `handle_time` int(11) NOT NULL DEFAULT '0' COMMENT '审核时间',
  `status` tinyint(1) NOT NULL DEFAULT '1' COMMENT '审核状态,0待审核;1审核通过;2审核不通过',
  `reason` text COMMENT '不通过原因',
  PRIMARY KEY (`id`),
  KEY `teacher_id` (`teacher_id`),
  KEY `create_user` (`create_user`)
) ENGINE=InnoDB AUTO_INCREMENT=23 DEFAULT CHARSET=utf8 COMMENT='教师获奖信息';

-- ----------------------------
-- Records of edu_teacher_award
-- ----------------------------
INSERT INTO `edu_teacher_award` VALUES ('1', '2', '马有才', '122', '诗词大会', '55fbe09981e20', '1442570591', '一等奖', '教务组', 'A级', '111', '1', '1442570591', '0', '0', '1', null);
INSERT INTO `edu_teacher_award` VALUES ('2', '8', '曹可爱', '0', '朗诵比赛', '55fbe09981e20', '1442913615', 'A', '办公室', '学校级', '', '1', '1442913615', '0', '0', '1', null);
INSERT INTO `edu_teacher_award` VALUES ('4', '1', '系统管理员', '0', '最佳管理员', '55fbe09981e20', '1443143452', '甲级', '校方', '甲级', '无', '1', '1443143452', '0', '0', '1', null);
INSERT INTO `edu_teacher_award` VALUES ('5', '11', '张的发', '0', '最佳教师奖', '55fbe09981e20', '1443155898', 'A', '办公室', '甲级', 'qwertyui', '1', '1443155898', '0', '0', '1', null);
INSERT INTO `edu_teacher_award` VALUES ('6', '11', '张的发', '0', '阿斯顿', '55fbe09981e20', '1443157415', '阿斯顿', '阿斯顿', '打撒', '打算', '1', '1443157415', '0', '0', '1', null);
INSERT INTO `edu_teacher_award` VALUES ('7', '1', '系统管理员', '0', '散文比赛', '55fbe09981e20', '1444475836', 'B', '办公室', 'B', '', '11', '1444475836', '0', '0', '1', null);
INSERT INTO `edu_teacher_award` VALUES ('9', '11', '张的发', '0', '最受爱戴的教师', '55fbe09981e20', '1444475978', 'B', '校办公室', 'B', '', '11', '1444475978', '0', '0', '1', null);
INSERT INTO `edu_teacher_award` VALUES ('10', '11', '张的发', '0', '朗诵', '55fbe09981e20', '1444475929', 'C', '市教育局', 'C', '', '11', '1444475929', '0', '0', '1', null);
INSERT INTO `edu_teacher_award` VALUES ('11', '11', '张的发', '0', '最佳演员教师', '55fbe09981e20', '1444475796', 'A', '校办公室', 'A', '', '11', '1444475796', '0', '0', '1', null);
INSERT INTO `edu_teacher_award` VALUES ('12', '11', '张的发', '0', '诗歌一等奖', '55fbe09981e20', '1444475761', 'A', '校办公室', 'A', '', '11', '1444475761', '0', '0', '1', null);
INSERT INTO `edu_teacher_award` VALUES ('13', '11', '张的发', '0', '最勤劳的园丁', '55fbe09981e20', '1444475710', 'A', '校办公室', 'A', '', '11', '1444475710', '0', '0', '1', null);
INSERT INTO `edu_teacher_award` VALUES ('18', '11', '张的发', '0', '最佳教师', '55fbe09981e20', '1444475592', 'A', '办公室', '省级', '在全省的教师评比中荣获A级', '11', '1444475592', '0', '0', '1', null);
INSERT INTO `edu_teacher_award` VALUES ('19', '5', '段志明', '0', '最佳教师奖', '55fbe09981e20', '1444643613', 'B', '办公室', '甲', '', '1', '1444643613', '0', '0', '1', null);
INSERT INTO `edu_teacher_award` VALUES ('20', '5', '段志明', '0', '朗诵比赛', '55fbe09981e20', '1444643651', 'B', '办公室', '甲', '', '1', '1444643651', '0', '0', '1', null);
INSERT INTO `edu_teacher_award` VALUES ('21', '5', '段志明', '0', '元旦演员奖', '55fbe09981e20', '1444579200', 'B', '办公室', '甲', '测试', '1', '1445838969', '0', '0', '1', null);
INSERT INTO `edu_teacher_award` VALUES ('22', '5', '段志明', '0', '测试', '55fbe09981e20', '1445788800', '一级', '校领导', '一级', '测试', '1', '1445838156', '0', '0', '1', null);

-- ----------------------------
-- Table structure for edu_teacher_award_manager
-- ----------------------------
DROP TABLE IF EXISTS `edu_teacher_award_manager`;
CREATE TABLE `edu_teacher_award_manager` (
  `id` int(11) NOT NULL AUTO_INCREMENT,
  `managers` text NOT NULL,
  `dept_id_str` text NOT NULL,
  PRIMARY KEY (`id`)
) ENGINE=InnoDB DEFAULT CHARSET=utf8;

-- ----------------------------
-- Records of edu_teacher_award_manager
-- ----------------------------

-- ----------------------------
-- Table structure for edu_training_plan
-- ----------------------------
DROP TABLE IF EXISTS `edu_training_plan`;
CREATE TABLE `edu_training_plan` (
  `id` int(11) NOT NULL AUTO_INCREMENT COMMENT '自增字段',
  `plan_name` varchar(254) NOT NULL COMMENT '进修/培训名称',
  `course_start_time` int(11) NOT NULL COMMENT '开课时间',
  `course_end_time` int(11) NOT NULL COMMENT '结课时间',
  `teacher_org` int(11) NOT NULL COMMENT '发起进修/培训的部门',
  `teacher_id` int(11) NOT NULL COMMENT '参与进修/培训人员',
  `teacher_name` varchar(50) DEFAULT NULL COMMENT '参与进修/培训教师姓名',
  `institution_name` varchar(255) NOT NULL COMMENT '进修/培训机构名称',
  `institution_info` text NOT NULL COMMENT '进修/培训机构相关信息',
  `institution_contact` varchar(255) NOT NULL COMMENT '进修/培训机构联系人',
  `description` text NOT NULL COMMENT '进修/培训说明',
  `remark` text NOT NULL COMMENT '进修/培训备注',
  `content` text NOT NULL COMMENT '进修/培训内容',
  `pay` float DEFAULT NULL COMMENT '进修/培训费用',
  `harvest` text COMMENT '进修/培训成果',
  `create_user` varchar(20) NOT NULL COMMENT '创建人',
  `create_time` int(11) DEFAULT NULL COMMENT '创建时间',
  PRIMARY KEY (`id`)
) ENGINE=InnoDB DEFAULT CHARSET=utf8 COMMENT='进修培训';

-- ----------------------------
-- Records of edu_training_plan
-- ----------------------------

-- ----------------------------
-- Table structure for edu_vote_data
-- ----------------------------
DROP TABLE IF EXISTS `edu_vote_data`;
CREATE TABLE `edu_vote_data` (
  `id` int(11) NOT NULL,
  `user_id` int(11) NOT NULL DEFAULT '0' COMMENT '投票人',
  `item_id` int(11) NOT NULL DEFAULT '0' COMMENT '投票ID',
  `field_name` varchar(20) NOT NULL DEFAULT '0' COMMENT '投票项目名称',
  `field_data` text NOT NULL COMMENT '说明',
  `people_type` tinyint(1) NOT NULL DEFAULT '0' COMMENT '0:学生;1:家长'
) ENGINE=InnoDB DEFAULT CHARSET=utf8 COMMENT='投票结果表';

-- ----------------------------
-- Records of edu_vote_data
-- ----------------------------

-- ----------------------------
-- Table structure for edu_vote_item
-- ----------------------------
DROP TABLE IF EXISTS `edu_vote_item`;
CREATE TABLE `edu_vote_item` (
  `id` int(11) NOT NULL AUTO_INCREMENT COMMENT '唯一自增ID',
  `vote_id` int(11) NOT NULL DEFAULT '0' COMMENT '投票ID',
  `item_name` text NOT NULL COMMENT '选项名称',
  `vote_count` int(11) NOT NULL DEFAULT '0' COMMENT '票数',
  `vote_user` text NOT NULL COMMENT '投票人',
  PRIMARY KEY (`id`),
  KEY `vote_id` (`vote_id`)
) ENGINE=InnoDB DEFAULT CHARSET=utf8 COMMENT='投票选项信息表';

-- ----------------------------
-- Records of edu_vote_item
-- ----------------------------

-- ----------------------------
-- Table structure for edu_vote_title
-- ----------------------------
DROP TABLE IF EXISTS `edu_vote_title`;
CREATE TABLE `edu_vote_title` (
  `id` int(11) NOT NULL AUTO_INCREMENT COMMENT '唯一自增ID',
  `parent_id` int(11) NOT NULL DEFAULT '0' COMMENT '投票项的上一级VOTE_ID',
  `from_id` int(11) NOT NULL DEFAULT '0' COMMENT '投票新建人USER_ID',
  `to_id` text NOT NULL COMMENT '发布部门',
  `priv_id` text NOT NULL COMMENT '发布角色',
  `user_id` text NOT NULL COMMENT '发布用户',
  `subject` varchar(200) NOT NULL DEFAULT '' COMMENT '标题',
  `content` text NOT NULL COMMENT '投票描述',
  `type` tinyint(1) NOT NULL DEFAULT '0' COMMENT '类型',
  `max_num` int(11) NOT NULL DEFAULT '0' COMMENT '选择最大项数',
  `min_num` int(11) NOT NULL DEFAULT '0' COMMENT '选择最小项数',
  `anonymity` tinyint(1) NOT NULL DEFAULT '0' COMMENT '是否匿名(0-不允许匿名,1-允许匿名)',
  `view_priv` tinyint(1) NOT NULL DEFAULT '0' COMMENT '查看投票结果选项(0-投票后允许查看,1-投票前允许查看,2-不允许查看)',
  `send_time` int(11) NOT NULL COMMENT '发布时间',
  `begin_date` int(11) NOT NULL COMMENT '投票开始日期',
  `end_date` int(11) NOT NULL COMMENT '投票结束日期',
  `publish` tinyint(1) NOT NULL DEFAULT '1' COMMENT '发布标记(0-未发布,1-已发布)',
  `readers` text NOT NULL COMMENT '投票者',
  `vote_no` int(11) NOT NULL DEFAULT '0' COMMENT '排序号',
  `top` tinyint(1) NOT NULL DEFAULT '0' COMMENT '置顶标记(0-不置顶,1-置顶)',
  `view_result_priv_id` text NOT NULL COMMENT '有查看投票信息权限的角色',
  `view_result_user_id` text NOT NULL COMMENT '有查看投票信息权限的人物',
  `edu_vote_type` char(1) NOT NULL DEFAULT '0' COMMENT '开放范围',
  PRIMARY KEY (`id`)
) ENGINE=InnoDB DEFAULT CHARSET=utf8 COMMENT='投票基本信息表';

-- ----------------------------
-- Records of edu_vote_title
-- ----------------------------

-- ----------------------------
-- Table structure for edu_xsjz_ask
-- ----------------------------
DROP TABLE IF EXISTS `edu_xsjz_ask`;
CREATE TABLE `edu_xsjz_ask` (
  `id` int(11) NOT NULL AUTO_INCREMENT COMMENT 'id',
  `student_user_id` int(11) NOT NULL COMMENT '学生提问人id',
  `parent_user_id` int(11) NOT NULL COMMENT '家长提问人id',
  `to_user_id` int(11) NOT NULL COMMENT '回复人id',
  `question` varchar(500) NOT NULL COMMENT '问题',
  `question_detail` text NOT NULL COMMENT '问题详情',
  `leave_time` int(11) NOT NULL COMMENT '提问时间',
  `reply_content` text NOT NULL COMMENT '回复内容',
  `reply_time` int(11) NOT NULL COMMENT '回复时间',
  `reply_user` int(11) NOT NULL COMMENT '实际回复人',
  `org_id` int(11) NOT NULL COMMENT '发布人部门id',
  PRIMARY KEY (`id`)
) ENGINE=InnoDB AUTO_INCREMENT=61 DEFAULT CHARSET=utf8 COMMENT='学生家长提问管理';

-- ----------------------------
-- Records of edu_xsjz_ask
-- ----------------------------
INSERT INTO `edu_xsjz_ask` VALUES ('3', '0', '1', '11', '写作水平如何提高', '孩子写作总是写不好，写个几百字就没词了。是词语累积少了还是其他原因？', '1443061989', '这是个积累的过程，阅读量要大，时间长了就会有根本性的改变，背诵的作文，好词好句只会遗忘，试着让自己去使用修辞手法去描述所见到听到一些事物。时间长了就能写的一手好文章', '1444985169', '11', '18');
INSERT INTO `edu_xsjz_ask` VALUES ('13', '0', '1', '1', '国庆放假', '国庆放假几天？？', '1443412312', '7天，十月8日正常上课', '1444466894', '1', '18');
INSERT INTO `edu_xsjz_ask` VALUES ('15', '4', '0', '2', '作业是什么', '假期作业是什么？？？', '1443422507', '', '0', '0', '25');
INSERT INTO `edu_xsjz_ask` VALUES ('16', '0', '1', '1', '如何提高孩子的成绩', '如何提高孩子的成绩', '1443425463', '兴趣为辅，督促孩子用好的方式学习', '1443425725', '1', '18');
INSERT INTO `edu_xsjz_ask` VALUES ('40', '4', '0', '2', '法定节假日是什么？', '法定节假日是什么？都包含哪些？？？', '1444270327', '', '0', '0', '25');
INSERT INTO `edu_xsjz_ask` VALUES ('42', '0', '1', '1', '什么时间考试？', '考试的时间是什么时候？', '1444358580', '', '0', '0', '18');
INSERT INTO `edu_xsjz_ask` VALUES ('43', '0', '1', '5', '孩子写作总是提笔忘词。', '老师您好，孩子对于作文总是不擅长，甚至根本就是无法下笔。每次写几百字就抓耳挠腮开始想词了。既浪费时间，写作水平还一般，如何能改善这种情况', '1444465091', '首先需要一个收集好词好句的习惯，阅读量要达到一个水准，多看好词好句，多看一些名人名言，用心去体会，去理解，每一个词每一句，你会有意想不到的收获。同时平常的生活中的行为或者意境也可以试着去用文学方式去表达，时间久了写作水平肯定上去。这是一个积累的过程，需要有耐心', '1444466194', '5', '18');
INSERT INTO `edu_xsjz_ask` VALUES ('45', '22', '0', '11', '函数f=1/1+x^2是反比例函数吗 ', '如题', '1444469387', '是，反比例的定义在于随X增大，而Y减小。可以试着带入2组数据区 测试', '1444473370', '11', '18');
INSERT INTO `edu_xsjz_ask` VALUES ('46', '22', '0', '5', '历史上，臣子进谏被君王有采纳，和被贬的举例', '如题', '1444472375', '失败：比干，商末忠臣被纣王挖心；\r\n伍子胥，春秋吴国大臣，被吴王夫差所杀\r\n李纲，进谏宋钦宗抗金勿和，遭贬\r\n成功的有：1李斯《谏逐客书》 \r\n2 触龙《战国策。触龙说赵太后》 \r\n3伍举 有名的成语“不鸣则已，一鸣惊人”的出处。 \r\n4诸葛亮 进谏刘备联吴 \r\n5赵普 宋太祖时宰相，进谏太祖削将之兵权。 \r\n6耶律齐 进谏成吉思汗采纳汉文化。', '1444472448', '5', '18');
INSERT INTO `edu_xsjz_ask` VALUES ('47', '22', '0', '5', '有哪几种论证方法及其作用', '如题', '1444472556', '①举例论证：列举确凿、充分，有代表性的事例证明论点；\r\n②道理论证：用马列主义经典著作中的精辟见解，古今中外名人的名言警句以及人们公认的定理公式等来证明论点；\r\n③对比论证：拿正反两方面的论点或论据作对比，在对比中证明论点；\r\n④比喻论证：用人们熟知的事物作比喻来证明论点。此外，在驳论中，往往还采用“以子之矛，攻子之盾”的批驳方法和“归谬法”。在多数议论文中往往是综合运用的。\r\n⑤归纳论证，也就叫“事实论证”。它是用列举具体事例来论证一般结论的方法。\r\n⑥演绎论证，也叫“理论论证”，它是根据一般原理或结论来论证个别事例的方法。即用普遍性的论据来证明特殊性的论点。\r\n⑦类比论证，是从已知的事物中推出同类事例子方法，即从特殊到特殊的论证方法。\r\n⑧因果论证，它通过分析事理，揭示论点和论据之间的因果关系来证明论点。 因果论证可以用因证果，或以果证因，还可以因果互证。\r\n⑨引用论证：“道理论证”的一种，引用名家名言等作为论据，引经据典地分析问题、说明道理的论证方法。引用的方法有两种：一是明引，交代所引的话是谁说的，或交代其出处，一种是暗引，即不交代所引的话是谁说的或出处。', '1444472735', '5', '18');
INSERT INTO `edu_xsjz_ask` VALUES ('48', '22', '0', '5', '如何做好课外阅读', '如题', '1444472576', '古今中外，文学名著，诗词歌赋，都应该广泛的读取，阅读某一种没有太大效果，认真体会作者的心境', '1444704800', '5', '18');
INSERT INTO `edu_xsjz_ask` VALUES ('49', '0', '2', '11', '同学的作业有很多吗?', '为什么我孩子的作业总是特别多，还不简单。放学回家不就是休息的吗。布置那么多作业，让孩子们如何休息的好', '1444473094', '这件事我会向学校以及各位老师们沟通的。请耐心等待', '1444473301', '11', '18');
INSERT INTO `edu_xsjz_ask` VALUES ('50', '0', '2', '11', '孩子就是不听老师与家长的话怎么办 ', '如题', '1444473197', '1、如果出现这样的问题，不要与孩子现场交锋，要把事情冷却后，再与孩子仔细谈谈，孩子上学就不是小孩子了，要象对待一个大人一样对待他。\r\n　　2、对经常与孩子交流，告诉孩子时不要用“不许怎样怎样”，而是要用“应该如何会更好”的字样。\r\n　　3、与孩子多做一些他喜欢的游戏，在游戏的过程中与他多沟通。\r\n　　这样过一段时间，与孩子的关系会更加融洽。 ', '1444473247', '11', '18');
INSERT INTO `edu_xsjz_ask` VALUES ('52', '21', '0', '5', '秋游去哪玩啊', '如题', '1444799488', '等学校通知，到时候会通知的', '1446796930', '5', '18');
INSERT INTO `edu_xsjz_ask` VALUES ('53', '21', '0', '11', '函数学不好，有什么好的方法吗', '如题', '1444799530', '', '0', '0', '18');
INSERT INTO `edu_xsjz_ask` VALUES ('54', '21', '0', '11', '积累文字有助于写作吗？', '平时的积累中，记录典故，诗词等，在写作中有帮助吗？会不会出现乱用典故，成语的情况。', '1446793379', '', '0', '0', '18');
INSERT INTO `edu_xsjz_ask` VALUES ('55', '21', '0', '3', '多元一次方程的解法技巧', '如题。', '1446795099', '', '0', '0', '18');
INSERT INTO `edu_xsjz_ask` VALUES ('56', '21', '0', '7', '动词与be动词的区别', '如题，求老师的解答，附上几个简单的例子更好。', '1446795214', '上传附件，仔细阅读', '1447126834', '7', '18');
INSERT INTO `edu_xsjz_ask` VALUES ('57', '21', '0', '3', '算术题', '算术题真的只是算术吗？为什么还总是出现很多学生都错误的情况，不够细心，还是技巧不够？', '1446795858', '', '0', '0', '18');
INSERT INTO `edu_xsjz_ask` VALUES ('58', '21', '0', '5', '课外阅读', '老师，我想阅读几本课外书籍，有什么可以介绍的吗？古今中外的都可以。', '1446796160', '《边城》《老人与海》《狼》', '1447208251', '1', '18');
INSERT INTO `edu_xsjz_ask` VALUES ('59', '21', '0', '3', '如何熟练的解答空间几何。', '如题，请老师为我解答，这个使我很苦恼', '1447209733', '', '0', '0', '18');
INSERT INTO `edu_xsjz_ask` VALUES ('60', '0', '1', '2', '孩子总是喜欢玩电脑', '老师您好，孩子 太沉迷电脑了，几乎所有时间都在电脑上，家长也比较忙，不能一整天看着他，怎么办，有什么方法可以改善吗？', '1447381592', '', '0', '0', '19');

-- ----------------------------
-- Table structure for email
-- ----------------------------
DROP TABLE IF EXISTS `email`;
CREATE TABLE `email` (
  `id` int(11) NOT NULL AUTO_INCREMENT COMMENT '自增主键',
  `from_uid` int(11) NOT NULL COMMENT '发件人',
  `from_mail` varchar(100) NOT NULL DEFAULT '',
  `to_uid` int(11) NOT NULL COMMENT '收件人',
  `subject` varchar(200) NOT NULL COMMENT '主题',
  `read_flag` tinyint(1) NOT NULL COMMENT '0：未读;1:已读',
  `delete_flag` tinyint(1) NOT NULL COMMENT '0:未删除;1:废纸篓',
  `box_id` int(11) NOT NULL COMMENT '文件夹ID',
  `content_id` int(11) NOT NULL COMMENT '邮件ID',
  `read_receipt` tinyint(1) NOT NULL COMMENT '0:不请求阅读收条;1:请求阅读收条',
  `create_time` int(11) NOT NULL DEFAULT '0' COMMENT '创建时间',
  `withdraw_flag` tinyint(1) NOT NULL DEFAULT '0',
  PRIMARY KEY (`id`),
  KEY `idx_from_uid` (`from_uid`),
  KEY `idx_from_mail` (`from_mail`),
  KEY `idx_to_uid` (`to_uid`),
  KEY `idx_create_time` (`create_time`)
) ENGINE=InnoDB AUTO_INCREMENT=9 DEFAULT CHARSET=utf8;

-- ----------------------------
-- Records of email
-- ----------------------------
INSERT INTO `email` VALUES ('1', '1', '', '1', '国务院办公厅关于2013年  部分节假日安排的通知', '0', '0', '0', '1', '0', '1393934568', '0');
INSERT INTO `email` VALUES ('2', '1', '', '2', '国务院办公厅关于2013年  部分节假日安排的通知', '0', '0', '0', '1', '0', '1393934568', '0');
INSERT INTO `email` VALUES ('3', '1', '', '1', '关于国家司法考试有关事项的公告', '0', '0', '0', '2', '0', '1393934789', '0');
INSERT INTO `email` VALUES ('4', '1', '', '2', '关于国家司法考试有关事项的公告', '0', '0', '0', '2', '0', '1393934789', '0');
INSERT INTO `email` VALUES ('5', '1', '', '1', '关于公开选拔区委管理企业领导人员的补充公告', '0', '0', '0', '3', '0', '1393934904', '0');
INSERT INTO `email` VALUES ('6', '1', '', '2', '关于公开选拔区委管理企业领导人员的补充公告', '0', '0', '0', '3', '0', '1393934904', '0');
INSERT INTO `email` VALUES ('7', '1', '', '1', '关于做好事业单位法人年度报告公开工作的通知', '0', '0', '0', '4', '0', '1393935004', '0');
INSERT INTO `email` VALUES ('8', '1', '', '2', '关于做好事业单位法人年度报告公开工作的通知', '0', '0', '0', '4', '0', '1393935004', '0');

-- ----------------------------
-- Table structure for email_box
-- ----------------------------
DROP TABLE IF EXISTS `email_box`;
CREATE TABLE `email_box` (
  `id` int(11) NOT NULL AUTO_INCREMENT COMMENT '自增主键',
  `box_name` varchar(200) NOT NULL COMMENT '名称',
  `box_no` int(11) NOT NULL COMMENT '排序号',
  `box_owner_uid` int(11) NOT NULL COMMENT '拥有者',
  `page_size` int(2) NOT NULL DEFAULT '10' COMMENT '每页显示的行数',
  `display` tinyint(1) NOT NULL DEFAULT '0' COMMENT '0:折叠;1:显示',
  `color` varchar(7) NOT NULL COMMENT '自定义颜色',
  PRIMARY KEY (`id`),
  KEY `idx_box_owner_uid` (`box_owner_uid`)
) ENGINE=InnoDB DEFAULT CHARSET=utf8;

-- ----------------------------
-- Records of email_box
-- ----------------------------

-- ----------------------------
-- Table structure for email_content
-- ----------------------------
DROP TABLE IF EXISTS `email_content`;
CREATE TABLE `email_content` (
  `id` int(11) NOT NULL AUTO_INCREMENT COMMENT '自增主键',
  `create_user` int(11) NOT NULL COMMENT '创建人',
  `create_time` int(11) NOT NULL COMMENT '创建时间',
  `to_uid` text NOT NULL COMMENT '收件人',
  `cc_uid` text NOT NULL COMMENT '抄送人',
  `bcc_uid` text NOT NULL COMMENT '密送人',
  `subject` varchar(200) NOT NULL COMMENT '主题',
  `content` mediumtext NOT NULL COMMENT '正文',
  `send_time` int(10) unsigned NOT NULL COMMENT '发送时间',
  `email_status` tinyint(1) NOT NULL COMMENT '0:草稿箱;1:发送人成功发送;2:发送人已删除;3:收件人未删除',
  `important` tinyint(1) NOT NULL COMMENT '0:一般邮件;1:重要邮件;2:非常重要;(重要性)',
  `to_webmail` text NOT NULL COMMENT '外部发送对象（邮箱地址）',
  `compress_content` mediumblob NOT NULL,
  `webmail_inside_id` int(11) NOT NULL,
  `webmail_inside_address` varchar(100) NOT NULL COMMENT '外部邮件地址',
  `webmail_send_status` tinyint(1) NOT NULL DEFAULT '0' COMMENT '外部邮件发送状态,0:发送中;1发送成功;2:发送失败',
  `keyword` varchar(100) NOT NULL COMMENT '关键字',
  PRIMARY KEY (`id`),
  KEY `idx_create_user` (`create_user`),
  KEY `idx_create_time` (`create_time`)
) ENGINE=InnoDB AUTO_INCREMENT=5 DEFAULT CHARSET=utf8;

-- ----------------------------
-- Records of email_content
-- ----------------------------
INSERT INTO `email_content` VALUES ('1', '1', '1393934568', '1,2', '', '', '国务院办公厅关于2013年  部分节假日安排的通知', '各省、自治区、直辖市人民政府，国务院各部委、各直属机构：<br />\r\nrn　　根据国务院《关于修改&lt;全国年节及纪念日放假办法&gt;的决定》，为便于各地区、各部门及早合理安排节假日旅游、交通运输、生产经营等有关工作，经国务院批准，现将2013年元旦、春节、清明节、劳动节、端午节、中秋节和国庆节放假调休日期的具体安排通知如下。<br />\r\n　　<strong>一、元旦：</strong>1月1日至3日放假调休，共3天。1月5日（星期六）、1月6日（星期日）上班。<br />\r\n　　<strong>二、春节：</strong>2月9日至15日放假调休，共7天。2月16日（星期六）、2月17日（星期日）上班。<br />\r\n　　<strong>三、清明节：</strong>4月4日至6日放假调休，共3天。4月7日（星期日）上班。<br />\r\n　　<strong>四、劳动节：</strong>4月29日至5月1日放假调休，共3天。4月27日（星期六）、4月28日（星期日）上班。<br />\r\n　　<strong>五、端午节：</strong>6月10日至12日放假调休，共3天。6月8日（星期六）、6月9日（星期日）上班。<br />\r\n　　<strong>六、中秋节：</strong>9月19日至21日放假调休，共3天。9月22日（星期日）上班。<br />\r\n　　<strong>七、国庆节：</strong>10月1日至7日放假调休，共7天。9月29日（星期日）、10月12日（星期六）上班。<br />\r\n　　节假日期间，各地区、各部门要妥善安排好值班和安全、保卫等工作，遇有重大突发事件发生，要按规定及时报告并妥善处置，确保人民群众祥和平安度过节日假期。', '1393934568', '1', '0', '', '', '0', '', '0', '');
INSERT INTO `email_content` VALUES ('2', '1', '1393934789', '1,2', '', '', '关于国家司法考试有关事项的公告', '<p 0px=\"\" p=\"\">　　一、报名条件</p>\r\n\r\n<p 0px=\"\" p=\"\">　　1.具有中华人民共和国国籍；</p>\r\n\r\n<p 0px=\"\" p=\"\">　　3.具有完全民事行为能力；</p>\r\n\r\n<p 0px=\"\" p=\"\">　　5.品行良好。</p>\r\n\r\n<p 0px=\"\" p=\"\">　　（二）有下列情形之一的人员，不得报名参加国家司法考试，已经办理报名手续的，报名无效。</p>\r\n\r\n<p 0px=\"\" p=\"\">　　2.曾被国家机关开除公职或者曾被吊销律师执业证、公证员执业证的；</p>\r\n\r\n<p 0px=\"\" p=\"\">　　4.提供虚假证明材料或者以其他形式骗取报名的；</p>\r\n\r\n<p 0px=\"\" p=\"\">　　普通高等学校2014年应届本科毕业生可以报名参加国家司法考试。</p>\r\n\r\n<p 0px=\"\" p=\"\">　　（三）报名人员应当注意把握的报名政策条件及有关要求。</p>\r\n\r\n<p 0px=\"\" p=\"\">　　2.&ldquo;普通高等学校2014年应届本科毕业生&rdquo;是指：通过普通高等学校招生全国统一考试本科批次录取的普通高等学校2014年应届毕业生，必须同时符合以下三个要件：经普通高等学校招生全国统一考试本科批次录取的，全日制普通本科院校和独立学院的在校本科学生且2014年应届毕业。同时，由所在学校出具学籍证明（格式证明可在司法部报名网站下载）和本人学生证。</p>\r\n\r\n<p 0px=\"\" p=\"\">　　3.普通高等学校2014年应届本科毕业生，网上报名时须准确、真实填写学生证号、入学时间、学制、毕业时间等信息，并承诺本人已经办理了所在院校出具的学籍证明（格式证明可在司法部网站下载）。</p>\r\n\r\n<p 0px=\"\" p=\"\">　　5.凡选择享受放宽报名学历条件地区政策的报名人员，须填写本人居民户口簿编号、户籍所在地公安机关名称，报名表中所填写的户籍代码应当与户籍地相一致。</p>\r\n\r\n<p 0px=\"\" p=\"\">　　学历为本科以上的，可以选择享受放宽报名学历条件地方政策，也可以放弃享受放宽报名学历条件地方政策。选择享受放宽报名学历条件地方政策的人员，考试成绩达到合格分数线的人员，在报名地司法行政机关申请授予A类法律职业资格；考试成绩达到放宽地方合格分数线的，应在户籍所在地司法行政机关申请授予C类法律职业资格，必须提交户口簿（打印版）。</p>\r\n\r\n<p 0px=\"\" p=\"\">　　7.持军队院校颁发的本科以上毕业证书的报名人员，其学历学位证书应当符合《中国人民解放军院校学历证书管理暂行规定》【（1995）参训字第034号】，并应在中国高等教育学生信息网（http://www.chsi.com.cn）上查得学历信息。查询不到学历信息的，报名人员应当提供由教育部全国高等学校学生信息咨询与就业指导中心出具的&ldquo;中国高等教育学历认证报告&rdquo;加以确认。</p>\r\n\r\n<p 0px=\"\" p=\"\">　　教育部留学认证服务中心港澳台地区学历学位认证系统网址：http://renzheng-gat.cscse.edu.cn。</p>\r\n\r\n<p 0px=\"\" p=\"\">　　考试结束后，凡参加考试成绩合格人员在司法部规定审核授予法律职业资格期限截止前，必须提交与报名承诺信息相一致的证明材料和毕业证书原件及复印件，不能在规定期限提交相关证明材料和毕业证书的，视为不符合规定的报名条件，已经参加考试的当年考试成绩无效。</p>\r\n\r\n<p 0px=\"\" p=\"\">　　1.对于高等学校毕业证书和学历文凭的认可、管理和解释，以国家教育行政部门的规定为准。依据有关法律、法规和国家教育行政部门的有关规定，可以报名参加2013年国家司法考试的学历证书包括：</p>\r\n\r\n<p 0px=\"\" p=\"\">　　（2）通过高等教育自学考试、高等教育学历文凭考试，由全国高等教育自学考试委员会授权各省、自治区、直辖市高等教育自学考试委员会颁发的毕业证书；</p>\r\n\r\n<p 0px=\"\" p=\"\">　　（4）经国家教育行政部门批准，实施网络教育试点的普通高等学校颁发的远程（网络）教育毕业证书；</p>\r\n\r\n<p 0px=\"\" p=\"\">　　2.对报名人员的学历证书是否属于国民教育序列或者国家教育行政部门认可的学历，可登录中国高等教育学生信息网（http://www.chsi.com.cn）进行查询。查询不到学历信息的，报名人员应当提供由教育部全国高等学校学生信息咨询与就业指导中心出具的&ldquo;中国高等教育学历认证报告&rdquo;加以确认。对于报名人员的学历证书真伪有疑义，不能判别的，报名人员须按照司法行政机关要求，提供有关证明。不能在规定期限内提供学历查询认证报告或相关证明的，视为不符合报名条件，考试成绩无效。</p>\r\n\r\n<p 0px=\"\" p=\"\">　　4.凡户籍地为放宽报名学历条件地方，可以将报名学历条件放宽为高等学校法律专业专科学历。</p>\r\n\r\n<p 0px=\"\" p=\"\">　　5.报名人员因助学贷款尚未还清、毕业证书暂扣于毕业学校的，可先行报名参加考试。考试结束后，考试成绩合格人员在办理申请授予法律职业资格时，必须提交毕业证书原件。</p>\r\n\r\n<p 0px=\"\" p=\"\">　　（一）报名方式</p>\r\n\r\n<p 0px=\"\" p=\"\">　　符合条件的报名人员，因不具备网络通讯条件或无法自行操作等原因不能完成网上报名的，可在报名期限内到市司法局司法考试科办理。</p>\r\n\r\n<p 0px=\"\" p=\"\">　　网上报名时间为2013年6月16日0时至7月5日24时，交纳考试费截止时间为2013年7月10日24时。逾期不予补报名和交费。</p>\r\n\r\n<p 0px=\"\" p=\"\">　　凡在黑龙江省报名参加2013年国家司法考试的人员，按照以下报名流程操作：</p>\r\n\r\n<p 0px=\"\" p=\"\">　　报名人员应仔细阅读司法部和黑龙江省、大庆市报名公告及相关须知，了解掌握报名政策和具体要求，并按照要求提前做好各项报名资料准备工作，以便真实、准确填写报名信息，上传照片及交纳考务费。</p>\r\n\r\n<p 0px=\"\" p=\"\">　　报名人员进入报名信息填报程序后，应当由本人准确、真实填写报名信息，并加以信息确认，做出相关承诺。按照司法行政机关要求做好相关证明材料准备工作，考试结束后，考试成绩合格人员在申请授予法律职业资格时必须提交相关证明材料，以证明本人符合报名条件。凡填写、提供虚假、不实信息或证明材料骗取报名的，一经查实，视为报名无效、考试成绩无效，并视其情节给予相应处理，必要时可向报名人员所在单位、院校通报，由此造成的一切责任由报名人员自负，并承担相应的法律后果。</p>\r\n\r\n<p 0px=\"\" p=\"\">　　报名信息填报确认后，报名人员应当按照规定的格式要求上传本人近期（一个月内）2寸（46mm&times;32mm）、正面、免冠、彩色（红、蓝、白底色）电子证件照片。照片类型为jpg格式,参考尺寸为：413像素（宽）&times;626像素（高），比例在1：1.52左右，40KB&le;文件大小&le;100KB。照片必须清晰完整，需显示双肩、双耳，不得上传全身照、风景照、生活照、背带（吊带）衫照、艺术照、侧面照、佩戴首饰照及不规则手机照等。为便于报名人员提交符合规定格式和文件大小的照片，可参照报名系统提供的《电子照片制作指南》进行编辑，但绝对禁止进行任何PS或美化处理。</p>\r\n\r\n<p 0px=\"\" p=\"\">　　报名期间，司法行政机关将对不符合要求的电子照片退回，报名人员应当按规定时间重新上传符合要求的照片，否则将无法完成网上交纳考试费，由此造成的一切后果和责任由报名人员自负。</p>\r\n\r\n<p 0px=\"\" p=\"\">　　司法行政机关确认上传照片合格后，报名人员应当在规定交纳考试费期限内及时办结网上支付手续。黑龙江省2013年考试费为260元。报名人员只有交纳考试费后报名才算真正完成。报名人员交纳考试费后，因个人原因致使报名无效的，不再退还其考试费。</p>\r\n\r\n<p 0px=\"\" p=\"\">　　报名人员网上报名时，应当仔细阅读网上支付指南和提示信息，按照网上支付流程和指定账户完成网上交费。报名人员网上支付成功后，报名系统会给予提示信息，报名人员必须牢记自己登录密码，以便进行报名信息查询、修改、下载打印准考证、考试成绩通知书等事宜。</p>\r\n\r\n<p 0px=\"\" p=\"\">　　网上报名成功后，报名人员应在司法部规定的9月1日至9月13日时间内，登录司法部报名网站自行下载打印准考证。为维护考试秩序，准确确认应试人员身份，避免因准考证打印质量不清晰影响考生进入考场正常应试，报名人员在打印准考证时，请选择彩色激光打印机或精度为600dpi以上的黑白激光打印机。为防止考试舞弊行为，考点学校、考场号、座位号均由报名系统自动生成。报名人员须凭准考证、有效身份证件参加考试。</p>\r\nrnrn\r\n\r\n<p 0px=\"\" p=\"\">&nbsp;&nbsp;&nbsp; 三、考试时间</p>\r\n\r\n<p 0px=\"\" p=\"\">　　试卷一：9月14日上午08：30-11：30，考试时间180分钟。</p>\r\n\r\n<p 0px=\"\" p=\"\">　　试卷三：9月15日上午08：30-11：30，考试时间180分钟。</p>\r\n\r\n<p 0px=\"\" p=\"\">　　四、考区设置</p>\r\n\r\n<p 0px=\"\" p=\"\">　　五、其他事宜</p>\r\n\r\n<p 0px=\"\" p=\"\">　　（二）现役军人报名参加国家司法考试事宜，按照司法部与解放军总政治部联合发布的《关于组织军队现役人员参加2002年国家司法考试有关问题的通知》（［2002］政办字第5号）办理。</p>\r\n\r\n<p 0px=\"\" p=\"\">　　（四）报名人员如需进一步了解相关问题，可登录大庆市司法局网站（http://sifa.daqing.gov.cn/），或拨打咨询电话。大庆市司法局咨询电话：0459-6362388 4665019</p>\r\n', '1393934789', '1', '0', '', '', '0', '', '0', '');
INSERT INTO `email_content` VALUES ('3', '1', '1393934904', '1,2', '', '', '关于公开选拔区委管理企业领导人员的补充公告', '<div p=\"\">XX区公开选拔区委管理企业领导人员原定于2013年6月30日18:00截止报名。为拓宽选拔人才范围，决定延长报名时间，进一步放宽资格条件，现补充公告如下：　　<br />\r\n&nbsp; &nbsp; 一、报名时间\r\n<p p=\"\">　　二、资格条件</p>\r\n&nbsp;\r\n\r\n<p p=\"\">　　市管企业、市国资委直管企业一级子公司为上市公司的，现任该公司经营班子成员者，不再设任职年限要求，其他资格条件不变。</p>\r\n&nbsp;\r\n\r\n<p p=\"\">　　1、年龄条件放宽至45周岁以下；</p>\r\n&nbsp;\r\n\r\n<p p=\"\">　　3、其他资格条件不变。</p>\r\n</div>\r\n', '1393934904', '1', '0', '', '', '0', '', '0', '');
INSERT INTO `email_content` VALUES ('4', '1', '1393935004', '1,2', '', '', '关于做好事业单位法人年度报告公开工作的通知', '<p p=\"\">　　根据省机构编制委员会办公室《关于做好事业单位法人年度报告公开试点工作的通知》精神和市机构编制委员会办公室深编办函《关于做好事业单位法人年度报告公开试点工作的通知》要求，为做好区事业单位法人年度报告公开工作，特制定方案如下:<br />\r\n&nbsp;&nbsp;&nbsp;一、指导思想</p>\r\n\r\n<p p=\"\">　　二、公开内容</p>\r\n\r\n<p p=\"\">　　1、事业单位法人的基本信息：事证号、单位名称、法定代表人、经费来源、开办资金、举办单位、住所、宗旨和业务范围、人员编制、实有人数、其中在编人数。</p>\r\n\r\n<p p=\"\">　　3、受奖惩和有关评估情况。</p>\r\n\r\n<p p=\"\">　　5、其他需要说明的情况。</p>\r\n\r\n<p p=\"\">　　三、方法步骤</p>\r\n\r\n<p p=\"\">　　1、2013年6月前先行公开区教育局、区卫生局、区城市管理局、区环境保护和水务局、区文体旅游局所属事业单位和各街道的教学研究中心、市政服务中心、出租屋管理所等133家事业单位法人的年度报告。</p>\r\n\r\n<p p=\"\">　　四、责任要求</p>\r\n\r\n<p p=\"\">　　1、年度报告的内容应是上年度单位业务活动开展情况（做了什么、怎么做的、有何成效、存在问题、改进措施等），须经法定代表人审定并公开报告联系人姓名、办公电话及电子邮箱等信息资料，以示负责。</p>\r\n\r\n<p p=\"\">　　3、各事业单位应重视经办人的选定，网上填报时应遵守系统操作规范，认真核对、校对所填内容，并保存好纸质文字原稿，以备年度报告公开后出现错漏等问题时进行责任倒查。</p>\r\n', '1393935004', '1', '0', '', '', '0', '', '0', '');

-- ----------------------------
-- Table structure for email_webmail
-- ----------------------------
DROP TABLE IF EXISTS `email_webmail`;
CREATE TABLE `email_webmail` (
  `id` int(11) NOT NULL AUTO_INCREMENT COMMENT '自增主键',
  `email` varchar(200) NOT NULL DEFAULT '' COMMENT '电子邮件地址',
  `user_id` int(11) NOT NULL COMMENT '所属用户',
  `pop_server` varchar(100) NOT NULL DEFAULT '' COMMENT '接收服务器(POP3)',
  `smtp_server` varchar(100) NOT NULL DEFAULT '' COMMENT '发送服务器(SMTP)',
  `login_type` char(1) NOT NULL DEFAULT '' COMMENT '登录帐户',
  `smtp_pass` varchar(20) NOT NULL DEFAULT '' COMMENT '1:SMTP需要身份验证;0:SMTP不需要身份验证',
  `email_user` varchar(100) NOT NULL COMMENT '登录帐户',
  `email_pass` varchar(200) NOT NULL DEFAULT '' COMMENT '登录密码',
  `pop3_port` int(11) NOT NULL DEFAULT '110' COMMENT 'pop3端口',
  `smtp_port` int(11) NOT NULL DEFAULT '25' COMMENT 'smtp端口',
  `is_default` char(1) NOT NULL DEFAULT '0' COMMENT '1：设置为默认邮箱;0:不设置为默认邮箱',
  `pop3_ssl` char(1) NOT NULL DEFAULT '0' COMMENT '1：此服务器要求安全连接(SSL);0:此服务器不要求安全连接(SSL)',
  `smtp_ssl` char(1) NOT NULL DEFAULT '0' COMMENT '1：此服务器要求安全连接(SSL);0:此服务器不要求安全连接(SSL) ',
  `quota_limit` int(11) NOT NULL DEFAULT '0' COMMENT '邮箱容量（为空或0表示不限制）',
  `email_uid` text NOT NULL,
  `check_flag` char(1) NOT NULL COMMENT '1:允许自动收取外部邮件;0:不允许自动收取外部邮件',
  `priority` char(1) NOT NULL DEFAULT '0',
  `recv_del` char(1) NOT NULL DEFAULT '0' COMMENT '1:收取邮件后从服务器上删除;0:收取邮件后不从服务器上删除',
  `recv_remind` char(1) NOT NULL DEFAULT '1' COMMENT '1:收到新邮件后发送事务提醒消息;0:收到新邮件后不发送事务提醒消息',
  `recv_fw` char(1) NOT NULL COMMENT '1：将内部邮件转发到该邮箱（必须设置可外发邮箱);0:不将内部邮件转发到该邮箱（必须设置可外发邮箱）',
  PRIMARY KEY (`id`),
  KEY `idx_email` (`email`),
  KEY `idx_user_id` (`user_id`)
) ENGINE=InnoDB DEFAULT CHARSET=utf8;

-- ----------------------------
-- Records of email_webmail
-- ----------------------------

-- ----------------------------
-- Table structure for email_webmail_content
-- ----------------------------
DROP TABLE IF EXISTS `email_webmail_content`;
CREATE TABLE `email_webmail_content` (
  `id` int(11) NOT NULL AUTO_INCREMENT,
  `from_mail` varchar(100) NOT NULL DEFAULT '',
  `reply_mail` varchar(100) NOT NULL DEFAULT '',
  `to_mail` varchar(5000) NOT NULL DEFAULT '',
  `cc_mail` varchar(5000) NOT NULL DEFAULT '',
  `subject` varchar(200) NOT NULL DEFAULT '',
  `is_html` char(1) NOT NULL DEFAULT '1',
  `large_attachment` char(1) NOT NULL DEFAULT '0',
  `content_html` mediumblob NOT NULL,
  `content_text` text NOT NULL,
  `webmail_uid` varchar(200) NOT NULL DEFAULT '',
  `send_time` int(10) NOT NULL,
  `webmail_id` tinyint(3) NOT NULL,
  `important` tinyint(1) NOT NULL DEFAULT '0',
  PRIMARY KEY (`id`)
) ENGINE=InnoDB DEFAULT CHARSET=utf8;

-- ----------------------------
-- Records of email_webmail_content
-- ----------------------------

-- ----------------------------
-- Table structure for esb_info
-- ----------------------------
DROP TABLE IF EXISTS `esb_info`;
CREATE TABLE `esb_info` (
  `id` int(11) NOT NULL AUTO_INCREMENT,
  `info_time` int(10) unsigned NOT NULL,
  `info_title` varchar(200) NOT NULL,
  `info_content` mediumtext NOT NULL,
  `info_type` varchar(40) NOT NULL,
  `info_from` varchar(40) NOT NULL,
  `info_to` text NOT NULL,
  `guid` varchar(100) NOT NULL,
  `keyword` varchar(100) NOT NULL,
  `type_flag` int(11) NOT NULL DEFAULT '1' COMMENT '1为发送信息,2为接收信息',
  PRIMARY KEY (`id`)
) ENGINE=InnoDB DEFAULT CHARSET=utf8;

-- ----------------------------
-- Records of esb_info
-- ----------------------------

-- ----------------------------
-- Table structure for esb_msg_recv
-- ----------------------------
DROP TABLE IF EXISTS `esb_msg_recv`;
CREATE TABLE `esb_msg_recv` (
  `rid` int(11) NOT NULL AUTO_INCREMENT,
  `guid` varchar(50) NOT NULL COMMENT 'ESB消息统一标识',
  `from_dept` varchar(40) NOT NULL,
  `path` text NOT NULL,
  `state` char(1) NOT NULL DEFAULT '0' COMMENT '0:未处理;1:已处理',
  `recv_time` int(10) unsigned NOT NULL,
  `recv_user` int(11) NOT NULL,
  `summary` text NOT NULL,
  PRIMARY KEY (`rid`)
) ENGINE=InnoDB DEFAULT CHARSET=utf8;

-- ----------------------------
-- Records of esb_msg_recv
-- ----------------------------

-- ----------------------------
-- Table structure for esb_msg_send
-- ----------------------------
DROP TABLE IF EXISTS `esb_msg_send`;
CREATE TABLE `esb_msg_send` (
  `sid` int(11) NOT NULL AUTO_INCREMENT COMMENT '自增主键',
  `guid` varchar(50) NOT NULL COMMENT 'ESB消息统一标识',
  `to_dept` text NOT NULL COMMENT '发送对象，逗号分隔',
  `path` text NOT NULL COMMENT '数据包路径',
  `state` text NOT NULL COMMENT '0:发送中 1:发送成功 2:对方已接收',
  `send_user` int(11) NOT NULL COMMENT '发送人',
  `send_time` int(10) unsigned NOT NULL COMMENT '发送时间',
  `module` varchar(20) NOT NULL COMMENT '应用',
  `uid` int(11) NOT NULL COMMENT '应用数据ID',
  PRIMARY KEY (`sid`)
) ENGINE=InnoDB DEFAULT CHARSET=utf8;

-- ----------------------------
-- Records of esb_msg_send
-- ----------------------------

-- ----------------------------
-- Table structure for ext_user
-- ----------------------------
DROP TABLE IF EXISTS `ext_user`;
CREATE TABLE `ext_user` (
  `id` int(11) NOT NULL,
  `user_id` varchar(40) NOT NULL,
  `password` varchar(32) NOT NULL,
  `is_sys` tinyint(1) NOT NULL,
  `is_active` tinyint(1) NOT NULL,
  `remark` varchar(255) NOT NULL,
  `data` text NOT NULL COMMENT '附加数据',
  PRIMARY KEY (`id`)
) ENGINE=InnoDB DEFAULT CHARSET=utf8 COMMENT='接口用户表';

-- ----------------------------
-- Records of ext_user
-- ----------------------------
INSERT INTO `ext_user` VALUES ('1', 'OfficeTask', '593495dc4c0e71f7cc107b146d5c1500', '1', '1', '定时任务执行用户', '');

-- ----------------------------
-- Table structure for favorite
-- ----------------------------
DROP TABLE IF EXISTS `favorite`;
CREATE TABLE `favorite` (
  `id` int(11) NOT NULL AUTO_INCREMENT,
  `fav_name` varchar(64) NOT NULL COMMENT '网站名称',
  `fav_no` int(11) NOT NULL COMMENT '排序号',
  `fav_url` varchar(255) NOT NULL COMMENT '网址',
  `create_user` int(11) NOT NULL COMMENT '创建人',
  `create_time` int(11) NOT NULL COMMENT '创建时间',
  PRIMARY KEY (`id`)
) ENGINE=InnoDB DEFAULT CHARSET=utf8 COMMENT='网址收藏';

-- ----------------------------
-- Records of favorite
-- ----------------------------

-- ----------------------------
-- Table structure for file_folder_private
-- ----------------------------
DROP TABLE IF EXISTS `file_folder_private`;
CREATE TABLE `file_folder_private` (
  `id` int(11) NOT NULL AUTO_INCREMENT COMMENT '自增主键',
  `parent_id` int(11) NOT NULL DEFAULT '0' COMMENT '上级文件夹ID',
  `folder_order` int(11) NOT NULL COMMENT '排序号',
  `folder_name` varchar(200) NOT NULL COMMENT '名称',
  `create_user` int(11) NOT NULL COMMENT '创建人',
  `create_time` int(11) NOT NULL COMMENT '创建时间',
  PRIMARY KEY (`id`),
  KEY `idx_parent_id` (`parent_id`),
  KEY `idx_create_user` (`create_user`)
) ENGINE=InnoDB DEFAULT CHARSET=utf8;

-- ----------------------------
-- Records of file_folder_private
-- ----------------------------

-- ----------------------------
-- Table structure for file_folder_public
-- ----------------------------
DROP TABLE IF EXISTS `file_folder_public`;
CREATE TABLE `file_folder_public` (
  `id` int(11) NOT NULL AUTO_INCREMENT COMMENT '自增主键',
  `parent_id` int(11) NOT NULL COMMENT '父文件夹id',
  `folder_name` varchar(64) NOT NULL COMMENT '文件夹名称',
  `folder_order` int(11) NOT NULL COMMENT '文件夹排序',
  `create_time` int(11) NOT NULL COMMENT '文件夹创建时间',
  `create_user` int(11) NOT NULL COMMENT '文件夹创建者',
  PRIMARY KEY (`id`),
  KEY `idx_parent_id` (`parent_id`),
  KEY `idx_create_user` (`create_user`)
) ENGINE=InnoDB AUTO_INCREMENT=5 DEFAULT CHARSET=utf8;

-- ----------------------------
-- Records of file_folder_public
-- ----------------------------
INSERT INTO `file_folder_public` VALUES ('1', '0', '知识管理', '1', '1388478925', '1');
INSERT INTO `file_folder_public` VALUES ('2', '1', '行政知识管理', '1', '1388478944', '1');
INSERT INTO `file_folder_public` VALUES ('3', '1', '人事知识管理', '2', '1388478960', '1');
INSERT INTO `file_folder_public` VALUES ('4', '1', '财务知识管理', '3', '1388479034', '1');

-- ----------------------------
-- Table structure for file_folder_share
-- ----------------------------
DROP TABLE IF EXISTS `file_folder_share`;
CREATE TABLE `file_folder_share` (
  `id` int(11) NOT NULL AUTO_INCREMENT COMMENT '自增主键',
  `folder_id` int(11) NOT NULL COMMENT '分享目录ID',
  `uid` int(11) NOT NULL COMMENT '被共享人',
  `is_editable` tinyint(1) NOT NULL DEFAULT '0' COMMENT '0：具有查看权限;1:具有修改权限;2:具有查看和修改的权限',
  `start_time` int(11) NOT NULL COMMENT '共享开始时间',
  `end_time` int(11) NOT NULL COMMENT '共享结束时间',
  PRIMARY KEY (`id`),
  KEY `idx_uid` (`uid`)
) ENGINE=InnoDB DEFAULT CHARSET=utf8;

-- ----------------------------
-- Records of file_folder_share
-- ----------------------------

-- ----------------------------
-- Table structure for footprint
-- ----------------------------
DROP TABLE IF EXISTS `footprint`;
CREATE TABLE `footprint` (
  `id` int(11) NOT NULL AUTO_INCREMENT,
  `create_user` int(11) NOT NULL,
  `create_time` int(11) NOT NULL,
  `lon` varchar(255) NOT NULL,
  `lat` varchar(255) NOT NULL,
  `location` varchar(255) NOT NULL,
  `province` varchar(255) NOT NULL,
  `is_new` int(11) NOT NULL,
  PRIMARY KEY (`id`)
) ENGINE=InnoDB DEFAULT CHARSET=utf8;

-- ----------------------------
-- Records of footprint
-- ----------------------------

-- ----------------------------
-- Table structure for form
-- ----------------------------
DROP TABLE IF EXISTS `form`;
CREATE TABLE `form` (
  `id` char(36) NOT NULL,
  `form_name` varchar(200) NOT NULL,
  `form_type` int(11) NOT NULL,
  `dept_id` int(11) NOT NULL,
  `sort_id` int(11) NOT NULL,
  `create_time` int(11) NOT NULL,
  `version` decimal(10,2) NOT NULL,
  `order_no` int(11) NOT NULL,
  `auto_id` int(11) NOT NULL,
  PRIMARY KEY (`id`),
  UNIQUE KEY `form_auto_id` (`auto_id`)
) ENGINE=InnoDB DEFAULT CHARSET=utf8;

-- ----------------------------
-- Records of form
-- ----------------------------
INSERT INTO `form` VALUES ('0626ea59-00c0-72fc-716a-6ee894fdd930', '物业报修单', '2', '0', '4', '1446445988', '1.00', '4', '11');
INSERT INTO `form` VALUES ('234568ef-5ef9-6542-99ab-97c1e29e7ec9', '教师请假单', '2', '0', '4', '1446434880', '1.00', '3', '10');
INSERT INTO `form` VALUES ('7bae1098-fcb2-bfb2-c9ea-319e28d32676', '工作交办单', '2', '780', '2', '1371454660', '1.00', '0', '2');
INSERT INTO `form` VALUES ('7d331417-cc18-9640-08ee-446e04c95b10', '用车申请单', '2', '1', '2', '1388473762', '1.00', '0', '3');
INSERT INTO `form` VALUES ('9a0cef49-8ce9-5701-1743-831d7515ddec', '办公用品申领表', '2', '780', '2', '1371454500', '1.00', '0', '4');
INSERT INTO `form` VALUES ('9a6af98f-5c2a-402c-03a8-e5b878263f9d', '教师培训心得体会', '2', '0', '4', '1446433592', '1.00', '2', '9');
INSERT INTO `form` VALUES ('aa9e990d-9f38-14d2-9d22-3654ab45cafe', '发文单', '2', '1', '1', '1397574545', '1.00', '2', '5');
INSERT INTO `form` VALUES ('b266bb81-4a83-f375-cfe3-1925e02fa215', '复印申请单', '2', '1', '2', '1388475115', '1.00', '0', '6');
INSERT INTO `form` VALUES ('d8ccc041-15ef-bc5e-6f40-b755a1492ced', '设备购置单', '2', '0', '4', '1446450091', '1.00', '5', '12');
INSERT INTO `form` VALUES ('e94353a6-59f8-b4a7-82c7-98d8c4b65ff8', '值班登记单', '2', '1', '2', '1388476087', '1.00', '0', '7');
INSERT INTO `form` VALUES ('f302c471-a069-c045-36f3-96b198127107', '学生获奖登记', '2', '0', '4', '1446168439', '1.00', '1', '8');

-- ----------------------------
-- Table structure for form_aip
-- ----------------------------
DROP TABLE IF EXISTS `form_aip`;
CREATE TABLE `form_aip` (
  `form_id` char(36) NOT NULL,
  `print_model` mediumblob,
  `script` text,
  `css` text,
  PRIMARY KEY (`form_id`)
) ENGINE=InnoDB DEFAULT CHARSET=utf8;

-- ----------------------------
-- Records of form_aip
-- ----------------------------

-- ----------------------------
-- Table structure for form_aip_field
-- ----------------------------
DROP TABLE IF EXISTS `form_aip_field`;
CREATE TABLE `form_aip_field` (
  `id` char(36) NOT NULL,
  `form_id` char(36) NOT NULL,
  `field_order` int(11) NOT NULL,
  `field_name` varchar(64) NOT NULL,
  `field_type` varchar(64) NOT NULL,
  `field_attr` text NOT NULL,
  PRIMARY KEY (`id`),
  KEY `idx_form_id` (`form_id`)
) ENGINE=InnoDB DEFAULT CHARSET=utf8;

-- ----------------------------
-- Records of form_aip_field
-- ----------------------------

-- ----------------------------
-- Table structure for form_data_countersign
-- ----------------------------
DROP TABLE IF EXISTS `form_data_countersign`;
CREATE TABLE `form_data_countersign` (
  `id` int(11) NOT NULL AUTO_INCREMENT,
  `signcontent` text,
  `signuser` varchar(100) DEFAULT NULL,
  `signtime` varchar(100) DEFAULT NULL,
  `signorg` varchar(100) DEFAULT NULL,
  `field_id` char(13) DEFAULT NULL COMMENT '会签字段主键',
  `form_data_id` int(11) DEFAULT NULL COMMENT '表单数据主键',
  `user_id` int(11) DEFAULT NULL,
  `signdata` text,
  `signorder` int(11) DEFAULT NULL COMMENT '会签盖章排序',
  `task_id` char(36) DEFAULT NULL COMMENT '当前办理步骤ID',
  `mobiledata` text,
  `imagedata` mediumtext COMMENT 'PC端手写签章移动端显示用',
  `imagedata_seal` mediumtext COMMENT 'PC端盖章移动端显示用',
  PRIMARY KEY (`id`),
  KEY `idx_form_data_id` (`form_data_id`),
  KEY `idx_field_id` (`field_id`)
) ENGINE=InnoDB DEFAULT CHARSET=utf8;

-- ----------------------------
-- Records of form_data_countersign
-- ----------------------------

-- ----------------------------
-- Table structure for form_data_map
-- ----------------------------
DROP TABLE IF EXISTS `form_data_map`;
CREATE TABLE `form_data_map` (
  `id` int(11) NOT NULL AUTO_INCREMENT,
  `form_id` char(36) DEFAULT NULL COMMENT '表单id',
  `form_data_id` int(11) DEFAULT NULL COMMENT '表单数据id',
  `model` varchar(100) DEFAULT NULL COMMENT '关联模型名称',
  `pk` int(11) DEFAULT NULL COMMENT '主键',
  PRIMARY KEY (`id`),
  KEY `idx_fpm` (`pk`,`form_id`,`model`)
) ENGINE=InnoDB DEFAULT CHARSET=utf8;

-- ----------------------------
-- Records of form_data_map
-- ----------------------------

-- ----------------------------
-- Table structure for form_html
-- ----------------------------
DROP TABLE IF EXISTS `form_html`;
CREATE TABLE `form_html` (
  `form_id` char(36) NOT NULL,
  `print_model` mediumtext,
  `print_model_short` mediumtext,
  `script` text,
  `css` text,
  PRIMARY KEY (`form_id`)
) ENGINE=InnoDB DEFAULT CHARSET=utf8;

-- ----------------------------
-- Records of form_html
-- ----------------------------
INSERT INTO `form_html` VALUES ('0626ea59-00c0-72fc-716a-6ee894fdd930', '\n<div style=\"text-align: center;\">\n<span style=\"font-size: 24pt;\">物业报修单</span>\r\n<table align=\"center\" border=\"1\" cellpadding=\"0\" cellspacing=\"0\" style=\"width: 600px;\"><tbody>\n<tr>\n<td style=\"width: 100px; height: 30px;\">报修人</td>\r\n			<td style=\"width: 200px;\"><input class=\"v_text\" id=\"data_56370865b5abd\" name=\"data_56370865b5abd\" title=\"报修人\" type=\"text\"></td>\r\n			<td style=\"width: 100px;\">部门</td>\r\n			<td style=\"width: 200px;\"><img class=\"dept\" id=\"data_563708798043f\" modify=\"false\" name=\"data_563708798043f\" src=\"/static/images/form/suseranddept.png\" title=\"部门\"></td>\r\n		</tr>\n<tr>\n<td style=\"height: 30px;\">报修时间</td>\r\n			<td><input class=\"datetime\" defaultcurtime=\"false\" format=\"yyyy-MM-dd HH:mm:ss\" id=\"data_563708ae11a3a\" name=\"data_563708ae11a3a\" style=\"width: 160px;\" title=\"报修时间\" type=\"text\"></td>\r\n			<td>地点</td>\r\n			<td><input class=\"v_text\" id=\"data_563708b3d4305\" name=\"data_563708b3d4305\" title=\"地点\" type=\"text\"></td>\r\n		</tr>\n<tr>\n<td style=\"height: 30px;\">报修联系电话</td>\r\n			<td><input class=\"v_text\" id=\"data_563708bc15743\" name=\"data_563708bc15743\" title=\"联系电话\" type=\"text\"></td>\r\n			<td> </td>\r\n			<td> </td>\r\n		</tr>\n<tr>\n<td style=\"height: 30px;\">故障描述</td>\r\n			<td colspan=\"3\" style=\"height: 120px;\"><textarea id=\"data_56370905527d3\" name=\"data_56370905527d3\" style=\"width: 500px; height: 120px;\" title=\"故障描述\"></textarea></td>\r\n		</tr>\n<tr>\n<td style=\"height: 30px;\">维修人员</td>\r\n			<td><input class=\"v_text\" id=\"data_5637091837c94\" name=\"data_5637091837c94\" title=\"维修人员\" type=\"text\"></td>\r\n			<td>维修电话</td>\r\n			<td><input class=\"v_text\" id=\"data_5637092361bf7\" name=\"data_5637092361bf7\" title=\"维修电话\" type=\"text\"></td>\r\n		</tr>\n<tr>\n<td style=\"height: 30px;\">开始时间</td>\r\n			<td><input class=\"datetime\" defaultcurtime=\"false\" format=\"yyyy-MM-dd HH:mm:ss\" id=\"data_5637092ddfa20\" name=\"data_5637092ddfa20\" style=\"width: 160px;\" title=\"开始时间\" type=\"text\"></td>\r\n			<td> </td>\r\n			<td> </td>\r\n		</tr>\n<tr>\n<td style=\"height: 30px;\">完成时间</td>\r\n			<td><input class=\"datetime\" defaultcurtime=\"false\" format=\"yyyy-MM-dd HH:mm:ss\" id=\"data_563709384adc1\" name=\"data_563709384adc1\" style=\"width: 160px;\" title=\"完成时间\" type=\"text\"></td>\r\n			<td> </td>\r\n			<td> </td>\r\n		</tr>\n<tr>\n<td style=\"height: 30px;\">备注</td>\r\n			<td colspan=\"3\" style=\"height: 180px;\"><textarea id=\"data_5637094d0dd31\" name=\"data_5637094d0dd31\" style=\"width: 500px; height: 180px;\" title=\"备注\"></textarea></td>\r\n		</tr>\n</tbody></table>\n<br>\r\n </div>\r\n', null, null, null);
INSERT INTO `form_html` VALUES ('0dd4d834-4fc1-2330-cfb9-6e68db6ab836', '\n<style type=\"text/css\">.main-table {border-left-style:none; border-right-style:none;border-collapse:collapse;border-color:red;}.main-table td {border-color:red;border-left-style:none;border-right-style:none;border-bottom-style:dashed;}.main-table span{font-family: 宋体;}h1 {color:red;}.main-table .main-span {  color: red;   font-family: 宋体;   font-size: 12pt;}\r\n</style>\n<h1 style=\"text-align: center;\"><span style=\"font-size: 24pt;\"><span style=\"font-family: 宋体;\">XXXXXX收文批办单</span></span></h1>\r\n\r\n<table align=\"center\" border=\"1\" cellpadding=\"1\" cellspacing=\"1\" class=\"main-table\" style=\"width: 780px;\"><tbody>\n<tr>\n<td style=\"width: 140px; height: 80px; text-align: center; border-top-width: 2px; border-top-style: solid;\"><span class=\"main-span\">文件标题</span></td>\r\n			<td colspan=\"3\" rowspan=\"1\" style=\"border-top-width: 2px; border-top-style: solid;\"><textarea id=\"data_534d4c7ed4eae\" name=\"data_534d4c7ed4eae\" style=\"height: 60px; width: 598px;\" title=\"文件标题\"></textarea></td>\r\n		</tr>\n<tr>\n<td style=\"height: 40px; text-align: center;\"><span class=\"main-span\">来文单位</span></td>\r\n			<td style=\"width: 200px;\"><input class=\"v_text\" id=\"data_534d4c7ed6319\" name=\"data_534d4c7ed6319\" style=\"width: 180px;\" title=\"来文单位\" type=\"text\" value=\"\"></td>\r\n			<td style=\"width: 130px; text-align: center; white-space: nowrap;\"><span class=\"main-span\">运转号</span></td>\r\n			<td><input class=\"v_text\" id=\"data_534d4c7eeab76\" name=\"data_534d4c7eeab76\" style=\"width: 152px;\" title=\"运转号\" type=\"text\" value=\"\"></td>\r\n		</tr>\n<tr>\n<td style=\"height: 40px; text-align: center; white-space: nowrap;\"><span class=\"main-span\">来文字号</span></td>\r\n			<td style=\"white-space: nowrap;\">\n<select id=\"data_534d4c7ee1e5a\" name=\"data_534d4c7ee1e5a\" style=\"width: 67px;\" title=\"来文字号-字\"><option value=\"字\">字</option>\n<option value=\"函\">函</option></select>【<input class=\"v_text\" id=\"data_534d4c7ee3625\" name=\"data_534d4c7ee3625\" style=\"width: 35px;\" title=\"来文字号-年\" type=\"text\" value=\"\">】<input class=\"v_text\" id=\"data_534d4c7ee4db8\" name=\"data_534d4c7ee4db8\" style=\"width: 35px;\" title=\"来文字号-号\" type=\"text\" value=\"\"><img class=\"tcount\" id=\"data_534d4c7ee652d\" name=\"data_534d4c7ee652d\" relations=\'{\"data_534d4c7ee1e5a\":\"PLACEHOLDER\",\"data_534d4c7ee3625\":\"YEAR_FULL\",\"data_534d4c7ee4db8\":\"DIGIT\"}\' rule_id=\"1\" src=\"/static/images/form/tcount.png\" title=\"来文字号\">\n</td>\r\n			<td style=\"width: 160px; text-align: center; white-space: nowrap;\"><span class=\"main-span\">收文日期</span></td>\r\n			<td>\r\n			<div class=\"input-prepend\"><input class=\"date\" format=\"yyyy-MM-dd\" id=\"data_534d518192383\" name=\"data_534d518192383\" title=\"收文日期\" type=\"text\"></div>\r\n			</td>\r\n		</tr>\n<tr>\n<td style=\"height: 200px; text-align: center;\"><span class=\"main-span\">部门主任<br><br>\r\n			意    见</span></td>\r\n			<td colspan=\"3\"><img class=\"countersign\" id=\"data_534d4c7eda942\" name=\"data_534d4c7eda942\" src=\"/static/images/form/countersign.png\" title=\"部门主任意见\"></td>\r\n		</tr>\n<tr>\n<td style=\"height: 200px; text-align: center;\"><span class=\"main-span\">拟  办<br><br>\r\n			意  见</span></td>\r\n			<td colspan=\"3\" rowspan=\"1\"><img class=\"countersign\" id=\"data_534d4c7ed91d2\" name=\"data_534d4c7ed91d2\" src=\"/static/images/form/countersign.png\" title=\"拟办意见\"></td>\r\n		</tr>\n<tr>\n<td style=\"height: 200px; text-align: center; border-bottom-width: 2px; border-bottom-style: solid;\"><span class=\"main-span\">承办人<br><br>\r\n			意  见</span></td>\r\n			<td colspan=\"3\" rowspan=\"1\" style=\"border-bottom-width: 2px; border-bottom-style: solid;\"><img class=\"countersign\" id=\"data_534d4c7edc0f5\" name=\"data_534d4c7edc0f5\" src=\"/static/images/form/countersign.png\" title=\"承办人意见\"></td>\r\n		</tr>\n</tbody></table>\n', null, null, '.main-table {border-left-style:none; border-right-style:none;border-collapse:collapse;border-color:red;}.main-table td {border-color:red;border-left-style:none;border-right-style:none;border-bottom-style:dashed;}.main-table span{font-family: 宋体;}h1 {color:red;}.main-table .main-span {  color: red;   font-family: 宋体;   font-size: 12pt;}\r\n');
INSERT INTO `form_html` VALUES ('234568ef-5ef9-6542-99ab-97c1e29e7ec9', '\n<div style=\"text-align: center;\">\n<span style=\"font-family: 宋体;\"><span style=\"font-size: 24pt;\">教师请假单</span></span>\r\n<table align=\"center\" border=\"1\" cellpadding=\"0\" cellspacing=\"0\" style=\"width: 600px;\"><tbody>\n<tr>\n<td style=\"width: 100px; height: 30px;\">请假人</td>\r\n			<td style=\"width: 200px;\"><input class=\"v_text\" id=\"data_5636ef754adc1\" name=\"data_5636ef754adc1\" title=\"请假人\" type=\"text\"></td>\r\n			<td style=\"width: 100px;\">申请时间</td>\r\n			<td style=\"width: 200px;\"><input class=\"datetime\" defaultcurtime=\"false\" format=\"yyyy-MM-dd HH:mm:ss\" id=\"data_5636ef8215743\" name=\"data_5636ef8215743\" style=\"width: 160px;\" title=\"申请时间\" type=\"text\"></td>\r\n		</tr>\n<tr>\n<td style=\"height: 70px;\">请假事由</td>\r\n			<td colspan=\"3\" rowspan=\"1\"><textarea id=\"data_5636efe0c4ee1\" name=\"data_5636efe0c4ee1\" style=\"width: 500px; height: 70px;\" title=\"请假事由\"></textarea></td>\r\n		</tr>\n<tr>\n<td style=\"height: 30px;\">请假时间</td>\r\n			<td colspan=\"3\" rowspan=\"1\">由<input class=\"datetime\" defaultcurtime=\"false\" format=\"yyyy-MM-dd HH:mm:ss\" id=\"data_5636f00bbd4cf\" name=\"data_5636f00bbd4cf\" style=\"width: 160px;\" title=\"请假时间\" type=\"text\">至<input class=\"datetime\" defaultcurtime=\"false\" format=\"yyyy-MM-dd HH:mm:ss\" id=\"data_5636f01a9ec87\" name=\"data_5636f01a9ec87\" style=\"width: 160px;\" title=\"请假时间2\" type=\"text\">\n</td>\r\n		</tr>\n<tr>\n<td style=\"height: 30px;\">课程处理</td>\r\n			<td colspan=\"3\" rowspan=\"1\"><select id=\"data_5636f051dbd17\" name=\"data_5636f051dbd17\" title=\"课程处理\"><option selected value=\"\"></option>\n<option value=\"请假期间没有课\">请假期间没有课</option>\n<option value=\"已自己调好课，不需要教导处安排\">已自己调好课，不需要教导处安排</option>\n<option value=\"申请教导处安排其他老师代课\">申请教导处安排其他老师代课</option></select></td>\r\n		</tr>\n<tr>\n<td style=\"height: 30px;\">审批人</td>\r\n			<td><input class=\"v_text\" id=\"data_5636f1ef7c736\" name=\"data_5636f1ef7c736\" title=\"审批人\" type=\"text\"></td>\r\n			<td>审批日期</td>\r\n			<td><input class=\"datetime\" defaultcurtime=\"false\" format=\"yyyy-MM-dd HH:mm:ss\" id=\"data_5636f1fa0dd31\" name=\"data_5636f1fa0dd31\" style=\"width: 160px;\" title=\"审批日期\" type=\"text\"></td>\r\n		</tr>\n<tr>\n<td style=\"height: 30px;\">审批结果</td>\r\n			<td colspan=\"3\" rowspan=\"1\"><select id=\"data_5636f21a74d24\" name=\"data_5636f21a74d24\" title=\"审批结果\"><option value=\"同意\">同意</option>\n<option value=\"不同意\">不同意</option></select></td>\r\n		</tr>\n<tr>\n<td style=\"height: 30px;\">教导处调课人</td>\r\n			<td><input class=\"v_text\" id=\"data_5636f2510dd31\" name=\"data_5636f2510dd31\" title=\"教导处调课人\" type=\"text\"></td>\r\n			<td>调课日期</td>\r\n			<td><input class=\"datetime\" defaultcurtime=\"false\" format=\"yyyy-MM-dd HH:mm:ss\" id=\"data_5636f25a0631f\" name=\"data_5636f25a0631f\" style=\"width: 160px;\" title=\"调课日期\" type=\"text\"></td>\r\n		</tr>\n</tbody></table>\n<br>\r\n </div>\r\n', null, null, null);
INSERT INTO `form_html` VALUES ('441f8aba-9d99-f166-8d14-144a52134ca8', '\n<style type=\"text/css\">#df tr {    border:3px solid red;}#df td {    border:3px solid red;}\r\n</style>\n<table align=\"center\" border=\"1\" bordercolor=\"#ccc\" cellpadding=\"5\" cellspacing=\"0\" id=\"df\" style=\"width: 850px; border-collapse: collapse;\">\n<caption>\n<span style=\"color: rgb(255, 0, 0);\"><span style=\"font-size: 18pt;\"><big><strong><span style=\"background-color: rgb(255, 255, 255);\">用车申请单</span></strong></big></span></span><br>\r\n	 </caption>\r\n	<tbody>\n<tr>\n<td style=\"white-space: nowrap;\"><font color=\"#ff0000\"><span style=\"font-size: 19px;\">申请人</span></font></td>\r\n			<td rowspan=\"1\"><img class=\"user\" id=\"data_561c93cbf05b4\" modify=\"false\" name=\"data_561c93cbf05b4\" src=\"/static/images/form/suseranddept.png\" title=\"申请人\"></td>\r\n			<td style=\"white-space: nowrap;\"><font color=\"#ff0000\"><span style=\"font-size: 19px;\">申请时间</span></font></td>\r\n			<td rowspan=\"1\">\r\n			<div class=\"input-prepend\" id=\"data_561c93cc0007d\" name=\"data_561c93cc0007d\" title=\"申请时间\"><input class=\"date\" format=\"yyyy-MM-dd\" id=\"data_561c93cc0007d\" name=\"data_561c93cc0007d\" title=\"申请时间\" type=\"text\"></div>\r\n			</td>\r\n		</tr>\n<tr>\n<td style=\"white-space: nowrap;\"><font color=\"#ff0000\"><span style=\"font-size: 19px;\">申请部门</span></font></td>\r\n			<td><img class=\"dept\" id=\"data_561c93cc03d86\" modify=\"false\" name=\"data_561c93cc03d86\" src=\"/static/images/form/suseranddept.png\" title=\"申请部门\"></td>\r\n			<td style=\"text-align: left; white-space: nowrap;\"><font color=\"#ff0000\"><span style=\"font-size: 19px;\">车型</span></font></td>\r\n			<td><input class=\"v_text\" id=\"data_561c93cc07a8f\" name=\"data_561c93cc07a8f\" title=\"车型\" type=\"text\" value=\"\"></td>\r\n		</tr>\n<tr>\n<td><font color=\"#ff0000\"><span style=\"font-size: 19px;\">用车时间</span></font></td>\r\n			<td>\r\n			<div class=\"input-prepend\" id=\"data_561c93cc0b798\" name=\"data_561c93cc0b798\" title=\"用车时间\">\r\n			<div class=\"input-prepend\" id=\"data_561c93cc0b798\" name=\"data_561c93cc0b798\" title=\"用车时间\"><input class=\"date\" format=\"yyyy-MM-dd\" id=\"data_561c93cc0b798\" name=\"data_561c93cc0b798\" title=\"用车时间\" type=\"text\"></div>\r\n			</div>\r\n			</td>\r\n			<td><font color=\"#ff0000\"><span style=\"font-size: 19px;\">结束时间</span></font></td>\r\n			<td>\r\n			<div class=\"input-prepend\" id=\"data_561c93cc0f4a1\" name=\"data_561c93cc0f4a1\" title=\"结束时间\">\r\n			<div class=\"input-prepend\" id=\"data_561c93cc0f4a1\" name=\"data_561c93cc0f4a1\" title=\"结束时间\"><input class=\"date\" format=\"yyyy-MM-dd\" id=\"data_561c93cc0f4a1\" name=\"data_561c93cc0f4a1\" title=\"结束时间\" type=\"text\"></div>\r\n			</div>\r\n			</td>\r\n		</tr>\n<tr>\n<td><font color=\"#ff0000\"><span style=\"font-size: 19px;\">目的地及路线</span></font></td>\r\n			<td colspan=\"3\" rowspan=\"1\">\r\n			<div class=\"input-prepend\" title=\"成文单位\"><textarea id=\"data_561c93cc131aa\" name=\"data_561c93cc131aa\" style=\"width: 600px; height: 50px;\" title=\"目的地及路线\"></textarea></div>\r\n			</td>\r\n		</tr>\n<tr>\n<td><font color=\"#ff0000\"><span style=\"font-size: 19px;\">申请事由</span></font></td>\r\n			<td colspan=\"3\" rowspan=\"1\">\r\n			<div class=\"input-prepend\" title=\"主送单位\"><textarea id=\"data_561c93cc16eb3\" name=\"data_561c93cc16eb3\" style=\"width: 600px; height: 50px;\" title=\"申请事由\"></textarea></div>\r\n			</td>\r\n		</tr>\n<tr>\n<td><font color=\"#ff0000\"><span style=\"font-size: 19px;\">部门主管意见</span></font></td>\r\n			<td colspan=\"3\" rowspan=\"1\">\r\n			<div class=\"input-prepend\" title=\"抄送单位\"><textarea id=\"data_561c93cc1abbc\" name=\"data_561c93cc1abbc\" style=\"width: 600px; height: 50px;\" title=\"部门主管意见\"></textarea></div>\r\n			</td>\r\n		</tr>\n<tr>\n<td><font color=\"#ff0000\"><span style=\"font-size: 19px;\">管理部门意见</span></font></td>\r\n			<td colspan=\"3\"><textarea id=\"data_561c93cc1e8c5\" name=\"data_561c93cc1e8c5\" style=\"width: 600px; height: 50px;\" title=\"管理部门意见\"></textarea></td>\r\n		</tr>\n<tr>\n<td><font color=\"#ff0000\"><span style=\"font-size: 19px;\">起始数</span></font></td>\r\n			<td colspan=\"3\" rowspan=\"1\"><font color=\"#ff0000\"><span style=\"font-size: 19px;\"><input class=\"v_text\" id=\"data_561c93cc225ce\" name=\"data_561c93cc225ce\" title=\"起始数\" type=\"text\" value=\"\">公里</span></font></td>\r\n		</tr>\n<tr>\n<td><font color=\"#ff0000\"><span style=\"font-size: 19px;\">归来时间</span></font></td>\r\n			<td>\r\n			<div class=\"input-prepend\" title=\"登记人\">\r\n			<div class=\"input-prepend\" id=\"data_561c93cc262d7\" name=\"data_561c93cc262d7\" title=\"归来时间\">\r\n			<div class=\"input-prepend\" id=\"data_561c93cc262d7\" name=\"data_561c93cc262d7\" title=\"归来时间\"><input class=\"date\" format=\"yyyy-MM-dd\" id=\"data_561c93cc262d7\" name=\"data_561c93cc262d7\" title=\"归来时间\" type=\"text\"></div>\r\n			</div>\r\n			</div>\r\n			</td>\r\n			<td><font color=\"#ff0000\"><span style=\"font-size: 19px;\">出车费用</span></font></td>\r\n			<td>\r\n			<div class=\"input-prepend\" title=\"登记日期\"><font color=\"#ff0000\"><span style=\"font-size: 19px;\"><input class=\"v_text\" id=\"data_561c93cc29fe0\" name=\"data_561c93cc29fe0\" title=\"出车费用\" type=\"text\" value=\"\">元</span></font></div>\r\n			</td>\r\n		</tr>\n<tr>\n<td><font color=\"#ff0000\"><span style=\"font-size: 19px;\">终止数</span></font></td>\r\n			<td>\r\n			<div class=\"input-prepend\" title=\"分发人\"><font color=\"#ff0000\"><span style=\"font-size: 19px;\"><input class=\"v_text\" id=\"data_561c93cc2dce9\" name=\"data_561c93cc2dce9\" title=\"终止数\" type=\"text\" value=\"\">公里</span></font></div>\r\n			</td>\r\n			<td><font color=\"#ff0000\"><span style=\"font-size: 19px;\">行驶里程</span></font></td>\r\n			<td>\r\n			<div class=\"input-prepend\" title=\"分发人\"><font color=\"#ff0000\"><span style=\"font-size: 19px;\"><input class=\"v_text\" id=\"data_561c93cc319f2\" name=\"data_561c93cc319f2\" title=\"行驶里程\" type=\"text\" value=\"\">公里</span></font></div>\r\n			</td>\r\n		</tr>\n</tbody>\n</table>\n', null, null, '#df tr {    border:3px solid red;}#df td {    border:3px solid red;}\r\n');
INSERT INTO `form_html` VALUES ('7bae1098-fcb2-bfb2-c9ea-319e28d32676', '<table align=\"center\" border=\"1\" cellpadding=\"1\" cellspacing=\"1\" style=\"width: 870px; height: 600px;\">\n<caption>\n<span style=\"font-size: 18pt;\"><span style=\"color: rgb(255, 0, 0);\">工作交办单</span></span><br>\r\n	 </caption>\r\n	<tbody>\n<tr>\n<td style=\"text-align: left; white-space: nowrap;\"><span style=\"color: rgb(255, 0, 0);\"><span style=\"font-size: 14pt;\">交办人</span></span></td>\r\n			<td>\r\n			<div class=\"input-prepend\" title=\"交办人\"><img class=\"user\" id=\"data_53293ae920cdb\" modify=\"false\" name=\"data_53293ae920cdb\" src=\"/static/images/form/suseranddept.png\" title=\"交办人\"></div>\r\n			</td>\r\n			<td style=\"text-align: left; white-space: nowrap;\"><span style=\"color: rgb(255, 0, 0);\"><span style=\"font-size: 14pt;\">承办人</span></span></td>\r\n			<td>\r\n			<div class=\"input-prepend\" title=\"承办人\"><img class=\"user\" id=\"data_53293af5ee2f0\" modify=\"false\" name=\"data_53293af5ee2f0\" src=\"/static/images/form/suseranddept.png\" title=\"承办人\"></div>\r\n			</td>\r\n		</tr>\n<tr>\n<td style=\"text-align: left; white-space: nowrap;\"><span style=\"color: rgb(255, 0, 0);\"><span style=\"font-size: 14pt;\">交办时间</span></span></td>\r\n			<td>\r\n			<div class=\"input-prepend\" title=\"交办时间\">\r\n			<div class=\"input-prepend\" title=\"交办时间\"><input class=\"date\" format=\"yyyy-MM-dd\" id=\"data_53293b0d00618\" name=\"data_53293b0d00618\" title=\"交办时间\" type=\"text\"></div>\r\n			</div>\r\n			</td>\r\n			<td style=\"text-align: left; white-space: nowrap;\"><span style=\"color: rgb(255, 0, 0);\"><span style=\"font-size: 14pt;\">要求完成时间</span></span></td>\r\n			<td>\r\n			<div class=\"input-prepend\" title=\"要求完成时间\">\r\n			<div class=\"input-prepend\" title=\"要求完成时间\"><input class=\"date\" format=\"yyyy-MM-dd\" id=\"data_53293b2323831\" name=\"data_53293b2323831\" title=\"要求完成时间\" type=\"text\"></div>\r\n			</div>\r\n			</td>\r\n		</tr>\n<tr>\n<td style=\"text-align: left; white-space: nowrap;\"><span style=\"color: rgb(255, 0, 0);\"><span style=\"font-size: 14pt;\">承办工作内容</span></span></td>\r\n			<td colspan=\"3\" rowspan=\"1\"><textarea id=\"data_53293b82bfd2d\" name=\"data_53293b82bfd2d\" style=\"height: 50px; width: 560px;\" title=\"承办工作内容\"></textarea></td>\r\n		</tr>\n<tr>\n<td style=\"text-align: left; white-space: nowrap;\"><span style=\"color: rgb(255, 0, 0);\"><span style=\"font-size: 14pt;\">承办人工作完成情况</span></span></td>\r\n			<td colspan=\"3\" rowspan=\"1\"><textarea id=\"data_53293bb856c0f\" name=\"data_53293bb856c0f\" style=\"height: 50px; width: 560px;\" title=\"承办人工作完成情况\"></textarea></td>\r\n		</tr>\n<tr>\n<td rowspan=\"2\"><span style=\"color: rgb(255, 0, 0);\"><span style=\"font-size: 14pt;\">交办人意见</span></span></td>\r\n			<td><label id=\"data_53293bfaaa451\" name=\"data_53293bfaaa451\" title=\"是否同意\"><input type=\"radio\" value=\"同意\"><input type=\"radio\" value=\"不同意\"></label></td>\r\n			<td><span style=\"color: rgb(255, 0, 0);\"><span style=\"font-size: 14pt;\">评分</span></span></td>\r\n			<td><input class=\"v_text\" id=\"data_53293c0797429\" name=\"data_53293c0797429\" title=\"评分\" type=\"text\" value=\"\"></td>\r\n		</tr>\n<tr>\n<td colspan=\"3\"><textarea id=\"data_53293c2127a17\" name=\"data_53293c2127a17\" style=\"height: 50px; width: 560px;\" title=\"交办人意见\"></textarea></td>\r\n		</tr>\n</tbody>\n</table>', null, null, null);
INSERT INTO `form_html` VALUES ('7d331417-cc18-9640-08ee-446e04c95b10', '\n<style type=\"text/css\">#df tr {\r\n    border:3px solid red;\r\n}\r\n#df td {\r\n    border:3px solid red;\r\n}\r\n</style>\n<table align=\"center\" border=\"1\" bordercolor=\"#ccc\" cellpadding=\"5\" cellspacing=\"0\" id=\"df\" style=\"width: 850px; border-collapse: collapse;\">\n<caption>\n<span style=\"color: rgb(255, 0, 0);\"><span style=\"font-size: 18pt;\"><big><strong><span style=\"background-color: rgb(255, 255, 255);\">用车申请单</span></strong></big></span></span><br>\r\n	 </caption>\r\n	<tbody>\n<tr>\n<td style=\"white-space: nowrap;\"><font color=\"#ff0000\"><span style=\"font-size: 19px;\">申请人</span></font></td>\r\n			<td rowspan=\"1\"><img class=\"user\" id=\"data_53293c7f81035\" modify=\"false\" name=\"data_53293c7f81035\" src=\"/static/images/form/suseranddept.png\" title=\"申请人\"></td>\r\n			<td style=\"white-space: nowrap;\"><font color=\"#ff0000\"><span style=\"font-size: 19px;\">申请时间</span></font></td>\r\n			<td rowspan=\"1\">\r\n			<div class=\"input-prepend\" title=\"申请时间\"><input class=\"date\" format=\"yyyy-MM-dd\" id=\"data_53293c86a2778\" name=\"data_53293c86a2778\" title=\"申请时间\" type=\"text\"></div>\r\n			</td>\r\n		</tr>\n<tr>\n<td style=\"white-space: nowrap;\"><font color=\"#ff0000\"><span style=\"font-size: 19px;\">申请部门</span></font></td>\r\n			<td><img class=\"dept\" id=\"data_53293c8e8c87e\" modify=\"false\" name=\"data_53293c8e8c87e\" src=\"/static/images/form/suseranddept.png\" title=\"申请部门\"></td>\r\n			<td style=\"text-align: left; white-space: nowrap;\"><font color=\"#ff0000\"><span style=\"font-size: 19px;\">车型</span></font></td>\r\n			<td><input class=\"v_text\" id=\"data_53293c97a676b\" name=\"data_53293c97a676b\" title=\"车型\" type=\"text\" value=\"\"></td>\r\n		</tr>\n<tr>\n<td><font color=\"#ff0000\"><span style=\"font-size: 19px;\">用车时间</span></font></td>\r\n			<td>\r\n			<div class=\"input-prepend\" title=\"用车时间\">\r\n			<div class=\"input-prepend\" title=\"用车时间\"><input class=\"date\" format=\"yyyy-MM-dd\" id=\"data_53293ca18f8e4\" name=\"data_53293ca18f8e4\" title=\"用车时间\" type=\"text\"></div>\r\n			</div>\r\n			</td>\r\n			<td><font color=\"#ff0000\"><span style=\"font-size: 19px;\">结束时间</span></font></td>\r\n			<td>\r\n			<div class=\"input-prepend\" title=\"结束时间\">\r\n			<div class=\"input-prepend\" title=\"结束时间\"><input class=\"date\" format=\"yyyy-MM-dd\" id=\"data_53293cab2421f\" name=\"data_53293cab2421f\" title=\"结束时间\" type=\"text\"></div>\r\n			</div>\r\n			</td>\r\n		</tr>\n<tr>\n<td><font color=\"#ff0000\"><span style=\"font-size: 19px;\">目的地及路线</span></font></td>\r\n			<td colspan=\"3\" rowspan=\"1\">\r\n			<div class=\"input-prepend\" title=\"成文单位\"><textarea id=\"data_53293cbc5fb57\" name=\"data_53293cbc5fb57\" style=\"height: 50px; width: 600px;\" title=\"目的地及路线\"></textarea></div>\r\n			</td>\r\n		</tr>\n<tr>\n<td><font color=\"#ff0000\"><span style=\"font-size: 19px;\">申请事由</span></font></td>\r\n			<td colspan=\"3\" rowspan=\"1\">\r\n			<div class=\"input-prepend\" title=\"主送单位\"><textarea id=\"data_53293cc96cc31\" name=\"data_53293cc96cc31\" style=\"height: 50px; width: 600px;\" title=\"申请事由\"></textarea></div>\r\n			</td>\r\n		</tr>\n<tr>\n<td><font color=\"#ff0000\"><span style=\"font-size: 19px;\">部门主管意见</span></font></td>\r\n			<td colspan=\"3\" rowspan=\"1\">\r\n			<div class=\"input-prepend\" title=\"抄送单位\"><textarea id=\"data_53293cd81baad\" name=\"data_53293cd81baad\" style=\"height: 50px; width: 600px;\" title=\"部门主管意见\"></textarea></div>\r\n			</td>\r\n		</tr>\n<tr>\n<td><font color=\"#ff0000\"><span style=\"font-size: 19px;\">管理部门意见</span></font></td>\r\n			<td colspan=\"3\"><textarea id=\"data_53293ce3299df\" name=\"data_53293ce3299df\" style=\"height: 50px; width: 600px;\" title=\"管理部门意见\"></textarea></td>\r\n		</tr>\n<tr>\n<td><font color=\"#ff0000\"><span style=\"font-size: 19px;\">起始数</span></font></td>\r\n			<td colspan=\"3\" rowspan=\"1\"><font color=\"#ff0000\"><span style=\"font-size: 19px;\"><input class=\"v_text\" id=\"data_53293cf75cf5e\" name=\"data_53293cf75cf5e\" title=\"起始数\" type=\"text\" value=\"\">公里</span></font></td>\r\n		</tr>\n<tr>\n<td><font color=\"#ff0000\"><span style=\"font-size: 19px;\">归来时间</span></font></td>\r\n			<td>\r\n			<div class=\"input-prepend\" title=\"登记人\">\r\n			<div class=\"input-prepend\" title=\"归来时间\">\r\n			<div class=\"input-prepend\" title=\"归来时间\"><input class=\"date\" format=\"yyyy-MM-dd\" id=\"data_53293d00e2889\" name=\"data_53293d00e2889\" title=\"归来时间\" type=\"text\"></div>\r\n			</div>\r\n			</div>\r\n			</td>\r\n			<td><font color=\"#ff0000\"><span style=\"font-size: 19px;\">出车费用</span></font></td>\r\n			<td>\r\n			<div class=\"input-prepend\" title=\"登记日期\"><font color=\"#ff0000\"><span style=\"font-size: 19px;\"><input class=\"v_text\" id=\"data_53293d091a1cc\" name=\"data_53293d091a1cc\" title=\"出车费用\" type=\"text\" value=\"\">元</span></font></div>\r\n			</td>\r\n		</tr>\n<tr>\n<td><font color=\"#ff0000\"><span style=\"font-size: 19px;\">终止数</span></font></td>\r\n			<td>\r\n			<div class=\"input-prepend\" title=\"分发人\"><font color=\"#ff0000\"><span style=\"font-size: 19px;\"><input class=\"v_text\" id=\"data_53293d13747e0\" name=\"data_53293d13747e0\" title=\"终止数\" type=\"text\" value=\"\">公里</span></font></div>\r\n			</td>\r\n			<td><font color=\"#ff0000\"><span style=\"font-size: 19px;\">行驶里程</span></font></td>\r\n			<td>\r\n			<div class=\"input-prepend\" title=\"分发人\"><font color=\"#ff0000\"><span style=\"font-size: 19px;\"><input class=\"v_text\" id=\"data_53293d2224875\" name=\"data_53293d2224875\" title=\"行驶里程\" type=\"text\" value=\"\">公里</span></font></div>\r\n			</td>\r\n		</tr>\n</tbody>\n</table>\n', null, null, '#df tr {\r\n    border:3px solid red;\r\n}\r\n#df td {\r\n    border:3px solid red;\r\n}\r\n');
INSERT INTO `form_html` VALUES ('9a0cef49-8ce9-5701-1743-831d7515ddec', '\n<style type=\"text/css\">table tr td {\r\n        white-space: nowrap; \r\n        text-align: left;\r\n    }\r\n</style>\n<table align=\"center\" border=\"1\" cellpadding=\"1\" cellspacing=\"1\" style=\"width: 870px; height: 600px;\">\n<caption>\n<span style=\"font-size: 18pt;\">办公用品申领表</span><br>\r\n	 </caption>\r\n	<tbody>\n<tr>\n<td style=\"text-align: left; white-space: nowrap;\"><span style=\"font-size: 14pt;\">申请人</span></td>\r\n			<td>\r\n			<div class=\"input-prepend\" title=\"申请人\"><img class=\"macro\" id=\"data_53293d9b72f19\" name=\"data_53293d9b72f19\" src=\"/static/images/form/macro.png\" title=\"申请人\" value=\"userName\"></div>\r\n			</td>\r\n			<td style=\"text-align: left; white-space: nowrap;\"><span style=\"font-size: 14pt;\">申请日期</span></td>\r\n			<td>\r\n			<div class=\"input-prepend\" title=\"申请日期\"><img class=\"macro\" id=\"data_53293da78bae4\" name=\"data_53293da78bae4\" src=\"/static/images/form/macro.png\" title=\"申请日期\" value=\"date\"></div>\r\n			</td>\r\n		</tr>\n<tr>\n<td style=\"text-align: left; white-space: nowrap;\"><span style=\"font-size: 14pt;\">部门</span></td>\r\n			<td>\r\n			<div class=\"input-prepend\" title=\"所在部门\"><img class=\"macro\" id=\"data_53293db026ae7\" name=\"data_53293db026ae7\" src=\"/static/images/form/macro.png\" title=\"部门\" value=\"deptName\"></div>\r\n			</td>\r\n			<td style=\"text-align: left; white-space: nowrap;\"><span style=\"font-size: 14pt;\">部门负责人</span></td>\r\n			<td>\r\n			<div class=\"input-prepend\" title=\"部门负责人\"><img class=\"user\" id=\"data_53293dbab431a\" modify=\"false\" name=\"data_53293dbab431a\" src=\"/static/images/form/suseranddept.png\" title=\"部门负责人\"></div>\r\n			</td>\r\n		</tr>\n<tr>\n<td><span style=\"font-size: 14pt;\">申请物品</span></td>\r\n			<td colspan=\"3\" rowspan=\"1\"><img class=\"listview\" data-type=\"listview\" id=\"data_532935f1ba42e\" name=\"data_532935f1ba42e\" src=\"/static/images/form/listview.png\" title=\"申领物品\"></td>\r\n		</tr>\n<tr>\n<td><span style=\"font-size: 14pt;\">申领说明</span></td>\r\n			<td colspan=\"3\" rowspan=\"1\"><textarea id=\"data_53293dc956b67\" name=\"data_53293dc956b67\" style=\"height: 50px; width: 600px;\" title=\"申领说明\"></textarea></td>\r\n		</tr>\n<tr>\n<td><span style=\"font-size: 14pt;\">部门领导审批</span></td>\r\n			<td>\r\n			<div class=\"input-prepend\" title=\"部门领导审批\"><img class=\"user\" id=\"data_53293eb653852\" modify=\"false\" name=\"data_53293eb653852\" src=\"/static/images/form/suseranddept.png\" title=\"部门领导审批\"></div>\r\n			</td>\r\n			<td><span style=\"font-size: 14pt;\">审批日期</span></td>\r\n			<td>\r\n			<div class=\"input-prepend\" title=\"审批日期\"><img class=\"macro\" id=\"data_53293de08aa1d\" name=\"data_53293de08aa1d\" src=\"/static/images/form/macro.png\" title=\"审批日期\" value=\"date\"></div>\r\n			</td>\r\n		</tr>\n<tr>\n<td><span style=\"font-size: 14pt;\">审批结果</span></td>\r\n			<td colspan=\"3\" rowspan=\"1\"><label id=\"data_53293e6943f1e\" name=\"data_53293e6943f1e\" title=\"审批结果1\"><input type=\"radio\" value=\"通过\"><input type=\"radio\" value=\"不通过\"></label></td>\r\n		</tr>\n<tr>\n<td><span style=\"font-size: 14pt;\">审批建议</span></td>\r\n			<td colspan=\"3\" rowspan=\"1\"><textarea id=\"data_53293dec6046b\" name=\"data_53293dec6046b\" style=\"height: 50px; width: 600px;\" title=\"审批建议\"></textarea></td>\r\n		</tr>\n<tr>\n<td><span style=\"font-size: 14pt;\">行政部负责人审批</span></td>\r\n			<td>\r\n			<div class=\"input-prepend\" title=\"行政部负责人审批\"><img class=\"user\" id=\"data_53293ec173699\" modify=\"false\" name=\"data_53293ec173699\" src=\"/static/images/form/suseranddept.png\" title=\"行政部负责人审批\"></div>\r\n			</td>\r\n			<td><span style=\"font-size: 14pt;\">审批日期</span></td>\r\n			<td>\r\n			<div class=\"input-prepend\" title=\"审批日期\"><img class=\"macro\" id=\"data_53293e0b6834b\" name=\"data_53293e0b6834b\" src=\"/static/images/form/macro.png\" title=\"行政审批日期\" value=\"date\"></div>\r\n			</td>\r\n		</tr>\n<tr>\n<td><span style=\"font-size: 14pt;\">审批结果</span></td>\r\n			<td colspan=\"3\" rowspan=\"1\"><label id=\"data_53293e98d9793\" name=\"data_53293e98d9793\" title=\"审批结果2\"><input type=\"radio\" value=\"通过\"><input type=\"radio\" value=\"不通过\"></label></td>\r\n		</tr>\n<tr>\n<td><span style=\"font-size: 14pt;\">审批建议</span></td>\r\n			<td colspan=\"3\" rowspan=\"1\"><textarea id=\"data_53293e1d04916\" name=\"data_53293e1d04916\" style=\"height: 50px; width: 600px;\" title=\"审批建议2\"></textarea></td>\r\n		</tr>\n<tr>\n<td><span style=\"font-size: 14pt;\">仓库办结情况</span></td>\r\n			<td colspan=\"3\" rowspan=\"1\"><textarea id=\"data_53293e2f0c111\" name=\"data_53293e2f0c111\" style=\"height: 50px; width: 600px;\" title=\"仓库办结情况\"></textarea></td>\r\n		</tr>\n</tbody>\n</table>\n', null, null, 'table tr td {\r\n        white-space: nowrap; \r\n        text-align: left;\r\n    }\r\n');
INSERT INTO `form_html` VALUES ('9a6af98f-5c2a-402c-03a8-e5b878263f9d', '<body>\n<div style=\"text-align: center;\">\n<span style=\"font-size: 24pt;\"><span style=\"font-family: 宋体;\">教师培训心得体会</span></span>\r\n<table align=\"center\" border=\"1\" cellpadding=\"0\" cellspacing=\"0\" style=\"width: 650px;\"><tbody>\n<tr>\n<td style=\"width: 100px; height: 30px;\"><span style=\"font-size: 14pt;\">姓名</span></td>\r\n			<td style=\"width: 150px;\"><input class=\"v_text\" id=\"data_5636d5c1dbd17\" name=\"data_5636d5c1dbd17\" title=\"姓名\" type=\"text\"></td>\r\n			<td style=\"width: 100px;\"><span style=\"font-size: 14pt;\">时间</span></td>\r\n			<td><input class=\"date\" defaultcurtime=\"false\" format=\"yyyy-MM-dd\" id=\"data_5636d5d55deee\" name=\"data_5636d5d55deee\" style=\"width: 160px;\" title=\"时间\" type=\"text\"></td>\r\n		</tr>\n<tr>\n<td style=\"height: 30px;\"><span style=\"font-size: 14pt;\">主题</span></td>\r\n			<td colspan=\"3\"><input class=\"v_text\" id=\"data_5636d60887e51\" name=\"data_5636d60887e51\" style=\"width: 500px;\" title=\"主题\" type=\"text\"></td>\r\n		</tr>\n<tr>\n<td style=\"height: 300px;\"><span style=\"font-size: 14pt;\">心得体会</span></td>\r\n			<td colspan=\"3\"><textarea id=\"data_5636d624c8bea\" name=\"data_5636d624c8bea\" style=\"width: 550px; height: 280px;\" title=\"心得体会\"></textarea></td>\r\n		</tr>\n<tr>\n<td colspan=\"4\" style=\"text-align: left;\"><span style=\"font-size: 14pt;\">说明:<span style=\"margin: 0px; padding: 0px;\">请及时把每次培训的心得体会提交到上。</span></span></td>\r\n		</tr>\n</tbody></table>\n<br>\r\n </div>\r\n</body>', null, null, null);
INSERT INTO `form_html` VALUES ('aa9e990d-9f38-14d2-9d22-3654ab45cafe', '\n<style type=\"text/css\">#st{  border-collapse:collapse;  border-spacing:0;  border-top:1px solid #FF0000;}#st tr,#st td{      border:1px solid red;  border-top:none;}.text-span {  font-family:宋体;color:#FF0000;}#df tr{      border-top:1px solid red;}#df .left-border{      border-left:1px solid red;}.text_li {	  float: left;	  line-height: 44px;	  height: 44px;}\r\n</style>\n<table cellpadding=\"0\" cellspacing=\"0\" id=\"st\" style=\"width: 350px; margin-right: 136px; margin-bottom: 10px; float: right; border-collapse: collapse;\"><tbody>\n<tr>\n<td style=\"text-align: center; white-space: nowrap;\"><span class=\"text-span\">全宗号</span></td>\r\n			<td><input class=\"v_text\" id=\"data_534d4c7122378\" name=\"data_534d4c7122378\" style=\"width: 60px;\" title=\"全宗号\" type=\"text\" value=\"\"></td>\r\n			<td style=\"text-align: center; vertical-align: middle; white-space: nowrap;\"><span class=\"text-span\">年   度</span></td>\r\n			<td><input class=\"v_text\" id=\"data_534d4c7123aea\" name=\"data_534d4c7123aea\" style=\"width: 60px;\" title=\"年度\" type=\"text\" value=\"\"></td>\r\n		</tr>\n<tr>\n<td style=\"text-align: center; white-space: nowrap;\"><span class=\"text-span\">保管期限</span></td>\r\n			<td><select id=\"data_534d4c712afd0\" name=\"data_534d4c712afd0\" style=\"width: 74px;\" title=\"保管期限\"><option value=\"10年\">10年</option>\n<option value=\"30年\">30年</option>\n<option value=\"永久\">永久</option></select></td>\r\n			<td style=\"text-align: center; vertical-align: middle; white-space: nowrap;\"><span class=\"text-span\">页   数</span></td>\r\n			<td><input class=\"v_text\" id=\"data_534d4c7125253\" name=\"data_534d4c7125253\" style=\"width: 60px;\" title=\"页数\" type=\"text\" value=\"\"></td>\r\n		</tr>\n<tr>\n<td style=\"text-align: center;\"><span class=\"text-span\">室编件号</span></td>\r\n			<td style=\"width: 60px;\"><input class=\"v_text\" id=\"data_534d4c71280c0\" name=\"data_534d4c71280c0\" style=\"width: 60px;\" title=\"室编件号\" type=\"text\" value=\"\"></td>\r\n			<td style=\"text-align: center; white-space: nowrap;\"><span class=\"text-span\">馆编件号</span></td>\r\n			<td><input class=\"v_text\" id=\"data_534d4c712695f\" name=\"data_534d4c712695f\" style=\"width: 60px;\" title=\"馆编件号\" type=\"text\" value=\"\"></td>\r\n		</tr>\n<tr>\n<td colspan=\"2\" style=\"text-align: center; white-space: nowrap;\"><span class=\"text-span\">机构或问题</span></td>\r\n			<td colspan=\"2\"><input class=\"v_text\" id=\"data_534d4c7129856\" name=\"data_534d4c7129856\" style=\"width: 120px;\" title=\"机构或问题\" type=\"text\" value=\"\"></td>\r\n		</tr>\n</tbody></table>\r\n \r\n\r\n<table align=\"center\" cellpadding=\"5\" cellspacing=\"0\" id=\"df\" style=\"width: 850px; border-collapse: collapse;\">\n<caption>\r\n	<div style=\"text-align: center;\">  <font color=\"#ff0000\"><span style=\"font-size: 29px;\"><b>X X X X X X  发  文  稿  纸</b></span></font><br>\r\n	 </div>\r\n	</caption>\r\n	<tbody>\n<tr>\n<td colspan=\"6\" style=\"white-space: nowrap;\">\n<select id=\"data_534d4c712c79a\" name=\"data_534d4c712c79a\" style=\"width: 56px;\" title=\"发文代字\"><option selected value=\"\"> </option>\n<option value=\"字\">字</option>\n<option value=\"函\">函</option></select><span style=\"color: rgb(255, 0, 0);\">〔</span><input class=\"v_text\" id=\"data_534d4c712df23\" name=\"data_534d4c712df23\" style=\"width: 30px;\" title=\"年份\" type=\"text\" value=\"\"><span style=\"color: rgb(255, 0, 0);\">〕</span><input class=\"v_text\" id=\"data_534d4c712f5ff\" name=\"data_534d4c712f5ff\" style=\"width: 40px;\" title=\"号\" type=\"text\" value=\"\"><span style=\"color: rgb(255, 0, 0);\">号<img class=\"tcount\" id=\"data_534d4c713b199\" name=\"data_534d4c713b199\" relations=\'{\"data_534d4c712c79a\":\"PLACEHOLDER\",\"data_534d4c712df23\":\"YEAR_FULL\",\"data_534d4c712f5ff\":\"DIGIT\"}\' rule_id=\"1\" src=\"/static/images/form/tcount.png\" title=\"编号\"></span>\n</td>\r\n			<td class=\"left-border\" style=\"width: 60px;\"><span style=\"color: rgb(255, 0, 0);\"><span class=\"text-span\" style=\"font-size: 14pt;\">密级</span></span></td>\r\n			<td colspan=\"2\"><select id=\"data_534d4c7130e0f\" name=\"data_534d4c7130e0f\" title=\"密级\"><option selected value=\"普通\">普通</option>\n<option value=\"秘密\">秘密</option>\n<option value=\"机密\">机密</option>\n<option value=\"绝密\">绝密</option></select></td>\r\n			<td class=\"left-border\" style=\"white-space: nowrap;\"><span style=\"color: rgb(255, 0, 0);\"><span class=\"text-span\" style=\"font-size: 14pt;\">保密期限</span></span></td>\r\n			<td colspan=\"2\" style=\"white-space: nowrap;\"><select id=\"data_534d4c7132510\" name=\"data_534d4c7132510\" title=\"保密期限\"><option selected value=\"无限期\">无限期</option>\n<option value=\"1天\">1天</option>\n<option value=\"3天\">3天</option></select></td>\r\n		</tr>\n<tr>\n<td><font color=\"#ff0000\"><span class=\"text-span\" style=\"font-size: 19px;\">缓急</span></font></td>\r\n			<td colspan=\"5\"><select id=\"data_534d4c7133cf8\" name=\"data_534d4c7133cf8\" title=\"缓急\"><option selected value=\"\"> </option>\n<option value=\"缓\">缓</option>\n<option value=\"急\">急</option>\n<option value=\"特急\">特急</option></select></td>\r\n			<td class=\"left-border\" style=\"width: 70px; white-space: nowrap;\"><font color=\"#ff0000\"><span class=\"text-span\" style=\"font-size: 19px;\">定密依据</span></font></td>\r\n			<td colspan=\"5\"><input class=\"v_text\" id=\"data_534d4c713c928\" name=\"data_534d4c713c928\" title=\"定密依据\" type=\"text\" value=\"\"></td>\r\n		</tr>\n<tr>\n<td><span style=\"color: rgb(255, 0, 0);\"><span class=\"text-span\" style=\"font-size: 14pt;\">签发：</span></span></td>\r\n			<td colspan=\"5\" style=\"white-space: nowrap;\">\r\n			<div class=\"input-prepend\" id=\"data_534d4c7112138\" name=\"data_534d4c7112138\" title=\"签发\"><img class=\"user\" id=\"data_534d4c7112138\" modify=\"false\" name=\"data_534d4c7112138\" src=\"/static/images/form/suseranddept.png\" title=\"签发\"></div>\r\n			</td>\r\n			<td class=\"left-border\"><span style=\"color: rgb(255, 0, 0);\"><span class=\"text-span\" style=\"font-size: 14pt;\">会签：</span></span></td>\r\n			<td colspan=\"5\">\r\n			<div class=\"input-prepend\" id=\"data_534d4c71109dd\" name=\"data_534d4c71109dd\" title=\"会签\"><img class=\"user\" id=\"data_534d4c71109dd\" modify=\"false\" name=\"data_534d4c71109dd\" src=\"/static/images/form/suseranddept.png\" title=\"会签\"></div>\r\n			</td>\r\n		</tr>\n<tr>\n<td style=\"text-align: left; vertical-align: middle; white-space: nowrap;\"><font color=\"#ff0000\"><span class=\"text-span\" style=\"font-size: 19px;\">主办处室<br>\r\n			负 责 人</span></font></td>\r\n			<td colspan=\"3\" style=\"white-space: nowrap;\">\r\n			<div class=\"input-prepend\" id=\"data_534d4c7115046\" name=\"data_534d4c7115046\" title=\"主办处室负责人\"><img class=\"user\" id=\"data_534d4c7115046\" modify=\"false\" name=\"data_534d4c7115046\" src=\"/static/images/form/suseranddept.png\" title=\"主办处室负责人\"></div>\r\n			</td>\r\n			<td class=\"left-border\" style=\"width: 40px; white-space: nowrap;\"><font color=\"#ff0000\"><span class=\"text-span\" style=\"font-size: 19px;\">委 内<br>\r\n			会 签</span></font></td>\r\n			<td colspan=\"3\" style=\"width: 80px; white-space: nowrap;\">\r\n			<div class=\"input-prepend\" id=\"data_534d4c71167c1\" name=\"data_534d4c71167c1\" title=\"委内会签\"><img class=\"user\" id=\"data_534d4c71167c1\" modify=\"false\" name=\"data_534d4c71167c1\" src=\"/static/images/form/suseranddept.png\" title=\"委内会签\"></div>\r\n			</td>\r\n			<td class=\"left-border\" style=\"width: 60px; text-align: center; vertical-align: middle; white-space: nowrap;\"><span class=\"text-span\" style=\"font-size: 19px;\">办公室<br>\r\n			审  核</span></td>\r\n			<td colspan=\"3\">\r\n			<div class=\"input-prepend\" id=\"data_534d4c7117f0c\" name=\"data_534d4c7117f0c\" title=\"办公室审核\"><img class=\"user\" id=\"data_534d4c7117f0c\" modify=\"false\" name=\"data_534d4c7117f0c\" src=\"/static/images/form/suseranddept.png\" title=\"办公室审核\"></div>\r\n			</td>\r\n		</tr>\n<tr>\n<td><span style=\"color: rgb(255, 0, 0);\"><span class=\"text-span\" style=\"font-size: 14pt;\">主送：</span></span></td>\r\n			<td colspan=\"11\" rowspan=\"1\">\r\n			<div class=\"input-prepend\" title=\"主送单位\"><img class=\"dept\" id=\"data_534d4c710aa62\" modify=\"false\" name=\"data_534d4c710aa62\" src=\"/static/images/form/suseranddept.png\" title=\"主送\"></div>\r\n			</td>\r\n		</tr>\n<tr>\n<td><span style=\"color: rgb(255, 0, 0);\"><span class=\"text-span\" style=\"font-size: 14pt;\">抄送：</span></span></td>\r\n			<td colspan=\"11\" rowspan=\"1\">\r\n			<div class=\"input-prepend\" title=\"抄送单位\"><img class=\"dept\" id=\"data_534d4c710f274\" modify=\"false\" name=\"data_534d4c710f274\" src=\"/static/images/form/suseranddept.png\" title=\"抄送\"></div>\r\n			</td>\r\n		</tr>\n<tr>\n<td><font color=\"#ff0000\"><span class=\"text-span\" style=\"font-size: 19px;\">拟稿单位</span></font></td>\r\n			<td colspan=\"3\"><img class=\"dept\" id=\"data_534d4c71196d0\" modify=\"false\" name=\"data_534d4c71196d0\" src=\"/static/images/form/suseranddept.png\" title=\"拟稿单位\"></td>\r\n			<td class=\"left-border\"><font color=\"#ff0000\"><span class=\"text-span\" style=\"font-size: 19px;\">拟稿</span></font></td>\r\n			<td colspan=\"3\" style=\"white-space: nowrap;\"><img class=\"user\" id=\"data_534d4c711ae33\" modify=\"false\" name=\"data_534d4c711ae33\" src=\"/static/images/form/suseranddept.png\" title=\"拟稿\"></td>\r\n			<td class=\"left-border\"><font color=\"#ff0000\"><span class=\"text-span\" style=\"font-size: 19px;\">核稿</span></font></td>\r\n			<td colspan=\"3\"><img class=\"user\" id=\"data_534d4c711c547\" modify=\"false\" name=\"data_534d4c711c547\" src=\"/static/images/form/suseranddept.png\" title=\"核稿\"></td>\r\n		</tr>\n<tr>\n<td><font color=\"#ff0000\"><span class=\"text-span\" style=\"font-size: 19px;\">印   制</span></font></td>\r\n			<td colspan=\"3\"><img class=\"user\" id=\"data_534d4c711dcaa\" modify=\"false\" name=\"data_534d4c711dcaa\" src=\"/static/images/form/suseranddept.png\" title=\"印制\"></td>\r\n			<td class=\"left-border\"><font color=\"#ff0000\"><span class=\"text-span\" style=\"font-size: 19px;\">校对</span></font></td>\r\n			<td colspan=\"3\" style=\"white-space: nowrap;\"><img class=\"user\" id=\"data_534d4c711f41d\" modify=\"false\" name=\"data_534d4c711f41d\" src=\"/static/images/form/suseranddept.png\" title=\"校对\"></td>\r\n			<td class=\"left-border\"><font color=\"#ff0000\"><span class=\"text-span\" style=\"font-size: 19px;\">份数</span></font></td>\r\n			<td colspan=\"3\"><input class=\"v_text\" id=\"data_534d4c7120b8d\" name=\"data_534d4c7120b8d\" title=\"份数\" type=\"text\" value=\"\"></td>\r\n		</tr>\n<tr>\n<td><font color=\"#ff0000\"><span class=\"text-span\" style=\"font-size: 19px;\">附件：</span></font></td>\r\n			<td colspan=\"11\" rowspan=\"1\">\n<input class=\"v_text\" id=\"data_534d4c71353ec\" name=\"data_534d4c71353ec\" size=\"100\" style=\"width: 680px;\" title=\"附件\" type=\"text\" value=\"\">​</td>\r\n		</tr>\n<tr>\n<td style=\"white-space: nowrap;\"><span class=\"text-span\" style=\"color: rgb(255, 0, 0); font-size: 14pt;\">主题词：</span></td>\r\n			<td colspan=\"11\" rowspan=\"1\"><input class=\"v_text\" id=\"data_534d4c7136bc2\" name=\"data_534d4c7136bc2\" size=\"100\" style=\"width: 680px;\" title=\"主题词\" type=\"text\" value=\"\"></td>\r\n		</tr>\n<tr>\n<td style=\"white-space: nowrap;\"><span class=\"text-span\" style=\"color: rgb(255, 0, 0); font-size: 14pt;\">标题：</span></td>\r\n			<td colspan=\"11\" rowspan=\"1\">​<input class=\"v_text\" id=\"data_534d4c7138343\" name=\"data_534d4c7138343\" size=\"100\" style=\"width: 680px;\" title=\"标题\" type=\"text\" value=\"\">\n</td>\r\n		</tr>\n<tr>\n<td><font color=\"#ff0000\"><span class=\"text-span\" style=\"font-size: 19px;\">联系人：</span></font></td>\r\n			<td colspan=\"5\">\r\n			<div class=\"input-prepend\" id=\"data_534d4c711385a\" name=\"data_534d4c711385a\" title=\"联系人\"><img class=\"user\" id=\"data_534d4c711385a\" modify=\"false\" name=\"data_534d4c711385a\" src=\"/static/images/form/suseranddept.png\" title=\"联系人\"></div>\r\n			</td>\r\n			<td style=\"white-space: nowrap;\"><font color=\"#ff0000\"><span class=\"text-span\" style=\"font-size: 19px;\">联系电话：</span></font></td>\r\n			<td colspan=\"5\">\r\n			<div id=\"data_534d4c7139abe\" name=\"data_534d4c7139abe\" title=\"联系电话\"><input class=\"v_text\" id=\"data_534d4c7139abe\" name=\"data_534d4c7139abe\" title=\"联系电话\" type=\"text\" value=\"\"></div>\r\n			</td>\r\n		</tr>\n</tbody>\n</table>\n', null, null, '#st{  border-collapse:collapse;  border-spacing:0;  border-top:1px solid #FF0000;}#st tr,#st td{      border:1px solid red;  border-top:none;}.text-span {  font-family:宋体;color:#FF0000;}#df tr{      border-top:1px solid red;}#df .left-border{      border-left:1px solid red;}.text_li {	  float: left;	  line-height: 44px;	  height: 44px;}\r\n');
INSERT INTO `form_html` VALUES ('b266bb81-4a83-f375-cfe3-1925e02fa215', '\n<style type=\"text/css\">#df tr {\r\n    border:3px solid red;\r\n}\r\n#df td {\r\n    border:3px solid red;\r\n}\r\n</style>\n<table align=\"center\" border=\"1\" bordercolor=\"#ccc\" cellpadding=\"5\" cellspacing=\"0\" id=\"df\" style=\"width: 850px; border-collapse: collapse;\">\n<caption>\n<span style=\"color: rgb(255, 0, 0);\"><span style=\"font-size: 18pt;\"><big><strong><span style=\"background-color: rgb(255, 255, 255);\">复印申请单</span></strong></big></span></span><br>\r\n	 </caption>\r\n	<tbody>\n<tr>\n<td style=\"white-space: nowrap;\"><font color=\"#ff0000\"><span style=\"font-size: 19px;\">申请人</span></font></td>\r\n			<td rowspan=\"1\"><img class=\"macro\" id=\"data_53293f0d48541\" name=\"data_53293f0d48541\" src=\"/static/images/form/macro.png\" title=\"申请人\" value=\"userName\"></td>\r\n			<td style=\"white-space: nowrap;\"><font color=\"#ff0000\"><span style=\"font-size: 19px;\">申请时间</span></font></td>\r\n			<td rowspan=\"1\">\r\n			<div class=\"input-prepend\" title=\"申请时间\"><img class=\"macro\" id=\"data_53293f13dd598\" name=\"data_53293f13dd598\" src=\"/static/images/form/macro.png\" title=\"申请时间\" value=\"date\"></div>\r\n			</td>\r\n		</tr>\n<tr>\n<td style=\"white-space: nowrap;\"><font color=\"#ff0000\"><span style=\"font-size: 19px;\">申请部门</span></font></td>\r\n			<td><img class=\"macro\" id=\"data_53293f1ea25f5\" name=\"data_53293f1ea25f5\" src=\"/static/images/form/macro.png\" title=\"申请部门\" value=\"deptName\"></td>\r\n			<td style=\"text-align: left; white-space: nowrap;\"><font color=\"#ff0000\"><span style=\"font-size: 19px;\">纸型</span></font></td>\r\n			<td><input class=\"v_text\" id=\"data_53293f27d8b5a\" name=\"data_53293f27d8b5a\" title=\"纸型\" type=\"text\" value=\"\"></td>\r\n		</tr>\n<tr>\n<td><font color=\"#ff0000\"><span style=\"font-size: 19px;\">文件页数</span></font></td>\r\n			<td>\r\n			<div class=\"input-prepend\" title=\"用车时间\"><input class=\"v_text\" id=\"data_53293f3307546\" name=\"data_53293f3307546\" title=\"文件页数\" type=\"text\" value=\"\"></div>\r\n			</td>\r\n			<td><font color=\"#ff0000\"><span style=\"font-size: 19px;\">复印份数</span></font></td>\r\n			<td>\r\n			<div class=\"input-prepend\" title=\"结束时间\"><input class=\"v_text\" id=\"data_53293f4293131\" name=\"data_53293f4293131\" title=\"复印份数\" type=\"text\" value=\"\"></div>\r\n			</td>\r\n		</tr>\n<tr>\n<td><font color=\"#ff0000\"><span style=\"font-size: 19px;\">文件名称</span></font></td>\r\n			<td colspan=\"3\" rowspan=\"1\">\r\n			<div class=\"input-prepend\" title=\"成文单位\"><input class=\"v_text\" id=\"data_53293f65e15b6\" name=\"data_53293f65e15b6\" style=\"width: 600px;\" title=\"文件名称\" type=\"text\" value=\"\"></div>\r\n			</td>\r\n		</tr>\n<tr>\n<td><font color=\"#ff0000\"><span style=\"font-size: 19px;\">总计页数</span></font></td>\r\n			<td colspan=\"3\" rowspan=\"1\">\r\n			<div class=\"input-prepend\" title=\"主送单位\"><input class=\"v_text\" id=\"data_53293f76e24c5\" name=\"data_53293f76e24c5\" title=\"总计页数\" type=\"text\" value=\"\"></div>\r\n			</td>\r\n		</tr>\n<tr>\n<td><font color=\"#ff0000\"><span style=\"font-size: 19px;\">打印室意见</span></font></td>\r\n			<td colspan=\"3\" rowspan=\"1\">\r\n			<div class=\"input-prepend\" title=\"抄送单位\"><textarea id=\"data_53293f7e6fd8f\" name=\"data_53293f7e6fd8f\" title=\"打印室意见\"></textarea></div>\r\n			</td>\r\n		</tr>\n</tbody>\n</table>\n', null, null, '#df tr {\r\n    border:3px solid red;\r\n}\r\n#df td {\r\n    border:3px solid red;\r\n}\r\n');
INSERT INTO `form_html` VALUES ('d8ccc041-15ef-bc5e-6f40-b755a1492ced', '\n<div style=\"text-align: center;\">\n<span style=\"font-family: 宋体;\"><span style=\"font-size: 18pt;\">设备购置单</span></span>\r\n<table align=\"center\" border=\"1\" cellpadding=\"0\" cellspacing=\"0\" style=\"width: 600px;\"><tbody>\n<tr>\n<td style=\"width: 100px; height: 30px;\">申请人</td>\r\n			<td style=\"width: 200px;\"><input class=\"v_text\" id=\"data_56371a0caa3a2\" name=\"data_56371a0caa3a2\" title=\"申请人\" type=\"text\"></td>\r\n			<td style=\"width: 100px;\">部门</td>\r\n			<td style=\"width: 200px;\"><input class=\"v_text\" id=\"data_56371a12c11d8\" name=\"data_56371a12c11d8\" title=\"申请部门\" type=\"text\"></td>\r\n		</tr>\n<tr>\n<td style=\"height: 30px;\">申请时间</td>\r\n			<td><input class=\"datetime\" defaultcurtime=\"false\" format=\"yyyy-MM-dd HH:mm:ss\" id=\"data_56371a8b0dd31\" name=\"data_56371a8b0dd31\" style=\"width: 160px;\" title=\"申请时间\" type=\"text\"></td>\r\n			<td>设备名称</td>\r\n			<td><input class=\"v_text\" id=\"data_56371ab0d05fc\" name=\"data_56371ab0d05fc\" title=\"设备名称\" type=\"text\"></td>\r\n		</tr>\n<tr>\n<td style=\"height: 30px;\">预计金额</td>\r\n			<td colspan=\"3\" style=\"width: 500px; text-align: left;\"><input class=\"v_text\" id=\"data_56371abae3729\" name=\"data_56371abae3729\" size=\"1\" style=\"width: 209px; height: 22px;\" title=\"预计金额\" type=\"text\"></td>\r\n		</tr>\n<tr>\n<td style=\"height: 90px;\">申请理由<br>\r\n			设备明细</td>\r\n			<td colspan=\"3\"><textarea id=\"data_56371b164eaca\" name=\"data_56371b164eaca\" style=\"width: 500px; height: 90px;\" title=\"申请理由\"></textarea></td>\r\n		</tr>\n<tr>\n<td style=\"height: 90px;\">负责人意见</td>\r\n			<td colspan=\"3\"><textarea id=\"data_56371b4bd4305\" name=\"data_56371b4bd4305\" style=\"width: 500px; height: 90px;\" title=\"负责人意见\"></textarea></td>\r\n		</tr>\n<tr>\n<td style=\"height: 90px;\">主任意见</td>\r\n			<td colspan=\"3\"><textarea id=\"data_56371b63c8bea\" name=\"data_56371b63c8bea\" style=\"width: 500px; height: 90px;\" title=\"主管意见\"></textarea></td>\r\n		</tr>\n<tr>\n<td style=\"height: 90px;\">主管校长审批</td>\r\n			<td colspan=\"3\"><textarea id=\"data_56371b713b99d\" name=\"data_56371b713b99d\" style=\"width: 500px; height: 90px;\" title=\"主管校长\"></textarea></td>\r\n		</tr>\n<tr>\n<td style=\"height: 90px;\">校长或书记审批</td>\r\n			<td colspan=\"3\"><textarea id=\"data_56371b98d4305\" name=\"data_56371b98d4305\" style=\"width: 500px; height: 90px;\" title=\"校长或书记审批\"></textarea></td>\r\n		</tr>\n<tr>\n<td style=\"height: 30px;\">实际金额</td>\r\n			<td colspan=\"3\" style=\"text-align: left;\"><input class=\"v_text\" id=\"data_56371ba09356c\" name=\"data_56371ba09356c\" size=\"1\" style=\"width: 186px; height: 22px;\" title=\"实际金额\" type=\"text\"></td>\r\n		</tr>\n<tr>\n<td style=\"height: 90px;\">财务结算</td>\r\n			<td colspan=\"3\"><textarea id=\"data_56371bb3b5abd\" name=\"data_56371bb3b5abd\" style=\"width: 500px; height: 90px;\" title=\"财务结算\"></textarea></td>\r\n		</tr>\n</tbody></table>\n<br>\r\n </div>\r\n', null, null, null);
INSERT INTO `form_html` VALUES ('e94353a6-59f8-b4a7-82c7-98d8c4b65ff8', '\n<style type=\"text/css\">#df tr {\r\n    border:3px solid red;\r\n}\r\n#df td {\r\n    border:3px solid red;\r\n}\r\n</style>\n<table align=\"center\" border=\"1\" bordercolor=\"#ccc\" cellpadding=\"5\" cellspacing=\"0\" id=\"df\" style=\"width: 850px; border-collapse: collapse;\">\n<caption>\n<br>\r\n	 </caption>\r\n	<tbody>\n<tr>\n<td style=\"white-space: nowrap;\"><font color=\"#ff0000\"><span style=\"font-size: 19px;\">受理日期</span></font></td>\r\n			<td rowspan=\"1\">\r\n			<div class=\"input-prepend\" title=\"受理日期\"><input class=\"date\" format=\"yyyy-MM-dd\" id=\"data_532940292c0dd\" name=\"data_532940292c0dd\" title=\"受理日期\" type=\"text\"></div>\r\n			</td>\r\n			<td style=\"white-space: nowrap;\"><font color=\"#ff0000\"><span style=\"font-size: 19px;\">具体时间</span></font></td>\r\n			<td rowspan=\"1\">\r\n			<div class=\"input-prepend\" title=\"申请时间\">\r\n			<div class=\"input-prepend\" title=\"具体时间\">\r\n			<div class=\"input-prepend\" title=\"具体时间\">\r\n			<div class=\"input-prepend\" title=\"具体时间\"><input class=\"datetime\" format=\"yyyy-MM-dd HH:mm:ss\" id=\"data_5329403c322b1\" name=\"data_5329403c322b1\" title=\"具体时间\" type=\"text\"></div>\r\n			</div>\r\n			</div>\r\n			</div>\r\n			</td>\r\n		</tr>\n<tr>\n<td style=\"white-space: nowrap;\"><font color=\"#ff0000\"><span style=\"font-size: 19px;\">申请部门</span></font></td>\r\n			<td><img class=\"macro\" id=\"data_53294052add26\" name=\"data_53294052add26\" src=\"/static/images/form/macro.png\" title=\"申请部门\" value=\"deptNameShort\"></td>\r\n			<td style=\"text-align: left; white-space: nowrap;\"><font color=\"#ff0000\"><span style=\"font-size: 19px;\">受理方式</span></font></td>\r\n			<td><input class=\"v_text\" id=\"data_53294059a3b0a\" name=\"data_53294059a3b0a\" title=\"受理方式\" type=\"text\" value=\"\"></td>\r\n		</tr>\n<tr>\n<td><font color=\"#ff0000\"><span style=\"font-size: 19px;\">电话</span></font></td>\r\n			<td>\r\n			<div class=\"input-prepend\" title=\"用车时间\"><input class=\"v_text\" id=\"data_5329405f9ece6\" name=\"data_5329405f9ece6\" title=\"电话\" type=\"text\" value=\"\"></div>\r\n			</td>\r\n			<td><font color=\"#ff0000\"><span style=\"font-size: 19px;\">联系人</span></font></td>\r\n			<td>\r\n			<div class=\"input-prepend\" title=\"结束时间\"><input class=\"v_text\" id=\"data_532940651030e\" name=\"data_532940651030e\" title=\"联系人\" type=\"text\" value=\"\"></div>\r\n			</td>\r\n		</tr>\n<tr>\n<td><font color=\"#ff0000\"><span style=\"font-size: 19px;\">单位</span></font></td>\r\n			<td colspan=\"3\" rowspan=\"1\">\r\n			<div class=\"input-prepend\" title=\"成文单位\"><input class=\"v_text\" id=\"data_5329406c7c2d7\" name=\"data_5329406c7c2d7\" style=\"width: 600px;\" title=\"单位\" type=\"text\" value=\"\"></div>\r\n			</td>\r\n		</tr>\n<tr>\n<td><font color=\"#ff0000\"><span style=\"font-size: 19px;\">事由</span></font></td>\r\n			<td colspan=\"3\" rowspan=\"1\">\r\n			<div class=\"input-prepend\" title=\"主送单位\"><textarea id=\"data_532940788662e\" name=\"data_532940788662e\" style=\"height: 50px; width: 600px;\" title=\"事由\"></textarea></div>\r\n			</td>\r\n		</tr>\n<tr>\n<td><font color=\"#ff0000\"><span style=\"font-size: 19px;\">受理情况</span></font></td>\r\n			<td colspan=\"3\" rowspan=\"1\">\r\n			<div class=\"input-prepend\" title=\"抄送单位\"><textarea id=\"data_532940818c2c4\" name=\"data_532940818c2c4\" style=\"height: 50px; width: 600px;\" title=\"受理情况\"></textarea></div>\r\n			</td>\r\n		</tr>\n<tr>\n<td><font color=\"#ff0000\"><span style=\"font-size: 19px;\">督办意见</span></font></td>\r\n			<td colspan=\"3\" rowspan=\"1\">\r\n			<div class=\"input-prepend\" title=\"抄送单位\"><textarea id=\"data_5329408dd15d8\" name=\"data_5329408dd15d8\" style=\"height: 50px; width: 600px;\" title=\"督办意见\"></textarea></div>\r\n			</td>\r\n		</tr>\n<tr>\n<td><font color=\"#ff0000\"><span style=\"font-size: 19px;\">协办情况</span></font></td>\r\n			<td colspan=\"3\" rowspan=\"1\">\r\n			<div class=\"input-prepend\" title=\"抄送单位\"><textarea id=\"data_53294098e67cf\" name=\"data_53294098e67cf\" style=\"height: 50px; width: 600px;\" title=\"协办情况\"></textarea></div>\r\n			</td>\r\n		</tr>\n</tbody>\n</table>\n', null, null, '#df tr {\r\n    border:3px solid red;\r\n}\r\n#df td {\r\n    border:3px solid red;\r\n}\r\n');
INSERT INTO `form_html` VALUES ('f302c471-a069-c045-36f3-96b198127107', '\n<div style=\"text-align: center;\">\n<br><span style=\"color: rgb(255, 0, 0);\"><span style=\"font-size: 18pt;\">学生获奖登记</span></span>\r\n<table align=\"center\" border=\"1\" cellpadding=\"0\" cellspacing=\"0\" style=\"width: 600px;\"><tbody>\n<tr>\n<td style=\"width: 100px; text-align: center;\">姓名</td>\r\n			<td style=\"width: 200px; height: 30px;\"><input class=\"v_text\" id=\"data_5632ca8c0f424\" name=\"data_5632ca8c0f424\" style=\"width: 150px;\" title=\"姓名\" type=\"text\" value=\"\"></td>\r\n			<td style=\"width: 100px; text-align: center;\">性别</td>\r\n			<td style=\"width: 200px;\"><label id=\"data_5632caa8e4e1c\" name=\"data_5632caa8e4e1c\" title=\"性别\" value=\"男\"><input checked type=\"radio\" value=\"男\"><input type=\"radio\" value=\"女\"></label></td>\r\n		</tr>\n<tr>\n<td style=\"height: 30px; text-align: center;\">年级</td>\r\n			<td><select id=\"data_5632cb7344aa2\" name=\"data_5632cb7344aa2\" title=\"年级\"><option value=\"一年级\">一年级</option>\n<option value=\"二年级\">二年级</option>\n<option value=\"三年级\">三年级</option>\n<option value=\"四年级\">四年级</option>\n<option value=\"五年级\">五年级</option>\n<option value=\"六年级\">六年级</option>\n<option value=\"七年级\">七年级</option>\n<option value=\"八年级\">八年级</option>\n<option value=\"九年级\">九年级</option>\n<option value=\"高一\">高一</option>\n<option value=\"高二\">高二</option>\n<option value=\"高三\">高三</option></select></td>\r\n			<td>班级</td>\r\n			<td><select id=\"data_5632cd2b7a120\" name=\"data_5632cd2b7a120\" title=\"班级\"><option value=\"一班\">一班</option>\n<option value=\"二班\">二班</option>\n<option value=\"三班\">三班</option>\n<option value=\"四班\">四班</option>\n<option value=\"五班\">五班</option>\n<option value=\"六班\">六班</option>\n<option value=\"七班\">七班</option>\n<option value=\"八班\">八班</option>\n<option value=\"九班\">九班</option>\n<option value=\"十班\">十班</option></select></td>\r\n		</tr>\n<tr>\n<td style=\"height: 30px;\">获奖级别</td>\r\n			<td><select id=\"data_5632cd8376417\" name=\"data_5632cd8376417\" title=\"获奖级别\"><option value=\"国家级\">国家级</option>\n<option value=\"省级\">省级</option>\n<option value=\"市级\">市级</option>\n<option value=\"县级\">县级</option>\n<option value=\"校级\">校级</option></select></td>\r\n			<td>获奖等级</td>\r\n			<td><input class=\"v_text\" id=\"data_5632cda9d9701\" name=\"data_5632cda9d9701\" style=\"width: 150px;\" title=\"获奖等级\" type=\"text\"></td>\r\n		</tr>\n<tr>\n<td style=\"height: 30px;\">获奖类别</td>\r\n			<td><input class=\"v_text\" id=\"data_5632cdbf9c671\" name=\"data_5632cdbf9c671\" style=\"width: 150px;\" title=\"获奖类别\" type=\"text\"></td>\r\n			<td>授予单位</td>\r\n			<td><input class=\"v_text\" id=\"data_5632cdccbaeb9\" name=\"data_5632cdccbaeb9\" style=\"width: 150px;\" title=\"授予单位\" type=\"text\"></td>\r\n		</tr>\n<tr>\n<td style=\"height: 30px;\">获奖时间</td>\r\n			<td><input class=\"date\" defaultcurtime=\"false\" format=\"yyyy-MM-dd\" id=\"data_5632ce0c6ea05\" name=\"data_5632ce0c6ea05\" style=\"width: 150px;\" title=\"获奖时间\" type=\"text\"></td>\r\n			<td>填报人</td>\r\n			<td><input class=\"v_text\" id=\"data_5632ce95f0537\" name=\"data_5632ce95f0537\" style=\"width: 150px;\" title=\"填报人\" type=\"text\"></td>\r\n		</tr>\n<tr>\n<td colspan=\"4\" style=\"height: 30px; text-align: center;\"><span style=\"font-size: 14pt;\">获奖内容简述</span></td>\r\n		</tr>\n<tr>\n<td colspan=\"4\" rowspan=\"2\" style=\"height: 60px; text-align: center;\">\n<span style=\"font: 16px/normal Simsun; margin: 0px; padding: 0px; text-align: left; color: rgb(255, 0, 0); text-transform: none; text-indent: 0px; letter-spacing: normal; word-spacing: 0px; white-space: normal; font-size-adjust: none; font-stretch: normal; -webkit-text-stroke-width: 0px;\">注：1、只登记本校正式学籍在校的学生，获得教育部门或与其他部门共同共同授予的荣誉称号；</span><br style=\"font: 16px/normal Simsun; margin: 0px; padding: 0px; text-align: left; color: rgb(255, 0, 0); text-transform: none; text-indent: 0px; letter-spacing: normal; word-spacing: 0px; white-space: normal; font-size-adjust: none; font-stretch: normal; -webkit-text-stroke-width: 0px;\"><span style=\"font: 16px/normal Simsun; margin: 0px; padding: 0px; text-align: left; color: rgb(255, 0, 0); text-transform: none; text-indent: 0px; letter-spacing: normal; word-spacing: 0px; white-space: normal; font-size-adjust: none; font-stretch: normal; -webkit-text-stroke-width: 0px;\">    2、参加教育部门或与其他部门共同组织的各类文化、艺体、科技等竞赛活动获奖。</span>\n</td>\r\n		</tr>\n</tbody></table>\n<br>\r\n </div>\r\n', null, null, null);

-- ----------------------------
-- Table structure for form_html_field
-- ----------------------------
DROP TABLE IF EXISTS `form_html_field`;
CREATE TABLE `form_html_field` (
  `id` char(13) NOT NULL,
  `form_id` char(36) NOT NULL,
  `field_name` varchar(64) NOT NULL,
  `field_type` varchar(64) NOT NULL,
  `field_attr` text NOT NULL,
  `delete_flag` tinyint(1) NOT NULL DEFAULT '0',
  `field_order` int(11) NOT NULL,
  PRIMARY KEY (`id`),
  KEY `idx_form_id` (`form_id`)
) ENGINE=InnoDB DEFAULT CHARSET=utf8;

-- ----------------------------
-- Records of form_html_field
-- ----------------------------
INSERT INTO `form_html_field` VALUES ('532935f1ba42e', '9a0cef49-8ce9-5701-1743-831d7515ddec', '申领物品', 'listview', 'a:4:{s:5:\"title\";s:12:\"申领物品\";s:4:\"type\";s:8:\"listview\";s:5:\"class\";s:8:\"listview\";s:5:\"value\";a:2:{s:4:\"name\";a:8:{s:12:\"serialnumber\";s:1:\"1\";s:11:\"headerfield\";s:12:\"物品名称\";s:9:\"fieldname\";s:4:\"name\";s:10:\"fieldwidth\";s:2:\"10\";s:5:\"total\";s:1:\"0\";s:13:\"computational\";s:0:\"\";s:9:\"fieldtype\";s:6:\"select\";s:12:\"defaultvalue\";s:30:\"电脑,鼠标,键盘,鼠标垫\";}s:6:\"amount\";a:8:{s:12:\"serialnumber\";s:1:\"2\";s:11:\"headerfield\";s:6:\"数量\";s:9:\"fieldname\";s:6:\"amount\";s:10:\"fieldwidth\";s:2:\"10\";s:5:\"total\";s:1:\"0\";s:13:\"computational\";s:0:\"\";s:9:\"fieldtype\";s:4:\"text\";s:12:\"defaultvalue\";s:0:\"\";}}}', '0', '0');
INSERT INTO `form_html_field` VALUES ('53293ae920cdb', '7bae1098-fcb2-bfb2-c9ea-319e28d32676', '交办人', 'user', 'a:4:{s:6:\"modify\";s:5:\"false\";s:5:\"title\";s:9:\"交办人\";s:5:\"class\";s:4:\"user\";s:5:\"value\";s:0:\"\";}', '0', '0');
INSERT INTO `form_html_field` VALUES ('53293af5ee2f0', '7bae1098-fcb2-bfb2-c9ea-319e28d32676', '承办人', 'user', 'a:4:{s:6:\"modify\";s:5:\"false\";s:5:\"title\";s:9:\"承办人\";s:5:\"class\";s:4:\"user\";s:5:\"value\";s:0:\"\";}', '0', '0');
INSERT INTO `form_html_field` VALUES ('53293b0d00618', '7bae1098-fcb2-bfb2-c9ea-319e28d32676', '交办时间', 'date', 'a:3:{s:5:\"title\";s:12:\"交办时间\";s:5:\"class\";s:4:\"date\";s:6:\"format\";s:10:\"yyyy-MM-dd\";}', '0', '0');
INSERT INTO `form_html_field` VALUES ('53293b2323831', '7bae1098-fcb2-bfb2-c9ea-319e28d32676', '要求完成时间', 'date', 'a:3:{s:5:\"title\";s:18:\"要求完成时间\";s:5:\"class\";s:4:\"date\";s:6:\"format\";s:10:\"yyyy-MM-dd\";}', '0', '0');
INSERT INTO `form_html_field` VALUES ('53293b82bfd2d', '7bae1098-fcb2-bfb2-c9ea-319e28d32676', '承办工作内容', 'textarea', 'a:6:{s:5:\"title\";s:18:\"承办工作内容\";s:5:\"class\";s:8:\"textarea\";s:6:\"height\";s:2:\"50\";s:5:\"width\";s:3:\"560\";s:5:\"value\";s:0:\"\";s:8:\"fontSize\";s:0:\"\";}', '0', '0');
INSERT INTO `form_html_field` VALUES ('53293bb856c0f', '7bae1098-fcb2-bfb2-c9ea-319e28d32676', '承办人工作完成情况', 'textarea', 'a:6:{s:5:\"title\";s:27:\"承办人工作完成情况\";s:5:\"class\";s:8:\"textarea\";s:6:\"height\";s:2:\"50\";s:5:\"width\";s:3:\"560\";s:5:\"value\";s:0:\"\";s:8:\"fontSize\";s:0:\"\";}', '0', '0');
INSERT INTO `form_html_field` VALUES ('53293bfaaa451', '7bae1098-fcb2-bfb2-c9ea-319e28d32676', '是否同意', 'label', 'a:3:{s:5:\"title\";s:12:\"是否同意\";s:5:\"class\";s:5:\"label\";s:5:\"value\";s:0:\"\";}', '0', '0');
INSERT INTO `form_html_field` VALUES ('53293c0797429', '7bae1098-fcb2-bfb2-c9ea-319e28d32676', '评分', 'v_text', 'a:6:{s:5:\"title\";s:6:\"评分\";s:5:\"class\";s:6:\"v_text\";s:5:\"value\";s:0:\"\";s:6:\"height\";s:0:\"\";s:5:\"width\";s:0:\"\";s:8:\"fontSize\";s:0:\"\";}', '0', '0');
INSERT INTO `form_html_field` VALUES ('53293c2127a17', '7bae1098-fcb2-bfb2-c9ea-319e28d32676', '交办人意见', 'textarea', 'a:6:{s:5:\"title\";s:15:\"交办人意见\";s:5:\"class\";s:8:\"textarea\";s:6:\"height\";s:2:\"50\";s:5:\"width\";s:3:\"560\";s:5:\"value\";s:0:\"\";s:8:\"fontSize\";s:0:\"\";}', '0', '0');
INSERT INTO `form_html_field` VALUES ('53293c7f81035', '7d331417-cc18-9640-08ee-446e04c95b10', '申请人', 'user', 'a:4:{s:6:\"modify\";s:5:\"false\";s:5:\"title\";s:9:\"申请人\";s:5:\"class\";s:4:\"user\";s:5:\"value\";s:0:\"\";}', '0', '0');
INSERT INTO `form_html_field` VALUES ('53293c86a2778', '7d331417-cc18-9640-08ee-446e04c95b10', '申请时间', 'date', 'a:3:{s:5:\"title\";s:12:\"申请时间\";s:5:\"class\";s:4:\"date\";s:6:\"format\";s:10:\"yyyy-MM-dd\";}', '0', '0');
INSERT INTO `form_html_field` VALUES ('53293c8e8c87e', '7d331417-cc18-9640-08ee-446e04c95b10', '申请部门', 'dept', 'a:4:{s:6:\"modify\";s:5:\"false\";s:5:\"title\";s:12:\"申请部门\";s:5:\"class\";s:4:\"dept\";s:5:\"value\";s:0:\"\";}', '0', '0');
INSERT INTO `form_html_field` VALUES ('53293c97a676b', '7d331417-cc18-9640-08ee-446e04c95b10', '车型', 'v_text', 'a:6:{s:5:\"title\";s:6:\"车型\";s:5:\"class\";s:6:\"v_text\";s:5:\"value\";s:0:\"\";s:6:\"height\";s:0:\"\";s:5:\"width\";s:0:\"\";s:8:\"fontSize\";s:0:\"\";}', '0', '0');
INSERT INTO `form_html_field` VALUES ('53293ca18f8e4', '7d331417-cc18-9640-08ee-446e04c95b10', '用车时间', 'date', 'a:3:{s:5:\"title\";s:12:\"用车时间\";s:5:\"class\";s:4:\"date\";s:6:\"format\";s:10:\"yyyy-MM-dd\";}', '0', '0');
INSERT INTO `form_html_field` VALUES ('53293cab2421f', '7d331417-cc18-9640-08ee-446e04c95b10', '结束时间', 'date', 'a:3:{s:5:\"title\";s:12:\"结束时间\";s:5:\"class\";s:4:\"date\";s:6:\"format\";s:10:\"yyyy-MM-dd\";}', '0', '0');
INSERT INTO `form_html_field` VALUES ('53293cbc5fb57', '7d331417-cc18-9640-08ee-446e04c95b10', '目的地及路线', 'textarea', 'a:6:{s:5:\"title\";s:18:\"目的地及路线\";s:5:\"class\";s:8:\"textarea\";s:6:\"height\";s:2:\"50\";s:5:\"width\";s:3:\"600\";s:5:\"value\";s:0:\"\";s:8:\"fontSize\";s:0:\"\";}', '0', '0');
INSERT INTO `form_html_field` VALUES ('53293cc96cc31', '7d331417-cc18-9640-08ee-446e04c95b10', '申请事由', 'textarea', 'a:6:{s:5:\"title\";s:12:\"申请事由\";s:5:\"class\";s:8:\"textarea\";s:6:\"height\";s:2:\"50\";s:5:\"width\";s:3:\"600\";s:5:\"value\";s:0:\"\";s:8:\"fontSize\";s:0:\"\";}', '0', '0');
INSERT INTO `form_html_field` VALUES ('53293cd81baad', '7d331417-cc18-9640-08ee-446e04c95b10', '部门主管意见', 'textarea', 'a:6:{s:5:\"title\";s:18:\"部门主管意见\";s:5:\"class\";s:8:\"textarea\";s:6:\"height\";s:2:\"50\";s:5:\"width\";s:3:\"600\";s:5:\"value\";s:0:\"\";s:8:\"fontSize\";s:0:\"\";}', '0', '0');
INSERT INTO `form_html_field` VALUES ('53293ce3299df', '7d331417-cc18-9640-08ee-446e04c95b10', '管理部门意见', 'textarea', 'a:6:{s:5:\"title\";s:18:\"管理部门意见\";s:5:\"class\";s:8:\"textarea\";s:6:\"height\";s:2:\"50\";s:5:\"width\";s:3:\"600\";s:5:\"value\";s:0:\"\";s:8:\"fontSize\";s:0:\"\";}', '0', '0');
INSERT INTO `form_html_field` VALUES ('53293cf75cf5e', '7d331417-cc18-9640-08ee-446e04c95b10', '起始数', 'v_text', 'a:6:{s:5:\"title\";s:9:\"起始数\";s:5:\"class\";s:6:\"v_text\";s:5:\"value\";s:0:\"\";s:6:\"height\";s:0:\"\";s:5:\"width\";s:0:\"\";s:8:\"fontSize\";s:0:\"\";}', '0', '0');
INSERT INTO `form_html_field` VALUES ('53293d00e2889', '7d331417-cc18-9640-08ee-446e04c95b10', '归来时间', 'date', 'a:3:{s:5:\"title\";s:12:\"归来时间\";s:5:\"class\";s:4:\"date\";s:6:\"format\";s:10:\"yyyy-MM-dd\";}', '0', '0');
INSERT INTO `form_html_field` VALUES ('53293d091a1cc', '7d331417-cc18-9640-08ee-446e04c95b10', '出车费用', 'v_text', 'a:6:{s:5:\"title\";s:12:\"出车费用\";s:5:\"class\";s:6:\"v_text\";s:5:\"value\";s:0:\"\";s:6:\"height\";s:0:\"\";s:5:\"width\";s:0:\"\";s:8:\"fontSize\";s:0:\"\";}', '0', '0');
INSERT INTO `form_html_field` VALUES ('53293d13747e0', '7d331417-cc18-9640-08ee-446e04c95b10', '终止数', 'v_text', 'a:6:{s:5:\"title\";s:9:\"终止数\";s:5:\"class\";s:6:\"v_text\";s:5:\"value\";s:0:\"\";s:6:\"height\";s:0:\"\";s:5:\"width\";s:0:\"\";s:8:\"fontSize\";s:0:\"\";}', '0', '0');
INSERT INTO `form_html_field` VALUES ('53293d2224875', '7d331417-cc18-9640-08ee-446e04c95b10', '行驶里程', 'v_text', 'a:6:{s:5:\"title\";s:12:\"行驶里程\";s:5:\"class\";s:6:\"v_text\";s:5:\"value\";s:0:\"\";s:6:\"height\";s:0:\"\";s:5:\"width\";s:0:\"\";s:8:\"fontSize\";s:0:\"\";}', '0', '0');
INSERT INTO `form_html_field` VALUES ('53293d9b72f19', '9a0cef49-8ce9-5701-1743-831d7515ddec', '申请人', 'macro', 'a:6:{s:5:\"title\";s:9:\"申请人\";s:5:\"class\";s:5:\"macro\";s:5:\"value\";s:8:\"userName\";s:6:\"height\";s:0:\"\";s:5:\"width\";s:0:\"\";s:8:\"fontSize\";s:0:\"\";}', '0', '0');
INSERT INTO `form_html_field` VALUES ('53293da78bae4', '9a0cef49-8ce9-5701-1743-831d7515ddec', '申请日期', 'macro', 'a:6:{s:5:\"title\";s:12:\"申请日期\";s:5:\"class\";s:5:\"macro\";s:5:\"value\";s:4:\"date\";s:6:\"height\";s:0:\"\";s:5:\"width\";s:0:\"\";s:8:\"fontSize\";s:0:\"\";}', '0', '0');
INSERT INTO `form_html_field` VALUES ('53293db026ae7', '9a0cef49-8ce9-5701-1743-831d7515ddec', '部门', 'macro', 'a:6:{s:5:\"title\";s:6:\"部门\";s:5:\"class\";s:5:\"macro\";s:5:\"value\";s:8:\"deptName\";s:6:\"height\";s:0:\"\";s:5:\"width\";s:0:\"\";s:8:\"fontSize\";s:0:\"\";}', '0', '0');
INSERT INTO `form_html_field` VALUES ('53293dbab431a', '9a0cef49-8ce9-5701-1743-831d7515ddec', '部门负责人', 'user', 'a:4:{s:6:\"modify\";s:5:\"false\";s:5:\"title\";s:15:\"部门负责人\";s:5:\"class\";s:4:\"user\";s:5:\"value\";s:0:\"\";}', '0', '0');
INSERT INTO `form_html_field` VALUES ('53293dc956b67', '9a0cef49-8ce9-5701-1743-831d7515ddec', '申领说明', 'textarea', 'a:6:{s:5:\"title\";s:12:\"申领说明\";s:5:\"class\";s:8:\"textarea\";s:6:\"height\";s:2:\"50\";s:5:\"width\";s:3:\"600\";s:5:\"value\";s:0:\"\";s:8:\"fontSize\";s:0:\"\";}', '0', '0');
INSERT INTO `form_html_field` VALUES ('53293de08aa1d', '9a0cef49-8ce9-5701-1743-831d7515ddec', '审批日期', 'macro', 'a:6:{s:5:\"title\";s:12:\"审批日期\";s:5:\"class\";s:5:\"macro\";s:5:\"value\";s:4:\"date\";s:6:\"height\";s:0:\"\";s:5:\"width\";s:0:\"\";s:8:\"fontSize\";s:0:\"\";}', '0', '0');
INSERT INTO `form_html_field` VALUES ('53293dec6046b', '9a0cef49-8ce9-5701-1743-831d7515ddec', '审批建议', 'textarea', 'a:6:{s:5:\"title\";s:12:\"审批建议\";s:5:\"class\";s:8:\"textarea\";s:6:\"height\";s:2:\"50\";s:5:\"width\";s:3:\"600\";s:5:\"value\";s:0:\"\";s:8:\"fontSize\";s:0:\"\";}', '0', '0');
INSERT INTO `form_html_field` VALUES ('53293e0b6834b', '9a0cef49-8ce9-5701-1743-831d7515ddec', '行政审批日期', 'macro', 'a:6:{s:5:\"title\";s:18:\"行政审批日期\";s:5:\"class\";s:5:\"macro\";s:5:\"value\";s:4:\"date\";s:6:\"height\";s:0:\"\";s:5:\"width\";s:0:\"\";s:8:\"fontSize\";s:0:\"\";}', '0', '0');
INSERT INTO `form_html_field` VALUES ('53293e1d04916', '9a0cef49-8ce9-5701-1743-831d7515ddec', '审批建议2', 'textarea', 'a:6:{s:5:\"title\";s:13:\"审批建议2\";s:5:\"class\";s:8:\"textarea\";s:6:\"height\";s:2:\"50\";s:5:\"width\";s:3:\"600\";s:5:\"value\";s:0:\"\";s:8:\"fontSize\";s:0:\"\";}', '0', '0');
INSERT INTO `form_html_field` VALUES ('53293e2f0c111', '9a0cef49-8ce9-5701-1743-831d7515ddec', '仓库办结情况', 'textarea', 'a:6:{s:5:\"title\";s:18:\"仓库办结情况\";s:5:\"class\";s:8:\"textarea\";s:6:\"height\";s:2:\"50\";s:5:\"width\";s:3:\"600\";s:5:\"value\";s:0:\"\";s:8:\"fontSize\";s:0:\"\";}', '0', '0');
INSERT INTO `form_html_field` VALUES ('53293e6943f1e', '9a0cef49-8ce9-5701-1743-831d7515ddec', '审批结果1', 'label', 'a:3:{s:5:\"title\";s:13:\"审批结果1\";s:5:\"class\";s:5:\"label\";s:5:\"value\";s:0:\"\";}', '0', '0');
INSERT INTO `form_html_field` VALUES ('53293e98d9793', '9a0cef49-8ce9-5701-1743-831d7515ddec', '审批结果2', 'label', 'a:3:{s:5:\"title\";s:13:\"审批结果2\";s:5:\"class\";s:5:\"label\";s:5:\"value\";s:0:\"\";}', '0', '0');
INSERT INTO `form_html_field` VALUES ('53293eb653852', '9a0cef49-8ce9-5701-1743-831d7515ddec', '部门领导审批', 'user', 'a:4:{s:6:\"modify\";s:5:\"false\";s:5:\"title\";s:18:\"部门领导审批\";s:5:\"class\";s:4:\"user\";s:5:\"value\";s:0:\"\";}', '0', '0');
INSERT INTO `form_html_field` VALUES ('53293ec173699', '9a0cef49-8ce9-5701-1743-831d7515ddec', '行政部负责人审批', 'user', 'a:4:{s:6:\"modify\";s:5:\"false\";s:5:\"title\";s:24:\"行政部负责人审批\";s:5:\"class\";s:4:\"user\";s:5:\"value\";s:0:\"\";}', '0', '0');
INSERT INTO `form_html_field` VALUES ('53293f0d48541', 'b266bb81-4a83-f375-cfe3-1925e02fa215', '申请人', 'macro', 'a:6:{s:5:\"title\";s:9:\"申请人\";s:5:\"class\";s:5:\"macro\";s:5:\"value\";s:8:\"userName\";s:6:\"height\";s:0:\"\";s:5:\"width\";s:0:\"\";s:8:\"fontSize\";s:0:\"\";}', '0', '0');
INSERT INTO `form_html_field` VALUES ('53293f13dd598', 'b266bb81-4a83-f375-cfe3-1925e02fa215', '申请时间', 'macro', 'a:6:{s:5:\"title\";s:12:\"申请时间\";s:5:\"class\";s:5:\"macro\";s:5:\"value\";s:4:\"date\";s:6:\"height\";s:0:\"\";s:5:\"width\";s:0:\"\";s:8:\"fontSize\";s:0:\"\";}', '0', '0');
INSERT INTO `form_html_field` VALUES ('53293f1ea25f5', 'b266bb81-4a83-f375-cfe3-1925e02fa215', '申请部门', 'macro', 'a:6:{s:5:\"title\";s:12:\"申请部门\";s:5:\"class\";s:5:\"macro\";s:5:\"value\";s:8:\"deptName\";s:6:\"height\";s:0:\"\";s:5:\"width\";s:0:\"\";s:8:\"fontSize\";s:0:\"\";}', '0', '0');
INSERT INTO `form_html_field` VALUES ('53293f27d8b5a', 'b266bb81-4a83-f375-cfe3-1925e02fa215', '纸型', 'v_text', 'a:6:{s:5:\"title\";s:6:\"纸型\";s:5:\"class\";s:6:\"v_text\";s:5:\"value\";s:0:\"\";s:6:\"height\";s:0:\"\";s:5:\"width\";s:0:\"\";s:8:\"fontSize\";s:0:\"\";}', '0', '0');
INSERT INTO `form_html_field` VALUES ('53293f3307546', 'b266bb81-4a83-f375-cfe3-1925e02fa215', '文件页数', 'v_text', 'a:6:{s:5:\"title\";s:12:\"文件页数\";s:5:\"class\";s:6:\"v_text\";s:5:\"value\";s:0:\"\";s:6:\"height\";s:0:\"\";s:5:\"width\";s:0:\"\";s:8:\"fontSize\";s:0:\"\";}', '0', '0');
INSERT INTO `form_html_field` VALUES ('53293f4293131', 'b266bb81-4a83-f375-cfe3-1925e02fa215', '复印份数', 'v_text', 'a:6:{s:5:\"title\";s:12:\"复印份数\";s:5:\"class\";s:6:\"v_text\";s:5:\"value\";s:0:\"\";s:6:\"height\";s:0:\"\";s:5:\"width\";s:0:\"\";s:8:\"fontSize\";s:0:\"\";}', '0', '0');
INSERT INTO `form_html_field` VALUES ('53293f65e15b6', 'b266bb81-4a83-f375-cfe3-1925e02fa215', '文件名称', 'v_text', 'a:6:{s:5:\"title\";s:12:\"文件名称\";s:5:\"class\";s:6:\"v_text\";s:5:\"value\";s:0:\"\";s:6:\"height\";s:0:\"\";s:5:\"width\";s:3:\"600\";s:8:\"fontSize\";s:0:\"\";}', '0', '0');
INSERT INTO `form_html_field` VALUES ('53293f76e24c5', 'b266bb81-4a83-f375-cfe3-1925e02fa215', '总计页数', 'v_text', 'a:6:{s:5:\"title\";s:12:\"总计页数\";s:5:\"class\";s:6:\"v_text\";s:5:\"value\";s:0:\"\";s:6:\"height\";s:0:\"\";s:5:\"width\";s:0:\"\";s:8:\"fontSize\";s:0:\"\";}', '0', '0');
INSERT INTO `form_html_field` VALUES ('53293f7e6fd8f', 'b266bb81-4a83-f375-cfe3-1925e02fa215', '打印室意见', 'textarea', 'a:6:{s:5:\"title\";s:15:\"打印室意见\";s:5:\"class\";s:8:\"textarea\";s:6:\"height\";s:0:\"\";s:5:\"width\";s:0:\"\";s:5:\"value\";s:0:\"\";s:8:\"fontSize\";s:0:\"\";}', '0', '0');
INSERT INTO `form_html_field` VALUES ('532940292c0dd', 'e94353a6-59f8-b4a7-82c7-98d8c4b65ff8', '受理日期', 'date', 'a:3:{s:5:\"title\";s:12:\"受理日期\";s:5:\"class\";s:4:\"date\";s:6:\"format\";s:10:\"yyyy-MM-dd\";}', '0', '0');
INSERT INTO `form_html_field` VALUES ('5329403c322b1', 'e94353a6-59f8-b4a7-82c7-98d8c4b65ff8', '具体时间', 'datetime', 'a:3:{s:5:\"title\";s:12:\"具体时间\";s:5:\"class\";s:8:\"datetime\";s:6:\"format\";s:19:\"yyyy-MM-dd HH:mm:ss\";}', '0', '0');
INSERT INTO `form_html_field` VALUES ('53294052add26', 'e94353a6-59f8-b4a7-82c7-98d8c4b65ff8', '申请部门', 'macro', 'a:6:{s:5:\"title\";s:12:\"申请部门\";s:5:\"class\";s:5:\"macro\";s:5:\"value\";s:13:\"deptNameShort\";s:6:\"height\";s:0:\"\";s:5:\"width\";s:0:\"\";s:8:\"fontSize\";s:0:\"\";}', '0', '0');
INSERT INTO `form_html_field` VALUES ('53294059a3b0a', 'e94353a6-59f8-b4a7-82c7-98d8c4b65ff8', '受理方式', 'v_text', 'a:6:{s:5:\"title\";s:12:\"受理方式\";s:5:\"class\";s:6:\"v_text\";s:5:\"value\";s:0:\"\";s:6:\"height\";s:0:\"\";s:5:\"width\";s:0:\"\";s:8:\"fontSize\";s:0:\"\";}', '0', '0');
INSERT INTO `form_html_field` VALUES ('5329405f9ece6', 'e94353a6-59f8-b4a7-82c7-98d8c4b65ff8', '电话', 'v_text', 'a:6:{s:5:\"title\";s:6:\"电话\";s:5:\"class\";s:6:\"v_text\";s:5:\"value\";s:0:\"\";s:6:\"height\";s:0:\"\";s:5:\"width\";s:0:\"\";s:8:\"fontSize\";s:0:\"\";}', '0', '0');
INSERT INTO `form_html_field` VALUES ('532940651030e', 'e94353a6-59f8-b4a7-82c7-98d8c4b65ff8', '联系人', 'v_text', 'a:6:{s:5:\"title\";s:9:\"联系人\";s:5:\"class\";s:6:\"v_text\";s:5:\"value\";s:0:\"\";s:6:\"height\";s:0:\"\";s:5:\"width\";s:0:\"\";s:8:\"fontSize\";s:0:\"\";}', '0', '0');
INSERT INTO `form_html_field` VALUES ('5329406c7c2d7', 'e94353a6-59f8-b4a7-82c7-98d8c4b65ff8', '单位', 'v_text', 'a:6:{s:5:\"title\";s:6:\"单位\";s:5:\"class\";s:6:\"v_text\";s:5:\"value\";s:0:\"\";s:6:\"height\";s:0:\"\";s:5:\"width\";s:3:\"600\";s:8:\"fontSize\";s:0:\"\";}', '0', '0');
INSERT INTO `form_html_field` VALUES ('532940788662e', 'e94353a6-59f8-b4a7-82c7-98d8c4b65ff8', '事由', 'textarea', 'a:6:{s:5:\"title\";s:6:\"事由\";s:5:\"class\";s:8:\"textarea\";s:6:\"height\";s:2:\"50\";s:5:\"width\";s:3:\"600\";s:5:\"value\";s:0:\"\";s:8:\"fontSize\";s:0:\"\";}', '0', '0');
INSERT INTO `form_html_field` VALUES ('532940818c2c4', 'e94353a6-59f8-b4a7-82c7-98d8c4b65ff8', '受理情况', 'textarea', 'a:6:{s:5:\"title\";s:12:\"受理情况\";s:5:\"class\";s:8:\"textarea\";s:6:\"height\";s:2:\"50\";s:5:\"width\";s:3:\"600\";s:5:\"value\";s:0:\"\";s:8:\"fontSize\";s:0:\"\";}', '0', '0');
INSERT INTO `form_html_field` VALUES ('5329408dd15d8', 'e94353a6-59f8-b4a7-82c7-98d8c4b65ff8', '督办意见', 'textarea', 'a:6:{s:5:\"title\";s:12:\"督办意见\";s:5:\"class\";s:8:\"textarea\";s:6:\"height\";s:2:\"50\";s:5:\"width\";s:3:\"600\";s:5:\"value\";s:0:\"\";s:8:\"fontSize\";s:0:\"\";}', '0', '0');
INSERT INTO `form_html_field` VALUES ('53294098e67cf', 'e94353a6-59f8-b4a7-82c7-98d8c4b65ff8', '协办情况', 'textarea', 'a:6:{s:5:\"title\";s:12:\"协办情况\";s:5:\"class\";s:8:\"textarea\";s:6:\"height\";s:2:\"50\";s:5:\"width\";s:3:\"600\";s:5:\"value\";s:0:\"\";s:8:\"fontSize\";s:0:\"\";}', '0', '0');
INSERT INTO `form_html_field` VALUES ('534d4c710aa62', 'aa9e990d-9f38-14d2-9d22-3654ab45cafe', '主送', 'dept', 'a:4:{s:6:\"modify\";s:5:\"false\";s:5:\"title\";s:6:\"主送\";s:5:\"class\";s:4:\"dept\";s:5:\"value\";s:0:\"\";}', '0', '0');
INSERT INTO `form_html_field` VALUES ('534d4c710f274', 'aa9e990d-9f38-14d2-9d22-3654ab45cafe', '抄送', 'dept', 'a:4:{s:6:\"modify\";s:5:\"false\";s:5:\"title\";s:6:\"抄送\";s:5:\"class\";s:4:\"dept\";s:5:\"value\";s:0:\"\";}', '0', '0');
INSERT INTO `form_html_field` VALUES ('534d4c71109dd', 'aa9e990d-9f38-14d2-9d22-3654ab45cafe', '会签', 'user', 'a:4:{s:6:\"modify\";s:5:\"false\";s:5:\"title\";s:6:\"会签\";s:5:\"class\";s:4:\"user\";s:5:\"value\";s:0:\"\";}', '0', '0');
INSERT INTO `form_html_field` VALUES ('534d4c7112138', 'aa9e990d-9f38-14d2-9d22-3654ab45cafe', '签发', 'user', 'a:4:{s:6:\"modify\";s:5:\"false\";s:5:\"title\";s:6:\"签发\";s:5:\"class\";s:4:\"user\";s:5:\"value\";s:0:\"\";}', '0', '0');
INSERT INTO `form_html_field` VALUES ('534d4c711385a', 'aa9e990d-9f38-14d2-9d22-3654ab45cafe', '联系人', 'user', 'a:4:{s:6:\"modify\";s:5:\"false\";s:5:\"title\";s:9:\"联系人\";s:5:\"class\";s:4:\"user\";s:5:\"value\";s:0:\"\";}', '0', '0');
INSERT INTO `form_html_field` VALUES ('534d4c7115046', 'aa9e990d-9f38-14d2-9d22-3654ab45cafe', '主办处室负责人', 'user', 'a:4:{s:6:\"modify\";s:5:\"false\";s:5:\"title\";s:21:\"主办处室负责人\";s:5:\"class\";s:4:\"user\";s:5:\"value\";s:0:\"\";}', '0', '0');
INSERT INTO `form_html_field` VALUES ('534d4c71167c1', 'aa9e990d-9f38-14d2-9d22-3654ab45cafe', '委内会签', 'user', 'a:4:{s:6:\"modify\";s:5:\"false\";s:5:\"title\";s:12:\"委内会签\";s:5:\"class\";s:4:\"user\";s:5:\"value\";s:0:\"\";}', '0', '0');
INSERT INTO `form_html_field` VALUES ('534d4c7117f0c', 'aa9e990d-9f38-14d2-9d22-3654ab45cafe', '办公室审核', 'user', 'a:4:{s:6:\"modify\";s:5:\"false\";s:5:\"title\";s:15:\"办公室审核\";s:5:\"class\";s:4:\"user\";s:5:\"value\";s:0:\"\";}', '0', '0');
INSERT INTO `form_html_field` VALUES ('534d4c71196d0', 'aa9e990d-9f38-14d2-9d22-3654ab45cafe', '拟稿单位', 'dept', 'a:4:{s:6:\"modify\";s:5:\"false\";s:5:\"title\";s:12:\"拟稿单位\";s:5:\"class\";s:4:\"dept\";s:5:\"value\";s:0:\"\";}', '0', '0');
INSERT INTO `form_html_field` VALUES ('534d4c711ae33', 'aa9e990d-9f38-14d2-9d22-3654ab45cafe', '拟稿', 'user', 'a:4:{s:6:\"modify\";s:5:\"false\";s:5:\"title\";s:6:\"拟稿\";s:5:\"class\";s:4:\"user\";s:5:\"value\";s:0:\"\";}', '0', '0');
INSERT INTO `form_html_field` VALUES ('534d4c711c547', 'aa9e990d-9f38-14d2-9d22-3654ab45cafe', '核稿', 'user', 'a:4:{s:6:\"modify\";s:5:\"false\";s:5:\"title\";s:6:\"核稿\";s:5:\"class\";s:4:\"user\";s:5:\"value\";s:0:\"\";}', '0', '0');
INSERT INTO `form_html_field` VALUES ('534d4c711dcaa', 'aa9e990d-9f38-14d2-9d22-3654ab45cafe', '印制', 'user', 'a:4:{s:6:\"modify\";s:5:\"false\";s:5:\"title\";s:6:\"印制\";s:5:\"class\";s:4:\"user\";s:5:\"value\";s:0:\"\";}', '0', '0');
INSERT INTO `form_html_field` VALUES ('534d4c711f41d', 'aa9e990d-9f38-14d2-9d22-3654ab45cafe', '校对', 'user', 'a:4:{s:6:\"modify\";s:5:\"false\";s:5:\"title\";s:6:\"校对\";s:5:\"class\";s:4:\"user\";s:5:\"value\";s:0:\"\";}', '0', '0');
INSERT INTO `form_html_field` VALUES ('534d4c7120b8d', 'aa9e990d-9f38-14d2-9d22-3654ab45cafe', '份数', 'v_text', 'a:6:{s:5:\"title\";s:6:\"份数\";s:5:\"class\";s:6:\"v_text\";s:5:\"value\";s:0:\"\";s:6:\"height\";s:0:\"\";s:5:\"width\";s:0:\"\";s:8:\"fontSize\";s:0:\"\";}', '0', '0');
INSERT INTO `form_html_field` VALUES ('534d4c7122378', 'aa9e990d-9f38-14d2-9d22-3654ab45cafe', '全宗号', 'v_text', 'a:6:{s:5:\"title\";s:9:\"全宗号\";s:5:\"class\";s:6:\"v_text\";s:5:\"value\";s:0:\"\";s:6:\"height\";s:0:\"\";s:5:\"width\";s:2:\"60\";s:8:\"fontSize\";s:0:\"\";}', '0', '0');
INSERT INTO `form_html_field` VALUES ('534d4c7123aea', 'aa9e990d-9f38-14d2-9d22-3654ab45cafe', '年度', 'v_text', 'a:6:{s:5:\"title\";s:6:\"年度\";s:5:\"class\";s:6:\"v_text\";s:5:\"value\";s:0:\"\";s:6:\"height\";s:0:\"\";s:5:\"width\";s:2:\"60\";s:8:\"fontSize\";s:0:\"\";}', '0', '0');
INSERT INTO `form_html_field` VALUES ('534d4c7125253', 'aa9e990d-9f38-14d2-9d22-3654ab45cafe', '页数', 'v_text', 'a:6:{s:5:\"title\";s:6:\"页数\";s:5:\"class\";s:6:\"v_text\";s:5:\"value\";s:0:\"\";s:6:\"height\";s:0:\"\";s:5:\"width\";s:2:\"60\";s:8:\"fontSize\";s:0:\"\";}', '0', '0');
INSERT INTO `form_html_field` VALUES ('534d4c712695f', 'aa9e990d-9f38-14d2-9d22-3654ab45cafe', '馆编件号', 'v_text', 'a:6:{s:5:\"title\";s:12:\"馆编件号\";s:5:\"class\";s:6:\"v_text\";s:5:\"value\";s:0:\"\";s:6:\"height\";s:0:\"\";s:5:\"width\";s:2:\"60\";s:8:\"fontSize\";s:0:\"\";}', '0', '0');
INSERT INTO `form_html_field` VALUES ('534d4c71280c0', 'aa9e990d-9f38-14d2-9d22-3654ab45cafe', '室编件号', 'v_text', 'a:6:{s:5:\"title\";s:12:\"室编件号\";s:5:\"class\";s:6:\"v_text\";s:5:\"value\";s:0:\"\";s:6:\"height\";s:0:\"\";s:5:\"width\";s:2:\"60\";s:8:\"fontSize\";s:0:\"\";}', '0', '0');
INSERT INTO `form_html_field` VALUES ('534d4c7129856', 'aa9e990d-9f38-14d2-9d22-3654ab45cafe', '机构或问题', 'v_text', 'a:6:{s:5:\"title\";s:15:\"机构或问题\";s:5:\"class\";s:6:\"v_text\";s:5:\"value\";s:0:\"\";s:6:\"height\";s:0:\"\";s:5:\"width\";s:3:\"120\";s:8:\"fontSize\";s:0:\"\";}', '0', '0');
INSERT INTO `form_html_field` VALUES ('534d4c712afd0', 'aa9e990d-9f38-14d2-9d22-3654ab45cafe', '保管期限', 'select', 'a:5:{s:5:\"title\";s:12:\"保管期限\";s:5:\"class\";s:6:\"select\";s:5:\"value\";s:0:\"\";s:4:\"size\";s:0:\"\";s:8:\"multiple\";s:5:\"false\";}', '0', '0');
INSERT INTO `form_html_field` VALUES ('534d4c712c79a', 'aa9e990d-9f38-14d2-9d22-3654ab45cafe', '发文代字', 'select', 'a:3:{s:5:\"title\";s:12:\"发文代字\";s:5:\"class\";s:6:\"select\";s:5:\"value\";s:0:\"\";}', '0', '0');
INSERT INTO `form_html_field` VALUES ('534d4c712df23', 'aa9e990d-9f38-14d2-9d22-3654ab45cafe', '年份', 'v_text', 'a:6:{s:5:\"title\";s:6:\"年份\";s:5:\"class\";s:6:\"v_text\";s:5:\"value\";s:0:\"\";s:6:\"height\";s:0:\"\";s:5:\"width\";s:2:\"30\";s:8:\"fontSize\";s:0:\"\";}', '0', '0');
INSERT INTO `form_html_field` VALUES ('534d4c712f5ff', 'aa9e990d-9f38-14d2-9d22-3654ab45cafe', '号', 'v_text', 'a:6:{s:5:\"title\";s:3:\"号\";s:5:\"class\";s:6:\"v_text\";s:5:\"value\";s:0:\"\";s:6:\"height\";s:0:\"\";s:5:\"width\";s:2:\"40\";s:8:\"fontSize\";s:0:\"\";}', '0', '0');
INSERT INTO `form_html_field` VALUES ('534d4c7130e0f', 'aa9e990d-9f38-14d2-9d22-3654ab45cafe', '密级', 'select', 'a:5:{s:5:\"title\";s:6:\"密级\";s:5:\"class\";s:6:\"select\";s:5:\"value\";s:6:\"普通\";s:4:\"size\";s:0:\"\";s:8:\"multiple\";s:5:\"false\";}', '0', '0');
INSERT INTO `form_html_field` VALUES ('534d4c7132510', 'aa9e990d-9f38-14d2-9d22-3654ab45cafe', '保密期限', 'select', 'a:5:{s:5:\"title\";s:12:\"保密期限\";s:5:\"class\";s:6:\"select\";s:5:\"value\";s:9:\"无限期\";s:4:\"size\";s:0:\"\";s:8:\"multiple\";s:5:\"false\";}', '0', '0');
INSERT INTO `form_html_field` VALUES ('534d4c7133cf8', 'aa9e990d-9f38-14d2-9d22-3654ab45cafe', '缓急', 'select', 'a:3:{s:5:\"title\";s:6:\"缓急\";s:5:\"class\";s:6:\"select\";s:5:\"value\";s:0:\"\";}', '0', '0');
INSERT INTO `form_html_field` VALUES ('534d4c71353ec', 'aa9e990d-9f38-14d2-9d22-3654ab45cafe', '附件', 'v_text', 'a:6:{s:5:\"title\";s:6:\"附件\";s:5:\"class\";s:6:\"v_text\";s:5:\"value\";s:0:\"\";s:6:\"height\";s:0:\"\";s:5:\"width\";s:3:\"680\";s:8:\"fontSize\";s:0:\"\";}', '0', '0');
INSERT INTO `form_html_field` VALUES ('534d4c7136bc2', 'aa9e990d-9f38-14d2-9d22-3654ab45cafe', '主题词', 'v_text', 'a:6:{s:5:\"title\";s:9:\"主题词\";s:5:\"class\";s:6:\"v_text\";s:5:\"value\";s:0:\"\";s:6:\"height\";s:0:\"\";s:5:\"width\";s:3:\"680\";s:8:\"fontSize\";s:0:\"\";}', '0', '0');
INSERT INTO `form_html_field` VALUES ('534d4c7138343', 'aa9e990d-9f38-14d2-9d22-3654ab45cafe', '标题', 'v_text', 'a:6:{s:5:\"title\";s:6:\"标题\";s:5:\"class\";s:6:\"v_text\";s:5:\"value\";s:0:\"\";s:6:\"height\";s:0:\"\";s:5:\"width\";s:3:\"680\";s:8:\"fontSize\";s:0:\"\";}', '0', '0');
INSERT INTO `form_html_field` VALUES ('534d4c7139abe', 'aa9e990d-9f38-14d2-9d22-3654ab45cafe', '联系电话', 'v_text', 'a:3:{s:5:\"title\";s:12:\"联系电话\";s:5:\"class\";s:6:\"v_text\";s:5:\"value\";s:0:\"\";}', '0', '0');
INSERT INTO `form_html_field` VALUES ('534d4c713b199', 'aa9e990d-9f38-14d2-9d22-3654ab45cafe', '编号', 'tcount', 'a:4:{s:5:\"title\";s:6:\"编号\";s:5:\"class\";s:6:\"tcount\";s:5:\"value\";s:1:\"1\";s:9:\"relations\";a:3:{s:18:\"data_534d4c712c79a\";s:11:\"PLACEHOLDER\";s:18:\"data_534d4c712df23\";s:9:\"YEAR_FULL\";s:18:\"data_534d4c712f5ff\";s:5:\"DIGIT\";}}', '0', '0');
INSERT INTO `form_html_field` VALUES ('534d4c713c928', 'aa9e990d-9f38-14d2-9d22-3654ab45cafe', '定密依据', 'v_text', 'a:6:{s:5:\"title\";s:12:\"定密依据\";s:5:\"class\";s:6:\"v_text\";s:5:\"value\";s:0:\"\";s:6:\"height\";s:0:\"\";s:5:\"width\";s:0:\"\";s:8:\"fontSize\";s:0:\"\";}', '0', '0');
INSERT INTO `form_html_field` VALUES ('534d4c7ed4eae', '0dd4d834-4fc1-2330-cfb9-6e68db6ab836', '文件标题', 'textarea', 'a:6:{s:5:\"title\";s:12:\"文件标题\";s:5:\"class\";s:8:\"textarea\";s:6:\"height\";s:2:\"60\";s:5:\"width\";s:3:\"598\";s:5:\"value\";s:0:\"\";s:8:\"fontSize\";s:0:\"\";}', '0', '0');
INSERT INTO `form_html_field` VALUES ('534d4c7ed6319', '0dd4d834-4fc1-2330-cfb9-6e68db6ab836', '来文单位', 'v_text', 'a:6:{s:5:\"title\";s:12:\"来文单位\";s:5:\"class\";s:6:\"v_text\";s:5:\"value\";s:0:\"\";s:6:\"height\";s:0:\"\";s:5:\"width\";s:3:\"180\";s:8:\"fontSize\";s:0:\"\";}', '0', '0');
INSERT INTO `form_html_field` VALUES ('534d4c7ed91d2', '0dd4d834-4fc1-2330-cfb9-6e68db6ab836', '拟办意见', 'countersign', 'a:3:{s:5:\"title\";s:12:\"拟办意见\";s:5:\"class\";s:11:\"countersign\";s:8:\"template\";s:809:\"%3Cspan%20style%3D%22font-size%3A%2012pt%3B%22%3E%3Cspan%20style%3D%22font-family%3A%20%E5%AE%8B%E4%BD%93%3B%22%3E%3Cspan%20class%3D%22%7Bmacro%7D%22%20contenteditable%3D%22false%22%20title%3D%22%E4%BC%9A%E7%AD%BE%E5%8C%BA%E5%9F%9F%22%3E%7Bsigncontent%7D%3C%2Fspan%3E%3C%2Fspan%3E%3C%2Fspan%3E%0A%3Cdiv%20style%3D%22text-align%3A%20right%3B%22%3E%3Cspan%20style%3D%22font-size%3A%2012pt%3B%22%3E%3Cspan%20style%3D%22font-family%3A%20%E5%AE%8B%E4%BD%93%3B%22%3E%3Cspan%20class%3D%22%7Bmacro%7D%22%20contenteditable%3D%22false%22%20title%3D%22%E4%BC%9A%E7%AD%BE%E4%BA%BA%22%3E%7Bsignuser%7D%3C%2Fspan%3E%3Cbr%20%2F%3E%0A%3Cspan%20class%3D%22%7Bmacro%7D%22%20contenteditable%3D%22false%22%20title%3D%22%E4%BC%9A%E7%AD%BE%E6%97%B6%E9%97%B4%22%3E%7Bsigntime%7D%3C%2Fspan%3E%3C%2Fspan%3E%3C%2Fspan%3E%3C%2Fdiv%3E%0A\";}', '0', '0');
INSERT INTO `form_html_field` VALUES ('534d4c7eda942', '0dd4d834-4fc1-2330-cfb9-6e68db6ab836', '部门主任意见', 'countersign', 'a:3:{s:5:\"title\";s:18:\"部门主任意见\";s:5:\"class\";s:11:\"countersign\";s:8:\"template\";s:809:\"%3Cspan%20style%3D%22font-size%3A%2012pt%3B%22%3E%3Cspan%20style%3D%22font-family%3A%20%E5%AE%8B%E4%BD%93%3B%22%3E%3Cspan%20class%3D%22%7Bmacro%7D%22%20contenteditable%3D%22false%22%20title%3D%22%E4%BC%9A%E7%AD%BE%E5%8C%BA%E5%9F%9F%22%3E%7Bsigncontent%7D%3C%2Fspan%3E%3C%2Fspan%3E%3C%2Fspan%3E%0A%3Cdiv%20style%3D%22text-align%3A%20right%3B%22%3E%3Cspan%20style%3D%22font-size%3A%2012pt%3B%22%3E%3Cspan%20style%3D%22font-family%3A%20%E5%AE%8B%E4%BD%93%3B%22%3E%3Cspan%20class%3D%22%7Bmacro%7D%22%20contenteditable%3D%22false%22%20title%3D%22%E4%BC%9A%E7%AD%BE%E4%BA%BA%22%3E%7Bsignuser%7D%3C%2Fspan%3E%3Cbr%20%2F%3E%0A%3Cspan%20class%3D%22%7Bmacro%7D%22%20contenteditable%3D%22false%22%20title%3D%22%E4%BC%9A%E7%AD%BE%E6%97%B6%E9%97%B4%22%3E%7Bsigntime%7D%3C%2Fspan%3E%3C%2Fspan%3E%3C%2Fspan%3E%3C%2Fdiv%3E%0A\";}', '0', '0');
INSERT INTO `form_html_field` VALUES ('534d4c7edc0f5', '0dd4d834-4fc1-2330-cfb9-6e68db6ab836', '承办人意见', 'countersign', 'a:3:{s:5:\"title\";s:15:\"承办人意见\";s:5:\"class\";s:11:\"countersign\";s:8:\"template\";s:809:\"%3Cspan%20style%3D%22font-size%3A%2012pt%3B%22%3E%3Cspan%20style%3D%22font-family%3A%20%E5%AE%8B%E4%BD%93%3B%22%3E%3Cspan%20class%3D%22%7Bmacro%7D%22%20contenteditable%3D%22false%22%20title%3D%22%E4%BC%9A%E7%AD%BE%E5%8C%BA%E5%9F%9F%22%3E%7Bsigncontent%7D%3C%2Fspan%3E%3C%2Fspan%3E%3C%2Fspan%3E%0A%3Cdiv%20style%3D%22text-align%3A%20right%3B%22%3E%3Cspan%20style%3D%22font-size%3A%2012pt%3B%22%3E%3Cspan%20style%3D%22font-family%3A%20%E5%AE%8B%E4%BD%93%3B%22%3E%3Cspan%20class%3D%22%7Bmacro%7D%22%20contenteditable%3D%22false%22%20title%3D%22%E4%BC%9A%E7%AD%BE%E4%BA%BA%22%3E%7Bsignuser%7D%3C%2Fspan%3E%3Cbr%20%2F%3E%0A%3Cspan%20class%3D%22%7Bmacro%7D%22%20contenteditable%3D%22false%22%20title%3D%22%E4%BC%9A%E7%AD%BE%E6%97%B6%E9%97%B4%22%3E%7Bsigntime%7D%3C%2Fspan%3E%3C%2Fspan%3E%3C%2Fspan%3E%3C%2Fdiv%3E%0A\";}', '0', '0');
INSERT INTO `form_html_field` VALUES ('534d4c7ee1e5a', '0dd4d834-4fc1-2330-cfb9-6e68db6ab836', '来文字号-字', 'select', 'a:5:{s:5:\"title\";s:16:\"来文字号-字\";s:5:\"class\";s:6:\"select\";s:5:\"value\";s:0:\"\";s:4:\"size\";s:0:\"\";s:8:\"multiple\";s:5:\"false\";}', '0', '0');
INSERT INTO `form_html_field` VALUES ('534d4c7ee3625', '0dd4d834-4fc1-2330-cfb9-6e68db6ab836', '来文字号-年', 'v_text', 'a:6:{s:5:\"title\";s:16:\"来文字号-年\";s:5:\"class\";s:6:\"v_text\";s:5:\"value\";s:0:\"\";s:6:\"height\";s:0:\"\";s:5:\"width\";s:2:\"35\";s:8:\"fontSize\";s:0:\"\";}', '0', '0');
INSERT INTO `form_html_field` VALUES ('534d4c7ee4db8', '0dd4d834-4fc1-2330-cfb9-6e68db6ab836', '来文字号-号', 'v_text', 'a:6:{s:5:\"title\";s:16:\"来文字号-号\";s:5:\"class\";s:6:\"v_text\";s:5:\"value\";s:0:\"\";s:6:\"height\";s:0:\"\";s:5:\"width\";s:2:\"35\";s:8:\"fontSize\";s:0:\"\";}', '0', '0');
INSERT INTO `form_html_field` VALUES ('534d4c7ee652d', '0dd4d834-4fc1-2330-cfb9-6e68db6ab836', '来文字号', 'tcount', 'a:4:{s:5:\"title\";s:12:\"来文字号\";s:5:\"class\";s:6:\"tcount\";s:5:\"value\";s:1:\"1\";s:9:\"relations\";a:3:{s:18:\"data_534d4c7ee1e5a\";s:11:\"PLACEHOLDER\";s:18:\"data_534d4c7ee3625\";s:9:\"YEAR_FULL\";s:18:\"data_534d4c7ee4db8\";s:5:\"DIGIT\";}}', '0', '0');
INSERT INTO `form_html_field` VALUES ('534d4c7eeab76', '0dd4d834-4fc1-2330-cfb9-6e68db6ab836', '运转号', 'v_text', 'a:6:{s:5:\"title\";s:9:\"运转号\";s:5:\"class\";s:6:\"v_text\";s:5:\"value\";s:0:\"\";s:6:\"height\";s:0:\"\";s:5:\"width\";s:3:\"152\";s:8:\"fontSize\";s:0:\"\";}', '0', '0');
INSERT INTO `form_html_field` VALUES ('534d518192383', '0dd4d834-4fc1-2330-cfb9-6e68db6ab836', '收文日期', 'date', 'a:3:{s:5:\"title\";s:12:\"收文日期\";s:5:\"class\";s:4:\"date\";s:6:\"format\";s:10:\"yyyy-MM-dd\";}', '0', '0');
INSERT INTO `form_html_field` VALUES ('561c93cbf05b4', '441f8aba-9d99-f166-8d14-144a52134ca8', '申请人', 'user', 'a:4:{s:6:\"modify\";s:5:\"false\";s:5:\"title\";s:9:\"申请人\";s:5:\"class\";s:4:\"user\";s:5:\"value\";s:0:\"\";}', '0', '1');
INSERT INTO `form_html_field` VALUES ('561c93cc0007d', '441f8aba-9d99-f166-8d14-144a52134ca8', '申请时间', 'date', 'a:3:{s:5:\"title\";s:12:\"申请时间\";s:5:\"class\";s:4:\"date\";s:6:\"format\";s:10:\"yyyy-MM-dd\";}', '0', '3');
INSERT INTO `form_html_field` VALUES ('561c93cc03d86', '441f8aba-9d99-f166-8d14-144a52134ca8', '申请部门', 'dept', 'a:4:{s:6:\"modify\";s:5:\"false\";s:5:\"title\";s:12:\"申请部门\";s:5:\"class\";s:4:\"dept\";s:5:\"value\";s:0:\"\";}', '0', '4');
INSERT INTO `form_html_field` VALUES ('561c93cc07a8f', '441f8aba-9d99-f166-8d14-144a52134ca8', '车型', 'v_text', 'a:6:{s:5:\"title\";s:6:\"车型\";s:5:\"class\";s:6:\"v_text\";s:5:\"value\";s:0:\"\";s:6:\"height\";s:0:\"\";s:5:\"width\";s:0:\"\";s:8:\"fontSize\";s:0:\"\";}', '0', '5');
INSERT INTO `form_html_field` VALUES ('561c93cc0b798', '441f8aba-9d99-f166-8d14-144a52134ca8', '用车时间', 'date', 'a:3:{s:5:\"title\";s:12:\"用车时间\";s:5:\"class\";s:4:\"date\";s:6:\"format\";s:10:\"yyyy-MM-dd\";}', '0', '8');
INSERT INTO `form_html_field` VALUES ('561c93cc0f4a1', '441f8aba-9d99-f166-8d14-144a52134ca8', '结束时间', 'date', 'a:3:{s:5:\"title\";s:12:\"结束时间\";s:5:\"class\";s:4:\"date\";s:6:\"format\";s:10:\"yyyy-MM-dd\";}', '0', '11');
INSERT INTO `form_html_field` VALUES ('561c93cc131aa', '441f8aba-9d99-f166-8d14-144a52134ca8', '目的地及路线', 'textarea', 'a:6:{s:5:\"title\";s:18:\"目的地及路线\";s:5:\"class\";s:8:\"textarea\";s:6:\"height\";s:2:\"50\";s:5:\"width\";s:3:\"600\";s:5:\"value\";s:0:\"\";s:8:\"fontSize\";s:0:\"\";}', '0', '12');
INSERT INTO `form_html_field` VALUES ('561c93cc16eb3', '441f8aba-9d99-f166-8d14-144a52134ca8', '申请事由', 'textarea', 'a:6:{s:5:\"title\";s:12:\"申请事由\";s:5:\"class\";s:8:\"textarea\";s:6:\"height\";s:2:\"50\";s:5:\"width\";s:3:\"600\";s:5:\"value\";s:0:\"\";s:8:\"fontSize\";s:0:\"\";}', '0', '13');
INSERT INTO `form_html_field` VALUES ('561c93cc1abbc', '441f8aba-9d99-f166-8d14-144a52134ca8', '部门主管意见', 'textarea', 'a:6:{s:5:\"title\";s:18:\"部门主管意见\";s:5:\"class\";s:8:\"textarea\";s:6:\"height\";s:2:\"50\";s:5:\"width\";s:3:\"600\";s:5:\"value\";s:0:\"\";s:8:\"fontSize\";s:0:\"\";}', '0', '14');
INSERT INTO `form_html_field` VALUES ('561c93cc1e8c5', '441f8aba-9d99-f166-8d14-144a52134ca8', '管理部门意见', 'textarea', 'a:6:{s:5:\"title\";s:18:\"管理部门意见\";s:5:\"class\";s:8:\"textarea\";s:6:\"height\";s:2:\"50\";s:5:\"width\";s:3:\"600\";s:5:\"value\";s:0:\"\";s:8:\"fontSize\";s:0:\"\";}', '0', '15');
INSERT INTO `form_html_field` VALUES ('561c93cc225ce', '441f8aba-9d99-f166-8d14-144a52134ca8', '起始数', 'v_text', 'a:6:{s:5:\"title\";s:9:\"起始数\";s:5:\"class\";s:6:\"v_text\";s:5:\"value\";s:0:\"\";s:6:\"height\";s:0:\"\";s:5:\"width\";s:0:\"\";s:8:\"fontSize\";s:0:\"\";}', '0', '16');
INSERT INTO `form_html_field` VALUES ('561c93cc262d7', '441f8aba-9d99-f166-8d14-144a52134ca8', '归来时间', 'date', 'a:3:{s:5:\"title\";s:12:\"归来时间\";s:5:\"class\";s:4:\"date\";s:6:\"format\";s:10:\"yyyy-MM-dd\";}', '0', '19');
INSERT INTO `form_html_field` VALUES ('561c93cc29fe0', '441f8aba-9d99-f166-8d14-144a52134ca8', '出车费用', 'v_text', 'a:6:{s:5:\"title\";s:12:\"出车费用\";s:5:\"class\";s:6:\"v_text\";s:5:\"value\";s:0:\"\";s:6:\"height\";s:0:\"\";s:5:\"width\";s:0:\"\";s:8:\"fontSize\";s:0:\"\";}', '0', '20');
INSERT INTO `form_html_field` VALUES ('561c93cc2dce9', '441f8aba-9d99-f166-8d14-144a52134ca8', '终止数', 'v_text', 'a:6:{s:5:\"title\";s:9:\"终止数\";s:5:\"class\";s:6:\"v_text\";s:5:\"value\";s:0:\"\";s:6:\"height\";s:0:\"\";s:5:\"width\";s:0:\"\";s:8:\"fontSize\";s:0:\"\";}', '0', '21');
INSERT INTO `form_html_field` VALUES ('561c93cc319f2', '441f8aba-9d99-f166-8d14-144a52134ca8', '行驶里程', 'v_text', 'a:6:{s:5:\"title\";s:12:\"行驶里程\";s:5:\"class\";s:6:\"v_text\";s:5:\"value\";s:0:\"\";s:6:\"height\";s:0:\"\";s:5:\"width\";s:0:\"\";s:8:\"fontSize\";s:0:\"\";}', '0', '22');
INSERT INTO `form_html_field` VALUES ('5632ca8c0f424', 'f302c471-a069-c045-36f3-96b198127107', '姓名', 'v_text', 'a:6:{s:5:\"title\";s:6:\"姓名\";s:5:\"class\";s:6:\"v_text\";s:5:\"value\";s:0:\"\";s:6:\"height\";s:0:\"\";s:5:\"width\";s:3:\"150\";s:8:\"fontSize\";s:0:\"\";}', '0', '1');
INSERT INTO `form_html_field` VALUES ('5632caa8e4e1c', 'f302c471-a069-c045-36f3-96b198127107', '性别', 'label', 'a:3:{s:5:\"title\";s:6:\"性别\";s:5:\"class\";s:5:\"label\";s:5:\"value\";s:3:\"男\";}', '0', '2');
INSERT INTO `form_html_field` VALUES ('5632cb7344aa2', 'f302c471-a069-c045-36f3-96b198127107', '年级', 'select', 'a:5:{s:5:\"title\";s:6:\"年级\";s:5:\"class\";s:6:\"select\";s:5:\"value\";s:0:\"\";s:4:\"size\";s:0:\"\";s:8:\"multiple\";s:5:\"false\";}', '0', '3');
INSERT INTO `form_html_field` VALUES ('5632cd2b7a120', 'f302c471-a069-c045-36f3-96b198127107', '班级', 'select', 'a:5:{s:5:\"title\";s:6:\"班级\";s:5:\"class\";s:6:\"select\";s:5:\"value\";s:0:\"\";s:4:\"size\";s:0:\"\";s:8:\"multiple\";s:5:\"false\";}', '0', '4');
INSERT INTO `form_html_field` VALUES ('5632cd8376417', 'f302c471-a069-c045-36f3-96b198127107', '获奖级别', 'select', 'a:5:{s:5:\"title\";s:12:\"获奖级别\";s:5:\"class\";s:6:\"select\";s:5:\"value\";s:0:\"\";s:4:\"size\";s:0:\"\";s:8:\"multiple\";s:5:\"false\";}', '0', '5');
INSERT INTO `form_html_field` VALUES ('5632cda9d9701', 'f302c471-a069-c045-36f3-96b198127107', '获奖等级', 'v_text', 'a:6:{s:5:\"title\";s:12:\"获奖等级\";s:5:\"class\";s:6:\"v_text\";s:5:\"value\";s:0:\"\";s:6:\"height\";s:0:\"\";s:5:\"width\";s:3:\"150\";s:8:\"fontSize\";s:0:\"\";}', '0', '6');
INSERT INTO `form_html_field` VALUES ('5632cdbf9c671', 'f302c471-a069-c045-36f3-96b198127107', '获奖类别', 'v_text', 'a:6:{s:5:\"title\";s:12:\"获奖类别\";s:5:\"class\";s:6:\"v_text\";s:5:\"value\";s:0:\"\";s:6:\"height\";s:0:\"\";s:5:\"width\";s:3:\"150\";s:8:\"fontSize\";s:0:\"\";}', '0', '7');
INSERT INTO `form_html_field` VALUES ('5632cdccbaeb9', 'f302c471-a069-c045-36f3-96b198127107', '授予单位', 'v_text', 'a:6:{s:5:\"title\";s:12:\"授予单位\";s:5:\"class\";s:6:\"v_text\";s:5:\"value\";s:0:\"\";s:6:\"height\";s:0:\"\";s:5:\"width\";s:3:\"150\";s:8:\"fontSize\";s:0:\"\";}', '0', '8');
INSERT INTO `form_html_field` VALUES ('5632ce0c6ea05', 'f302c471-a069-c045-36f3-96b198127107', '获奖时间', 'date', 'a:5:{s:5:\"title\";s:12:\"获奖时间\";s:5:\"class\";s:4:\"date\";s:5:\"width\";s:3:\"150\";s:6:\"format\";s:10:\"yyyy-MM-dd\";s:14:\"defaultCurTime\";s:5:\"false\";}', '0', '9');
INSERT INTO `form_html_field` VALUES ('5632ce95f0537', 'f302c471-a069-c045-36f3-96b198127107', '填报人', 'v_text', 'a:6:{s:5:\"title\";s:9:\"填报人\";s:5:\"class\";s:6:\"v_text\";s:5:\"value\";s:0:\"\";s:6:\"height\";s:0:\"\";s:5:\"width\";s:3:\"150\";s:8:\"fontSize\";s:0:\"\";}', '0', '10');
INSERT INTO `form_html_field` VALUES ('5636d5c1dbd17', '9a6af98f-5c2a-402c-03a8-e5b878263f9d', '姓名', 'v_text', 'a:6:{s:5:\"title\";s:6:\"姓名\";s:5:\"class\";s:6:\"v_text\";s:5:\"value\";s:0:\"\";s:6:\"height\";s:0:\"\";s:5:\"width\";s:0:\"\";s:8:\"fontSize\";s:0:\"\";}', '0', '1');
INSERT INTO `form_html_field` VALUES ('5636d5d55deee', '9a6af98f-5c2a-402c-03a8-e5b878263f9d', '时间', 'date', 'a:5:{s:5:\"title\";s:6:\"时间\";s:5:\"class\";s:4:\"date\";s:5:\"width\";s:3:\"160\";s:6:\"format\";s:10:\"yyyy-MM-dd\";s:14:\"defaultCurTime\";s:5:\"false\";}', '0', '2');
INSERT INTO `form_html_field` VALUES ('5636d60887e51', '9a6af98f-5c2a-402c-03a8-e5b878263f9d', '主题', 'v_text', 'a:6:{s:5:\"title\";s:6:\"主题\";s:5:\"class\";s:6:\"v_text\";s:5:\"value\";s:0:\"\";s:6:\"height\";s:0:\"\";s:5:\"width\";s:3:\"500\";s:8:\"fontSize\";s:0:\"\";}', '0', '3');
INSERT INTO `form_html_field` VALUES ('5636d624c8bea', '9a6af98f-5c2a-402c-03a8-e5b878263f9d', '心得体会', 'textarea', 'a:6:{s:5:\"title\";s:12:\"心得体会\";s:5:\"class\";s:8:\"textarea\";s:6:\"height\";s:3:\"280\";s:5:\"width\";s:3:\"550\";s:5:\"value\";s:0:\"\";s:8:\"fontSize\";s:0:\"\";}', '0', '4');
INSERT INTO `form_html_field` VALUES ('5636ef754adc1', '234568ef-5ef9-6542-99ab-97c1e29e7ec9', '请假人', 'v_text', 'a:6:{s:5:\"title\";s:9:\"请假人\";s:5:\"class\";s:6:\"v_text\";s:5:\"value\";s:0:\"\";s:6:\"height\";s:0:\"\";s:5:\"width\";s:0:\"\";s:8:\"fontSize\";s:0:\"\";}', '0', '1');
INSERT INTO `form_html_field` VALUES ('5636ef8215743', '234568ef-5ef9-6542-99ab-97c1e29e7ec9', '申请时间', 'datetime', 'a:5:{s:5:\"title\";s:12:\"申请时间\";s:5:\"class\";s:8:\"datetime\";s:5:\"width\";s:3:\"160\";s:6:\"format\";s:19:\"yyyy-MM-dd HH:mm:ss\";s:14:\"defaultCurTime\";s:5:\"false\";}', '0', '2');
INSERT INTO `form_html_field` VALUES ('5636efe0c4ee1', '234568ef-5ef9-6542-99ab-97c1e29e7ec9', '请假事由', 'textarea', 'a:6:{s:5:\"title\";s:12:\"请假事由\";s:5:\"class\";s:8:\"textarea\";s:6:\"height\";s:2:\"70\";s:5:\"width\";s:3:\"500\";s:5:\"value\";s:0:\"\";s:8:\"fontSize\";s:0:\"\";}', '0', '3');
INSERT INTO `form_html_field` VALUES ('5636f00bbd4cf', '234568ef-5ef9-6542-99ab-97c1e29e7ec9', '请假时间', 'datetime', 'a:5:{s:5:\"title\";s:12:\"请假时间\";s:5:\"class\";s:8:\"datetime\";s:5:\"width\";s:3:\"160\";s:6:\"format\";s:19:\"yyyy-MM-dd HH:mm:ss\";s:14:\"defaultCurTime\";s:5:\"false\";}', '0', '4');
INSERT INTO `form_html_field` VALUES ('5636f01a9ec87', '234568ef-5ef9-6542-99ab-97c1e29e7ec9', '请假时间2', 'datetime', 'a:5:{s:5:\"title\";s:13:\"请假时间2\";s:5:\"class\";s:8:\"datetime\";s:5:\"width\";s:3:\"160\";s:6:\"format\";s:19:\"yyyy-MM-dd HH:mm:ss\";s:14:\"defaultCurTime\";s:5:\"false\";}', '0', '5');
INSERT INTO `form_html_field` VALUES ('5636f051dbd17', '234568ef-5ef9-6542-99ab-97c1e29e7ec9', '课程处理', 'select', 'a:5:{s:5:\"title\";s:12:\"课程处理\";s:5:\"class\";s:6:\"select\";s:5:\"value\";s:0:\"\";s:4:\"size\";s:0:\"\";s:8:\"multiple\";s:5:\"false\";}', '0', '6');
INSERT INTO `form_html_field` VALUES ('5636f1ef7c736', '234568ef-5ef9-6542-99ab-97c1e29e7ec9', '审批人', 'v_text', 'a:6:{s:5:\"title\";s:9:\"审批人\";s:5:\"class\";s:6:\"v_text\";s:5:\"value\";s:0:\"\";s:6:\"height\";s:0:\"\";s:5:\"width\";s:0:\"\";s:8:\"fontSize\";s:0:\"\";}', '0', '7');
INSERT INTO `form_html_field` VALUES ('5636f1fa0dd31', '234568ef-5ef9-6542-99ab-97c1e29e7ec9', '审批日期', 'datetime', 'a:5:{s:5:\"title\";s:12:\"审批日期\";s:5:\"class\";s:8:\"datetime\";s:5:\"width\";s:3:\"160\";s:6:\"format\";s:19:\"yyyy-MM-dd HH:mm:ss\";s:14:\"defaultCurTime\";s:5:\"false\";}', '0', '8');
INSERT INTO `form_html_field` VALUES ('5636f21a74d24', '234568ef-5ef9-6542-99ab-97c1e29e7ec9', '审批结果', 'select', 'a:5:{s:5:\"title\";s:12:\"审批结果\";s:5:\"class\";s:6:\"select\";s:5:\"value\";s:0:\"\";s:4:\"size\";s:0:\"\";s:8:\"multiple\";s:5:\"false\";}', '0', '9');
INSERT INTO `form_html_field` VALUES ('5636f2510dd31', '234568ef-5ef9-6542-99ab-97c1e29e7ec9', '教导处调课人', 'v_text', 'a:6:{s:5:\"title\";s:18:\"教导处调课人\";s:5:\"class\";s:6:\"v_text\";s:5:\"value\";s:0:\"\";s:6:\"height\";s:0:\"\";s:5:\"width\";s:0:\"\";s:8:\"fontSize\";s:0:\"\";}', '0', '10');
INSERT INTO `form_html_field` VALUES ('5636f25a0631f', '234568ef-5ef9-6542-99ab-97c1e29e7ec9', '调课日期', 'datetime', 'a:5:{s:5:\"title\";s:12:\"调课日期\";s:5:\"class\";s:8:\"datetime\";s:5:\"width\";s:3:\"160\";s:6:\"format\";s:19:\"yyyy-MM-dd HH:mm:ss\";s:14:\"defaultCurTime\";s:5:\"false\";}', '0', '11');
INSERT INTO `form_html_field` VALUES ('56370865b5abd', '0626ea59-00c0-72fc-716a-6ee894fdd930', '报修人', 'v_text', 'a:6:{s:5:\"title\";s:9:\"报修人\";s:5:\"class\";s:6:\"v_text\";s:5:\"value\";s:0:\"\";s:6:\"height\";s:0:\"\";s:5:\"width\";s:0:\"\";s:8:\"fontSize\";s:0:\"\";}', '0', '1');
INSERT INTO `form_html_field` VALUES ('563708798043f', '0626ea59-00c0-72fc-716a-6ee894fdd930', '部门', 'dept', 'a:4:{s:6:\"modify\";s:5:\"false\";s:5:\"title\";s:6:\"部门\";s:5:\"class\";s:4:\"dept\";s:5:\"value\";s:0:\"\";}', '0', '2');
INSERT INTO `form_html_field` VALUES ('563708ae11a3a', '0626ea59-00c0-72fc-716a-6ee894fdd930', '报修时间', 'datetime', 'a:5:{s:5:\"title\";s:12:\"报修时间\";s:5:\"class\";s:8:\"datetime\";s:5:\"width\";s:3:\"160\";s:6:\"format\";s:19:\"yyyy-MM-dd HH:mm:ss\";s:14:\"defaultCurTime\";s:5:\"false\";}', '0', '3');
INSERT INTO `form_html_field` VALUES ('563708b3d4305', '0626ea59-00c0-72fc-716a-6ee894fdd930', '地点', 'v_text', 'a:6:{s:5:\"title\";s:6:\"地点\";s:5:\"class\";s:6:\"v_text\";s:5:\"value\";s:0:\"\";s:6:\"height\";s:0:\"\";s:5:\"width\";s:0:\"\";s:8:\"fontSize\";s:0:\"\";}', '0', '4');
INSERT INTO `form_html_field` VALUES ('563708bc15743', '0626ea59-00c0-72fc-716a-6ee894fdd930', '联系电话', 'v_text', 'a:6:{s:5:\"title\";s:12:\"联系电话\";s:5:\"class\";s:6:\"v_text\";s:5:\"value\";s:0:\"\";s:6:\"height\";s:0:\"\";s:5:\"width\";s:0:\"\";s:8:\"fontSize\";s:0:\"\";}', '0', '5');
INSERT INTO `form_html_field` VALUES ('56370905527d3', '0626ea59-00c0-72fc-716a-6ee894fdd930', '故障描述', 'textarea', 'a:6:{s:5:\"title\";s:12:\"故障描述\";s:5:\"class\";s:8:\"textarea\";s:6:\"height\";s:3:\"120\";s:5:\"width\";s:3:\"500\";s:5:\"value\";s:0:\"\";s:8:\"fontSize\";s:0:\"\";}', '0', '6');
INSERT INTO `form_html_field` VALUES ('5637091837c94', '0626ea59-00c0-72fc-716a-6ee894fdd930', '维修人员', 'v_text', 'a:6:{s:5:\"title\";s:12:\"维修人员\";s:5:\"class\";s:6:\"v_text\";s:5:\"value\";s:0:\"\";s:6:\"height\";s:0:\"\";s:5:\"width\";s:0:\"\";s:8:\"fontSize\";s:0:\"\";}', '0', '7');
INSERT INTO `form_html_field` VALUES ('5637092361bf7', '0626ea59-00c0-72fc-716a-6ee894fdd930', '维修电话', 'v_text', 'a:6:{s:5:\"title\";s:12:\"维修电话\";s:5:\"class\";s:6:\"v_text\";s:5:\"value\";s:0:\"\";s:6:\"height\";s:0:\"\";s:5:\"width\";s:0:\"\";s:8:\"fontSize\";s:0:\"\";}', '0', '8');
INSERT INTO `form_html_field` VALUES ('5637092ddfa20', '0626ea59-00c0-72fc-716a-6ee894fdd930', '开始时间', 'datetime', 'a:5:{s:5:\"title\";s:12:\"开始时间\";s:5:\"class\";s:8:\"datetime\";s:5:\"width\";s:3:\"160\";s:6:\"format\";s:19:\"yyyy-MM-dd HH:mm:ss\";s:14:\"defaultCurTime\";s:5:\"false\";}', '0', '9');
INSERT INTO `form_html_field` VALUES ('563709384adc1', '0626ea59-00c0-72fc-716a-6ee894fdd930', '完成时间', 'datetime', 'a:5:{s:5:\"title\";s:12:\"完成时间\";s:5:\"class\";s:8:\"datetime\";s:5:\"width\";s:3:\"160\";s:6:\"format\";s:19:\"yyyy-MM-dd HH:mm:ss\";s:14:\"defaultCurTime\";s:5:\"false\";}', '0', '10');
INSERT INTO `form_html_field` VALUES ('5637094d0dd31', '0626ea59-00c0-72fc-716a-6ee894fdd930', '备注', 'textarea', 'a:6:{s:5:\"title\";s:6:\"备注\";s:5:\"class\";s:8:\"textarea\";s:6:\"height\";s:3:\"180\";s:5:\"width\";s:3:\"500\";s:5:\"value\";s:0:\"\";s:8:\"fontSize\";s:0:\"\";}', '0', '11');
INSERT INTO `form_html_field` VALUES ('56371a0caa3a2', 'd8ccc041-15ef-bc5e-6f40-b755a1492ced', '申请人', 'v_text', 'a:6:{s:5:\"title\";s:9:\"申请人\";s:5:\"class\";s:6:\"v_text\";s:5:\"value\";s:0:\"\";s:6:\"height\";s:0:\"\";s:5:\"width\";s:0:\"\";s:8:\"fontSize\";s:0:\"\";}', '0', '1');
INSERT INTO `form_html_field` VALUES ('56371a12c11d8', 'd8ccc041-15ef-bc5e-6f40-b755a1492ced', '申请部门', 'v_text', 'a:6:{s:5:\"title\";s:12:\"申请部门\";s:5:\"class\";s:6:\"v_text\";s:5:\"value\";s:0:\"\";s:6:\"height\";s:0:\"\";s:5:\"width\";s:0:\"\";s:8:\"fontSize\";s:0:\"\";}', '0', '2');
INSERT INTO `form_html_field` VALUES ('56371a27d4305', 'd8ccc041-15ef-bc5e-6f40-b755a1492ced', '申请时间', 'datetime', 'a:5:{s:5:\"title\";s:12:\"申请时间\";s:5:\"class\";s:8:\"datetime\";s:5:\"width\";s:0:\"\";s:6:\"format\";s:19:\"yyyy-MM-dd HH:mm:ss\";s:14:\"defaultCurTime\";s:5:\"false\";}', '1', '0');
INSERT INTO `form_html_field` VALUES ('56371a8b0dd31', 'd8ccc041-15ef-bc5e-6f40-b755a1492ced', '申请时间', 'datetime', 'a:5:{s:5:\"title\";s:12:\"申请时间\";s:5:\"class\";s:8:\"datetime\";s:5:\"width\";s:3:\"160\";s:6:\"format\";s:19:\"yyyy-MM-dd HH:mm:ss\";s:14:\"defaultCurTime\";s:5:\"false\";}', '0', '3');
INSERT INTO `form_html_field` VALUES ('56371ab0d05fc', 'd8ccc041-15ef-bc5e-6f40-b755a1492ced', '设备名称', 'v_text', 'a:6:{s:5:\"title\";s:12:\"设备名称\";s:5:\"class\";s:6:\"v_text\";s:5:\"value\";s:0:\"\";s:6:\"height\";s:0:\"\";s:5:\"width\";s:0:\"\";s:8:\"fontSize\";s:0:\"\";}', '0', '4');
INSERT INTO `form_html_field` VALUES ('56371abae3729', 'd8ccc041-15ef-bc5e-6f40-b755a1492ced', '预计金额', 'v_text', 'a:6:{s:5:\"title\";s:12:\"预计金额\";s:5:\"class\";s:6:\"v_text\";s:5:\"value\";s:0:\"\";s:6:\"height\";s:2:\"22\";s:5:\"width\";s:3:\"209\";s:8:\"fontSize\";s:0:\"\";}', '0', '5');
INSERT INTO `form_html_field` VALUES ('56371b164eaca', 'd8ccc041-15ef-bc5e-6f40-b755a1492ced', '申请理由', 'textarea', 'a:6:{s:5:\"title\";s:12:\"申请理由\";s:5:\"class\";s:8:\"textarea\";s:6:\"height\";s:2:\"90\";s:5:\"width\";s:3:\"500\";s:5:\"value\";s:0:\"\";s:8:\"fontSize\";s:0:\"\";}', '0', '6');
INSERT INTO `form_html_field` VALUES ('56371b4bd4305', 'd8ccc041-15ef-bc5e-6f40-b755a1492ced', '负责人意见', 'textarea', 'a:6:{s:5:\"title\";s:15:\"负责人意见\";s:5:\"class\";s:8:\"textarea\";s:6:\"height\";s:2:\"90\";s:5:\"width\";s:3:\"500\";s:5:\"value\";s:0:\"\";s:8:\"fontSize\";s:0:\"\";}', '0', '7');
INSERT INTO `form_html_field` VALUES ('56371b63c8bea', 'd8ccc041-15ef-bc5e-6f40-b755a1492ced', '主管意见', 'textarea', 'a:6:{s:5:\"title\";s:12:\"主管意见\";s:5:\"class\";s:8:\"textarea\";s:6:\"height\";s:2:\"90\";s:5:\"width\";s:3:\"500\";s:5:\"value\";s:0:\"\";s:8:\"fontSize\";s:0:\"\";}', '0', '8');
INSERT INTO `form_html_field` VALUES ('56371b713b99d', 'd8ccc041-15ef-bc5e-6f40-b755a1492ced', '主管校长', 'textarea', 'a:6:{s:5:\"title\";s:12:\"主管校长\";s:5:\"class\";s:8:\"textarea\";s:6:\"height\";s:2:\"90\";s:5:\"width\";s:3:\"500\";s:5:\"value\";s:0:\"\";s:8:\"fontSize\";s:0:\"\";}', '0', '9');
INSERT INTO `form_html_field` VALUES ('56371b98d4305', 'd8ccc041-15ef-bc5e-6f40-b755a1492ced', '校长或书记审批', 'textarea', 'a:6:{s:5:\"title\";s:21:\"校长或书记审批\";s:5:\"class\";s:8:\"textarea\";s:6:\"height\";s:2:\"90\";s:5:\"width\";s:3:\"500\";s:5:\"value\";s:0:\"\";s:8:\"fontSize\";s:0:\"\";}', '0', '10');
INSERT INTO `form_html_field` VALUES ('56371ba09356c', 'd8ccc041-15ef-bc5e-6f40-b755a1492ced', '实际金额', 'v_text', 'a:6:{s:5:\"title\";s:12:\"实际金额\";s:5:\"class\";s:6:\"v_text\";s:5:\"value\";s:0:\"\";s:6:\"height\";s:2:\"22\";s:5:\"width\";s:3:\"186\";s:8:\"fontSize\";s:0:\"\";}', '0', '11');
INSERT INTO `form_html_field` VALUES ('56371bb3b5abd', 'd8ccc041-15ef-bc5e-6f40-b755a1492ced', '财务结算', 'textarea', 'a:6:{s:5:\"title\";s:12:\"财务结算\";s:5:\"class\";s:8:\"textarea\";s:6:\"height\";s:2:\"90\";s:5:\"width\";s:3:\"500\";s:5:\"value\";s:0:\"\";s:8:\"fontSize\";s:0:\"\";}', '0', '12');

-- ----------------------------
-- Table structure for form_html_mobile
-- ----------------------------
DROP TABLE IF EXISTS `form_html_mobile`;
CREATE TABLE `form_html_mobile` (
  `form_id` char(36) NOT NULL,
  `mobile_form_html` mediumtext,
  `is_enable` tinyint(1) NOT NULL DEFAULT '1',
  PRIMARY KEY (`form_id`)
) ENGINE=InnoDB DEFAULT CHARSET=utf8;

-- ----------------------------
-- Records of form_html_mobile
-- ----------------------------

-- ----------------------------
-- Table structure for form_map
-- ----------------------------
DROP TABLE IF EXISTS `form_map`;
CREATE TABLE `form_map` (
  `id` int(11) NOT NULL AUTO_INCREMENT,
  `form_id` char(36) NOT NULL,
  `model` varchar(64) NOT NULL,
  `pk` char(36) NOT NULL,
  `type` tinyint(4) NOT NULL,
  PRIMARY KEY (`id`),
  KEY `idx_model` (`model`),
  KEY `idx_pk` (`pk`)
) ENGINE=InnoDB AUTO_INCREMENT=11 DEFAULT CHARSET=utf8;

-- ----------------------------
-- Records of form_map
-- ----------------------------
INSERT INTO `form_map` VALUES ('6', '9a0cef49-8ce9-5701-1743-831d7515ddec', 'wf_df_application', '2fee21f5-b3e4-360e-b3f4-b5c51da5757b', '1');
INSERT INTO `form_map` VALUES ('7', '7d331417-cc18-9640-08ee-446e04c95b10', 'wf_df_application', '7a10c00a-ed4f-864c-e615-c5f0922ecb97', '1');
INSERT INTO `form_map` VALUES ('8', 'e94353a6-59f8-b4a7-82c7-98d8c4b65ff8', 'wf_df_application', '8ba29a2a-d6e6-510f-baa7-0d13f7f7fa3c', '1');
INSERT INTO `form_map` VALUES ('9', 'b266bb81-4a83-f375-cfe3-1925e02fa215', 'wf_df_application', 'ebed23aa-c5e3-a207-f58f-f39660728491', '1');
INSERT INTO `form_map` VALUES ('10', '7bae1098-fcb2-bfb2-c9ea-319e28d32676', 'wf_df_application', 'f7322fc5-e724-41b9-fc10-6651af38738c', '1');

-- ----------------------------
-- Table structure for form_map_seal
-- ----------------------------
DROP TABLE IF EXISTS `form_map_seal`;
CREATE TABLE `form_map_seal` (
  `id` int(11) NOT NULL AUTO_INCREMENT,
  `form_id` char(36) DEFAULT NULL COMMENT '表单id',
  `form_data_id` int(11) DEFAULT NULL COMMENT '表单数据id',
  `field_id` varchar(128) DEFAULT NULL COMMENT '控件id',
  `model` varchar(100) DEFAULT NULL COMMENT '关联模型名称',
  `img_data` mediumtext COMMENT '控件数据',
  `pk` int(11) DEFAULT NULL COMMENT '主键',
  PRIMARY KEY (`id`)
) ENGINE=InnoDB DEFAULT CHARSET=utf8;

-- ----------------------------
-- Records of form_map_seal
-- ----------------------------

-- ----------------------------
-- Table structure for form_sort
-- ----------------------------
DROP TABLE IF EXISTS `form_sort`;
CREATE TABLE `form_sort` (
  `id` int(11) NOT NULL AUTO_INCREMENT,
  `module` varchar(20) NOT NULL,
  `sort_no` int(11) NOT NULL,
  `sort_name` varchar(200) NOT NULL,
  `sort_parent` int(11) NOT NULL,
  `dept_id` int(11) DEFAULT NULL,
  `create_user` int(11) NOT NULL DEFAULT '1' COMMENT '创建者',
  PRIMARY KEY (`id`)
) ENGINE=InnoDB AUTO_INCREMENT=5 DEFAULT CHARSET=utf8;

-- ----------------------------
-- Records of form_sort
-- ----------------------------
INSERT INTO `form_sort` VALUES ('1', '公文模块', '1', '公文', '0', null, '1');
INSERT INTO `form_sort` VALUES ('2', '行政审批', '2', '行政审批', '0', null, '1');
INSERT INTO `form_sort` VALUES ('3', '其他', '3', '其他', '0', null, '1');
INSERT INTO `form_sort` VALUES ('4', '人事', '3', '人事', '0', null, '1');

-- ----------------------------
-- Table structure for friendlylink
-- ----------------------------
DROP TABLE IF EXISTS `friendlylink`;
CREATE TABLE `friendlylink` (
  `id` int(11) NOT NULL AUTO_INCREMENT,
  `title` varchar(50) NOT NULL COMMENT '链接标题',
  `linkaddr` varchar(100) NOT NULL COMMENT '链接地址',
  `opentype` int(1) NOT NULL DEFAULT '0' COMMENT '链接打开方式(0:默认1：新窗口 2：当前窗口 3：父窗口 4：顶层窗口 )',
  `reorder` int(11) NOT NULL DEFAULT '0' COMMENT '排序号',
  `is_publish` int(1) NOT NULL DEFAULT '0' COMMENT '是否发布',
  `create_user` int(11) NOT NULL COMMENT '发布人',
  `create_time` int(11) NOT NULL COMMENT '发布时间',
  `create_user_name` varchar(20) NOT NULL COMMENT '发布人姓名',
  PRIMARY KEY (`id`)
) ENGINE=InnoDB AUTO_INCREMENT=9 DEFAULT CHARSET=utf8;

-- ----------------------------
-- Records of friendlylink
-- ----------------------------
INSERT INTO `friendlylink` VALUES ('1', '中华人民共和国教育部', 'http://www.moe.gov.cn/', '1', '1', '1', '1', '1446108335', '系统管理员');
INSERT INTO `friendlylink` VALUES ('2', '中国教育在线', 'http://www.eol.cn/', '1', '2', '1', '1', '1446108439', '系统管理员');
INSERT INTO `friendlylink` VALUES ('3', '中国教育信息化网', 'http://www.ict.edu.cn/', '1', '3', '1', '1', '1446108508', '系统管理员');
INSERT INTO `friendlylink` VALUES ('4', '世界教育信息网', 'http://www.wei.moe.edu.cn/zh/', '1', '4', '1', '1', '1446108556', '系统管理员');
INSERT INTO `friendlylink` VALUES ('5', '国家留学网', 'http://www.csc.edu.cn/', '0', '5', '1', '1', '1446108602', '系统管理员');
INSERT INTO `friendlylink` VALUES ('6', '中国教育新闻网', 'http://www.jyb.cn/', '0', '6', '1', '1', '1446108653', '系统管理员');
INSERT INTO `friendlylink` VALUES ('7', '中国统一教育网', 'http://www.tongyi.com/', '0', '7', '1', '1', '1446108789', '系统管理员');
INSERT INTO `friendlylink` VALUES ('8', '中国教育培训网', 'http://jiaoyu.hangye8.com/', '0', '8', '1', '1', '1446108928', '系统管理员');

-- ----------------------------
-- Table structure for help
-- ----------------------------
DROP TABLE IF EXISTS `help`;
CREATE TABLE `help` (
  `id` int(11) NOT NULL AUTO_INCREMENT,
  `title` varchar(255) NOT NULL COMMENT '标题',
  `main_id` int(11) NOT NULL COMMENT '所属分类',
  `content` mediumtext NOT NULL COMMENT '内容',
  `create_time` int(11) NOT NULL,
  `create_user` int(11) NOT NULL,
  `update_time` int(11) NOT NULL,
  `update_user` int(11) NOT NULL,
  `top` int(1) NOT NULL,
  PRIMARY KEY (`id`)
) ENGINE=InnoDB AUTO_INCREMENT=228 DEFAULT CHARSET=utf8;

-- ----------------------------
-- Records of help
-- ----------------------------
INSERT INTO `help` VALUES ('2', '数据库脚本导出', '1', '系统管理-> 数据库管理，选中所有的表，右下角点击数据库脚本导出进行备份，将整个库备份为一个完整sql文件', '1440487829', '1', '1440487829', '1', '0');
INSERT INTO `help` VALUES ('3', '如何进行个人信息设置', '3', '进入【个人办公-控制面板】，“个人信息”下设置个人资料、昵称与头像等信息；“账号与安全”下修改密码。\n\n', '1440557828', '1', '1444959425', '1', '1');
INSERT INTO `help` VALUES ('4', '精灵客户端如何登入系统', '3', '首先您需要先知道以下信息：服务器地址和端口号； IM服务器地址和端口号；您的用户名和密码。\n然后下载精灵客户端进行安装安装后，开始进行精灵系统参数配置：\n在系统设置登陆标签中正确设置用户名和密码。\n在系统设置登陆标签中正确设置服务器网址，格式为http://IP(或域名)：端口号。\n在系统设置登陆标签中正确设置即时通讯服务器IP，格式为IP（或域名）。 \n在系统设置即时通讯标签中正确设置即时通讯服务器端口。 \n使用“内外网访问地址切换功能”，可以设置两个访问地址方便切换。\n配置好以上信息您就可以开始使用精灵了。', '1440558620', '1', '1440558620', '1', '0');
INSERT INTO `help` VALUES ('5', '如何了解待办事务的基本情况', '3', '在待处理列表中，包含以下几列：流水号，审批工作名称，到达时间，操作，点击相应的文字链接，可以打开小窗口查看这些信息。点击审批工作名称，可以具体查看表单、流程、流程附件等信息，可直接在此页面办理待办事务。\n技巧：如果待办事务很多，您可以通过上方的下拉菜单选择流程，进行筛选显示。', '1440559325', '1', '1444960336', '1', '0');
INSERT INTO `help` VALUES ('6', '如何进行个人信息设置？', '7', '进入【个人事务-控制面板】，“个人信息”下设置个人资料、昵称与头像等信息。也可以使用“个人设置向导”功能，按提示进行操作即可。', '1440659087', '1', '1440659112', '1', '0');
INSERT INTO `help` VALUES ('11', '怎样进行界面主题选择？', '7', '    用户登录系统，在【个人办公-控制面板】，主题设置页面可以选择更换界面主题。\n    ', '1440659737', '1', '1441182144', '1', '0');
INSERT INTO `help` VALUES ('13', '用户名可以修改吗？', '8', '数据和用户名绑定，用户名唯一，一旦设定，不允许修改。', '1440659998', '1', '1440659998', '1', '0');
INSERT INTO `help` VALUES ('14', '怎样修改密码？', '8', '进入【个人办公-控制面板】，点击【账号安全-密码修改】，输入原密码和新密码，然后点击保存即可成功修改密码。', '1440660039', '1', '1444973834', '1', '0');
INSERT INTO `help` VALUES ('15', '密码忘记了怎么办？', '8', '如果密码忘记了，请与管理员联系，由管理员登录系统，进入【组织机构-用户管理】页面，找到该用户，重装密码即可。', '1440660124', '1', '1444973566', '1', '0');
INSERT INTO `help` VALUES ('16', '怎样实现第一次登录系统时必须修改密码？', '8', '进入【系统管理-系统参数管理】，系统安全设置中，设置“初始密码登录修改密码”为“是”即可。', '1440660173', '1', '1441181924', '1', '0');
INSERT INTO `help` VALUES ('21', '精灵客户端如何登录系统？', '9', '首先您需要先知道以下信息：服务器地址和端口号； IM服务器地址和端口号；您的用户名和密码。<br>然后下载精灵客户端进行安装（下载地址：http://www.oa1000.com），安装后，开始进行精灵系统参数配置。在系统设置登陆标签中正确设置用户名和密码。\n在系统设置登陆标签中正确设置服务器网址，格式为http://IP(或域名)：端口号。\n在系统设置登陆标签中正确设置即时通讯服务器IP，格式为IP（或域名）。 \n在系统设置即时通讯标签中正确设置即时通讯服务器端口。 \n使用“内外网访问地址切换功能”，可以设置两个访问地址方便切换。\n配置好以上信息您就可以开始使用精灵了。', '1440660385', '1', '1444974805', '1', '0');
INSERT INTO `help` VALUES ('22', '管理员如何分配用户并使其登录系统？', '9', '首先，系统管理员登录系统，进入【组织机构】，依次进入【单位管理】、【组织管理】、【角色与权限管理】中分别新建单位信息，组织信息和角色信息，再进入【用户管理】中新建用户信息。 用户信息新建完毕后，将用户名分配给公司其他成员，告知访问地址，访问登录即可。（访问地址示例： 访问地址为 安装服务器IP地址，默认端口80， 局域网访问地址为http://服务器IP；若端口不是80，则访问地址为http://服务器IP:自定义端口号。 外网访问情况不同，请联系网络管理员进行端口映射）。', '1440660717', '1', '1440665912', '1', '0');
INSERT INTO `help` VALUES ('24', '如何发送电子邮件？', '10', '进入【个人办公-电子邮件】，点击“写邮件”进行邮件撰写、编辑，然后按照下面步骤进行发送：\n1.在“收件人”一栏中添加一位或多位联系人，选中的联系人将会自动填写在“收件人”一栏中；\n2.若您想抄送或密送信件，请点击“添加抄送”或“添加密送”，将会出现抄送或密送输入栏，再添加抄送或密送联系人。密送就是秘密发给收件人/抄送人以外的一方；\n3.在邮件内容中填写您的新建正文；\n4.若您想添加外部收件人，请点击“添加外部收件人”，将会出现外部收件人输入框，在此即可添加外部收件人；\n5.如果您需要随信附上文件或者图片，请点击“添加附件”或者“添加图片”，在弹出的对话框中，选择您要添加的附件或图片后点击“打开”即可；也可以点击附件名称后面的“×”按钮，删除不要的附件。如要同时添加多个附件，请点击“批量上传”；\n6.点击“发送”按钮，邮件就可以发送出去。如果粘贴了附件，在发送的同时，附件将信件正文一起发送出去。', '1440660787', '1', '1444976711', '1', '0');
INSERT INTO `help` VALUES ('25', '怎样从系统里发送外部邮件？', '10', '进入【个人办公-电子邮件】，点开“Internet邮箱”，新建邮件，配置好邮件账户。写邮件时，添加外部邮件人，编辑相应邮件内容，然后点击发送即可成功从系统里发送外部邮件。', '1440660840', '1', '1444976637', '1', '0');
INSERT INTO `help` VALUES ('26', '怎么发布公告通知？', '10', '发布公告通知权限并非全体，有权限的用户才能发布公告通知。进入【信息发布——公告通知管理】页面，点击【起草公告】按钮，编辑公告通知的相关内容，然后点击页面右上方的【发布】按钮即可成功发布公告通知。注意在编辑公告通知内容时，注有红色*标志的为必填字段。', '1440660875', '1', '1444976507', '1', '0');
INSERT INTO `help` VALUES ('27', '如何查询别人发给我的公告通知、新闻以及需要我参与的投票？', '10', '以上操作同属一类，都是在【信息发布】模块下分别点击【新闻】或者是【公告】进入相应模块中操作，或者直接根据事务提醒点击进行操作。', '1440661040', '1', '1444976281', '1', '0');
INSERT INTO `help` VALUES ('28', '怎样进行办公用品管理？', '10', '打开【资源管理--办公用品管理】页面，然后点击页面右上方的【新建】按钮，在新打开的页面编辑资源信息，然后点击保存即可成功新建办公用品。', '1440661709', '1', '1444976166', '1', '0');
INSERT INTO `help` VALUES ('29', '如何使用文件柜？', '10', '文件柜是通过数据库来模拟的目录结构。\n可供企业、部门、个人存放电子文档以及在异地间实现文件共享。\n文件柜分为个人文件柜和公共文件柜。\n个人文件柜的使用，用户直接进入【个人办公-个人文件柜】，“新建子文件夹”后，即可在该目录下新建和批量上传文件。\n公共文件柜的使用，首先需要管理员到【知识管理-公共文件柜设置】中新建目录，并设置“访问权限”和“新建权限”，然后有权限的用户就可以到【知识管理-公共文件柜】中打开该目录，进行文件的新建和批量上传。另外，每个目录还可以设置“编辑权限”、“删除权限”、“下载\\打印权限”、“签阅权限”和“所有者”，具体可根据实际需要设定。', '1440661896', '1', '1444975743', '1', '0');
INSERT INTO `help` VALUES ('30', '如何进行工作办理？<br><br>', '10', '接收工作办理，进入【事务审批-代办事务】进行主办查看，或者从事物提醒直接进入办理界面。\n新建工作，进入【事务审批-发起事务】，在流程分类下找到对应流程，点击新建并办理，此时，您的该流程就开始正式启用了。\n说明：能新建、办理哪些工作均与流程设计环节进行权限设置有关。', '1440662283', '1', '1440662284', '1', '0');
INSERT INTO `help` VALUES ('31', '流程设计的必要步骤是什么？', '10', '首先设计表单，然后再设计流程。进入“流程设计器”设计流程图时，流程步骤基本属性、经办权限、可写字段必须首先设置，保密字段、条件设置等可按需选择是否设置。', '1440662820', '1', '1440662820', '1', '0');
INSERT INTO `help` VALUES ('32', '什么是角色？', '10', '角色是系统中具有相同权限的若干用户的集合，可以理解为用户组，也可以与现实工作中的职位做对应设置。设置好每个角色的菜单功能权限，再到用户管理中，指定用户所属的角色，就完成了用户权限的设置。\n（辅助角色：主要用于扩展用户的菜单权限。对于相同角色的用户，有时需要对其权限设置进行扩充，可以通过为用户指定辅助角色来实现。可以把一些菜单功能权限组合为一些虚拟角色，比如“人事档案管理”，“系统管理”等，然后作为辅助角色分配给用户，这样既方便日后批量调整，也可以节省设置时间。在用户设置时选择即可）', '1440662857', '1', '1440662857', '1', '0');
INSERT INTO `help` VALUES ('34', '角色排序号的作用是什么？', '10', '首先，角色排序号用于在各个软件界面显示用户列表时，进行用户排序。\n用户排序按角色序号、用户序号、用户姓名拼音的顺序来排，确保人员排位正确。\n其次，角色排序号决定了管理层次。在日程安排查询、工作日志查询、人事档案管理、用户管理等模块，普通管理人员(管理员除外)都只能管理角色排序号在自己之后(并且在自己管理范围内)的用户。\n注意：角色可以按照现实工作中的职位来设定，但没必要完全一致，可以根据软件的权限分配需求，对于权限相同排序也相同的用户统称为一个角色。\n管理员是特殊角色，具备特殊权限，建议不要随意修改其名称，如修改也请保留其原始含义。', '1440662889', '1', '1440662889', '1', '0');
INSERT INTO `help` VALUES ('36', '怎样备份数据？', '11', '数据备份分为冷备份和热备份两种。附件文件的备份，只能使用冷备份的方法，热备份仅备份数据库。\n冷备份的方法如下：\n第1步：手动备份前，先执行开始菜单的“美讯科技网络办公 - Office Anywhere”项目中的“服务停止”程序，停止系统运行;\n第2步：手动备份数据库，方法是：直接拷贝备份 “安装目录\\data5”（*注：2009版-2011版可以备份data5\\TD_目录，2009版之前版本为data\\TD_；2013版及以上版本必须是“安装目录\\data5\"）；\n第3步：拷贝备份“安装目录\\mysql5\\my.ini” （*注：2013版及以上版本必须备份该文件）；\n第4步：手动备份附件文件，方法是：直接拷贝备份“安装目录\\attach”目录和“安装目录\\webroot\\attachment”目录（*注：从2007第二版起，需要备份“安装目录\\attach”目录）；第5步：执行开始菜单的“美讯科技网络办公 - Office Anywhere”项目中的“服务启动”程序，恢复系统运行。\n热备份的方法如下：\n以管理员身份登录系统，通过菜单\"系统管理->数据库管理\"进入\"数据库热备份页面\"。\n自动热备份数据库：设置数据库定时智能备份的参数：备份间隔天数、备份时间、备份的数据库(如:TD_)或者需备份的重点模块数据(如：邮件、工作流等)，保存设置。\n系统自动根据定时智能备份参数进行自动化数据备份，自动将数据库备份到“安装目录\\bak”下（如安装在d:\\myoa下，则数据库备份到d:\\myoa\\bak目录)。\n如需及时备份，可直接点击旁边的\"立即执行\"即可立即启动备份程序进行备份。', '1440663511', '1', '1440663511', '1', '0');
INSERT INTO `help` VALUES ('37', '什么是增量升级包？', '11', '增量升级包是指针对上一次升级后发现的新问题进行修正，仅包含上一次升级后新修改的程序文件，体积小，适合于经常升级的用户。\n您也可以通过依次安装多个连续的增量升级包，将软件更新至最新（安装完最后一个升级包后，需要重新登陆，点击开始升级进行升级）。\n增量升级包命名格式例如：5.1.120305升级5.1.120314.exe，表示这是针对内部版本号5.1.120305的升级包，升级后可更新至 5.1.120314。', '1440663560', '1', '1440663561', '1', '0');
INSERT INTO `help` VALUES ('38', '什么是修正合集？', '11', '修正合集是指对某大版本过去所有问题的修正，所有需要更新的文件集合在一起。用户安装修正合集，就可以把该版本软件更新至最新。 修正合集可以重复安装，体积较大，适合于不经常升级的用户。', '1440663647', '1', '1440663647', '1', '0');
INSERT INTO `help` VALUES ('39', '怎样安装修正合集？', '11', '首先确认您的系统是否有做过二次开发，如果没有，请到美讯科技官网（http://www.meixunkeji.cn/）下载中心下载对应版本的修正合集，然后到服务器上运行覆盖安装，安装后浏览器下登录系统，点“开始升级”直到出现登录界面即可。', '1440663703', '1', '1440663704', '1', '0');
INSERT INTO `help` VALUES ('40', '内部邮件有什么特点？', '13', '1、内部邮件是即发即收、没有延迟的。群发1000封与发送1封，速度一样快。\n2、内部邮件可以附带应用提醒和手机短信提醒。\n3、内部邮件采用智能化存储管理机制，群发1000封与发送1封，所占用的服务器磁盘空间是一样的，发送者与接收者所看到的同一封邮件，只占用一份存储空间，没有任何浪费。智能化存储管理既降低了磁盘占用，又大大提高了系统性能。\n4、支持邮箱容量控制、邮件删除、邮件密送、批量导出、邮件监控等功能。', '1440663801', '1', '1444977156', '1', '0');
INSERT INTO `help` VALUES ('41', '怎样设置内部邮件的安全性？', '13', '与用户账号绑定，该账号下的数据，换其他账号登录是看不到的（有系统资源管理菜单权限的人除外）；邮件内容中有敏感信息，可以通过词语过滤和信息过滤审核功能控制.', '1440664025', '1', '1440664025', '1', '0');
INSERT INTO `help` VALUES ('42', '如何下载内部邮件中的附件？', '13', '打开所要下载的该邮件，找到附件位置，将鼠标放到该附件处，点击下载即可。', '1440666193', '1', '1440666193', '1', '0');
INSERT INTO `help` VALUES ('43', '如何发送个人邮件？', '13', '打开【个人办公-个人邮件】，点击“写信”，在打开的当前页，选择收件人，然后编辑好信件内容之后，点击“立即发送”即可。写邮件时，除可添加系统内收件人，也可以手动输入外部邮件收件人地址或通过通讯簿添加外部收件人。', '1440666524', '1', '1444977022', '1', '0');
INSERT INTO `help` VALUES ('46', '电子邮件的容量控制是指什么？', '13', '管理员可以为每个用户设置邮箱的容量，也可以按角色批量设置。\n邮箱容量是指所有邮件箱(包括收件、草稿、已发、已删除等)容量的总和。\n超出容量限制后，将限制用户发送邮件，彻底删除部份邮件后即可恢复正常。', '1440666863', '1', '1440666863', '1', '0');
INSERT INTO `help` VALUES ('48', '如何进行“其他文件夹”设置？', '13', '点击“其他文件夹”右侧的“设置”按钮，可在打开的当前页面进行增加文件夹和清空、删除文件夹内容等操作。', '1440667355', '1', '1444976895', '1', '0');
INSERT INTO `help` VALUES ('49', '怎样创建工作日志模板？', '14', '在系统管理-模板管理下点击【新建】，编辑完成模板各项内容之后，点击【保存】即可。', '1440667983', '1', '1440667983', '1', '0');
INSERT INTO `help` VALUES ('50', '我可以查询哪些人的工作日志？', '14', '默认情况下您可以查询您的管理范围内的，角色排序号比您靠后的用户的工作日志，可以查看其工作日志中写的工作日志，但无法看到个人日志。\n您的管理范围，由管理员在组织机构->用户管理中指定。\n角色排序号，由管理员在组织机构->角色与权限管理中指定。', '1440668478', '1', '1444977441', '1', '0');
INSERT INTO `help` VALUES ('52', '如何删除之前的工作日志？', '14', '在【个人办公-工作日志】打开的页面中，在搜索框中输入搜索内容，找到目标日志点击【删除】键删除即可。', '1440668789', '1', '1440668790', '1', '0');
INSERT INTO `help` VALUES ('55', '个人文件柜里的文件怎么让别人看到？', '15', '进入【个人办公-个人文件柜】，选择要共享的文件夹， 点击“分享”按钮，进入共享设置界面，选择共享范围，共享范围里的人员就能看到此文件柜文件。', '1440724115', '1', '1440724546', '1', '0');
INSERT INTO `help` VALUES ('56', '如何在【个人文件柜】中新建子文件夹？', '15', '打开【个人文件柜】，鼠标晃动到“根目录”处，点击右键“添加”按钮，在打开的当前页，分别编辑好“排序号”、“文件夹名称”\n“上级文件夹名称”，然后点击“保存”即可成功新建子文件夹。', '1440724442', '1', '1440724443', '1', '0');
INSERT INTO `help` VALUES ('57', '如何在【个人文件柜】中上传文件？', '15', '打开【个人文件柜】，找到想要上传文件的文件夹，点击右侧的“上传文件”按钮，添加上传文件即可。', '1440724710', '1', '1440724710', '1', '0');
INSERT INTO `help` VALUES ('59', '如何发起事务？', '17', '进入【事务审批->发起事务】，将鼠标放在需要新建的流程后面即可看到【新建】按钮，点击按钮，填写完第一步表单所要填写的字段，然后点击转交，选择下一步骤以及下一步骤办理人，即可新建工作。如果用户没有流程第一步的经办权限，那么用户在新建界面看不到这个流程；相应的，如果用户没有流程分类所有流程的经办权限，那么用户在新建界面就看不到这个流程分类。\n注意：固定流程必须设置第一步的经办权限，自由流程注意设置流程的新建权限。', '1440725022', '1', '1444980770', '1', '0');
INSERT INTO `help` VALUES ('60', '如何在发起事务中查看表单和流程？', '17', '在【事务审批-发起事务】中，在右侧“审批流程列表”中找到想要查看的流程，点击“查看表单”或者“查看流程”按钮，即可成功查看表单或者流程。', '1440725239', '1', '1444981431', '1', '0');
INSERT INTO `help` VALUES ('61', '什么是【待办事务-待处理？', '18', '待办事务：是指上一步骤转交给我而我还没有开始办理或办理完毕（还没有转交给下一个流程步骤）的工作。“待处理”的工作包括接收的审批工作和发起后未转交的工作。对于接收的工作需要进行【主办】或者【委托】；发起和未转交的工作可以【主办】、【删除】和【委托】，还可以按照“未接收”、“办理中”进行查询。', '1440725437', '1', '1444981627', '1', '0');
INSERT INTO `help` VALUES ('62', '如何处理待办事务？', '18', '在【事务审批-待办事务】中的“待处理”文件夹下找到所想处理的事务，在右侧的“操作”栏下点击【主办】、【委托】、【删除】按钮，可进行想要的具体操作。', '1440726047', '1', '1440726047', '1', '0');
INSERT INTO `help` VALUES ('63', '如何进行事务查询？', '19', '在【事务审批-事务查询】所打开的当前页中，在上方可看到流水号、审批工作名称、流程名称、日期、查询类型、选择人员输入框，分别在输入框中输入相应内容，即可成功进行事务查询。', '1440726476', '1', '1444982330', '1', '0');
INSERT INTO `help` VALUES ('64', '如何在事务查询中催办工作？', '19', '在【事务审批-事务查询】中查询到相应事务，在下方的事务列表中，点击“操作栏”中的【催办】按钮即可实现事务的催办。', '1440726629', '1', '1440726629', '1', '0');
INSERT INTO `help` VALUES ('66', '如何在事务管理中下载表单？', '19', '在【事务审批-事务查询】中查询到相应事务，在事务列表中勾选该事务，然后点击事务列表左上方的【下载表单】按钮即可成功下载表单。', '1440726816', '1', '1440726816', '1', '0');
INSERT INTO `help` VALUES ('67', '事务监控和事务查询的区别是什么？', '20', '事务监控可以将流程转交、委托、以及查看办理时间等，只监控执行中的工作，已经办结的不监控。事务查询可以查看流程的状态、委托而不能结束和删除流程下的工作，它不受流程状态的影响，任何状态下的工作都可以进行查询。', '1440726984', '1', '1440726985', '1', '0');
INSERT INTO `help` VALUES ('68', '事务监控的作用是什么？', '20', '事务监控人员，可以理解为这个工作流程的管理员，他可以监控查询该流程下执行中工作当前的办理情况，同时可以强行转交、委托该流程下的工作。可以对有监控权限的审批的工作按照流水号、审批工作名称、流程名称、日期、查询类型、选择人员对审批工作进行查询，对办理中的审批进行催办、也可以删除审批。', '1440727041', '1', '1444983076', '1', '0');
INSERT INTO `help` VALUES ('69', '委托有几种类型呢？', '22', '四种：自由委托，按步骤设置的经办权限委托，按实际经办人委托，禁止委托。\n具体：\n    自由委托：用户可以在工作委托模块中设置委托规则,可以为委托给任何人。\n    按步骤设置的经办权限委托：仅能委托给流程步骤设置中经办权限范围内的人员\n    按实际经办人委托：仅能委托给步骤实际经办人员。\n    禁止委托：办理过程中不能使用委托功能。\n注意：只有自由委托才允许定义委托规则，委托后更新自己步骤为办理完毕，主办人变为经办人。', '1440727118', '1', '1441005336', '1', '0');
INSERT INTO `help` VALUES ('70', '工作委托的作用是什么？', '22', '比如流程的某步骤本来是由总经理来办理的，但总经理休假或因其他原因暂时无法办理，为了不影响工作的进行，可以将该工作委托给其他人员代为办理。\n工作委托分为提前委托和办理中委托。\n只有自由委托类型的流程，才可以进行提前委托规则的定义，具体在【事务审批-工作委托】中进行。\n办理中委托，可以由办理人自己在我的工作中进行委托，也可以由具有该流程管理或监控权限的人员在【事务审批-事务监控】中进行委托。', '1440727206', '1', '1440727206', '1', '0');
INSERT INTO `help` VALUES ('71', '如何在【事务流程管理】中添加分类？', '26', '打开【事务流程管理】，点击红色【添加分类】按钮，在弹出框编辑相应内容，各项内容编辑完成之后，点击【保存】按钮即可成功添加分类。', '1440727426', '1', '1444983815', '1', '0');
INSERT INTO `help` VALUES ('72', '如何在【事务流程管理】中进行具体设置？', '26', '打开【事务流程管理】，在当前页面的右侧点击【设置】按钮，可分别进行“节点设置”、“参数设置”、“权限设置”。在“节点设置”中又可进行详细的“基本属性”、“可写字段”、“必填字段”、“表单设置”、“按钮设置”、“提醒设置”等操作。', '1440727774', '1', '1440727776', '1', '0');
INSERT INTO `help` VALUES ('73', '固定流程与自由流程有什么区别？', '26', '固定流程是事先设置好步骤和经办人等各种权限，自由流程只需要指定流程发起人，由发起人预设以后的流程步骤，也可以由主办人任意自由选择人员办理。', '1440727826', '1', '1440727826', '1', '0');
INSERT INTO `help` VALUES ('75', '如何在【事务流程管理】中进行更新应用流程？', '26', '打开【事务流程管理】，点击右侧的【更新】按钮，在弹出框编辑好各项内容，点击“保存”即可完成更新设置。', '1440728045', '1', '1440728046', '1', '0');
INSERT INTO `help` VALUES ('76', '如何在【公告通知】添加类型？', '28', '在【系统管理-系统代码管理】里找到“公告通知”，然后点击右上角的【增加代码项】按钮，在弹出的页面编辑好相关内容，点击“保存”即可成功添加类型。', '1440729292', '1', '1440729292', '1', '0');
INSERT INTO `help` VALUES ('77', '如何修改【公告通知】的代码项？', '28', '在打开【系统管理-系统代码管理】的当前页的左侧找到“公告通知”，然后在右侧找到想要修改的代码项，点击【编辑】按钮，在弹出页面重新编辑内容，然后点击“保存”即可成功修改【公告通知】的代码项。', '1440729550', '1', '1440729550', '1', '0');
INSERT INTO `help` VALUES ('78', '作为公告发布人，如何删除公告？', '28', '打开【信息发布-公告通知管理】，在当前页的右侧，点击“操作”栏下“更多”的下拉菜单，点击【删除】按钮，即可成功删除所发布的公告通知。', '1440730016', '1', '1440730017', '1', '0');
INSERT INTO `help` VALUES ('79', '如何发布【公告通知】？', '28', '在【信息发布-公告通知管理】所打开的当前页中，点击按钮【起草公告】，在打开的当前页编辑各项内容，之后点击【发布】按钮即可成功发布【公告通知】。', '1440730323', '1', '1444983939', '1', '0');
INSERT INTO `help` VALUES ('80', '图文新闻是怎么发布的？', '29', '在“信息发布”->“新闻管理”中新建新闻，然后在新建新闻的时候选择内容类型为图片，然后上传一个类型为图片形式的附件，然后发布即可显示。如果我的桌面没有新闻模块，在界面设置->桌面模块管理，把新闻模块的显示属性设置为用户必填即可。', '1440730635', '1', '1440730635', '1', '0');
INSERT INTO `help` VALUES ('81', '怎样在新闻编辑框中插入图像？', '29', '解决方法:\n\n先把图像放在服务器myoa\\webroot\\images下，插入图像源文件路径为\\images\\图片名即可。', '1440730711', '1', '1440730711', '1', '0');
INSERT INTO `help` VALUES ('82', '“新闻”具有哪些特殊功能？', '29', '“新闻”具有查阅情况和评论功能，用户可在查阅新闻界面点击“评论”按钮，可评论新闻。', '1440730748', '1', '1440730749', '1', '0');
INSERT INTO `help` VALUES ('84', '什么是子投票？', '30', '子投票也就是允许在一个投票页面，设置多个投票项目，实现问卷调查的效果。', '1440739016', '1', '1440739016', '1', '0');
INSERT INTO `help` VALUES ('86', '投票有哪些形式？', '30', '投票包括单选、多选两种形式，可以点击投票建立多个子投票，结合使用几种形式。\n\n注意：新建投票后，请设置好投票项目，然后点击投票对应的“修改”操作，进行发布。', '1440739081', '1', '1440739081', '1', '0');
INSERT INTO `help` VALUES ('88', '在选择型投票中有哪些特殊写法？', '30', '在选择型投票中，允许用户输入文字的方法：可以使用{text}或{textarea}或{number}标记实现。例如以下投票项目的写法：a)我曾经在{text}省/市参加过{number}次类似活动b)我对此次活动的建议是{textarea}以上例子中，{text}表示单行输入框，{textarea}表示多行输入框，{number}表示数字。', '1440739355', '1', '1440739356', '1', '0');
INSERT INTO `help` VALUES ('89', '投票及子投票有哪些注意事项及应用技巧？', '30', '投票类型:\n投票包括单选、多选两种形式，可以通过建立多个子投票，结合使用这几种形式，灵活运用。\n子投票:\n子投票也就是允许在一个投票页面，设置多个投票项目，实现问卷调查的效果。\n注意:新建投票后，请设置好投票项目后，点击立即发布。\n技巧:在选择型投票中，允许用户在新建投票项目时输入文字：通过{text}或{textarea}或{number}标记实现。\n例如以下投票项目的写法：\n1、我曾经在{text}省/市参加过{number}次类似活动\n2、我对此次活动的建议是{textarea}\n以上例子中，{text}表示单行输入框，{textarea}表示多行输入框，{number}表示数字。', '1440739408', '1', '1440739408', '1', '0');
INSERT INTO `help` VALUES ('90', '如何下载公共文件柜里的office文档？', '34', '请与管理员联系，由其到【知识管理-公共文件柜设置】中找到对应目录，点开“权限设置”，给您设置下“下载\\打印权限”即可。', '1440751909', '1', '1440751910', '1', '0');
INSERT INTO `help` VALUES ('92', '公共文件柜设置中的权限都是什么意思？', '34', '访问权限，有权限的人员可以访问该文件夹、子文件夹和文件；\n新建权限，有权限的人员可以在该文件夹和子文件夹下新建文件和文件夹；\n编辑权限，有权限的人员可以编辑该文件夹下的子文件夹和文件，同时也具有Office、PDF、TIF文档的下载权限；\n删除权限，有权限的人员可以删除在该文件夹和子文件夹和文件；\n下载权限，有权限的人员可以下载该文件夹和子文件夹下的Office、PDF、TIF附件文档；\n打印权限，有权限的人员可以打印该文件夹和子文件夹下的office、PDF、TIF附件文档；\n所有者，有权限的人员可以设置该文件夹和子文件夹的访问、新建、编辑、删除和下载权限。', '1440752205', '1', '1440752205', '1', '0');
INSERT INTO `help` VALUES ('93', '怎样删除公共文件柜里的某个子目录？', '34', '请与管理员联系，由其到【知识管理-公共文件柜设置】中设置下该目录的“删除权限”，有权限的人员即可到【知识管理-公共文件柜】中删除该目录。', '1440752289', '1', '1440752290', '1', '0');
INSERT INTO `help` VALUES ('94', '怎样把公共文件柜中A目录下的某文件移动到B目录下？', '34', '请与管理员联系，由其到【知识管理-公共文件柜设置】中设置下A目录的“新建权限”和“编辑权限”，B目录的“新建权限”，有以上权限的用户，到【知识管理-公共文件柜】中打开A目录，选中要移动的文件，点击“剪切”，然后，选中B目录，点击“粘贴”即可。', '1440752448', '1', '1440752448', '1', '0');
INSERT INTO `help` VALUES ('96', '如何在公告文件柜中新建子文件夹？', '34', '打开【公共文件柜】，在上方的蓝色【文件夹操作】按钮的下拉按钮中点击【新建子文件夹】，编辑排序号和文件夹名称，点击“保存”即可成功新建子文件夹。', '1440752800', '1', '1440752800', '1', '0');
INSERT INTO `help` VALUES ('97', '升级到最新版精灵后，精灵面板出现黑屏？', '43', '解决方法：\n\n把精灵换一个路径安装，最好不要和360软件安装同一盘，360可能会把部分文件当病毒删除了。', '1440753068', '1', '1440753068', '1', '0');
INSERT INTO `help` VALUES ('98', '精灵自动升级，一直提示“读取版本信息”，进度条不走？', '43', '解决方法：\n\n如果win7系统，设置一下关闭uac和精灵安装目录文件夹访问权限。可能该用户的账号在其他电脑上还用精灵登录着，退出即可升级。', '1440753111', '1', '1440753111', '1', '0');
INSERT INTO `help` VALUES ('99', 'win7下精灵升级出现：TDUpdate已停止工作？', '43', '解决方法：\n\n右键单击桌面上的精灵图标-属性-以管理员身份运行即可。', '1440753148', '1', '1440753149', '1', '0');
INSERT INTO `help` VALUES ('100', '修改了默认浏览器打开精灵的菜单功能，为什么打开的都是IE浏览器？', '43', '解决方法：\n\n最新的360浏览器默认是启用高速模式的，而启用高速模式的时候使用的不是IE的内核，在360浏览器-工具把高速模式去掉，就可以了。', '1440753217', '1', '1440753217', '1', '0');
INSERT INTO `help` VALUES ('101', '登录即时通讯时，提示：用户名称不存在，请联系管理员？', '43', '原因：\n\n经检测，发现该用户名到其他电脑上登录是正常的，该用户之前被离职过。\n\n解决方法：\n\n清理该用户问题客户端缓存后即可。', '1440753260', '1', '1440753260', '1', '0');
INSERT INTO `help` VALUES ('102', '出现用户名或密码错误情况怎么办？', '43', '解决方法：\n\n检查用户名或密码输入框中是否有多余的空格，密码不能含有&*等特殊符号。', '1440753366', '1', '1444984530', '1', '0');
INSERT INTO `help` VALUES ('103', '精灵修改图片后为何不显示？', '43', '解决方法：\n\n修改conf/httpd.conf文件，添加avatar到允许访问<Directory ~ \"D:/MY/webroot/attachment/(..|avatar)/\">Order allow,denyAllow from all</Directory>。', '1440753438', '1', '1440753438', '1', '0');
INSERT INTO `help` VALUES ('104', '接收者和发送者看到的邮件正文内容丢失了部分的可能情况？', '45', '解决方法:\n\n这封邮件的源代码中多了代码display=none。删掉这行代码即可。', '1440753573', '1', '1440753573', '1', '0');
INSERT INTO `help` VALUES ('106', '发送或收取带附件的外部邮件时，附件打不开？', '45', '解决方法:\n\n1)带有附件的邮件发送总显示失败：系统管理-系统参数设置-服务设置中默认附件路径和MY\\webroot\\inc\\oa_congfig中的附件路径配置不一致。\n2)收取带有附件的外部邮件，打开附件报错：附件已被删除或者转移，原因可能有3个：\na.附件在服务器上\\MY\\attach\\email中被删除了。\nb.服务控制中心-其它服务配置-邮件服务配置中的附件路径和MY\\webroot\\inc下的oa_congfig中的配置路径不一致。\nc.用户可能迁移过服务器或者重装过，但是路径不是D盘，导致oa_config.php和邮件服务配置中的邮件附件路径与实际的\\MY\\attach这个路径不一致。', '1440754373', '1', '1440754373', '1', '0');
INSERT INTO `help` VALUES ('107', '打开用户邮件出现提示：您无权打开该邮件？', '45', '解决方法:\n\n在数据库中EMAIL_BODY表中TO_TD2字段为空，填补该字段即可。', '1440754421', '1', '1440754422', '1', '0');
INSERT INTO `help` VALUES ('108', '为何发送带附件的外部邮件会失败？', '45', '请到myoa\\webroot\\inc\\oa_config.php中检查是否修改过附件路径，若修改过，请到【系统管理-系统参数设置】服务设置中修改“默认附件路径”为一致，否则会导致外部邮件发送不能包含附件。', '1440754472', '1', '1440754473', '1', '0');
INSERT INTO `help` VALUES ('109', '为什么外部163邮箱只能收邮件不能发邮件？', '45', '由于163等网易邮箱已经关闭smtp服务，所以使用163等网易邮箱不能发送邮件，您可以更换其他邮箱进行外部邮件的发送。', '1440754511', '1', '1440754511', '1', '0');
INSERT INTO `help` VALUES ('111', '为什么手机短信在停止服务器和重插短信猫后还会不停的自动发送？', '46', '原因：\n\n这种现象是手机短信的发送状态无法回写到数据库。\n\n解决方法:\n\n首先在【系统管理-短信设置】中的短信发送管理中找到这条短信，看看他的状态是否是未发送，如果显示未发送删掉这条短信。如果显示已发送，重启数据库服务，或者重启服务器。', '1440754640', '1', '1444985103', '1', '0');
INSERT INTO `help` VALUES ('112', '服务器设置了每天早上重启，为何手机短信都发送超时，需要重启服务器才可以？', '46', '原因：\n\n是短信服务优先于数据库服务启动的缘故。\n\n解决方法:\n\n用360管理工具可以延迟启动手机短信服务，或者每天关闭服务器的时候拔下短信猫，启动服务器之后再插上。', '1440754683', '1', '1440754684', '1', '0');
INSERT INTO `help` VALUES ('113', '手机短信能收到但是不提醒？', '46', '解决方法:\n\n手机短信控制中心-设置中地址加上的端口号，80的话就不用加了。', '1440754735', '1', '1440754736', '1', '0');
INSERT INTO `help` VALUES ('114', '怎样删除归档的工作日志？', '48', '系统管理员在系统管理-系统资源管理中可以选择归档日志进行删除。\n\n注：归档数据一旦删除就无法恢复，建议在操作之前做备份。', '1440754879', '1', '1440754880', '1', '0');
INSERT INTO `help` VALUES ('115', '怎样设置一些常用软件放在一个文件共享目录中？  ----------------------------------------', '49', '解决方法:\n个人文件柜可以共享，或者直接用公共文件柜。\n', '1440982775', '1', '1440982775', '1', '0');
INSERT INTO `help` VALUES ('116', '公共文件柜，个人文件柜，共享文件柜之间的区别？  --------------------------------------------------------------------------------', '49', '个人文件柜里面都是个人文件，如果没有共享给其他人就只能自己看；公共文件柜是一个公共资源，可以由管理员设置各种权限，控制用户对文件柜内文件的操作权限；共享文件夹是用户把自己个人文件柜的某个文件夹共享给其他用户查看，可以有一个经验的交流。 \n', '1440982907', '1', '1440982908', '1', '0');
INSERT INTO `help` VALUES ('117', '为什么表单显示空白，无法输入内容？  --------------------------------------------------------------------------------', '51', '解决方法:\n检查流程设置，该步骤保密字段设置。 \n', '1440982975', '1', '1440982976', '1', '0');
INSERT INTO `help` VALUES ('118', '工作流办理界面，为什么表单控件处会显示为灰色，无法输入内容？  --------------------------------------------------------------------------------', '51', '解决方法:\n请与管理员联系，由其设置好该步骤的可写字段。\n设置方法：进入【系统管理—流程管理—设计流程】，选中该流程，打开流程设计器-可写字段设置即可。 \n', '1440983142', '1', '1440983242', '1', '0');
INSERT INTO `help` VALUES ('119', '为什么转交下一步时无经办人可选？  --------------------------------------------------------------------------------', '51', '解决方法:\n检查一下该步骤是否有设置经办权限。 \n', '1440983286', '1', '1440983319', '1', '0');
INSERT INTO `help` VALUES ('120', '系统流程结束为什么看不到打印凭证的按钮？  --------------------------------------------------------------------------------', '51', '解决方法:\n1)请检查是否选是IE8浏览器。 2)流程结束后，打印凭证只有采购专员（全局）和财务凭证打印(全局),才可以看见，这个功能。 \n', '1440983375', '1', '1440983376', '1', '0');
INSERT INTO `help` VALUES ('121', '系统某环节经常频繁出现某人为办理人员，但查询其辅助角色没有此环节的经办角色？  --------------------------------------------------------------------------------', '51', '原因：\n查询流程日志，此环节是否有办理人做过工作自动委托给某个人。 \n', '1440983430', '1', '1440983431', '1', '0');
INSERT INTO `help` VALUES ('122', '员工离职其之前申请过的流程怎么办？  --------------------------------------------------------------------------------', '51', '解决方法:\n当员工要离职之前，要把其在职期间所走的流程，让各机构系统管理员做工作移交，移交给代替他的职员。 \n', '1440983697', '1', '1440983697', '1', '0');
INSERT INTO `help` VALUES ('123', '系统如何取消工作委托？  --------------------------------------------------------------------------------', '52', '解决方法:\n点击事务审批——>待办事务——>查看工作委托状态，找到自己需要取消的委托。点击后边的删除\n', '1440984525', '1', '1440984525', '1', '0');
INSERT INTO `help` VALUES ('124', '是否可以帮其他用户委托工作？  --------------------------------------------------------------------------------', '52', '解决方法:\n只有系统管理员才可以帮其他用户委托，其它角色只能委托自己的工作。 \n', '1440984589', '1', '1440984589', '1', '0');
INSERT INTO `help` VALUES ('125', '工作委托规则，自动委托出去的工作，能否查询到？  --------------------------------------------------------------------------------', '52', '解决方法:\n目前工作流查询中还不能查询 “我委托的” 这个查询字段。\n', '1440984628', '1', '1440984629', '1', '0');
INSERT INTO `help` VALUES ('126', '委托过的工作流，委托人可以查看目前的办理情况吗？  --------------------------------------------------------------------------------', '52', '解决方法:\n委托人可以在已办结的流程查到目前流程的办理情况。 \n', '1440984715', '1', '1440984715', '1', '0');
INSERT INTO `help` VALUES ('128', '被委托人可以把别人委托的工作流程再委托给其他人办理吗？  --------------------------------------------------------------------------------', '52', '解决方法:\n不可以。 \n', '1440984822', '1', '1440984822', '1', '0');
INSERT INTO `help` VALUES ('129', '设置委托规则后的流程，在被委托人没有办理之前，委托人还可以办理吗？  --------------------------------------------------------------------------------', '52', '解决方法:\n在被委托人没办理之前，委托人不能办理，也不能查询。 \n', '1440984885', '1', '1440984885', '1', '0');
INSERT INTO `help` VALUES ('130', '事务审批中表单怎样才能保存起来以备以后的查询？  --------------------------------------------------------------------------------', '53', '解决方法:\n事务审批中本来就可以查询，也可以把表单直接归档到档案管理中，或是导出表单。 \n', '1440985656', '1', '1440985656', '1', '0');
INSERT INTO `help` VALUES ('131', '事务查询统计出来的excel文件，数字列没有统计？  --------------------------------------------------------------------------------', '53', '解决方法:\n可能在填写控件内数据的时候多了空格，检查一下。 \n', '1440985759', '1', '1440985759', '1', '0');
INSERT INTO `help` VALUES ('132', '事务监控页面，流程显示空白？  --------------------------------------------------------------------------------', '53', '解决方法:\n工作名称文号和流程类型中含有转义符\"\\\"，程序不解析，导致含有该符号的流程显示不出来。\n', '1440985864', '1', '1440985864', '1', '0');
INSERT INTO `help` VALUES ('133', '公告通知由哪些人进行管理？  --------------------------------------------------------------------------------', '57', '公告通知需要审批的由发布人和审批人共同管理，不需要审批的由发布人管理。 \n', '1440985921', '1', '1440985921', '1', '0');
INSERT INTO `help` VALUES ('136', '怎样使用公告通知中的MHT格式和超级链接？  --------------------------------------------------------------------------------', '57', '解决方法:\n新建公告通知其中MHT格式和超级链接无需输入，只要在附件区上传“.mht”格式的文件或输入网络链接即可。 \n', '1440985962', '1', '1440985962', '1', '0');
INSERT INTO `help` VALUES ('137', '公共文件柜怎样实现按排序号排序文件夹？  --------------------------------------------------------------------------------', '60', '解决方法:\n在知识管理-公共文件柜中编辑下文件夹相应的排序号。\n', '1440986080', '1', '1440986081', '1', '0');
INSERT INTO `help` VALUES ('138', '怎样删除公共文件柜中多余的或者错误的文件？  --------------------------------------------------------------------------------', '60', '解决方法:\n您指定好文件夹的管理权限，到信息交流-公共文件柜下，就可以删除了。\n', '1440986117', '1', '1440986117', '1', '0');
INSERT INTO `help` VALUES ('139', '在公共文件夹放1T大小的文件,会不会影响性能？  --------------------------------------------------------------------------------', '60', '解决方法:\n1T这么大的文件建议您直接拷贝到网络硬盘目录下。附件的路径可以修改，将系统里各模块上传的附件放到其他磁盘目录下，您参考：附件路径的修改方法：可以把附件备份目录修改下路径放到其他盘。 用记事本修改d:\\myoa\\webroot\\inc\\oa_config.php $ATTACH_PATH2=realpath($ROOT_PATH.\"../\").\"/attach/\"; 这句可以改为 $ATTACH_PATH2=\"e:/attach/\"; 然后您把d:\\myoa\\attach下文件拷贝到e:\\attach下。 \n\n注意：路径修改后需要把邮件服务配置中的附件路径做相应修改。\n', '1440986159', '1', '1440986159', '1', '0');
INSERT INTO `help` VALUES ('140', '打开公共文件柜，显示加载……？  --------------------------------------------------------------------------------', '60', '解决方法:\n用360安全卫士清理下ie缓存即可。\n', '1440986187', '1', '1444986502', '1', '0');
INSERT INTO `help` VALUES ('141', '公共文件柜的子文件夹怎样独立设置权限？  --------------------------------------------------------------------------------', '60', '解决方法:\n知识管理--公共文件柜设置可以对每一级文件夹单独设置权限。\n', '1440986228', '1', '1440986229', '1', '0');
INSERT INTO `help` VALUES ('142', '公共文件柜能否设置某人可以浏览文件夹内文件名，但是不能下载和阅读文件夹内的文档?  --------------------------------------------------------------------------------', '60', '解决方法:\n公共文件柜的设置，是针对文件夹及内容一并设置的权限，不能分开。只要有文件夹的访问权限，就可以访问其下的文件。但是可以对office文档进行更细的权限控制，比如：编辑、下载打印。\n', '1440986262', '1', '1440986262', '1', '0');
INSERT INTO `help` VALUES ('144', '公共文件柜设置中部分电脑上显示不出对应的标签项？  --------------------------------------------------------------------------------', '60', '解决方法:\n这个是跟电脑分辨率和浏览器分辨率有关。调整合适的分辨率，然后在标签所在区域刷新即可。\n', '1440986317', '1', '1440986317', '1', '0');
INSERT INTO `help` VALUES ('145', '在档案管理中删除人员档案后，为什么在职人员在树状结构目录下还存在，但右侧列表中却显示已删除？  --------------------------------------------------------------------------------', '63', '解决方法:\n在职人员树状结构目录下的用户读取的是系统管理->组织机构设置->用户管理中的用户。删除用户档案是删除hrms表中的记录，而用户表（user）没有删除。所以删除档案后，会显示这个用户未建档。 \n', '1440986394', '1', '1440986394', '1', '0');
INSERT INTO `help` VALUES ('146', '系统如何设置部门？', '40', '解决方法：\n在组织机构-用户管理中进行设置。 \n', '1440986582', '1', '1440986582', '1', '0');
INSERT INTO `help` VALUES ('147', '为何不能修改系统管理员其名称？   --------------------------------------------------------------------------------', '40', '原因：\n管理员是特殊角色，具备特殊权限，建议不要随意修改其名称，如修改也请保留其原始含义。\n', '1440986621', '1', '1440986621', '1', '0');
INSERT INTO `help` VALUES ('149', '在用户管理中，怎么才能把多个角色中的其中一个符合条件的角色的人员都筛选出来？  --------------------------------------------------------------------------------', '40', '解决方法：\n两个表联合查询，应该可以，USER_PRIV，USER，自己写sql语句查询就行的。 \n', '1440986856', '1', '1440986856', '1', '0');
INSERT INTO `help` VALUES ('150', '按模块设置管理范围可以实现什么功能？  --------------------------------------------------------------------------------', '40', '解决方法：\n此功能可以针对不同的用户，不同的模块单独设置权限，目前只支持在线人员、全部人员、日程安排查询、公告通知发布、新闻发布、投票发布、管理简报、人事档案管理、人事档案查询，详细说明如下： \n\n在线人员：可以实现某个用户只能看到某些人在线，范围之外的在线人员不显示。\n\n全部人员：可以实现某个用户在全部人员中看到指定范围内的用户。\n\n日程安排查询：可以实现低角色用户查看高角色用户的日程安排信息。\n\n公告通知发布：可以控制某个人公告通知的发布范围。\n\n新闻发布：可以控制某个人新闻的发布范围。\n\n投票发布：可以控制某个人投票的发布范围。\n\n管理简报：可以统计所选范围内的用户的日志数量等工作情况。\n\n人事档案管理：可以管理所选范围内的用户的人事档案信息。\n\n人事档案查询：可以查询统计所选范围内的用户的人事档案信息。\n', '1440986909', '1', '1440986909', '1', '0');
INSERT INTO `help` VALUES ('151', '一台机器能多个用户登录吗？  --------------------------------------------------------------------------------', '40', '解决方法：\n不能。由于cookie信息被覆盖，登录后一个用户会覆盖前一个用户的cookie信息。最好退出后，再登录另一个用户。 \n', '1440986947', '1', '1440986947', '1', '0');
INSERT INTO `help` VALUES ('162', '系统管理-印章管理，点击“印章初始化，提示：印章存储区初始化失败”？  --------------------------------------------------------------------------------', '68', '解决方法：\n印章初始化针对的是UKEY里面的印章，如果没有使用UKEY，初始化时会有此提示。\n', '1440987569', '1', '1440987570', '1', '0');
INSERT INTO `help` VALUES ('164', 'Office附件在线编辑的时选择盖章为什么看不到在印章管理里面制作的印章？  --------------------------------------------------------------------------------', '68', '解决方法：\n在线编辑里的印章和表单上的印章是不一样的，在印章管理里面制作的印章用于表单上盖章，是存储在数据库中的。附件在线编辑的印章有一个制作工具，下载地址为http://down.tongda2000.com/oa/signtools.zip，制作好的印章存储在电脑上，盖章时从文件中选择。 \n', '1440987652', '1', '1440987652', '1', '0');
INSERT INTO `help` VALUES ('165', '怎样进行软件的数据备份与恢复？  --------------------------------------------------------------------------------', '70', '解决方法：\n参考美讯科技网站的数据备份与恢复说明：http://www.tongda2000.com/dns/document/data.php \n\n注意：请不要在没有备份数据库的情况下，随意通过数据库脚本导入来导入数据，这可能会造成无法弥补的后果。\n', '1440987862', '1', '1440987862', '1', '0');
INSERT INTO `help` VALUES ('166', '数据库备份注意事项？  --------------------------------------------------------------------------------', '70', '解决方法：\n不要在没有备份数据库的情况下，随意通过数据库脚本导入来导入数据，这可能会造成无法弥补的后果。 \n', '1440987895', '1', '1440987896', '1', '0');
INSERT INTO `help` VALUES ('167', '定期备份数据的必要性  --------------------------------------------------------------------------------', '70', '原因：\n由于磁盘硬件、病毒、人员误操作等情况的发生是无法预估的，不要等到数据遭受损失时，才意识到数据备份的重要性。\n数据备份与恢复指南请参考：http://www.tongda2000.com/dns/document/data.php \n', '1440987947', '1', '1440987947', '1', '0');
INSERT INTO `help` VALUES ('168', '数据库管理中，在线人员的作用是什么？  --------------------------------------------------------------------------------', '70', '解决方法：\n如果服务器的计算机时钟曾经不正确，比如比实际时间晚1个月，时钟调整正确后，会出现所有用户都在线的问题，可以通过该功能修复。也可以强制某些用户离线。 \n', '1440987974', '1', '1440987974', '1', '0');
INSERT INTO `help` VALUES ('170', '精灵手机客户端登录，出现面板空白登录不上的几种情况：  --------------------------------------------------------------------------------', '72', '原因：\n1）密码输入不正确。\n2）地址直接输入的是ip，没有加上http://\n3）手机缓存的原因。\n地址中的冒号是中文状态下的。 \n', '1440988086', '1', '1440988086', '1', '0');
INSERT INTO `help` VALUES ('172', '无法连接情况：iOS客户端登录不成功，显示白板，或Android客户端无法打开页面？  --------------------------------------------------------------------------------', '72', '解决方法：\n1）检查地址一栏，有没有输入http://开头(iOS客户端)，检查地址有没有中文符号(区分中文：和英文:)\n2）检查网络连接，检查能否访问其他Internet网站，如果是GPRS或3G的话同时检查一下是否开通了上网流量，苹果手机还要在设置——通用——网络——蜂窝数据网络中设置上网的APN。具体设置方法因运营商而异。\n详见http://iphone.tgbus.com/tutorial/use/201008/20100816151145.shtml\n3）如果用浏览器能访问/pda页面，用客户端不可以。则清理一下手机程序缓存，一般在手机的应用程序设置界面里。 \n', '1440988120', '1', '1440988120', '1', '0');
INSERT INTO `help` VALUES ('174', '手机客户端登录提示：用户名密码错误。  --------------------------------------------------------------------------------', '72', '解决方法：\n1）先验证电脑上访问是否正常。\n2）检查是否设置“是否允许多人用同一帐号同时登录”。 \n', '1440990121', '1', '1440990121', '1', '0');
INSERT INTO `help` VALUES ('176', '服务器内网访问没问题，外网访问为什么会很慢？  --------------------------------------------------------------------------------', '74', '解决方法：\n1）服务器的防火墙没有关闭。\n2）服务器是在网通的网络中，访问着在电信的网络中。\n3）服务器所在的局域网的路由器做了外网访问限速。\n外网的机子没有把设置成可信任站点\n(附：访问慢，检查方向：\n速度慢主要看硬件配置和在线人数，然后就是CPU的占用，还有磁盘I/O情况\n可能跟服务器的TCP连接数有关系，TCP连接数可以用netstat -an >C:\\a.txt这个命令，输出到C:\\a.txt来看\n检查MY\\data5\\slow.log\n外网访问慢，不只跟服务器网络有关系，同样跟客户端网络也有关系，带宽不止要看下载带宽，还要看上传带宽\n访问走的线路和访问其他网页肯定是不一样的，电信和网通的互联互通问题都要考虑进去)。 \n', '1440991041', '1', '1440991041', '1', '0');
INSERT INTO `help` VALUES ('177', '托管服务器，不做端口映射，为何外网访问不了？  --------------------------------------------------------------------------------', '74', '解决方法：\n1)服务器上安装防火墙和Windows防火墙开放相关端口。\n2)本地连接，属性，internent协议属性，高级，选项，tcp/ip连接 属性，是否启用，端口信息在此处是否允许。 \n', '1440991071', '1', '1440991071', '1', '0');
INSERT INTO `help` VALUES ('178', 'Adsl路由器上网，已做端口映射，域名正常，为何外网访问不了？  --------------------------------------------------------------------------------', '74', '解决方法：\n检查服务器防火墙组织，路由器端口映射，其他映射信息中是否包含端口。\n如，服务器IP 192.168.0.11，端口82，路由器中已经映射 端口 80—8080 映射服务器IP 是0.12，再单独去做0.11服务器的82端口映射 就可能无效。 \n', '1440991109', '1', '1440991110', '1', '0');
INSERT INTO `help` VALUES ('179', '设置远程访问后不生效，为何IP地址可以ping通？  --------------------------------------------------------------------------------', '74', '解决方法：\n检查用户的电脑没有设置固定IP,是路由器指定的，所以才不能访问。 \n', '1440991142', '1', '1440991144', '1', '0');
INSERT INTO `help` VALUES ('180', '升级时点击升级文件无反应。  --------------------------------------------------------------------------------', '75', '解决方法：\n在地址栏直接输入升级文件的路径，例如http://localhost/index.php?UPDATE=1.打开网页即可。 \n', '1440991530', '1', '1440991530', '1', '0');
INSERT INTO `help` VALUES ('186', '怎样将IM分离到其他的服务器上？  --------------------------------------------------------------------------------', '76', '解决方法：\nA、两台计算机都安装oa系统\nB、启用数据库的计算机，在这台计算机上登录oa系统，系统管理 -> 数据库管理 -> MySQL用户管理 添加一个用户：主机为启用office_IM的计算机ip地址，用户名：比如myroot 密码：比如mypass\nC、启用office_IM服务的计算机配置D:\\MY\\bin\\Service.ini\n设置其参数为\n[OfficeIm]HOST=数据库所在计算机的ipPORT=3336USER=rootPASSWORD=myoa888DBNAME=TD_SERVERPORT=1188CENTERMODE=0URL=http://oa访问ip:端口号美讯科技应用服务控制中心-美讯科技其他服务配置-即时通讯配置那的主机名修改为数据库所在计算机ip，重启OFFICE_im服务生效。\nD、启用office_IM服务的计算机停掉Mysql5_oa，启用Mysq5_oa的计算机停掉office_IM服务，以上操作，实现数据库与IM分离。\n', '1440999550', '1', '1440999550', '1', '0');
INSERT INTO `help` VALUES ('187', '怎样将数据库与web应用服务分离的程序版本升级？  --------------------------------------------------------------------------------', '76', '解决方法：\n在web服务器上运行升级包后，先到oa_config.php中把数据库的地址修成到数据库服务器，再点开始升级。 \n', '1440999591', '1', '1440999591', '1', '0');
INSERT INTO `help` VALUES ('188', '服务器安装修正合集后，重新登录后为何没有提示升级？  --------------------------------------------------------------------------------', '76', '解决方法：\n可以尝试在浏览器窗口中输入http://地址/index.php?/UPDATE=1再回车。 \n', '1440999629', '1', '1440999629', '1', '0');
INSERT INTO `help` VALUES ('189', '更换服务器需要注意哪些事项？  --------------------------------------------------------------------------------', '76', '更换服务器前将数据备份好，最好将myoa目录拷贝一下（停止所有的服务），或者将 attach td_oa attachment images 这4个文件夹备份一下，如果将myoa整个目录拷贝到新的服务器上只需要在myoa-bin文件夹下面运行auto0dbc.exe 和network.exe就可以了，如果是在新的服务器上重装的oa将这4个文件夹拷贝过去的话需要将新服务器的服务都停止了然后恢复数据启动服务即可。 \n', '1440999657', '1', '1440999658', '1', '0');
INSERT INTO `help` VALUES ('190', '应用服务与数据库服务分离的一些情况？  --------------------------------------------------------------------------------', '76', '1)数据库服务器上除了数据库服务启动外，其他的全部停止。\n应用服务器上只停止数据库服务。如果数据库服务器上其他服务启动了(尤其是task)会影响正常使用，导致变成试用版。\n2)升级安装升级包后，修改哦下oa_config.php数据库地址，然后再点软件升级。\n3)补丁 只需要在应用服务器上安装。mysql网页工具需要配置网页工具的数据库地址。 \n', '1440999738', '1', '1440999814', '1', '0');
INSERT INTO `help` VALUES ('191', '动态密码器输入错误怎样处理？  --------------------------------------------------------------------------------', '77', '原因：\n动态密码输入错误导致。 \n当用户启用动态密码卡登录后，如果用户不输入动态密码相关信息，登录时，将会提示登录错误，错误信息请参考上图。当我们输入动态密码卡时，看见数字左侧的条形柱不断增长，接近满格时，这是动态密码变更的时候，需要等待其变更后在输入更新后的6位动态数字，否则可能会出现动态密码卡错误的字样。 \n', '1440999893', '1', '1440999893', '1', '0');
INSERT INTO `help` VALUES ('192', '系统登录提示：用户【XXX】域验证失败(Invalid credentials)的对应解决？  --------------------------------------------------------------------------------', '77', '原因：\n1)密码输入不正确导致的。 \n2)申请过动态密码器的用户动态密码忘记输入也会导致此问题。\n\n解决方法：\n1)重新仔细输入一遍密码！（密码和企邮的密码是一致的，所以不要将密码告诉他人） \n2)请确认密码里边是否有阿拉伯数字。如有的情况下，请检查键盘的上的数字键盘是否开启。 \n3)如密码是新更改的请等待30分钟后，再登录系统尝试！ \n4)有动态密码器的用户，请检查填写的动态密码器的数字是否正确。', '1440999988', '1', '1441000053', '1', '0');
INSERT INTO `help` VALUES ('193', '系统内置接口设置及相关应用有哪些？  --------------------------------------------------------------------------------', '41', '系统接口设置的目的\n为了可以让外部系统跟进行数据交换，增加了系统接口设置。通过设置用户帐号权限，来控制外部系统对数据的访问，即可达到数据交换的目的，又可以保证系统和数据的安全性。\n如何使用:\n首先，在系统接口设置模块添加用户，并设置该用户的模块权限；然后，按照系统规范的数据格式，访问系统提供的接口地址，并提交固定格式的数据。\n现有接口类型\n事务提醒、工作流\n[事务提醒]\n接口形式：\n以表单(form)的方式提交，Get或Post均可\n接口地址：\nhttp://oa/interface/sms.php 其中蓝色带下划线部分为实际的地址\n\n参数说明：\nUSER_ID 权限验证用户名，字符串，由管理员在系统接口设置模块添加\nPASSWORD 权限验证密码明文，字符串\nFROM_ID 发送人用户名，字符串，如“admin”\nTO_ID 接收人用户名，字符串，如果群发用英文逗号隔开，如“admin,lxq,gb,whl,”\nSMS_TYPE 事务提醒类型，字符类型\nCONTENT 短信内容，文本格式\nSEND_TIME 发送时间，文本格式，如“2010-10-01 10:20:09”\n返回值：\n格式：代码#|#代码描述，“#|#”为分隔符\n代码描述：\n100 发送成功\n201 用户名或密码为空\n202 用户名不存在，#|#后边的部分为不存在的USER_ID\n203 密码错误\n204 帐号已停用\n205 服务未授权，您使用的帐号没有权限使用该接口发送短信\n301 FROM_ID为空\n302 TO_ID为空\n303 CONTENT为空\n304 SEND_TIME无效\n305 发送人不存在，#|#后边的部分为不存在的FROM_ID\n306 部分接收人不存在，#|#后边的部分为不存在的TO_ID\n307 短信类型无效，#|#后边的部分为无效的SMS_TYPE\n注意：\nSMS_REMIND代码可在“系统代码设置”模块的“提醒类型”中查看，为空则使用“0”\nSEND_TIME为空则使用服务器当前系统时间\n技巧： 为了区分不同的系统发送的短信，可在“系统接口设置”模块添加用户时，在“内容后缀”栏目输入内容加以区别，如“该信息由XXX系统发送”等。\n[工作流]\n接口形式：\n以表单(form)的方式提交，Get或Post均可\n接口地址：\nhttp://oa/interface/workflow.php 其中蓝色带下划线部分为实际的地址\n\n参数说明：\nUSER_ID 权限验证用户名，字符串，由管理员在“系统接口设置”模块添加\nPASSWORD 权限验证密码明文，字符串\nBEGIN_USER 可选,工作发起人登录ID，字符串，如“admin”\nDEPT_ID 可选,部门内部ID号，数字\nFLOW_ID 可选,流程内部ID，数字\nSTART_TIME 可选,开始时间,格式为:2013-11-23 10:40:23\nEND_TIME 可选,截至时间,格式为:2013-11-23 10:40:23”\n返回值：\n正常返回UTF-8编码的XML数据，包括流水号、工作名称文号、发起人、发起时间、当前主办人、当前步骤名称\n错误格式：代码#|#代码描述，“#|#”为分隔符\n代码描述：\n201 用户名或密码为空\n202 用户名不存在，#|#后边的部分为不存在的USER_ID\n203 密码错误\n204 帐号已停用\n205 服务未授权，您使用的帐号没有权限使用该接口发送短信\n301 START_TIME无效\n302 END_TIME无效 \n', '1441000252', '1', '1441000252', '1', '0');
INSERT INTO `help` VALUES ('194', 'Office文档在线编辑有哪些注意事项？  --------------------------------------------------------------------------------', '42', '“有时打开文件，提示文件存取错误”：\n1、安装的office软件可能是精简版的，重新安装个标准版或者专业版就可以。\n2、若是使用360浏览器出现文件存取错误问题，请换IE浏览器使用在线编辑。\n3、有可能是IE缓存满了，清一下IE缓存。或者是磁盘的空间不足，查看一下系统存放的路径，再看一下该盘中的可用空间是多少，如果少的话就删除一些不必要的文件以释放空间。\n4、有可能是ntko控件安装问题\n1）首先卸载控件，卸载控件工具下载地址：http://www.tongda2000.com/download/oa_option.php#B3下载NTKO文档在线编辑控件卸载工具，把ntko控件卸载。\n\n2）然后把加为受信任站点，然后在IE工具栏中选择internet选项->安全->自定义安全级别，把“ActiveX控件和插件”都调成启用或者提示。点击确定。\n\n\n\n3）在http://www.tongda2000.com/download/oa_option.php#B3中下载对应版本的NTKO文档在线编辑控件独立安装包，安装ntko组件。\n\n电子印章:\nOffice文档在线编辑时可以加盖电子印章，电子印章文件后缀名为.esp，用于提高Office文档安全性和权威性，既可以从客户机选择电子印章加盖，也可以从文件柜等处选择加盖。电子印章文件的制作方法，请咨询技术支持人员。\n注意：\n1、如果其他有编辑权限的用户正在编辑此文件，会提示“某某正在编辑此文件，请稍后重试“，需等待其他人关闭后再打开编辑。\n2、用office2007创建的word或excel文件，如果其他人机子上的office是2003版的，不能在线打开这个表格，只能将word的文件保存为doc格式或EXCEL表格保存为XLS格式的。安装2003版office的机器才能打开。\n技巧：在系统管理/系统参数设置中，可以设置在线编辑是否保留痕迹和是否显示痕迹。\n\n', '1441000337', '1', '1441000337', '1', '0');
INSERT INTO `help` VALUES ('195', '如何新建教学资料？', '80', '“新建教学资料”可以编辑上传新的教学资料。需要填写的字段有：年级、科目、资料名称、资料描述、资料附件等。点击【保存】完成上传过程。', '1441001749', '1', '1441001750', '1', '0');
INSERT INTO `help` VALUES ('196', '如何进行教学资料查询？', '80', '“教学资料查询”需要输入一定的查询条件：年级、科目、上传人、发布日期、资料名称等，点击【查询】得到符合条件的资料列表。【导出】功能可以将符合条件的记录导出到外部excel 中。', '1441002045', '1', '1441002045', '1', '0');
INSERT INTO `help` VALUES ('197', '【学生作业】模块可以实现哪些功能？', '81', '教师可以在该栏目下查看、修改、删除给学生布置的作业，查看作业列表，对学生提交的作业进行批改。教师可以布置新作业。教师可以进行学生作业查询。', '1441002253', '1', '1441002254', '1', '0');
INSERT INTO `help` VALUES ('198', '【实践活动】的意义是什么？', '82', '可以查看所有学生的实践活动提交情况。', '1441002374', '1', '1441002375', '1', '0');
INSERT INTO `help` VALUES ('199', '如何导入教师档案信息？', '37', '打开【教师档案—档案信息】的当前页，点击【导入】按钮，选择所要导入的文件，点击【导入】即可成功导入教师档案信息。', '1441002710', '1', '1441002710', '1', '0');
INSERT INTO `help` VALUES ('200', '如何新建课程？', '78', '打开【教务管理-课程设置】的当前页，点击右侧的红色【新建】按钮，之后编辑课程信息，点击【保存】即可成功新建课程。', '1441002936', '1', '1441002937', '1', '0');
INSERT INTO `help` VALUES ('201', '如何进行教务设置？', '79', '打开【教务管理-教务设置】的当前页，填写参数信息，点击【保存】即可成功进行教务设置。', '1441003519', '1', '1441003519', '1', '0');
INSERT INTO `help` VALUES ('203', '怎样避免丢失正在编辑的邮件？  --------------------------------------------------------------------------------', '13', '提供了写信自动保存功能。撰写邮件时，每间隔一段时间系统会自动保存草稿，即使出现突然网络中断的意外情况，也不会造成编辑邮件的丢失，请您放心使用。 \n', '1441003815', '1', '1441003816', '1', '0');
INSERT INTO `help` VALUES ('204', '如何收回已发送的邮件？  --------------------------------------------------------------------------------', '13', '首先在已发送中查看邮件是否已读，若状态为未读，可以直接删除或再次编辑修改；若状态为已读，也想删除该邮件则采用以下方法：\n进入【系统管理-系统资源管理-邮件监控监控】中，点击“邮件监控”查询出邮件，删除即可。', '1441003912', '1', '1441003913', '1', '0');
INSERT INTO `help` VALUES ('205', '事务查询的权限怎样按不同范围设置？  --------------------------------------------------------------------------------', '19', '事务查询是以流程发起人为基本查询对象的，只要是个人参与的都可以查询得到，部门或全体的查询权限，要在系统管理—流程管理-流程设计中，选中某个流程的管理权限中设置，这里还可以同时设置，监控权限、编辑权限和点评权限。 \n', '1441004818', '1', '1441004819', '1', '0');
INSERT INTO `help` VALUES ('206', '精灵修改图片后为何不显示？  --------------------------------------------------------------------------------', '71', '解决方法：\n修改conf/httpd.conf文件，添加avatar到允许访问<Directory ~ \"D:/MY/webroot/attachment/(..|avatar)/\">Order allow,denyAllow from all</Directory>。 \n', '1441006331', '1', '1441006331', '1', '0');
INSERT INTO `help` VALUES ('207', '用户已登录上即时通讯，为何在组织-在线中只能看到单位的名称？  --------------------------------------------------------------------------------', '71', '原因：\n这是用户的user_online表溢出了，但是系统没有报错，导致系统没有检查出用户是否已经登录上，这样就会造成这种看似奇怪的现象。 \n\n解决方法：\n修复user_online表问题解决。\n', '1441006378', '1', '1441006379', '1', '0');
INSERT INTO `help` VALUES ('208', '为什么同一台电脑精灵登录时，菜单功能显示不出来，用网页登录时，显示：正在登录系统，请稍候.....  --------------------------------------------------------------------------------', '71', '解决方法：\n把加受信任点，弹出窗口不能阻止没能解决，因用户还是用的IE6，建议用户先把IE升级IE8，升级后问题还是没有解决，最后管理员在用户管理，批量用户个性设置里设置登录模式，在本窗口打开后即可。 \n', '1441006424', '1', '1441006424', '1', '0');
INSERT INTO `help` VALUES ('209', '登录即时通讯时，提示：用户名称不存在，请联系管理员？  --------------------------------------------------------------------------------', '71', '原因：\n经检测，发现该用户名到其他电脑上登录是正常的，该用户之前被离职过。 \n\n解决方法：\n清理该用户问题客户端缓存后即可。\n', '1441006476', '1', '1441006476', '1', '0');
INSERT INTO `help` VALUES ('210', '修改了默认浏览器打开精灵的菜单功能，为什么打开的都是IE浏览器？  --------------------------------------------------------------------------------', '71', '解决方法：\n最新的360浏览器默认是启用高速模式的，而启用高速模式的时候使用的不是IE的内核，在360浏览器-工具把高速模式去掉，就可以了。 \n', '1441006520', '1', '1441006521', '1', '0');
INSERT INTO `help` VALUES ('211', 'win7下精灵升级出现：TDUpdate已停止工作？  --------------------------------------------------------------------------------', '71', '解决方法：\n右键单击桌面上的精灵图标-属性-以管理员身份运行即可。 \n', '1441006572', '1', '1441006572', '1', '0');
INSERT INTO `help` VALUES ('212', '精灵自动升级，一直提示“读取版本信息”，进度条不走？  --------------------------------------------------------------------------------', '71', '解决方法：\n如果win7系统，设置一下关闭uac和精灵安装目录文件夹访问权限。可能该用户的账号在其他电脑上还用精灵登录着，退出即可升级。 \n', '1441006708', '1', '1441006709', '1', '0');
INSERT INTO `help` VALUES ('213', '升级到最新版精灵后，精灵面板出现黑屏？  --------------------------------------------------------------------------------', '71', '解决方法：\n把精灵换一个路径安装，最好不要和360软件安装同一盘，360可能会把部分文件当病毒删除了。 \n', '1441006740', '1', '1441006740', '1', '0');
INSERT INTO `help` VALUES ('214', '如何进行提醒设置？', '7', '在【个人办公】中找到【控制面板】，在【控制面板】里点击【主题设置】的页面，然后在”提醒设置“那里选择相应的音效即可。', '1444972886', '1', '1444972886', '1', '0');
INSERT INTO `help` VALUES ('215', '如何进行常用语设置？', '7', '在【个人办公——控制面板】页面左侧的分类栏中找到【常用语设置】，然后点击打开页面，编辑常用语，然后点击”保存“按钮即可成功设置常用语。已经保存过得常用语，可在常用语列表中点击”编辑“按钮进行重新编辑。', '1444973186', '1', '1444973186', '1', '0');
INSERT INTO `help` VALUES ('216', '如何查看自己的登录记录？', '8', '打开【个人办公——控制面板】的页面，在【控制面板】的左侧找到【账号安全——安全日志】，打开页面即可看到自己的登录记录信息。', '1444974054', '1', '1444974054', '1', '0');
INSERT INTO `help` VALUES ('217', '精灵客户端如何设置自动登录？', '9', '在精灵客户端打开【系统设置】的弹出框，在【登录-密码】处勾选自动登录，在【高级设置-开机自动运行选项】处勾选开机自动运行，然后点击”保存“按钮即可实现精灵开机自动登录。', '1444975120', '1', '1444975120', '1', '0');
INSERT INTO `help` VALUES ('218', '如何新建工作日志？', '14', '点击工作日志菜单默认显示我的日志页面，点击新建日志按钮，进入新建页面，日志标题默认包含用户姓名、日期、星期等信息，还可以对日志进行编辑、删除、查看全文等操作。写日志时如果设置了标签，可以点击页面左下方的标签查询日志。', '1444977379', '1', '1444977379', '1', '0');
INSERT INTO `help` VALUES ('219', '什么是个人文件柜？', '15', '个人文件柜用于存放自己的文件，点击个人文件柜菜单可以进入个人文件柜页面，个人文件柜页面提供了文件夹的新建、编辑、删除以及文件的上传、下载、重命名和移动到或者复制到另一个文件夹下等功能。', '1444977588', '1', '1444977588', '1', '0');
INSERT INTO `help` VALUES ('220', '使用个人文件柜时的注意事项有哪些？', '15', '其左侧提供的功能包括文件夹的新建、编辑和删除，要注意的问题有：\n1.根目录不能够编辑和删除。\n2.存在子目录或者该目录下包含文件的文件柜不能够删除。\n3.若此文件柜删除成功，则页面跳转到选中其父目录的页面。\n4.若文件夹图标中包含手型则说明它也是一个共享的目录。\n\n', '1444978053', '1', '1444978053', '1', '0');
INSERT INTO `help` VALUES ('221', '什么是【已处理】？', '18', '【已处理】中展示了已经办结的工作，对于已经办结的工作可以查看表单和流程。点击审批工作名称可以查看表单，点击办结步骤可以查看经办步骤和流程设计图。还可以按照“我发起的”、“我接收的”进行查询。', '1444982175', '1', '1444982175', '1', '0');
INSERT INTO `help` VALUES ('222', '在【事务查询】中可以进行哪些操作？', '19', '事务查询中可以查询自己发起的或者自己办理过的流程以及对有查询权限的工作按照流水号、审批工作名称、流程名称、日期、范围、发起人对审批工作进行查询，对办理中的工作进行催办。', '1444982406', '1', '1444982406', '1', '0');
INSERT INTO `help` VALUES ('223', '使用迅雷下载模板，或者导出模板等，无法下载', '73', '这是迅雷对文档格式的编译问题，解决方法是，打开迅雷的下载界面。点击“配置”或者快捷键alt + O ，高级设置，去掉“监视浏览器”，即可，此操作为去掉浏览器下载是迅雷下载，改为浏览器默认下载方式。', '1444984624', '1', '1444984701', '1', '0');
INSERT INTO `help` VALUES ('225', '内部邮箱的附件如何导出？', '45', '导出内部邮件的附件，以作存档，这样里的邮件就可以删除了，以节省空间。\n1）每个用户可以自己在个人事务――电子邮件里导出EML格式，双击导出的压缩包，点击文件名称即可打开。\n2）管理员统一在系统管理――系统资源管理，点击“资源管理”，“资源回收”，在“备份或删除指定时间的资源”，勾选“内部邮件收件箱”，选择“生成导出附件的批处理文件”，这里用默认的 C:\\ResBak，生成的文件为.bat生成导出附件的批处理文件后，请手动在服务器上执行。这样就可以在服务器的相应目录下看到导出的附件了，文件夹是以年月存储的。\n', '1444985788', '1', '1444985788', '1', '0');
INSERT INTO `help` VALUES ('226', '删除的工作能还原吗？', '51', '有“工作销毁”菜单权限的用户可以查询到系统中所有已经删除的工作（不局限于自己经办的），然后进行彻底销毁或还原操作。已删除的工作被还原后还可以继续办理，被销毁后就不能再还原了。\n\n', '1444985892', '1', '1444985892', '1', '0');
INSERT INTO `help` VALUES ('227', '为什么我在新建事务中看不到流程？', '51', '请与管理员联系，由其设置好您的新建工作权限。\n设置方法：以管理员身份登录，进入“系统管理”——“工作流设置”——“设计流程”，选择指定流程。对于固定流程，进入流程设计器，设置好每个步骤的经办人。对于自由流程，设置好新建权限。\n注意：只有管理员设定的，具有流程第一步骤经办权限的用户，才能新建该流程的工作。第一步骤的经办权限可理解为流程发起人。\n', '1444986038', '1', '1444986038', '1', '0');

-- ----------------------------
-- Table structure for help_category
-- ----------------------------
DROP TABLE IF EXISTS `help_category`;
CREATE TABLE `help_category` (
  `id` int(11) NOT NULL AUTO_INCREMENT,
  `name` varchar(100) NOT NULL,
  `parent_id` int(11) NOT NULL,
  PRIMARY KEY (`id`)
) ENGINE=InnoDB AUTO_INCREMENT=83 DEFAULT CHARSET=utf8;

-- ----------------------------
-- Records of help_category
-- ----------------------------
INSERT INTO `help_category` VALUES ('1', '数据备份', '0');
INSERT INTO `help_category` VALUES ('3', '帮助首页', '0');
INSERT INTO `help_category` VALUES ('4', '新手入门', '0');
INSERT INTO `help_category` VALUES ('5', '高级应用技巧', '0');
INSERT INTO `help_category` VALUES ('6', '常见问题', '0');
INSERT INTO `help_category` VALUES ('7', '个人设置', '4');
INSERT INTO `help_category` VALUES ('8', '账号与密码', '4');
INSERT INTO `help_category` VALUES ('9', '登入', '4');
INSERT INTO `help_category` VALUES ('10', '新手应用', '4');
INSERT INTO `help_category` VALUES ('11', '系统注册与维护', '4');
INSERT INTO `help_category` VALUES ('12', '个人办公', '5');
INSERT INTO `help_category` VALUES ('13', '个人邮件', '12');
INSERT INTO `help_category` VALUES ('14', '工作日志', '12');
INSERT INTO `help_category` VALUES ('15', '个人文件柜', '12');
INSERT INTO `help_category` VALUES ('16', '事务审批', '5');
INSERT INTO `help_category` VALUES ('17', '发起事务', '16');
INSERT INTO `help_category` VALUES ('18', '待办事务', '16');
INSERT INTO `help_category` VALUES ('19', '事务查询', '16');
INSERT INTO `help_category` VALUES ('20', '事务监控', '16');
INSERT INTO `help_category` VALUES ('22', '工作委托', '16');
INSERT INTO `help_category` VALUES ('26', '事务流程管理', '16');
INSERT INTO `help_category` VALUES ('27', '信息发布', '5');
INSERT INTO `help_category` VALUES ('28', '公告通知', '27');
INSERT INTO `help_category` VALUES ('29', '新闻管理', '27');
INSERT INTO `help_category` VALUES ('30', '投票管理', '27');
INSERT INTO `help_category` VALUES ('33', '知识管理', '5');
INSERT INTO `help_category` VALUES ('34', '公共文件柜', '33');
INSERT INTO `help_category` VALUES ('35', '教学管理', '5');
INSERT INTO `help_category` VALUES ('36', '教师档案', '5');
INSERT INTO `help_category` VALUES ('37', '档案信息', '36');
INSERT INTO `help_category` VALUES ('38', '教务管理', '5');
INSERT INTO `help_category` VALUES ('39', '系统管理', '5');
INSERT INTO `help_category` VALUES ('40', '组织机构设置', '67');
INSERT INTO `help_category` VALUES ('41', '系统接口设置', '39');
INSERT INTO `help_category` VALUES ('42', 'office文档在线编辑', '39');
INSERT INTO `help_category` VALUES ('43', '精灵PC端', '5');
INSERT INTO `help_category` VALUES ('44', '个人办公', '6');
INSERT INTO `help_category` VALUES ('45', '个人邮件', '44');
INSERT INTO `help_category` VALUES ('46', '手机短信', '44');
INSERT INTO `help_category` VALUES ('48', '工作日志', '44');
INSERT INTO `help_category` VALUES ('49', '个人文件柜', '44');
INSERT INTO `help_category` VALUES ('50', '事务审批', '6');
INSERT INTO `help_category` VALUES ('51', '工作流办理', '50');
INSERT INTO `help_category` VALUES ('52', '工作委托', '50');
INSERT INTO `help_category` VALUES ('53', '事务查询/监控', '50');
INSERT INTO `help_category` VALUES ('56', '信息发布', '6');
INSERT INTO `help_category` VALUES ('57', '公告通知', '56');
INSERT INTO `help_category` VALUES ('59', '知识管理', '6');
INSERT INTO `help_category` VALUES ('60', '公共文件柜', '59');
INSERT INTO `help_category` VALUES ('62', '教师档案', '6');
INSERT INTO `help_category` VALUES ('63', '档案信息', '62');
INSERT INTO `help_category` VALUES ('67', '系统管理', '6');
INSERT INTO `help_category` VALUES ('68', '印章管理', '67');
INSERT INTO `help_category` VALUES ('70', '数据库管理', '67');
INSERT INTO `help_category` VALUES ('71', '精灵PC端', '6');
INSERT INTO `help_category` VALUES ('72', '精灵移动版', '6');
INSERT INTO `help_category` VALUES ('73', '其他', '6');
INSERT INTO `help_category` VALUES ('74', '外网/内网访问慢', '73');
INSERT INTO `help_category` VALUES ('75', '升级', '73');
INSERT INTO `help_category` VALUES ('76', '应用服务', '73');
INSERT INTO `help_category` VALUES ('77', '登入界面', '73');
INSERT INTO `help_category` VALUES ('78', '课程设置', '38');
INSERT INTO `help_category` VALUES ('79', '教务设置', '38');
INSERT INTO `help_category` VALUES ('80', '教学资料', '35');
INSERT INTO `help_category` VALUES ('81', '学生作业', '35');
INSERT INTO `help_category` VALUES ('82', '实践活动', '35');

-- ----------------------------
-- Table structure for illegal_code
-- ----------------------------
DROP TABLE IF EXISTS `illegal_code`;
CREATE TABLE `illegal_code` (
  `id` int(11) NOT NULL AUTO_INCREMENT,
  `glbm` varchar(255) NOT NULL,
  `dlbm` varchar(255) NOT NULL,
  `ldbm` varchar(255) NOT NULL,
  `dlmc` varchar(255) NOT NULL,
  `type` varchar(255) NOT NULL,
  PRIMARY KEY (`id`)
) ENGINE=InnoDB DEFAULT CHARSET=utf8;

-- ----------------------------
-- Records of illegal_code
-- ----------------------------

-- ----------------------------
-- Table structure for illegal_info
-- ----------------------------
DROP TABLE IF EXISTS `illegal_info`;
CREATE TABLE `illegal_info` (
  `id` int(11) NOT NULL AUTO_INCREMENT,
  `the_no` varchar(255) NOT NULL,
  `car_no` varchar(255) NOT NULL,
  `car_color` varchar(255) NOT NULL,
  `car_type` varchar(255) NOT NULL,
  `car_no_color` varchar(255) NOT NULL,
  `illegal_time` int(11) NOT NULL,
  `illegal_location` varchar(255) NOT NULL,
  `lkdm` varchar(255) NOT NULL,
  `lddm` varchar(255) NOT NULL,
  `mi` varchar(255) NOT NULL,
  `the_type` varchar(255) NOT NULL,
  `the_money` varchar(255) NOT NULL,
  `the_status` varchar(255) NOT NULL,
  `the_date` varchar(255) NOT NULL,
  `pic1` varchar(255) NOT NULL,
  `pic2` varchar(255) NOT NULL,
  `pic3` varchar(255) NOT NULL,
  `pic4` varchar(255) NOT NULL,
  `create_user` int(11) NOT NULL,
  `create_time` int(11) NOT NULL,
  `org` int(11) NOT NULL,
  PRIMARY KEY (`id`)
) ENGINE=InnoDB DEFAULT CHARSET=utf8;

-- ----------------------------
-- Records of illegal_info
-- ----------------------------

-- ----------------------------
-- Table structure for im_group
-- ----------------------------
DROP TABLE IF EXISTS `im_group`;
CREATE TABLE `im_group` (
  `id` int(10) unsigned NOT NULL AUTO_INCREMENT COMMENT '唯一自增ID',
  `group_name` varchar(100) NOT NULL COMMENT '群组名称',
  `group_uid` varchar(6000) NOT NULL COMMENT '群组成员',
  `group_active` char(1) NOT NULL DEFAULT '1' COMMENT '群组状态,值1可用，非1不可用',
  `order_no` varchar(20) NOT NULL COMMENT '排序号',
  `remark` varchar(300) NOT NULL COMMENT '群组公告',
  `group_creator` int(10) unsigned NOT NULL COMMENT '创建人',
  `group_create_time` int(10) unsigned NOT NULL COMMENT '创建时间',
  `group_introduction` varchar(3000) NOT NULL COMMENT '群组简介',
  `group_subject` varchar(1000) NOT NULL COMMENT '群组主题',
  PRIMARY KEY (`id`),
  KEY `ORDER_NO` (`order_no`)
) ENGINE=InnoDB DEFAULT CHARSET=utf8 COMMENT='群组';

-- ----------------------------
-- Records of im_group
-- ----------------------------

-- ----------------------------
-- Table structure for im_group_maxmsgid
-- ----------------------------
DROP TABLE IF EXISTS `im_group_maxmsgid`;
CREATE TABLE `im_group_maxmsgid` (
  `id` int(11) NOT NULL AUTO_INCREMENT COMMENT '唯一自增ID',
  `group_member_uid` int(10) NOT NULL DEFAULT '0' COMMENT '群组成员UID',
  `group_id` int(11) NOT NULL DEFAULT '0' COMMENT '所属群组',
  `max_msg_id` int(11) NOT NULL DEFAULT '0' COMMENT '群组成员已查看的最大MSG_ID',
  `top_time` int(11) NOT NULL DEFAULT '0',
  PRIMARY KEY (`id`),
  KEY `group_member_uid` (`group_member_uid`,`group_id`,`max_msg_id`)
) ENGINE=InnoDB DEFAULT CHARSET=utf8 COMMENT='群组消息ID最大值表';

-- ----------------------------
-- Records of im_group_maxmsgid
-- ----------------------------

-- ----------------------------
-- Table structure for im_group_msg
-- ----------------------------
DROP TABLE IF EXISTS `im_group_msg`;
CREATE TABLE `im_group_msg` (
  `id` int(10) NOT NULL AUTO_INCREMENT COMMENT '唯一自增ID',
  `msg_uid` int(10) NOT NULL COMMENT '发消息用户UID',
  `msg_time` int(10) unsigned NOT NULL COMMENT '发消息时间',
  `msg_group_id` int(10) NOT NULL COMMENT '消息所属群组ID',
  `msg_user_name` varchar(100) NOT NULL COMMENT '发消息人姓名',
  `reader_uid` varchar(3000) NOT NULL DEFAULT '0' COMMENT '消息查看者UID',
  `msg_content` blob NOT NULL COMMENT '消息内容',
  `msg_content_simple` varchar(3000) NOT NULL COMMENT '去除HTML后纯文本内容',
  `delete_uid` text NOT NULL,
  PRIMARY KEY (`id`),
  KEY `msg_uid` (`msg_uid`),
  KEY `msg_time` (`msg_time`),
  KEY `msg_group_id` (`msg_group_id`)
) ENGINE=InnoDB DEFAULT CHARSET=utf8 COMMENT='群组消息';

-- ----------------------------
-- Records of im_group_msg
-- ----------------------------

-- ----------------------------
-- Table structure for im_message_cache
-- ----------------------------
DROP TABLE IF EXISTS `im_message_cache`;
CREATE TABLE `im_message_cache` (
  `ID` int(11) NOT NULL AUTO_INCREMENT COMMENT '唯一自增ID',
  `TIME` datetime NOT NULL COMMENT '发消息时间',
  `SRC_UID` int(11) NOT NULL COMMENT '发消息人',
  `DEST_UID` int(11) NOT NULL COMMENT '收消息人',
  `CONTENT` mediumtext NOT NULL COMMENT '消息内容',
  `STYLE` int(11) NOT NULL COMMENT '消息文本样式',
  `FONTSIZE` int(11) NOT NULL COMMENT '消息字体大小',
  `FONTNAME` varchar(50) NOT NULL COMMENT '消息字体名',
  `COLOR` int(10) unsigned NOT NULL COMMENT '消息字体颜色',
  `TYPE` int(11) NOT NULL DEFAULT '21',
  `GROUP_ID` int(11) NOT NULL COMMENT '消息所属分组',
  PRIMARY KEY (`ID`)
) ENGINE=InnoDB DEFAULT CHARSET=utf8 COMMENT='消息临时缓存表';

-- ----------------------------
-- Records of im_message_cache
-- ----------------------------

-- ----------------------------
-- Table structure for im_offline_file
-- ----------------------------
DROP TABLE IF EXISTS `im_offline_file`;
CREATE TABLE `im_offline_file` (
  `id` int(11) NOT NULL AUTO_INCREMENT COMMENT '唯一自增ID',
  `time` datetime NOT NULL COMMENT '发送时间',
  `src_uid` int(11) NOT NULL COMMENT '发送人UID',
  `dest_uid` int(11) NOT NULL COMMENT '接收人UID',
  `file_name` varchar(1000) NOT NULL COMMENT '文件名',
  `file_size` bigint(20) unsigned NOT NULL COMMENT '文件大小',
  `flag` tinyint(1) NOT NULL DEFAULT '0' COMMENT '接收标记(0-未接收,1下次接收)',
  PRIMARY KEY (`id`)
) ENGINE=InnoDB DEFAULT CHARSET=utf8 COMMENT='离线文件';

-- ----------------------------
-- Records of im_offline_file
-- ----------------------------

-- ----------------------------
-- Table structure for information
-- ----------------------------
DROP TABLE IF EXISTS `information`;
CREATE TABLE `information` (
  `id` int(3) NOT NULL AUTO_INCREMENT COMMENT '自增主键',
  `info_name` varchar(30) NOT NULL COMMENT '信息类型名称，只能为英文字母',
  `info_chinese` varchar(30) NOT NULL COMMENT '模块中文名称',
  `info_icon` varchar(30) DEFAULT NULL COMMENT 'sidebar_logo图标',
  `view_path` varchar(255) NOT NULL COMMENT '信息查看菜单路径',
  `view_icon` varchar(30) DEFAULT NULL COMMENT '信息类型查看图标',
  `view_chinese` varchar(30) NOT NULL COMMENT '信息查看中文名称',
  `admin_path` varchar(255) NOT NULL COMMENT '信息管理菜单路径',
  `admin_icon` varchar(30) DEFAULT NULL COMMENT '信息类型管理图标',
  `admin_chinese` varchar(30) NOT NULL COMMENT '信息管理中文名称',
  PRIMARY KEY (`id`)
) ENGINE=InnoDB DEFAULT CHARSET=utf8;

-- ----------------------------
-- Records of information
-- ----------------------------

-- ----------------------------
-- Table structure for keywords
-- ----------------------------
DROP TABLE IF EXISTS `keywords`;
CREATE TABLE `keywords` (
  `id` int(11) NOT NULL AUTO_INCREMENT,
  `model` varchar(32) NOT NULL,
  `pk` int(11) NOT NULL,
  `keywords` varchar(255) NOT NULL,
  PRIMARY KEY (`id`),
  KEY `model` (`model`)
) ENGINE=InnoDB DEFAULT CHARSET=utf8;

-- ----------------------------
-- Records of keywords
-- ----------------------------

-- ----------------------------
-- Table structure for leader
-- ----------------------------
DROP TABLE IF EXISTS `leader`;
CREATE TABLE `leader` (
  `id` int(11) NOT NULL AUTO_INCREMENT,
  `secretary` int(11) DEFAULT NULL COMMENT '秘书用户id',
  `leader` int(11) DEFAULT NULL COMMENT '领导用户id',
  PRIMARY KEY (`id`)
) ENGINE=InnoDB DEFAULT CHARSET=utf8;

-- ----------------------------
-- Records of leader
-- ----------------------------

-- ----------------------------
-- Table structure for library
-- ----------------------------
DROP TABLE IF EXISTS `library`;
CREATE TABLE `library` (
  `id` int(11) unsigned NOT NULL AUTO_INCREMENT COMMENT '文档id',
  `create_user` int(11) DEFAULT NULL COMMENT '上传者id',
  `create_time` int(11) DEFAULT NULL COMMENT '上传时间',
  `category_id` int(11) DEFAULT NULL COMMENT '文档分类id',
  `root_category_id` int(11) DEFAULT NULL COMMENT '文档根分类',
  `doc_file_name` varchar(255) DEFAULT NULL COMMENT '文档原文件名',
  `doc_file_id` varchar(13) DEFAULT NULL COMMENT '文档唯一标识',
  `doc_file_type` tinyint(11) unsigned DEFAULT NULL COMMENT '文档格式（1:txt; 2:doc; 3:docx; 4:ppt; 5:pptx; 6:xls; 7:xlsx; 8:pdf;）',
  `doc_file_size` int(11) DEFAULT '0' COMMENT '文档大小（Kb）',
  `title` varchar(100) DEFAULT NULL COMMENT '文档标题',
  `description` varchar(255) DEFAULT NULL COMMENT '文档简介',
  `keywords` varchar(100) DEFAULT NULL COMMENT '文档关键字',
  `status` tinyint(1) DEFAULT '0' COMMENT '文档转换状态（0：未转换；1：成功；2：失败）',
  `is_privacy` tinyint(1) DEFAULT '0' COMMENT '文档隐私状态（0：公开； 1：私有）',
  `is_valid` tinyint(1) DEFAULT '0' COMMENT '文档审核状态（0：未审核；1：通过审核；2：审核未通过）',
  `is_recommend` tinyint(1) DEFAULT '0' COMMENT '是否推荐',
  `read_count` int(11) DEFAULT '0' COMMENT '阅读次数',
  `download_count` int(11) DEFAULT '0' COMMENT '文档下载次数',
  `comment_count` int(11) DEFAULT '0' COMMENT '评论次数',
  PRIMARY KEY (`id`)
) ENGINE=InnoDB DEFAULT CHARSET=utf8;

-- ----------------------------
-- Records of library
-- ----------------------------

-- ----------------------------
-- Table structure for library_category
-- ----------------------------
DROP TABLE IF EXISTS `library_category`;
CREATE TABLE `library_category` (
  `id` int(11) unsigned NOT NULL AUTO_INCREMENT COMMENT '分类id',
  `category_name` varchar(100) DEFAULT NULL COMMENT '分类名称',
  `category_code` varchar(50) DEFAULT NULL COMMENT '分类代码',
  `parent_id` int(11) DEFAULT NULL COMMENT '父类id',
  `path` varchar(100) DEFAULT NULL COMMENT '路径（由“父节点path,id”组成）',
  `depth` tinyint(11) DEFAULT '1' COMMENT '深度（层级）',
  `doc_count` int(11) DEFAULT '0' COMMENT '该分类下文档数量',
  `sort` int(11) DEFAULT NULL COMMENT '排序',
  PRIMARY KEY (`id`)
) ENGINE=InnoDB DEFAULT CHARSET=utf8;

-- ----------------------------
-- Records of library_category
-- ----------------------------

-- ----------------------------
-- Table structure for library_doc_comment
-- ----------------------------
DROP TABLE IF EXISTS `library_doc_comment`;
CREATE TABLE `library_doc_comment` (
  `id` int(11) unsigned NOT NULL AUTO_INCREMENT COMMENT '评论id',
  `doc_id` int(11) DEFAULT NULL COMMENT '文档id',
  `user_id` int(11) DEFAULT NULL COMMENT '评论用户id',
  `comment` text COMMENT '评论内容',
  `create_date` int(11) DEFAULT NULL COMMENT '评论时间',
  `status` tinyint(1) DEFAULT NULL COMMENT '评论状态',
  PRIMARY KEY (`id`)
) ENGINE=InnoDB DEFAULT CHARSET=utf8;

-- ----------------------------
-- Records of library_doc_comment
-- ----------------------------

-- ----------------------------
-- Table structure for library_doc_download
-- ----------------------------
DROP TABLE IF EXISTS `library_doc_download`;
CREATE TABLE `library_doc_download` (
  `id` int(11) NOT NULL AUTO_INCREMENT COMMENT '下载id',
  `doc_id` int(11) NOT NULL COMMENT '下载文档id',
  `doc_file_name` varchar(255) DEFAULT NULL COMMENT '文档名称',
  `create_user` int(11) DEFAULT NULL COMMENT '下载者',
  `create_time` int(11) DEFAULT NULL COMMENT '下载时间',
  PRIMARY KEY (`id`)
) ENGINE=InnoDB DEFAULT CHARSET=utf8;

-- ----------------------------
-- Records of library_doc_download
-- ----------------------------

-- ----------------------------
-- Table structure for library_doc_folder
-- ----------------------------
DROP TABLE IF EXISTS `library_doc_folder`;
CREATE TABLE `library_doc_folder` (
  `id` int(11) unsigned NOT NULL AUTO_INCREMENT COMMENT '自增id',
  `folder_id` int(11) DEFAULT NULL COMMENT '收藏夹id',
  `doc_id` int(11) DEFAULT NULL COMMENT '文档id',
  `create_user` int(11) NOT NULL COMMENT '收藏者id',
  `create_time` int(11) NOT NULL COMMENT '收藏时间',
  `type` tinyint(11) DEFAULT '1' COMMENT '收藏类型（1：收藏；2：上传；3：下载；）',
  PRIMARY KEY (`id`)
) ENGINE=InnoDB DEFAULT CHARSET=utf8;

-- ----------------------------
-- Records of library_doc_folder
-- ----------------------------

-- ----------------------------
-- Table structure for library_folder
-- ----------------------------
DROP TABLE IF EXISTS `library_folder`;
CREATE TABLE `library_folder` (
  `id` int(11) NOT NULL AUTO_INCREMENT COMMENT '收藏夹id',
  `parent_id` int(11) NOT NULL DEFAULT '0' COMMENT '上级收藏夹id',
  `name` varchar(50) DEFAULT NULL COMMENT '收藏夹名称',
  `create_user` int(11) DEFAULT NULL COMMENT '创建者id',
  `create_time` int(11) DEFAULT NULL COMMENT '创建时间',
  PRIMARY KEY (`id`)
) ENGINE=InnoDB DEFAULT CHARSET=utf8;

-- ----------------------------
-- Records of library_folder
-- ----------------------------

-- ----------------------------
-- Table structure for library_log
-- ----------------------------
DROP TABLE IF EXISTS `library_log`;
CREATE TABLE `library_log` (
  `id` int(11) unsigned NOT NULL AUTO_INCREMENT COMMENT '日志id',
  `doc_id` int(11) DEFAULT NULL COMMENT '文档id',
  `status` tinyint(3) DEFAULT NULL COMMENT '文档状态',
  `note` varchar(255) DEFAULT NULL COMMENT '备注',
  PRIMARY KEY (`id`)
) ENGINE=InnoDB DEFAULT CHARSET=utf8;

-- ----------------------------
-- Records of library_log
-- ----------------------------

-- ----------------------------
-- Table structure for library_queue
-- ----------------------------
DROP TABLE IF EXISTS `library_queue`;
CREATE TABLE `library_queue` (
  `id` int(11) unsigned NOT NULL AUTO_INCREMENT COMMENT '列队id',
  `doc_id` int(11) DEFAULT NULL COMMENT '列队文档id',
  PRIMARY KEY (`id`)
) ENGINE=InnoDB DEFAULT CHARSET=utf8;

-- ----------------------------
-- Records of library_queue
-- ----------------------------

-- ----------------------------
-- Table structure for meeting
-- ----------------------------
DROP TABLE IF EXISTS `meeting`;
CREATE TABLE `meeting` (
  `id` int(11) NOT NULL AUTO_INCREMENT COMMENT '唯一自增ID',
  `name` varchar(200) DEFAULT NULL COMMENT '会议名称',
  `topic` varchar(200) DEFAULT NULL COMMENT '会议主题',
  `desc` text COMMENT '会议描述',
  `proposer` varchar(20) DEFAULT NULL COMMENT '申请人',
  `request_time` datetime DEFAULT NULL COMMENT '申请时间',
  `start_time` int(11) DEFAULT NULL COMMENT '开始时间',
  `end_time` int(11) DEFAULT NULL COMMENT '结束时间',
  `room_id` int(11) DEFAULT NULL COMMENT '会议室ID',
  `status` varchar(10) DEFAULT '0' COMMENT '会议状态标识(0-待批,1-已准,2-进行中,3-未批准)',
  `manager` varchar(20) NOT NULL DEFAULT '' COMMENT '会议室管理员',
  `attendee_out` text NOT NULL COMMENT '外部出席人员',
  `sms_remind` varchar(20) NOT NULL DEFAULT '' COMMENT '应用提醒标志',
  `sms2_remind` varchar(20) NOT NULL DEFAULT '' COMMENT '短信提醒标志',
  `summary` text NOT NULL COMMENT '纪要内容',
  `read_people_id` text NOT NULL COMMENT '指定读者',
  `attendee_not` text NOT NULL COMMENT '缺席人员',
  `resend_long` double NOT NULL DEFAULT '0' COMMENT '提醒时间',
  `resend_several` int(11) NOT NULL DEFAULT '0' COMMENT '提醒次数',
  `equip_id_str` text NOT NULL COMMENT '会议设备ID',
  `recorder` varchar(20) NOT NULL COMMENT '会议纪要员',
  `calendar` char(1) NOT NULL COMMENT '写入日程标识',
  `cycle` char(1) NOT NULL COMMENT '周期性会议标记',
  `cycle_no` int(11) NOT NULL DEFAULT '0' COMMENT '周期性会议ID',
  `fact_attendee` text NOT NULL COMMENT '实际参会人员',
  `reason` text NOT NULL COMMENT '不批准原因',
  `create_time` int(11) DEFAULT NULL COMMENT '创建时间',
  `budget_amount` float(9,2) DEFAULT NULL COMMENT '会议预算',
  `final_amount` float(9,2) DEFAULT NULL COMMENT '实际支出',
  `budget_dept` int(11) DEFAULT NULL COMMENT '费用承担单位',
  `type` char(13) DEFAULT NULL COMMENT '会议类型',
  `meeting_address` varchar(600) DEFAULT NULL COMMENT '非选择会议室时，填写会议地点',
  `process_id` char(36) DEFAULT NULL,
  PRIMARY KEY (`id`)
) ENGINE=InnoDB DEFAULT CHARSET=utf8 COMMENT='会议';

-- ----------------------------
-- Records of meeting
-- ----------------------------

-- ----------------------------
-- Table structure for meeting_budget
-- ----------------------------
DROP TABLE IF EXISTS `meeting_budget`;
CREATE TABLE `meeting_budget` (
  `id` int(11) NOT NULL AUTO_INCREMENT,
  `create_time` int(11) DEFAULT NULL COMMENT '预算费用填写时间',
  `create_user` int(11) DEFAULT NULL,
  `meeting_id` int(11) DEFAULT NULL,
  `type` char(13) DEFAULT NULL COMMENT '会议费用类型',
  `name` varchar(200) DEFAULT NULL COMMENT '费用名称',
  `budget_amount` float(9,2) DEFAULT NULL COMMENT '预算费用',
  `final_amount` float(9,2) DEFAULT NULL COMMENT '实际费用',
  `remark` text,
  `final_time` int(11) DEFAULT NULL COMMENT '实际费用填写时间',
  `final_user` int(11) DEFAULT NULL COMMENT '实际费用填写人',
  PRIMARY KEY (`id`)
) ENGINE=InnoDB DEFAULT CHARSET=utf8;

-- ----------------------------
-- Records of meeting_budget
-- ----------------------------

-- ----------------------------
-- Table structure for meeting_equipment
-- ----------------------------
DROP TABLE IF EXISTS `meeting_equipment`;
CREATE TABLE `meeting_equipment` (
  `id` int(11) NOT NULL AUTO_INCREMENT COMMENT '唯一自增ID',
  `no` varchar(254) NOT NULL DEFAULT '' COMMENT '设备编号',
  `name` varchar(254) NOT NULL DEFAULT '' COMMENT '设备名称',
  `status` int(1) NOT NULL DEFAULT '1' COMMENT '设备状态',
  `remark` text NOT NULL COMMENT '设备描述',
  `group_yn` int(1) NOT NULL DEFAULT '0' COMMENT '同类设备(0-没有,1-有)',
  `group_no` varchar(254) NOT NULL DEFAULT '' COMMENT '同类设备名称',
  `mr_id` int(11) NOT NULL DEFAULT '0' COMMENT '所属会议室ID',
  PRIMARY KEY (`id`)
) ENGINE=InnoDB AUTO_INCREMENT=5 DEFAULT CHARSET=utf8 COMMENT='会议室设备表';

-- ----------------------------
-- Records of meeting_equipment
-- ----------------------------
INSERT INTO `meeting_equipment` VALUES ('1', '001', '投影仪', '1', 'li昂好', '0', '51e79978394fd', '1');
INSERT INTO `meeting_equipment` VALUES ('2', '002', '环绕声音响', '1', '音效良好', '1', '51e799813435a', '1');
INSERT INTO `meeting_equipment` VALUES ('3', '001', '投影仪', '1', 'li昂好', '0', '51e79978394fd', '2');
INSERT INTO `meeting_equipment` VALUES ('4', '002', '环绕声音响', '1', '音效良好', '1', '51e799813435a', '2');

-- ----------------------------
-- Table structure for meeting_room
-- ----------------------------
DROP TABLE IF EXISTS `meeting_room`;
CREATE TABLE `meeting_room` (
  `id` int(11) NOT NULL AUTO_INCREMENT COMMENT '唯一自增ID',
  `name` varchar(50) DEFAULT NULL COMMENT '会议室名称',
  `capacity` varchar(200) NOT NULL DEFAULT '' COMMENT '可容纳人数',
  `device` text COMMENT '设备情况',
  `desc` text COMMENT '会议室描述',
  `place` varchar(200) DEFAULT NULL COMMENT '地址',
  `to_id` text NOT NULL COMMENT '申请部门',
  `secret_to_id` text NOT NULL COMMENT '申请人员',
  `operator` text NOT NULL COMMENT '会议室管理员',
  `apply_weekdays` varchar(30) NOT NULL DEFAULT '1,2,3,4,5' COMMENT '允许申请的星期设置',
  PRIMARY KEY (`id`)
) ENGINE=InnoDB AUTO_INCREMENT=3 DEFAULT CHARSET=utf8 COMMENT='会议室表';

-- ----------------------------
-- Records of meeting_room
-- ----------------------------
INSERT INTO `meeting_room` VALUES ('1', '第一会议室', '12', '一切良好', '领导专用会议室', '金融街88号', '5,6,', '1,2,3,4,5,6,7,8,9,', '1,', '1,2,3,4,5');
INSERT INTO `meeting_room` VALUES ('2', '第二会议室', '25', '一切良好', '部门专用会议室', '金融街87号', '1,2,1550,', '1,2,', '1,', '1,2,3,4,5');

-- ----------------------------
-- Table structure for meeting_sign
-- ----------------------------
DROP TABLE IF EXISTS `meeting_sign`;
CREATE TABLE `meeting_sign` (
  `id` int(11) NOT NULL AUTO_INCREMENT,
  `create_time` int(11) NOT NULL COMMENT '签到时间',
  `create_user` int(11) NOT NULL COMMENT '签到人',
  `meeting_id` int(11) NOT NULL COMMENT '会议ID',
  PRIMARY KEY (`id`)
) ENGINE=InnoDB DEFAULT CHARSET=utf8;

-- ----------------------------
-- Records of meeting_sign
-- ----------------------------

-- ----------------------------
-- Table structure for message
-- ----------------------------
DROP TABLE IF EXISTS `message`;
CREATE TABLE `message` (
  `id` int(11) NOT NULL AUTO_INCREMENT COMMENT '自增主键',
  `create_user` int(11) NOT NULL COMMENT '发送者id',
  `to_uid` int(11) NOT NULL COMMENT '接受者id',
  `remind_flag` tinyint(1) NOT NULL DEFAULT '1' COMMENT '提醒状态',
  `delete_flag` tinyint(1) NOT NULL DEFAULT '0' COMMENT '删除状态',
  `create_time` int(11) NOT NULL COMMENT '发送时间',
  `msg_type` tinyint(1) NOT NULL DEFAULT '0' COMMENT '消息类型',
  `content` blob NOT NULL COMMENT '消息内容',
  `duration` int(11) NOT NULL DEFAULT '0' COMMENT '语音时长',
  PRIMARY KEY (`id`),
  KEY `idx_create_user` (`create_user`),
  KEY `idx_to_uid` (`to_uid`)
) ENGINE=InnoDB DEFAULT CHARSET=utf8;

-- ----------------------------
-- Records of message
-- ----------------------------

-- ----------------------------
-- Table structure for message_relations
-- ----------------------------
DROP TABLE IF EXISTS `message_relations`;
CREATE TABLE `message_relations` (
  `id` int(11) NOT NULL AUTO_INCREMENT COMMENT '自增主键',
  `user1` int(11) NOT NULL COMMENT '发送者1',
  `user2` int(11) NOT NULL COMMENT '发送者2',
  `msg_id` int(11) NOT NULL COMMENT '消息id',
  `update_time` int(11) NOT NULL COMMENT '最后一条发送时间',
  `counter1` int(11) NOT NULL COMMENT '发送者1总消息条数',
  `counter2` int(11) NOT NULL COMMENT '发送者2总消息条数',
  `top_time1` int(11) NOT NULL DEFAULT '0',
  `top_time2` int(11) NOT NULL DEFAULT '0',
  PRIMARY KEY (`id`),
  KEY `user` (`user1`,`user2`)
) ENGINE=InnoDB DEFAULT CHARSET=utf8;

-- ----------------------------
-- Records of message_relations
-- ----------------------------

-- ----------------------------
-- Table structure for mobile_application
-- ----------------------------
DROP TABLE IF EXISTS `mobile_application`;
CREATE TABLE `mobile_application` (
  `id` int(11) NOT NULL AUTO_INCREMENT COMMENT '自增ID',
  `app_name` varchar(64) DEFAULT NULL COMMENT '应用名称',
  `app_type` tinyint(3) DEFAULT NULL COMMENT '0:基于HTML5的应用;1:本地应用;2:内置应用',
  `app_icon` blob COMMENT '应用图标',
  `app_config` text COMMENT '应用配置信息',
  `app_no` int(11) NOT NULL DEFAULT '0' COMMENT '序号',
  `app_status` tinyint(1) NOT NULL DEFAULT '1' COMMENT '0,停用;1,启用',
  `update_time` int(11) NOT NULL,
  PRIMARY KEY (`id`)
) ENGINE=InnoDB AUTO_INCREMENT=17 DEFAULT CHARSET=utf8;

-- ----------------------------
-- Records of mobile_application
-- ----------------------------
INSERT INTO `mobile_application` VALUES ('1', '电子邮件', '2', null, 'email', '0', '1', '0');
INSERT INTO `mobile_application` VALUES ('2', '公告通知', '2', null, 'notify', '0', '1', '0');
INSERT INTO `mobile_application` VALUES ('3', '内部新闻', '2', null, 'news', '0', '1', '0');
INSERT INTO `mobile_application` VALUES ('4', '工作流', '2', null, 'workflow', '0', '1', '0');
INSERT INTO `mobile_application` VALUES ('5', '会务', '2', null, 'meeting', '0', '1', '0');
INSERT INTO `mobile_application` VALUES ('6', '大事记', '2', null, 'timeline', '0', '1', '0');
INSERT INTO `mobile_application` VALUES ('7', '日程安排', '2', null, 'calendar', '0', '1', '0');
INSERT INTO `mobile_application` VALUES ('8', '工作日志', '2', null, 'diary', '0', '1', '0');
INSERT INTO `mobile_application` VALUES ('9', '文件柜', '2', null, 'file', '0', '1', '0');
INSERT INTO `mobile_application` VALUES ('10', '通讯簿', '2', null, 'address', '0', '1', '0');
INSERT INTO `mobile_application` VALUES ('11', '天气预报', '2', null, 'weather', '0', '1', '0');
INSERT INTO `mobile_application` VALUES ('12', '用户查询', '2', null, 'user', '0', '1', '0');
INSERT INTO `mobile_application` VALUES ('13', '二维码', '2', null, 'qrcode', '0', '1', '0');
INSERT INTO `mobile_application` VALUES ('14', '讨论区', '2', null, 'bbs', '0', '1', '1513174684');
INSERT INTO `mobile_application` VALUES ('15', '领导活动', '2', null, 'schedule', '0', '0', '1513174684');
INSERT INTO `mobile_application` VALUES ('16', '考勤', '2', null, 'attendance', '0', '1', '1513174685');

-- ----------------------------
-- Table structure for mq_category
-- ----------------------------
DROP TABLE IF EXISTS `mq_category`;
CREATE TABLE `mq_category` (
  `id` int(11) NOT NULL AUTO_INCREMENT,
  `parent_id` int(11) NOT NULL,
  `category_name` varchar(30) NOT NULL,
  `category_order` int(11) NOT NULL,
  `path` varchar(100) NOT NULL,
  PRIMARY KEY (`id`)
) ENGINE=InnoDB DEFAULT CHARSET=utf8;

-- ----------------------------
-- Records of mq_category
-- ----------------------------

-- ----------------------------
-- Table structure for mq_config
-- ----------------------------
DROP TABLE IF EXISTS `mq_config`;
CREATE TABLE `mq_config` (
  `id` int(11) NOT NULL AUTO_INCREMENT,
  `user_id` int(11) NOT NULL COMMENT '用户',
  `config` varchar(500) NOT NULL COMMENT '配置',
  PRIMARY KEY (`id`)
) ENGINE=InnoDB DEFAULT CHARSET=utf8;

-- ----------------------------
-- Records of mq_config
-- ----------------------------

-- ----------------------------
-- Table structure for mq_receive
-- ----------------------------
DROP TABLE IF EXISTS `mq_receive`;
CREATE TABLE `mq_receive` (
  `id` int(11) NOT NULL AUTO_INCREMENT,
  `model` varchar(64) NOT NULL COMMENT '表',
  `pk` int(11) NOT NULL COMMENT '接收的主键',
  `from_pk` int(11) NOT NULL COMMENT '来源主键',
  `from_user` varchar(50) NOT NULL COMMENT '发送用户',
  PRIMARY KEY (`id`)
) ENGINE=InnoDB DEFAULT CHARSET=utf8;

-- ----------------------------
-- Records of mq_receive
-- ----------------------------

-- ----------------------------
-- Table structure for mq_send
-- ----------------------------
DROP TABLE IF EXISTS `mq_send`;
CREATE TABLE `mq_send` (
  `id` int(11) NOT NULL AUTO_INCREMENT,
  `pk` int(11) NOT NULL COMMENT '发送数据主键',
  `model` varchar(64) NOT NULL COMMENT '表',
  `to_user` varchar(50) NOT NULL COMMENT '接收用户',
  `send_time` int(11) NOT NULL COMMENT '发送时间',
  `receive_time` int(11) NOT NULL DEFAULT '0' COMMENT '接收时间',
  `status` tinyint(1) NOT NULL DEFAULT '0' COMMENT '状态（0：未接收；1：已接收；2：已签收；3：已拒绝）',
  PRIMARY KEY (`id`)
) ENGINE=InnoDB DEFAULT CHARSET=utf8;

-- ----------------------------
-- Records of mq_send
-- ----------------------------

-- ----------------------------
-- Table structure for mq_user
-- ----------------------------
DROP TABLE IF EXISTS `mq_user`;
CREATE TABLE `mq_user` (
  `id` int(11) NOT NULL AUTO_INCREMENT,
  `username` varchar(50) NOT NULL,
  `password` varchar(100) NOT NULL,
  `tags` varchar(20) NOT NULL,
  `category_id` int(11) NOT NULL,
  `type` tinyint(4) NOT NULL,
  PRIMARY KEY (`id`)
) ENGINE=InnoDB AUTO_INCREMENT=2 DEFAULT CHARSET=utf8;

-- ----------------------------
-- Records of mq_user
-- ----------------------------
INSERT INTO `mq_user` VALUES ('1', 'admin', 'f2c0Fum+1xnro5HLiBEukl+GIDOc9OAudK7vMh4YR9+rb3qXYw', 'administrator', '0', '1');

-- ----------------------------
-- Table structure for netdisk
-- ----------------------------
DROP TABLE IF EXISTS `netdisk`;
CREATE TABLE `netdisk` (
  `id` int(11) NOT NULL AUTO_INCREMENT COMMENT '自增唯一ID',
  `disk_name` text NOT NULL COMMENT '网络硬盘名称',
  `disk_path` text NOT NULL COMMENT '目录路径',
  `disk_no` int(11) NOT NULL DEFAULT '0' COMMENT '网络硬盘排序号',
  `space_limit` int(11) NOT NULL DEFAULT '0' COMMENT '最大容量',
  `default_order` varchar(20) NOT NULL DEFAULT '' COMMENT '默认排序字段',
  `asc_desc` varchar(20) NOT NULL DEFAULT '' COMMENT '默认升序降序',
  `remark` text NOT NULL COMMENT '备注',
  PRIMARY KEY (`id`),
  KEY `disk_no` (`disk_no`)
) ENGINE=InnoDB DEFAULT CHARSET=utf8 COMMENT='网络硬盘表';

-- ----------------------------
-- Records of netdisk
-- ----------------------------

-- ----------------------------
-- Table structure for news
-- ----------------------------
DROP TABLE IF EXISTS `news`;
CREATE TABLE `news` (
  `id` int(11) NOT NULL AUTO_INCREMENT COMMENT '自增主键',
  `subject` varchar(200) NOT NULL DEFAULT '' COMMENT '标题',
  `content` mediumtext NOT NULL COMMENT '内容',
  `provider` varchar(200) NOT NULL DEFAULT '' COMMENT '创建者',
  `create_time` int(11) NOT NULL DEFAULT '0' COMMENT '创建时间',
  `click_count` int(11) NOT NULL DEFAULT '0' COMMENT '点击总数',
  `anonymity_yn` varchar(20) NOT NULL DEFAULT '0' COMMENT '是否匿名',
  `format` varchar(20) NOT NULL DEFAULT '0',
  `type_id` varchar(200) NOT NULL DEFAULT '' COMMENT '新闻类型id',
  `publish` char(1) NOT NULL DEFAULT '1' COMMENT '是否发布',
  `readers` text NOT NULL COMMENT '已查看用户',
  `compress_content` mediumblob NOT NULL COMMENT '内容压缩',
  `top` varchar(2) NOT NULL DEFAULT '0' COMMENT '置顶',
  `last_editor` varchar(200) NOT NULL COMMENT '最后编辑者',
  `last_edit_time` int(11) NOT NULL DEFAULT '0' COMMENT '编辑时间',
  `subject_color` varchar(8) NOT NULL COMMENT '标题颜色',
  `summary` text NOT NULL COMMENT '描述',
  `keyword` varchar(100) NOT NULL COMMENT '关键词',
  `news_type` tinyint(1) NOT NULL DEFAULT '0' COMMENT '0-纯文本,1-文字和图片',
  `custom_fields` text NOT NULL,
  PRIMARY KEY (`id`),
  KEY `SUBJECT` (`subject`),
  KEY `PROVIDER` (`provider`),
  KEY `NEWS_TIME` (`create_time`),
  KEY `news_type` (`type_id`),
  CONSTRAINT `news_type` FOREIGN KEY (`type_id`) REFERENCES `sys_code` (`id`) ON UPDATE CASCADE
) ENGINE=InnoDB AUTO_INCREMENT=11 DEFAULT CHARSET=utf8;

-- ----------------------------
-- Records of news
-- ----------------------------
INSERT INTO `news` VALUES ('1', '我校在大会上取得了成果', '我校在教育局举办的学校评比上取得了重大成果。被誉为全市最佳学校', '1', '1445932023', '1', '0', '0', '51babf9227723', '1', ',1,', '', '0', '1', '1446433427', '', '我校在教育局举办的学校评比上取得了重大成果。被誉为全市最佳学校', '', '0', '');
INSERT INTO `news` VALUES ('2', '2014年三亚教育界大事盘点 异地高考等事件受关注', '2014年马上就要过去。对于三亚教育来说，2014年同样让人难忘，傅厚明老师获评“最美三亚人”、特殊教育学校开学、第一所公办乡镇幼儿园开园、53名异地考生三亚高考……这些受人们关注的事件和词语反映和总结了一年来三亚教育的动态和发展。解读身边的教育，关心孩子的成长。下面让我们一起回顾2014年三亚教育领域的热点焦点。 　　事件1：已故教师傅厚明获评“最美三亚人” 　　关键语：大爱诠释师德厚重 　　傅厚明1962年出生于文昌市龙楼镇春桃村，小学数学高级教师。自1981年从崖县师范学校毕业后，便一直在三亚市海棠湾镇洪李村洪风小学任教。从教32年来，其一直扎根农村学校，先后12次被评为镇先进工作者和优秀教师，2013年被评为三亚市优秀教师，深受群众的爱戴和敬重。在其任教的村里居住的2000多名村民中，有近1000人是他的学生，甚至有一家三代人都是他曾经教过的学生。去年7月，傅厚明不幸患肝癌住院，最终永远离开了他心爱的学生。今年，傅厚明老师被选为“最美三亚人”。 　　扎根乡村小学32载，大爱诠释师德厚重。傅老师是教师中的典范，无论课上课下，都以身作则，全身心投入诠释“师德”这两个字的真谛。 　　事件2： 　　53名异地考生在三亚高考 　　关键语：异地高考正式在我市实现 　　今年我市共有53名异地高考生报名成功就地高考，这些考生来自广东、四川，其中农村户籍的较多，他们都是外来务工人员的随迁子女。据悉，外省籍随迁子女本人及其法定监护人符合“3个6” (即6年学籍、6年居住、6年社保)的条件要求，就能够享受本地考生报考的同等条件，报考批次不限。 　　备受社会各界关注的“异地高考”话题终于在三亚有了说法和结果，它给外来务工人员子女敞开了方便之门，让国家“教育平等”的福祉真正惠及每一名学子。 　　事件3： 　　三亚特殊教育学校揭牌 　　关键语：解决残疾儿童读书难 　　9月2日，位于天涯区过岭中学内的我市唯一一所按照国家标准建设的特殊学校——三亚市特殊教育学校终于揭牌成立，并正式开学。学校实行九年制义务教育，设有语训室、启智室、启聪室、感统训练室、语音测试室、康复训练室等课室，并配备了15名专业教师。 　　三亚市特殊教育学校的成立为三亚及周边市县适龄残疾儿童的读书学习及训练康复提供了很好的条件和机会，真正解决了残疾儿童“读书难”的大问题，同时也让残疾儿童的家长们看到了希望。 　　事件4： 　　育才镇中心幼儿园开园 　　关键语：我市首所公办乡镇幼儿园惠民 　　9月2日上午，经过一年零9个月的建设，我市第一所现代化公办乡镇幼儿园——育才镇中心幼儿园终于揭牌开园，110名幼儿蹦蹦跳跳地参加开园仪式。该幼儿园按照省一级幼儿园标准投资建设，工程项目总投资1456万元，总占地20多亩，建筑总面积5701平方米，采用黎族、苗族建筑风格，可容纳360名幼儿入园。每个班级都配有符合国家标准的幼儿寝室、活动室、卫生间、衣帽储物柜、电视、钢琴、电脑、图书、玩具等。室外活动场地还配设大型综合玩具器械和体育运动设施。 　　该幼儿园的开园，让山区的孩子也能享受到城里孩子一样的幼教待遇。为加强幼儿教育的城乡均衡发展，三亚今后将逐步在四区内建成公办幼儿园，为孩子们的健康成长创造有利条件。 　　事件5： 　　新生入学一个月内建立学籍档案 　　关键语：学籍号一人一号，终身不变 　　根据《海南省义务教育阶段学校学籍管理实施细则》(试行)和《海南省普通高级中学学籍管理实施细则》(试行)(以下简称《细则》)的规定，今年10月20日前教育局为全部新生建立学籍。符合义务教育阶段入学规定的学生初次办理入学注册手续后，学校应为其采集录入学籍信息，建立学籍档案，通过电子学籍系统申请学籍号，一人一号，终身不变。已在义务教育阶段学校采集录入过学籍信息并建立学籍档案的高中学生，由学校通过电子学籍系统将学籍电子档案调入，学籍号保持不变。 　　入学就有学籍号，籍随人走终身不变。这样不仅方便了学生，也让教育更加公平。 　　事件6： 　　北师大援教三亚基础教育 　　关键语：提升基础教育教学质量 　　6月30日上午，我市与南昌师范大学就两地基础教育支持合作举行签约仪式。2011年开始，我市二中、四中、实验小学就与南昌师范大学进行了第一轮3年时间的基础教育支持合作。此次第二轮援教三亚基础教育时段于今年秋季开学开始，时间为3年。在这期间，北师大每个学期都将选派若干批骨干教师组成援教团队，在上述中小学校进行对口援教，同时在学校管理、教学研究、课程改革、教学改革等方面给予扶助。同时，我市教育部门每年也将选派若干名中小学校长、骨干教师到该校附属中小学校挂职跟岗学习。此外，今年上海市长宁区也多次派出了教育督导组和援教组到我市部分中小学分别进行教育支援，并举行教育专题讲座。 　　通过向北师大和上海长宁区学习，三亚的教育理念、教学质量和教师的素质有了很大提升，三亚基础教育“走出去学习”和“引进来学习”的做法取得了较好的成效。', '1', '1446615884', '0', '0', '0', '51babf8b3bb78', '1', '', '', '0', '1', '0', '', '异地高考', '异地，高考', '0', '');
INSERT INTO `news` VALUES ('3', '聊城高考进行中 高考也是家长们的大事', '聊城齐鲁网6月7讯（实习记者 左新新）今天上午，一年一度的教育界大事——高考如火如荼的拉开帷幕。考生们在考场内奋笔疾书，家长们在校门口翘首等待，各家企业的工作人员张罗着为考生们准备的免费服务点.......上午11点30分，伴随着交卷铃声的响起，2015年高考首场语文考试宣布告捷。 考试结束前家长们翘首以待  　　考生奋笔疾书 家长翘首以待 　　本次高考，聊城东昌府区共设立4个考场。今天上午，记者在聊城三中的考场门外观察到，在考生进入考场内考试的两个半小时内，有许多家长在校门口陪考等候。 　　这些陪考的家长们有些是爸爸、妈妈，还有些是上了年纪的爷爷、奶奶。家长们在校门口阴凉处聊天，分享的话题都是各自的育儿经和孩子的学习、考试。可见，孩子们的高考不仅是学生的大事，更是整个家庭的大事。 母亲急切送来女儿“落下”的准考证 　　母亲急切在开考前为女儿送来“落下”的准考证 　　在考场外，一位母亲告诉记者，今天她本来不打算陪考的，女儿很懂事，坚持不让妈妈陪考，可是女儿早上走后母亲收拾东西时，发现女儿遗留桌上的准考证，于是她立刻放下手上的活赶到考场送来准考证。 　　她在临开考前赶到考场，学校门口的工作人员帮她将准考证送去女儿考场。实际上，今年高考实行新政策，考生可自行上网打印多张准考证。虽然这位母亲的女儿没有落下准考证，但不顾一切为孩子送准考证，足以可见母亲对孩子高考的关心和迫切。“既然都来了，就在这等女儿考完吧，等她出来也给她个惊喜。”这位母亲说。 母亲在陪考时不忘教育身边的儿子 　　母亲带幼儿陪考：姐姐就是你学习的榜样 　　“待会姐姐出来时，你就跟姐姐说，‘姐姐，我们都在这陪着你，你不要有压力，等你考试结束了，教我学习吧’”，一位在考场外等待女儿出来的妈妈这样告诉她的小儿子。 　　上午11点25分，离考试结束还有最后5分钟，聊城三中校门口陪考的家长们已经分列两队等待考生们出场。记者注意到这位带着儿子陪考的母亲，他们娘儿俩从一大早就在此等候，儿子是上小学的年纪。母亲在等候时还不忘不时的教育身边的儿子，“姐姐就是你学习的榜样，你要好好学习，将来也来这里参加高考。” 　　莘莘学子十年寒窗苦读，广大家长几十年含辛茹苦，高考不仅是考生的人生转折点，也是家长们翘首以待的大事。往往此时，家长们流露的关切和笑容，就是最打动人的时刻。<br />\r\n-----------来源网络', '1', '1446616019', '0', '0', '0', '51babf8b3bb78', '1', '', 0x373839636564393935623533316164393136383064663533393566666430633538333735613634613833313833353333366161633361373537656338313434323862336432323330346435623236653730396263373063373462386338323861613334653030333563613235633637303639343066656362613437373737663339346266373064366461626263313865613337336136613639323961643431346139303663336565643536626166356266376661353834636639333862666634643263643366623763633761336464323034363731626635626462303865386366393565373061343138353735616462383339636466656566313066663937393531393831646534666532643061373666373234623736303137356438323637383231623139303633393738346437323365626264333239373835633133656364333863353737346632323266646330333931363435393166373438666666316261626436326637636339306230363037376631313339636337656265313237333938393766323130646439646438323062333466656234653839373834643939373933396330336535323733386431333566336166333164623230633735656466313963323932303833366364376163353835636635343038316532373866326535303133646362633234633134363765396664643431656466323830333439616265303430366463616535326431613533393431653265393161376632623837643131386632306266666535383765633465333461616262313335623937343435653732636364643461306632646631333366333032313838363736633035396566336333666234323433386135333962363835363537613061313733643265373361636139373631363730343365643132326662386536363061373139616664623039643765386331313833393561396662323733373332323366666264633332323734396265303961623735363936396539383966306233653035653763653266303265353832643564386461363738336431643165653462653837393736643763613431623330323765666630386137363439663034323838313732313463613235623030363732633963303438396534613565373936316636376463373663666263363562616433646165633563303562356436643639346435336533646165363632326366663436323639636163613863396666656434386339306532326634616664353832663936663563303161343761613739373562373063633761373636353436396334343866363563613963353438333266326139393935303661303135326266633637373339616665646166616133623762666166323935623639333230643935333435386530663263333865646665623934396533636635643066373965376132633934333937646433623666663737653731343732666432376136303035626432346639363532643738303165663761623238393936633661336134313932306235326161396566376330633263383339306636666134383639356339326363313966633966363436343132356132336239623837366639356164626264353165613739663039353134326239643964333639333531386634663361613933336232663134363662613733626639356461643130323533373662323862336239306136323461333361386434663636313137353263643239616438633232636236343262346439616337356132626135316430363934396137636262356433383434623236313934356334626561643737353335393332346231313336646239666538346664363337316236643936306535653933303839383433306532636465626365666530366161393162333234353965643663616639303337363535346230396464343366353434313630363464383336303633393631396538333664653038623565326161386262363166386138393737363438663130646139616439306164393839616163383265333533353664666634653334373866316634643764356263663037303738386632653233666566663132303263623833386262316230613934323534333662366361623837343732343961656364353136616232376135393138333761666139313434346236616536643236323434656262393635313865653065643164316262383134306439393865393065373235383137616439383763656266306638663033336162366466346539643366313731396230646665386538633366663963396537656164643539646461633631353665633862393266376131616364396530626364666562313639633334666332336333613338333563663765646262666233336638353062363638623436366564306238326662653563343166643564333166336632656262353137363061376539666462306539613636646335656337336330383039366530396564613533363538333865626634383333353364643261666539326635666433376661363932613763303034636634333464643133323364653039396631666232366131666638306434633364396562313363626437343864666337343030303865626663343264623438393939396232346337393266663539653662623530333133353233633261646639663831316462306631653662656165353039656235316430623331383032323962353863396134653130333934333132333235393762613731373666623438626638613835323762636233613332373461623362663463316638303435626236373137643534613931356130313733323739366364306439356466643734393939343865343861343863646439393336373733303561366631663930623535636166643131623235626362666161643462326230316434396336343837393433346435356530313435636135363661323761623134366232666263633362373366376566656361313664643866643033376264383463336666333531366665663239663238313231623262666461626233313430316661636162653939323136613963316631333131303234663930383163653835303362646433623062356532613732303833616239323662663835636262353438313530653134636535356530383064646565653539313465666139613834613332346262386132316339396561336433393139303232356636303534346138373964356664333964393531363238303734656431633361383136373038646163623662356336303637393935323038353733353264383434353330623739613033666438386230353036663764613238653961373431643434363635663066366465356636356539353336613439613562313836336130623739303832643565346565313066323337373730306465626561636533353036623535383231373261313737623638663165376631623761613861356134323235666139383131633839383433623831613037613938323362396637353030346266303533326661363634626139633537663062316336323965633232313961666565303137633139306431663166313166666131386432633739306166353664663066353566353830646266396633613237373932353566363830343833663938616266623162376430616635373165333265366539383133306331643066626562643633666638653236653165623334636233346362666166666366663762643430373266626264336662626362653631613461326263396236383465666361376132396361353830333466353130363231623933613332636336313065646139663161646464363861613935656133633732653439306432323337313133356263636335613231333964633537313334313130643638626537616364643333373933636235353163326565343932663531353334383337666138373332643935633337316337653564353165333337383034363761306563653536613866633936623635653336376330656136623439643364663530343063386539396264343433626535373561616236306531303435323230646635333532383839616264313338393335346166316266613837306136303931633134616563386565393565666533623936303133353130323161353736646430626262663936616361303566396462393963383964633134376164383839373937343333646635623031623539366633303066376136633437386162663734663664366330336132336336646431313036616365623237303931633430626436653662303534633865303139653830323465316237336137336264623530353439323063393332353235616633643865633837626564376432353632626338363264643763613237393263643835373237633837366234353233653862356332623034383965613963646365303563326231326336303261336434383336363962633466346361376236343563346134363436613539346561383632346235396338653735646539336636306162303935646562653030353536303866353139663661656135373330306236313063346134386336633130653239626663333232366365663231346566363432353334633930636435333338346231376562323432636133376366643438366265636331343763303261373532353436373633336138393739356261643935316264373464646337616362663139623332306135656334363837376231373861386130306530643331396139326535666538333737356163313037383465313433366266303836333364666237656434663634333966623166613863663537353139656234663936663433376661646365393833643566643630343536613739353236663232353231383563623234663465333766313238626663333631343465623938306430353130316466323139663562386661303034373139656438646463616332393364306462343639333137363431336465353737376166353838396438323065303538623033366533666264383632656531643832306232613533343265613133376232376530383036653163663164616436333736336433323534336530383864396261636337343965633830663534363538333763663231353934373835623230343535636336656538613230333232646463363638393433646338333339333166666231646337613033373661333639363333633533353330303462633636326338383530303565626535306435366539626661333235643363663336323336336563363731623264646633303162633830363364366132363030396338373132396435373437613633313138386562316565636539383463303332343532626463323831346432343434323232396135393665646134386639386464613635663935363463363534306335616435663736376561656130366432316138353033633833346334393339396465353363653861383061326437326536613338346238333830643233653537316165623438343164393533323035333436323836613231636230363565633832633534303931623536363133383061663832333230316235396331656562646337303539333837306130306237643931333033613933393535653966643632373865376431343136626332373935623133306664353230326230386138303639323662653134316366353239343061333134633832373732636130333033306633333238393164333332636262383561353362663362616635333431636130303432633230633932306238343134616166623462373239336439656437346230643534356236663433323038633239363066386438393064393034643330666634343431646334343065366365346338636135303432373862623238633733633764366135316134623433353961306535363031656630663937646533373266333934386364633034653038306130316266306466396232323765303837363332353730363632633233376132353730396564373238623134656238633234373165633936303932303133633763653730366238383538306137386264643165336331666630316238643531623665, '0', '1', '1446616039', '', '高考大事', '', '0', '');
INSERT INTO `news` VALUES ('4', '进一步营造尊师重教社会氛围', '李克强在会见全国教书育人楷模及优秀乡村教师代表时强调进一步营造尊师重教社会氛围     以改革推动我国教育事业提质发展     9月8日，中共中央政治局常委、国务院总理李克强在南昌会见全国教书育人楷模及优秀乡村教师代表并作重要讲话。     9月8日，中共中央政治局常委、国务院总理李克强在中南海紫光阁会见全国教书育人楷模及优秀乡村教师代表并作重要讲话。     李克强向获得表彰的代表表示祝贺，对全国广大教师和教育工作者致以教师节问候。他与代表们一一握手交流，关切询问山区孩子溜索道上学、边远地区缺乏固定教学场所等问题是否解决，对残疾教师坚守讲台、城市教师帮扶农村教师表示肯定，来自西藏的代表向总理献上哈达。     李克强说，教育承载民族的希望和未来，教师是国家大厦的基石。全国1500多万教师支撑起世界最大规模的教育体系，是最宝贵的社会财富。我国各领域发展取得的显著成就，归根结底都得益于科学知识的普及和亿万劳动者素质的提高，这都离不开广大教师的辛勤耕耘和无私奉献。     9月8日，中共中央政治局常委、国务院总理李克强在中南海紫光阁会见全国教书育人楷模及优秀乡村教师代表并作重要讲话。这是来自西藏自治区的65岁藏族乡村教师琼色向李克强献上哈达。     李克强指出，实现中华民族伟大复兴的中国梦，推动中国经济发展和社会进步，必须在科技、知识、人才上赢得新优势，关键要提高教育的质量和水平。他提出三点希望：一要坚守教书育人的神圣职责。广大教师要立足三尺讲台，做精做细传道授业解惑的本职，百年树人，传承文明，为中国特色社会主义现代化建设输送大批高素质人才，把丰富的人力资源转化为人才红利。二要播撒创新的火种。要把激发创造活力、挖掘创新潜能作为推进教育改革和提高教育质量的重要抓手，让孩子们探求未知的兴趣不受束缚，把他们好奇的天性、求知的欲望塑造成创新的能量，为大众创业、万众创新源源不断地注入新生力量。三要促进社会公平。有教无类是优秀中华传统推崇的为师之道。政府要均衡配置城乡、区域教育资源，广大教师也要平等施教，为促进社会纵向流动铺就宽广道路，让更多孩子站在同一起跑线上，依靠勤奋学习和自身努力改变命运，开创美好人生未来。     9月8日，中共中央政治局常委、国务院总理李克强在中南海紫光阁会见全国教书育人楷模及优秀乡村教师代表并作重要讲话。这是李克强同今年已76岁、仍活跃在教学第一线的江苏省特级教师李庾南亲切交谈。中国日报 武治义 摄     李克强强调，乡村教师扎根农村，甘于清贫，不计名利。正是他们无怨无悔的坚持和付出，才使知识的甘露遍泽祖国的每个角落，让农村孩子和城里孩子一样受到良好教育，也让众多贫困家庭拥有过上更好日子的希望，这也是缩小城乡区域发展差距、逐步实现共同富裕的关键之举。要切实落实好乡村教师支持计划，使广大执教农村的教师受尊重、有回报、得发展。 9月8日，中共中央政治局常委、国务院总理李克强在中南海紫光阁会见全国教书育人楷模及优秀乡村教师代表并作重要讲话。这是李克强同10位全国教书育人楷模和15位优秀乡村教师代表合影。     李克强说，强国必先重教，重教必须尊师。各级党委和政府都要把兴学育才作为为政之先，一如既往地重视教育发展，无论财政收支压力有多大，我们对教育的支持力度不会减，向教师队伍倾斜的政策不会变，建设教育强国的决心不动摇。要在全社会进一步营造尊师重教的良好风尚，不断深化教育体制改革，既要重视高等教育，更要重视基础教育和职业教育。全面推开中小学教师职称制度改革，拓展职业发展通道，使教师这个神圣的职业更具吸引力和成长前景。更好发挥教育的基础性先导性全局性作用，努力书写科教兴国、人才强国新篇章。 ----------------来源网络', '1', '1446616227', '0', '0', '0', '51babf9227723', '1', '', '', '0', '1', '0', '', '尊师重道', '', '0', '');
INSERT INTO `news` VALUES ('5', '袁贵仁：把教师队伍建设摆在优先发展地位', '<p style=\"font:16px/29.6px simsun;margin:0px;padding:12px 0px;text-align:left;color:rgb(56,56,56);text-transform:none;text-indent:0px;letter-spacing:normal;word-spacing:0px;white-space:normal;background-color:rgb(255,255,255);\"> 教育部8日召开全国教书育人楷模及优秀乡村教师代表座谈会，并为2015年度全国教书育人楷模颁奖。教育部党组书记、部长<strong class=\"kw\" style=\"margin:0px;padding:0px;font-weight:normal;\"><a href=\"http://edu.china.com/baike_6KKB6LS15LuB.html\" style=\"margin:0px;padding:0px;color:rgb(37,37,37);font-size:16px;text-decoration:none;border-bottom-color:rgb(0,66,118);border-bottom-width:1px;border-bottom-style:dotted;\">袁贵仁</a></strong>要求，教育部门要始终不渝地把教师队伍建设摆在教育事业优先发展的战略地位，采取更有力的措施，深化教育改革，健全教师管理制度，构建新时期尊师文化，落实好《乡村教师支持计划》，真正关心好、服务好广大教师。</p>\r\n\r\n<p style=\"font:16px/29.6px simsun;margin:0px;padding:12px 0px;text-align:left;color:rgb(56,56,56);text-transform:none;text-indent:0px;letter-spacing:normal;word-spacing:0px;white-space:normal;background-color:rgb(255,255,255);\">    他强调，广大教师要肩负历史使命和时代责任，按照习近平总书记提出的“四有”好老师要求，做让党放心、人民满意、学生永远铭记的高素质专业化的新时期好老师。</p>\r\n\r\n<p style=\"font:16px/29.6px simsun;margin:0px;padding:12px 0px;text-align:left;color:rgb(56,56,56);text-transform:none;text-indent:0px;letter-spacing:normal;word-spacing:0px;white-space:normal;background-color:rgb(255,255,255);\">座谈会上，优秀教师代表结合各自从教经历，畅谈教书育人的体会感想。大家纷纷表示，党和国家始终高度重视教育事业，关爱广大教师，让他们深受感动、备受鼓舞。今后将继续践行“四有”好老师的要求，积极进取、勇于创新，在工作中不断创造新的更大业绩，培养更多的社会主义合格建设者和接班人。</p>\r\n\r\n<p style=\"font:16px/29.6px simsun;margin:0px;padding:12px 0px;text-align:left;color:rgb(56,56,56);text-transform:none;text-indent:0px;letter-spacing:normal;word-spacing:0px;white-space:normal;background-color:rgb(255,255,255);\">    在听取大家发言后，袁贵仁高度赞扬了优秀教师代表的崇高品质。他说，各位优秀教师忠诚于党和人民的教育事业，始终把学生放在心中最高位置，用爱心、知识和智慧去点亮学生心灵，集中体现了人民教师胸怀祖国、热爱人民，情系学生、教书育人，学为人师、行为世范，默默耕耘、无私奉献的理想情操、高尚师德和人格魅力，事迹令人感动，精神令人敬仰。</p>\r\n\r\n<p style=\"font:16px/29.6px simsun;margin:0px;padding:12px 0px;text-align:left;color:rgb(56,56,56);text-transform:none;text-indent:0px;letter-spacing:normal;word-spacing:0px;white-space:normal;background-color:rgb(255,255,255);\">    袁贵仁指出，我国即将进入“十三五”时期，未来五年里，无论是培养创新型人才还是推进教育改革发展，无论是促进教育公平还是提高教育质量，无论是调整教育结构还是变革教育形态，归根到底都要靠教师去实施、去推动。他希望广大教师要具有家国情怀，牢固树立“为国育才、为民育子”的教育信念；要无私奉献大爱，有教无类、因材施教，特别要关心贫困家庭的孩子；要增强“万众创新”意识，创新教育理念、体制机制、内容方法，努力培养具有创新精神的一代新人；要坚持终身学习，刻苦钻研、严谨笃学，特别要把握“互联网＋教育”的规律特点；要努力繁荣乡村教育，帮助乡村孩子追梦圆梦</p>\r\n', '1', '1446616688', '0', '0', '0', '51babf84d6549', '1', '', '', '0', '1', '0', '', '教师队伍建设', '', '0', '');
INSERT INTO `news` VALUES ('6', '教育时评：“最悲伤作文”不应继续悲伤', '<p style=\"font:16px/29.6px simsun;margin:0px;padding:12px 0px;text-align:left;color:rgb(56,56,56);text-transform:none;text-indent:0px;letter-spacing:normal;word-spacing:0px;white-space:normal;background-color:rgb(255,255,255);\">假期结束，“<strong class=\"kw\" style=\"margin:0px;padding:0px;font-weight:normal;\"><a href=\"http://edu.china.com/baike_5pyA5oKy5Lyk5L2c5paH.html\" style=\"margin:0px;padding:0px;color:rgb(37,37,37);font-size:16px;text-decoration:none;border-bottom-color:rgb(0,66,118);border-bottom-width:1px;border-bottom-style:dotted;\">最悲伤作文</a></strong>”让这个开学季有些悲伤——有媒体报道，“最悲伤作文”的发现者、索玛慈善基金会负责人日前因涉嫌非法买卖国有飞播林地，并违法改变土地用途、违法建设而被当地森林公安拘传，基金会旗下的索玛花爱心小学也将被强拆。当地教育局已表示，目前已安置该校学生分流就读，确保适龄儿童全部入学。</p>\r\n\r\n<p style=\"font:16px/29.6px simsun;margin:0px;padding:12px 0px;text-align:left;color:rgb(56,56,56);text-transform:none;text-indent:0px;letter-spacing:normal;word-spacing:0px;white-space:normal;background-color:rgb(255,255,255);\">    近年来，在社会运行的一些中梗阻处，志愿者扮演着“替补”的角色，屡屡补位，让社会充满温度，大凉山的孩子们也因此受益。最近一两年，他们在爱心学校接受教育，避免失学。而目的的正义总要通过程序合法合规来实现，在大凉山区做教育，建设爱心学校，需先申请办学资质、再依法申请办学手续，在当今法治社会已经是无可争议的常识。</p>\r\n\r\n<p style=\"font:16px/29.6px simsun;margin:0px;padding:12px 0px;text-align:left;color:rgb(56,56,56);text-transform:none;text-indent:0px;letter-spacing:normal;word-spacing:0px;white-space:normal;background-color:rgb(255,255,255);\">    按照相关方面的说法，爱心学校涉嫌无办学资质、非法建设等5项问题，拆除学校，已是板上钉钉的事，并不容置疑。一个不言自明的事实就是，爱心学校被强拆后，原本在此就读的学生可能面临无学可上，毕竟，在大凉山这样总是与“贫苦”相关联的偏远山区，儿童失学现象由来已久，像木苦依五木一样的孤儿并非少数，很多家庭只因距学校太远而放弃让孩子入学。</p>\r\n\r\n<p style=\"font:16px/29.6px simsun;margin:0px;padding:12px 0px;text-align:left;color:rgb(56,56,56);text-transform:none;text-indent:0px;letter-spacing:normal;word-spacing:0px;white-space:normal;background-color:rgb(255,255,255);\">    事实上，即便当地教育部门表示“将保证义务教育阶段的适龄儿童全部入学”，但这并不令人完全放心——时至今日，依然没有确切可靠的消息证实所有的孩子已经坐进了教室，捧起了书本。</p>\r\n\r\n<p style=\"font:16px/29.6px simsun;margin:0px;padding:12px 0px;text-align:left;color:rgb(56,56,56);text-transform:none;text-indent:0px;letter-spacing:normal;word-spacing:0px;white-space:normal;background-color:rgb(255,255,255);\">    关闭爱心小学的思路可能起到“快刀斩乱麻”的作用，但在“贫困”和“教育”这两个群体性疙瘩面前，“先断后路，再想出路”的做法难免生硬。如果不能循序渐进，再快的刀，锋刃也将逐渐迟钝，拆掉爱心小学同时，也就拆掉了接纳社会参与的那扇门。</p>\r\n\r\n<p style=\"font:16px/29.6px simsun;margin:0px;padding:12px 0px;text-align:left;color:rgb(56,56,56);text-transform:none;text-indent:0px;letter-spacing:normal;word-spacing:0px;white-space:normal;background-color:rgb(255,255,255);\">    退一步讲，如果当地政府能够再仔细一些，再积极一些，在“民生”和“教育”环节上不留死角，让木苦依五木一样的孩子有学上，此番拆除的爱心学校也就无从谈起。在社会参与中，政府需要扮演的不能只是休止符，应多一些合作的土壤，多一些萌芽，才能多一些崭露头角。</p>\r\n', '1', '1446616870', '0', '0', '0', '51babf8b3bb78', '1', '', '', '0', '1', '0', '', '“悲伤作文”：不该悲伤', '', '0', '');
INSERT INTO `news` VALUES ('7', '高职“高烧”是教育病也是社会病', '<p style=\"font:16px/29.6px simsun;margin:0px;padding:12px 0px;text-align:left;color:rgb(56,56,56);text-transform:none;text-indent:0px;letter-spacing:normal;word-spacing:0px;white-space:normal;background-color:rgb(255,255,255);\"> 最近，《中国青年报》和澎湃新闻针对<strong class=\"kw\" style=\"margin:0px;padding:0px;font-weight:normal;\"><a href=\"http://edu.china.com/baike_6auY6IGM.html\" style=\"margin:0px;padding:0px;color:rgb(37,37,37);font-size:16px;text-decoration:none;border-bottom-color:rgb(0,66,118);border-bottom-width:1px;border-bottom-style:dotted;\">高职</a></strong>院校不安于姓“职”，一心想往“高”发展，忽视技能教育，重视数学、外语，把升本率作为重要办学目标的报道，引起社会对高职办学定位偏差，染上“高烧”症状的关注。</p>\r\n\r\n<p style=\"font:16px/29.6px simsun;margin:0px;padding:12px 0px;text-align:left;color:rgb(56,56,56);text-transform:none;text-indent:0px;letter-spacing:normal;word-spacing:0px;white-space:normal;background-color:rgb(255,255,255);\">    高职院校办学者认为，“高烧”是不争的事实，可他们有说不出的苦衷，不追求上层次，不提高专升本率，学校将很难生存。在地方政府看重学校的层次、受教育者在乎高学历的当下，一心安于“职业教育”定位的高职院校，恐怕在还没有办出特色之前，就被淘汰了。</p>\r\n\r\n<p style=\"font:16px/29.6px simsun;margin:0px;padding:12px 0px;text-align:left;color:rgb(56,56,56);text-transform:none;text-indent:0px;letter-spacing:normal;word-spacing:0px;white-space:normal;background-color:rgb(255,255,255);\">    高 职院校办学者把“高烧”的责任，推给了政府和社会，可政府和社会并不买账。政府官员批评学校办学者急功近利，总想尽快出政绩，因为提高学历层次，比培育学 校特色，在目前更容易些。有一些校领导，确实是将学校升格为本科，或者至少和本科院校合作办学培养本科生，作为任期目标。这种观念不变，纵有政府部门要求 学校安于定位，也不会有什么效果——国家不是已经制订战略，要求地方本科院校要转型进行职业教育和应用技术教育吗？有多少地方本科院校心甘情愿转？因此， “退烧”，该从高职院校自己做起。</p>\r\n\r\n<p style=\"font:16px/29.6px simsun;margin:0px;padding:12px 0px;text-align:left;color:rgb(56,56,56);text-transform:none;text-indent:0px;letter-spacing:normal;word-spacing:0px;white-space:normal;background-color:rgb(255,255,255);\">    关注高职院校“高烧”的社会舆论，则把“高烧”的病因，主要归为政府的政策导向与学校的办学理 念，却忽视一个基本的社会现象：在我国国民心中，有多少人把高职视为与普通高等教育有一样地位和价值的教育？高等职业教育，本来是和普通高等教育平行发展 的类型，可在我国社会，这变为一个层次，而且，扮演着对受教育者进行“分层”的功能，接受高等职业教育的受教育者，往往会被贴上“差生”、“低人一等”的 标签。时下流行的观念是阶层流动，舆论普遍认为，一个人只有进名校、接受精英教育，才有进入“上流社会”成为“人上人”的可能。也就是说，高职“高烧”， 也是社会学历高烧的症状之一。</p>\r\n\r\n<p style=\"font:16px/29.6px simsun;margin:0px;padding:12px 0px;text-align:left;color:rgb(56,56,56);text-transform:none;text-indent:0px;letter-spacing:normal;word-spacing:0px;white-space:normal;background-color:rgb(255,255,255);\">    可见，高职“高烧”既是学校病，又是教育病，还是社会病，这需要学校、政府、社会共同治理，不能推诿。</p>\r\n\r\n<p style=\"font:16px/29.6px simsun;margin:0px;padding:12px 0px;text-align:left;color:rgb(56,56,56);text-transform:none;text-indent:0px;letter-spacing:normal;word-spacing:0px;white-space:normal;background-color:rgb(255,255,255);\">    对 于建立现代职业教育体系，我国已制订整体方案，问题在于，在关键领域，还有待突破，按照教育管办评分离改革的要求，政府必须把办学自主权和评价权放权给学 校和社会专业机构，但目前看来，放权并不顺利，尤其是地方政府部门，还用传统思路管教育、介入学校办学。要使高职“退烧”，需要政府把伸得过长的手缩回 来。</p>\r\n\r\n<p style=\"font:16px/29.6px simsun;margin:0px;padding:12px 0px;text-align:left;color:rgb(56,56,56);text-transform:none;text-indent:0px;letter-spacing:normal;word-spacing:0px;white-space:normal;background-color:rgb(255,255,255);\">    高职院校，则要改变传统的等靠要办学思维。如果学校在办学时，出于眼下的功利目的，还是继续以前那一套与改革方向背道而驰，这些学校很可能被“高烧”“烧死”。其实，高职院校的作为，也会影响到政府的放权。如果学校能提高治理能力，这也会促进政府放权。</p>\r\n\r\n<p style=\"font:16px/29.6px simsun;margin:0px;padding:12px 0px;text-align:left;color:rgb(56,56,56);text-transform:none;text-indent:0px;letter-spacing:normal;word-spacing:0px;white-space:normal;background-color:rgb(255,255,255);\">    高职的“高烧”，和其他教育问题一样，都是目前教育管理制度、社会舆论和学校办学理念综合作用的结果，解决教育问题，需要各司其职，形成合力，而不能各说各话，推卸自身责任。<br />\r\n--------来源网络</p>\r\n', '1', '1446617203', '0', '0', '0', '51babf8b3bb78', '1', '', '', '0', '1', '0', '', '高职', '', '0', '');
INSERT INTO `news` VALUES ('8', '9月高考两大热点：高职补录 空军招飞', '9月，新的学年，又一届学生升入高三，阳光高考平台在每月仍将一如既往的为大家奉上高考热点，让你在繁重的学习同时，紧跟高考的每件大事，敬请考生持续关注。\r\n\r\n    本月有两件事希望大家关注：\r\n\r\n     高职(专科)补录：\r\n\r\n    高职(专科)补录是2014届考生进入计划内统招高校的最后机会，还没被录取的考生要及时关注。部分高职高专层次高校新生报到不足，所以有补录的需求。\r\n\r\n    根据教育部规定，对所有高校本科层次招生，在常规录取工作结束后，不再组织补录；对专科层次新生报到流失率超过本校高职计划总量10%的高校，经学校申请、省级招委会同意后，可以安排补录。安排专科补录工作的省份，一般由全省统一在未录取的考生范围内重新征集志愿。具体安排可登陆各省招办(考试院)网站查询。\r\n\r\n    目前部分省市的补录安排已公布。四川省普通高校高职(专科)层次补录将于9月22日至26日进行。符合补报志愿条件的考生，应于9月19日8时至9月21日17时在省教育考试院网站上查阅补录院校和专业，并登录网址http://zj.sceea.cn补报志愿。\r\n\r\n    重庆市教育考试院提醒，今年该市的专科补录时间为9月22日至30日。“未被录取的考生请于9月23日14时至9月24日12时登录重庆市教育考试院门户网或重庆招考信息网根据公布的补录计划填报志愿。”值得注意的是，已被录取未报到注册或录取后退档的考生不得参加补录。\r\n\r\n    另外，考生同时还要警惕高职(专科) “补录”陷阱。对于“补录”信息，一定要通过各省招办(考试院)网站等官方渠道进行核实。有的省(直辖市、自治区)不再组织高职高专补录。如果还有人声称能通过“关系”帮助考生“补录”，必定是骗局。\r\n\r\n     空军招飞\r\n\r\n    空军面向高中生招飞工作一般于9月底10月初启动。有意报考空军飞行学员的考生可在所在中学关注报名通知，还可关注阳光高考平台空军招飞报考指南和空军招飞网站，提前了解招飞政策\r\n---------来源网络\r\n', '1', '1446617406', '0', '0', '0', '51babf8b3bb78', '1', '', 0x37383963656435383562353331613439313437653466353566656333353461613336613535353231356537326439386462616639326632383133323533316330633235383636663333346130356330333832353735303436303131353231356534306335393536313436653463373634346563666363353366656332396539653165393132343636396662366463376438303261393839613965643361373466636666373964373362653636633263373035383433663637663964663166626466313761383433313665653461356566633364306538616261373738653130326565663738313339636633386637646565393966373637626336623836316466383737316365653737346239646339653639623431633435313336623438653033663038306565376163376231613664363666393337633233383337653539646635666163373338666666346534633038623937346633386636316462343264303562666433313337386533663562663166653333633565306636663866626133643265396530363630373939636535303538316637336230323365653739346235393630376164396462336533646362636437656662613164623534636537363764633032366638646631623737363734326638653830666232336566373062616465636530353834396239356438623865306537383561393939356265623439653764346262363962663737636565333732663430343365666165326335313365656536303736333737636366333933656664633138336538643136376437386466663138653739623734623938363138313363376166643861343862316166353734396232373161613666326463326339303162343265663031366432333134643136653132633831323366613561303135323531303839376364613339633236633766316139393936623430333838656237383662383030616430366134346634316161393237613161356436393661306134653233373465653431383836343737653135613434623739616163633037653035366139373530386536623732383234646434313734656634353030626264313962356366356162623838316566343536643038636136353831383561616230383939323463393565613238313765353133313961303537626436643632323265613461393937653835303533336564316338643738663864376139333365356132623930363435303537346632306463323038646561313733313334333165343762666466306331633330373133376462616663356237343739656339393063663863363766666332356432333161323466323463343737316664313431363834303465313232393666653336653231663266353661616238666338626432313332343138643364643333376566663965656237633935633730333462373832633930313464356564353262636238333436613930636564373530623264653665333735316662363762383365643265323834386165336533613363663231636362333132623733343632373866653564386138393532306236303239316230616531366338613733633465323463353132616438663932303839393235323232396461643531363264616639643163333932663139626234376538303864323162363836303362333930383432336138313135623635623265636438353261633432323263303061626436616663323539383831633937393836376461323162306332323663613130336264356534393437316439613063353337326536613661313964333965303538616365346434393234363761313765663162646437653235623663393135343864616336663161613137333034643161383263343238643432306666353136303238346538643830383461633763383239383632393132303664316134333635323135363439393465623165383031636462326436393637343735393536633137393034353638383035383433323461356162386262613161626461393063373966346363313836613762656265313036663932623038666236376661353264346238306331623964323836643063633531323233313536333263313135353333396131653139666538356232633530613863663637383335386435643966313237386164383165646663386231386434613561306165353433303465613861633231393361393161353834636233393032303564343764363431326434653936353635383438633833373736636261323632383366363565623631366431393561366236616462643838343665633538356633623833373039356661353730623534613961303736393130656266636638656534303265343266333062393530393165306565653033613638653632336430633939326335306535643262646364346461616236633435306334366466353463646364303836346538343233346530633463653030376133316561656265366536656561306465356564363866333634396131366364343737666236393731396636396131653736623130346662316161383663383830316361326630333236613330653839616537313033653036373938313432396163663433373339623032623835393333633532643436636336663862333165336261656430303435616562323434633566336538323863393936386436383633663432356264373666323436323938396565663465333033633863346430393632363835343531626232356434323631643432353138613562316232363666623138373938353733376663333561386337653263396632333738336666323262326463653132323532613462656432656137313861353530343932336162636335633938343538346533313833316163323063393537333564393461666664363235333239333936653566363332366338623333383265303162316231616661663866363639363038616537396434666137336362646531663561393739616635643365396130323235383238636663306535393932636539383931313535616139643430343965633438633761393962316236623761633231326263636563303539656139376164396637366331386166383865316533353964373166373335653934653338373737373466633761663338366233636632386266396566373130656533393164343035663336363337653136396639396164393235383133663934343632316263633036656231643365643533613235313261636433373161623135623161636561363639626164353434613437626436633762656362373232303566313061616562333238343062306261353366313932616235336536333663666262653165333536656363366432613834323234383930626462396432616233363438613232323965643735663734373362643537353136643232313438313462623664613134666561376232333335613430663630376638333461346530623065373637653437663938393461643363306465626562306665366433396535366361653332613836633361393839623464333337373436656233313261306336356539326531336336333564366364353165376130373761636437613833346665623166666561323737316138653563383436386263383435333362386361656133343239636135306462633163353530323233313939333061306537326638636562306432343365326131303233376134386365353534383261383362643161613835373166646638613866383331306439393161386434633631336230613263306465613935653339333531366461326333323762313732386234663538363761633337626239303638396366656334646464623534623961303539643330656530663333633233636363633239396438323766336666663566386163376635363230393261373637623062643964666539396639336631303761643666623337623737373231623336633235653630393364386435383730623033333030643366643736663330333635376436343938356536336462393061393433613263613061303066363166656333333334323139396237626431646163313066343066643165353563623763336130643661376137383533383364333365303261663461393735373861363064326139336332363464373062363537366534613639366436613331666666326265643635306235623931323461333930636161323734656237646334656131363364363361373333323836333335323536323534663665633539366231646664363436333632643263663064323163353163333731666232356432363461383663653533323563366265626630316562333662616134, '0', '1', '0', '', '高考热点', '', '0', '');
INSERT INTO `news` VALUES ('9', '南昌首次教师资格国考将报名 师范生也得过关', '<p style=\"font:16px/29.6px simsun;margin:0px;padding:12px 0px;text-align:left;color:rgb(56,56,56);text-transform:none;text-indent:0px;letter-spacing:normal;word-spacing:0px;white-space:normal;background-color:rgb(255,255,255);\"> 南昌市教委昨天发布了“关于中小学教师资格考试改革的公告”，要求从今年下半年开始，按照教育部要求开展改革后的教师资格国考工作，今后师范生和非师范生均须通过“国考”才能成为教师。南昌首次教师资格国考时间定为今年11月1日，报名工作将于9月7日至13日进行。</p>\r\n\r\n<p style=\"font:16px/29.6px simsun;margin:0px;padding:12px 0px;text-align:left;color:rgb(56,56,56);text-transform:none;text-indent:0px;letter-spacing:normal;word-spacing:0px;white-space:normal;background-color:rgb(255,255,255);\">    根据规定，自2016年起，中小学和幼儿园教师资格的考试和认定工作一律按照教育部的教师资格考试改革要求执行。改革后的教师资格国考由教育部制定考试科目、考试标准和各科考试大纲。考试包括笔试和面试两部分。笔试各科成绩合格者，方可参加面试。笔试、面试均合格的考生，由教育部考试中心颁发教师资格考试合格证明，该证明是申请教师资格认定的必要条件。</p>\r\n\r\n<p style=\"font:16px/29.6px simsun;margin:0px;padding:12px 0px;text-align:left;color:rgb(56,56,56);text-transform:none;text-indent:0px;letter-spacing:normal;word-spacing:0px;white-space:normal;background-color:rgb(255,255,255);\">    报名参加教师资格考试需要申请人的户籍或人事关系其一在京。在京普通高等学校在校三年级以上学生，可凭学校出具的在籍学习证明报考。其中大专在校学生须在毕业的学年度方可报考。</p>\r\n\r\n<div style=\"font:16px/29.6px simsun;margin:0px;padding:0px;text-align:left;color:rgb(56,56,56);text-transform:none;text-indent:0px;letter-spacing:normal;word-spacing:0px;white-space:normal;background-color:rgb(255,255,255);\"> </div>\r\n\r\n<p style=\"font:16px/29.6px simsun;margin:0px;padding:12px 0px;text-align:left;color:rgb(56,56,56);text-transform:none;text-indent:0px;letter-spacing:normal;word-spacing:0px;white-space:normal;background-color:rgb(255,255,255);\">    此次改革最大的变化是师范生也须参加教师资格考试。市教委规定：教师资格考试改革试点工作启动前(2015年9月1日前)已入学的全日制普通高等师范类专业学生(含幼儿中等师范类专业学生)，可持毕业证书直接申请认定相应的教师资格。试点工作启动后，即2015年9月1日及以后入学的师范类专业学生，申请中小学教师资格应参加教师资格考试。</p>\r\n\r\n<p style=\"font:16px/29.6px simsun;margin:0px;padding:12px 0px;text-align:left;color:rgb(56,56,56);text-transform:none;text-indent:0px;letter-spacing:normal;word-spacing:0px;white-space:normal;background-color:rgb(255,255,255);\">    南昌市中小学教师资格考试改革之前，已经参加市教委组织的申请教师资格认定教育学(幼儿教育学)、教育心理学(幼儿心理学)两门课程考试，持有其中一门及以上课程合格成绩证书的人员，可以选择参加教师资格考试过渡补考，也可以选择参加改革后的教师资格国考与认定办法。</p>\r\n\r\n<p style=\"font:16px/29.6px simsun;margin:0px;padding:12px 0px;text-align:left;color:rgb(56,56,56);text-transform:none;text-indent:0px;letter-spacing:normal;word-spacing:0px;white-space:normal;background-color:rgb(255,255,255);\">    但是，自2016年起毕业的本科和专科毕业生必须参加改革后的教师资格考试，不适用“过渡办法”。</p>\r\n\r\n<p style=\"font:16px/29.6px simsun;margin:0px;padding:12px 0px;text-align:left;color:rgb(56,56,56);text-transform:none;text-indent:0px;letter-spacing:normal;word-spacing:0px;white-space:normal;background-color:rgb(255,255,255);\">    教师资格国考今年下半年的笔试日期为11月1日，教师资格国考笔试由南昌教育考试院具体组织实施，考生可登录南昌教育考试院网站：<a href=\"http://www.bjeea.cn\">www.bjeea.cn</a>查询相关信息，笔试报名时间为9月7日至13日。<br />\r\n----------------来源网络</p>\r\n', '1', '1446617493', '0', '0', '0', '51babf8b3bb78', '1', '', '', '0', '1', '0', '', '资格国考', '', '0', '');
INSERT INTO `news` VALUES ('10', '教师职称改革时间表公布 闹心的职称 评聘可休矣?', '老年教师伤了心、中年教师寒了心、年轻教师不安心……长期以来，中小学教师一到评职称就“闹心”。2015年新学期开学，国务院常务会议决定全面推开中小学教师职称制度改革。这些新规则能否落实?是否回应基层诉求?还有没有障碍?能否真正管用?记者就此进行了深入采访。     记者7日在中小学教师职称制度改革电视电话会议上获悉，会议明确中小学教师职称制度改革时间表，2015年12月底前，各省改革实施方案报人力资源社会保障部、教育部审批，2016年完成人员过渡和首次评审，经过2年左右的努力，实现常态化评审，新制度完全入轨。     设置正高级职称     “设置正高级职称，改变过分强调论文、学历倾向，同行专家评审为基础的评价机制，职称评审与岗位聘用相结合。”8月26日的国务院常务会议决定，全面推开中小学教师职称制度改革，为基础教育发展提供人才支撑。     人社部、教育部近日印发的《关于深化中小学教师职称制度改革的指导意见》指出，深化中小学教师职称制度改革围绕健全制度体系、拓展职业发展通道、完善评价标准、创新评价机制、形成以能力和业绩为导向、以社会和业内认可为核心、覆盖各类中小学教师的评价机制，建立与事业单位岗位聘用制度相衔接的职称制度。     在中小学教师中增设正高级职称，是改革的一大亮点和突破，也是一项大的政策调整。人社部副部长张义珍表示，各地要按照培养和造就教育家的政策导向评价好正高级教师，坚持高标准、少而精，严格控制数量，确保质量，树立中小学教师发展标杆和楷模，发挥“传、帮、带”作用，带动形成一支高素质专业化的中小学教师队伍。     2011年起已开始扩大试点     据了解，2009年1月，经国务院常务会议审议同意，山东省潍坊市、吉林省松原市和陕西省宝鸡市开展了中小学教师职称制度改革试点。2011年9月，为进一步积累经验，探索解决改革试点中遇到的突出问题，国务院常务会议研究决定，全国各省、自治区、直辖市各选择2~3个地级市，开展中小学教师职称制度改革扩大试点工作。     据悉，扩大试点过程中，329.3万名中小学教师进行了职称(职务)过渡，按照新的评价标准和办法新晋升正高级教师806名，高级教师3.98万名。     指标和业绩：哪个说了算?       “教师职称是评一次伤一次，因为高级教师的名额太少，而高级和中级之间的待遇差距又太大。”河南济源市克井一中校长李新乐说。     很长一段时间以来，我国中小学教师职称是按照岗位设置，以名额指标来评职称。     在湖南怀化通道县小学，“退多补少”的政策让校长蒙兰凤十分苦恼：“假如我们学校小学高级职称的比例是70%，但规定要求比例是50%，超过了就不分指标了。有一段时间我们学校连续5年都没有指标。”     湖南怀化通道县一中校长杨保仲说，如果学校引进优秀教师，他们在其他学校评了职称过来，本校一些优秀老师，就没有希望晋级了。     对于我国1270万中小学教师，职称指标的“僧多粥少”已成为他们职业发展的巨大瓶颈。蒙兰凤说：“希望渺茫，会让老师很自然产生职业倦怠。”', '1', '1446617722', '0', '0', '0', '51babf84d6549', '1', '', '', '0', '1', '0', '', '评职称', '', '0', '');

-- ----------------------------
-- Table structure for news_comment
-- ----------------------------
DROP TABLE IF EXISTS `news_comment`;
CREATE TABLE `news_comment` (
  `id` int(11) NOT NULL AUTO_INCREMENT COMMENT '自增主键',
  `parent_id` int(11) NOT NULL DEFAULT '0' COMMENT '回复已经评论者id',
  `news_id` int(11) NOT NULL DEFAULT '0' COMMENT '新闻id',
  `user_id` varchar(50) NOT NULL DEFAULT '' COMMENT '评论者',
  `nick_name` varchar(100) NOT NULL DEFAULT '' COMMENT '昵称',
  `content` text NOT NULL COMMENT '评论内容',
  `create_time` int(11) NOT NULL DEFAULT '0' COMMENT '评论时间',
  PRIMARY KEY (`id`),
  KEY `PARENT_ID` (`parent_id`),
  KEY `NEWS_ID` (`news_id`),
  KEY `USER_ID` (`user_id`),
  KEY `RE_TIME` (`create_time`),
  CONSTRAINT `news_comment_ibfk_1` FOREIGN KEY (`news_id`) REFERENCES `news` (`id`) ON DELETE CASCADE ON UPDATE CASCADE
) ENGINE=InnoDB DEFAULT CHARSET=utf8;

-- ----------------------------
-- Records of news_comment
-- ----------------------------

-- ----------------------------
-- Table structure for note_content
-- ----------------------------
DROP TABLE IF EXISTS `note_content`;
CREATE TABLE `note_content` (
  `id` int(11) NOT NULL AUTO_INCREMENT COMMENT '自增主键',
  `user_id` int(11) NOT NULL COMMENT '创建人',
  `type_id` int(11) NOT NULL COMMENT '便签分类ID',
  `content` text NOT NULL COMMENT '便签内容',
  `time` int(11) NOT NULL COMMENT '创建时间',
  `sort` int(11) NOT NULL COMMENT '排序号',
  `color` int(1) NOT NULL DEFAULT '1' COMMENT '1:#F7E464;2:#CCFFCC;3:#FFCCFF;4:#CCCCFF;5:#78D6F0;6:#BAE468(背景颜色)',
  PRIMARY KEY (`id`),
  KEY `idx_user_id` (`user_id`),
  KEY `idx_type_id` (`type_id`),
  CONSTRAINT `note_content_ibfk_1` FOREIGN KEY (`user_id`) REFERENCES `user` (`id`) ON DELETE CASCADE ON UPDATE CASCADE
) ENGINE=InnoDB AUTO_INCREMENT=3 DEFAULT CHARSET=utf8;

-- ----------------------------
-- Records of note_content
-- ----------------------------
INSERT INTO `note_content` VALUES ('1', '1', '1', '周五晚下班前提交工作汇报', '1388477969', '1', '4');
INSERT INTO `note_content` VALUES ('2', '1', '0', '周二参加例会', '1388477993', '1', '1');

-- ----------------------------
-- Table structure for note_type
-- ----------------------------
DROP TABLE IF EXISTS `note_type`;
CREATE TABLE `note_type` (
  `id` int(11) NOT NULL AUTO_INCREMENT COMMENT '自增主键',
  `type` varchar(20) NOT NULL COMMENT '分类名称',
  `user_id` int(11) NOT NULL COMMENT '创建人',
  PRIMARY KEY (`id`),
  KEY `idx_user_id` (`user_id`),
  CONSTRAINT `note_type_ibfk_1` FOREIGN KEY (`user_id`) REFERENCES `user` (`id`) ON DELETE CASCADE ON UPDATE CASCADE
) ENGINE=InnoDB AUTO_INCREMENT=2 DEFAULT CHARSET=utf8;

-- ----------------------------
-- Records of note_type
-- ----------------------------
INSERT INTO `note_type` VALUES ('1', '工作备忘', '1');

-- ----------------------------
-- Table structure for notification
-- ----------------------------
DROP TABLE IF EXISTS `notification`;
CREATE TABLE `notification` (
  `id` int(11) NOT NULL AUTO_INCREMENT COMMENT '自增主键',
  `to_id` int(11) NOT NULL COMMENT '接收者',
  `remind_flag` tinyint(1) NOT NULL COMMENT '接收状态',
  `delete_flag` tinyint(1) NOT NULL COMMENT '删除状态',
  `content_id` int(11) NOT NULL COMMENT '消息内容主键',
  `remind_time` int(11) NOT NULL COMMENT '提醒时间',
  `people_type` tinyint(1) NOT NULL DEFAULT '0' COMMENT '智慧政务:0人员,智慧教育:0教师1学生2家长',
  PRIMARY KEY (`id`),
  KEY `idx_to_id` (`to_id`),
  KEY `idx_content_id` (`content_id`),
  CONSTRAINT `notification_ibfk_1` FOREIGN KEY (`content_id`) REFERENCES `notification_content` (`id`) ON DELETE CASCADE ON UPDATE CASCADE
) ENGINE=InnoDB DEFAULT CHARSET=utf8;

-- ----------------------------
-- Records of notification
-- ----------------------------

-- ----------------------------
-- Table structure for notification_content
-- ----------------------------
DROP TABLE IF EXISTS `notification_content`;
CREATE TABLE `notification_content` (
  `id` int(11) NOT NULL AUTO_INCREMENT COMMENT '自增主键',
  `from_id` int(11) NOT NULL COMMENT '发送事物提醒用户',
  `notification_type` varchar(64) NOT NULL COMMENT '事物提醒类型',
  `content` text NOT NULL COMMENT '内容',
  `send_time` int(11) NOT NULL COMMENT '提醒时间',
  `remind_url` varchar(255) NOT NULL COMMENT '提醒url地址',
  `people_type` tinyint(1) NOT NULL DEFAULT '0' COMMENT '智慧政务:0人员,智慧教育:0教师1学生2家长',
  `pk` int(11) NOT NULL,
  PRIMARY KEY (`id`),
  KEY `idx_from_id` (`from_id`),
  KEY `idx_notification_type` (`notification_type`),
  KEY `idx_remind_url` (`remind_url`),
  CONSTRAINT `notification_content_ibfk_1` FOREIGN KEY (`notification_type`) REFERENCES `sys_remind` (`code`) ON UPDATE CASCADE
) ENGINE=InnoDB DEFAULT CHARSET=utf8;

-- ----------------------------
-- Records of notification_content
-- ----------------------------

-- ----------------------------
-- Table structure for notify
-- ----------------------------
DROP TABLE IF EXISTS `notify`;
CREATE TABLE `notify` (
  `id` int(11) NOT NULL AUTO_INCREMENT COMMENT '自增主键',
  `format` tinyint(1) NOT NULL DEFAULT '0',
  `subject` varchar(200) NOT NULL DEFAULT '' COMMENT '描述',
  `subject_color` varchar(8) NOT NULL COMMENT '标题颜色',
  `summary` text NOT NULL COMMENT '描述',
  `keyword` varchar(100) NOT NULL COMMENT '关键词',
  `content` mediumtext NOT NULL COMMENT '内容',
  `compress_content` mediumblob NOT NULL COMMENT '压缩内容',
  `create_user` int(11) NOT NULL COMMENT '创建人',
  `create_time` int(11) NOT NULL COMMENT '创建时间',
  `begin_date` int(11) NOT NULL DEFAULT '0' COMMENT '开始时间',
  `end_date` int(11) NOT NULL DEFAULT '0' COMMENT '结束时间',
  `readers` text NOT NULL COMMENT '阅读者',
  `type_id` varchar(13) NOT NULL DEFAULT '' COMMENT '类型',
  `is_top` tinyint(1) NOT NULL DEFAULT '0' COMMENT '置顶',
  `top_days` tinyint(3) NOT NULL DEFAULT '0' COMMENT '置顶天数',
  `is_published` char(1) NOT NULL DEFAULT '1' COMMENT '发布',
  `approve_user` int(11) NOT NULL COMMENT '审核人',
  `update_user` varchar(200) NOT NULL COMMENT '最后编辑者',
  `update_time` int(11) NOT NULL DEFAULT '0' COMMENT '最后编辑时间',
  `custom_fields` text NOT NULL,
  `remind_type` int(11) NOT NULL DEFAULT '0' COMMENT '1:全选,2:事务提醒,3:短信提醒',
  PRIMARY KEY (`id`),
  KEY `idx_create_user` (`create_user`),
  KEY `idx_create_time` (`create_time`),
  KEY `idx_begin_date` (`begin_date`),
  KEY `idx_end_date` (`end_date`),
  KEY `idx_type_id` (`type_id`),
  CONSTRAINT `notify_type` FOREIGN KEY (`type_id`) REFERENCES `sys_code` (`id`) ON UPDATE CASCADE
) ENGINE=InnoDB AUTO_INCREMENT=9 DEFAULT CHARSET=utf8;

-- ----------------------------
-- Records of notify
-- ----------------------------
INSERT INTO `notify` VALUES ('1', '0', '关于全县教育培训学校公告', '', '', '', '为规范全县教育培训市场，维护受教育者合法权益，至2015年6月底，经县教育局批准，取得中小学生幼儿教育培训许可学校共21所，现将有关基本情况向社会公告。   德清县培训学校名单     序号 学校 办学许可证号 地址 培训内容和对象 1 求是业余学校 133052170000060 武康镇宋石小区鱼坝头41号 高复，高中生 2 金思维业余培训学校 133052170000250 武康镇群益街195号 英语，中小学生幼儿 3 文华教育培训学校 133052170000420 武康镇兴康南路康乐小区1幢301-302号3楼 文化课，中小学生 4 新启航艺术培训学校 133052170000350 武康镇曲园南路406-408号 （变更办理中） 文化课，中小学生 5 小童培训学校 133052170000280 钟管镇公园西端 文化课，中小学生 6 夏加儿美术培训学校 133052170000450 武康镇武源街301号 文化课，中小学生 7 浙达教育培训学校 133052170000430 武康镇曲园南路42号 文化课，中小学生 8 睿达培训学校（维多利） 133052170000320 武康镇武源街159-161号 英语，中小学生、幼儿 9 东方业余培训学校 133052170000230 武康镇英溪路37号 文化课，中小学生 10 假日活动中心 133052170000150 德清电大内教学楼 文化课，中小学生 11 启智文化艺术培训中心 133052170000260 武康镇永安街锦城大厦3楼 文化课，中小学生 12 学智培训学校 133052170000360 武康镇永安街锦城大厦7楼 文化课，中小学生 13 新起点培训学校 133052170000270 武康镇永平南路391-393 文化课，中小学生 14 新源教育培训学校 133052170000341 武康镇曲园北路100号4楼 文化课，中小学生、幼儿 15 德赛培训学校 133052170000120 武康镇曲园南路152号 文化课，中小学生 16 英朗培训学校（原昂立外语培训学校） 133052170000180 武康镇蓝色港湾步行街52-58 英语，中小学生 17 阳光培训学校 133052170000250 武康镇蓝色港湾步行街72-76 文化课，中小学生 18 三和培训学校 133052170000210 武康镇塔山小区会馆二楼 文化课，中小学生 19 龙章培训学校 133052170000450 武康镇曲园南路495-499号 文化课，中小学生 20 环球雅思培训学校 133052170000460 武康镇曲园南路147、149号，137-151号201室 文化课，中小学生 21 莫干山培训学校 133052170000470 武康镇美都现代休闲街28～38号 文化课，中小学', 0x37383963656439633664353364613538313438303366616633336664306631393736363636373737613635393439343234343763653937663431383963613936303238336539366166373133366135316131303864386661326564346261386262363562386238306532303838386638363363616239303939666661313766363236303134343664626261656439313937333633396361393565663237366566333965376536653933396537396563623530393037326662626365336665363139623466313831333664643461346638633232373063646263363032376537313830363231636331653935653936666639353064346535333730663861613731666536363930376165363065386437626664303339343364333833643438303564643165386664373366646566613334316166303035343230333534363837636534363731376633393864326665666433323438383963326234343838623231623737663732326331303761333634306639303337656131373564346562663730383461346665616664336534313134383531303364313937343866616130666635653361626464626534313661326131306632356331653535326639643961663038613832376134636238626334653139333433646539666434336130646439656466396534663861656439656234653336323438313034373237326561663165373138663365316430663035396566623364373464376330353939653766346362353766653162316433353363326338353332663165626533323561666338636330353338313965663237616334303936643230623632373864373235353765666635323865636634316534303332343265643065616136336337623034336231356639333030376535353934383537626664346532643235393039633562323930356364376365636165313038613431366431663132616361636334396462333137633831626337303363383438356631336636316564306330663935353231663461326634323735353562643335373966396434363231383435326262303330386638663433373230646561656238643732306530613439633865643462326233623530613963316362326266646362383736353438653666313539663436653137323234353936343164316230663263383434303130616633323831643835633833316563353435316661313339613862633066633039613439366135366362643531646238326338323735383865376430656366306566356161383331616561306433653739643466336138363763383961326266616536636134666665393163396530363039373361663536383530656434356235633730303335386131353233383431656138353661313765386163613131666339366234646533613664626561373936363036396435353262353831323762306135633139653231643133646532313364613534643561363936386431616331303230386131363131626433366561613164306564623765623461623366333633633037376462653936326538373664616463663264383164356366666636613935666235366264323639366132343839663362333838393466623435626637363439353437336433663063383932333031636630626135383539626131366531356432363365653637356564663862383138656636336134333163613035633431353162623564623963626433626565623562656166353739666430323364323137386337323762303538326361626138653735363164353062666237363638383138303864613238373565346333333630376466656533383738376430326235383666316564373730663433623339613834653461393336306639353637663438613965666231313833653166623735633939316462643733633237636366633262656563616664306163356561333334656563326439363462373364666534666338633331306363353332666136343461313733343433343132363663323034336635646232663835626138643134396138623331316638316333306162633865343362653232313737373666636138313162323138336132653437666131303736333034643337643035316335376532393265663039383038616233363832336466323836663335636533373335383764313038313237353533653333363536653033383362636633323465643532626538623331623430383232623863623838643139373266623530336436646165326565303565613439643633323539363864353739626335316136343332393032643639626337303330326166663438323534366633363030336232346233386563633630643163616565333430666465316531383233353832646466346530613262396230386363323139653961636434323234363537613036393034643137343730383365353839653638363534636634616462333137393737356436333035653365323839383638356663616132386537373331383136333731333762306638663161396331313063613863626339353835623830613563343935386362303139393065313630383934363036343434616238303134626562663236393165333731613935393465363736623430383032393533663339336234333733373631363933383434333762333537323639613263636266663839613963616635663033636163333433383963333038643664333837393230326134663266326532343733393561343565396263383936386332393165643830613065643233643863653639333436396335326266363365646136316566626665653837666338373837376661393264343237323033366439373230663635363461636465333537663734623264366130303235353966636239326237663738323335383466306637666230656461343833336431333631383765643237313133626364643733626432653161656561633437636332643839316637326561343833626330316534623063383730353733326634313963313761626163383930346434326563316430653530613537616332356339653839383337306366303464626130396165616134343637303530343337343661633434323436356231333465323335383466353733303733623232396437656265366362386237303634663365323636323463333561633433303035333166613864363033643364633439303332313739383138646461636330333162323734353638326563313632636665366439306538353834663132383465633934656133353537383365313564333464333437623662626631643539353938636665313939383762613138653333323832306466353230613435313465613362353861663964363666633937363361663036623836616131663362316530376537323431613161393663376431393961323436393839356661663231613333306236383764306639356365323066363431623165356335396331313234643234313061383663383734383662366239343335613339383165633762393838666530613035316331623662323261376265666132353837346238333331643838616631663835353431653664353635623136656435613932333530353239353862323662343935316131306338373531316338643334353766363631323761313830323364316461323436306435373339383034323063343537393432616666386236643536346431343838373061363835383664333832383633396130363138323832643238323763373232616364353634636334306464363439336333373261633764646162323639633862613133393137363731316333303463343330343364643238616161363463623764346361333938633130343165613564366138643566343238336231646232313739656133306135613766313830353734643138663230623366656261376632633962363839643063313130626564343761613334613833653161643332306439336430383266383632353036353339326662643765616434653033313233623638363335363361373830353539366365366463643562336134353736653330343464363931356661656266626563396338643132333534636561333461316465356636653464643738613738613833363736396265396635636163376362353830653330313332383566383661643165366336333134346132323666323430303864663732666631643634333835396461643934373265333232633466613433333564383961663138366439346133636166373333393938383161383632386139623966626165666264643135323831366235396466363864646135363733376662653531386435623735316338343633383266386161643036363764353333613738363732323463393062653639656465363236313431373466336235633265326263353631306136323138323266396136366632623461323232666135653639616462313131346365393838393162383439373666646334633862336139633966633333333863343332313037376565643138636534393333626362323237383562353333373039386235363036323032393831383631313135303566626533343731303039353233633533313336313134396338326565383930656138396536646362393934323833346365666536616434393639626562343739646634303664626666653566633264373765333962376463386137633762376431383166666236626531363164623739346566616163376164376630303633353863643136, '1', '1446542079', '1446480000', '0', '', '51babfe3a8cc5', '0', '0', '1', '0', '0', '1446613894', '', '0');
INSERT INTO `notify` VALUES ('2', '0', '关于作息时间调整的通知', '', '', '', '天气变冷，现将作息时间调整如下：上午时间不变，下午六点下班调整为5点半，中午休息时间提前半小时，其余时间往前顺延半小时。2015-11-01生效，望相互转告', '', '1', '1446542476', '1446480000', '0', '', '51babfe3a8cc5', '0', '0', '1', '0', '0', '1446542476', '', '0');
INSERT INTO `notify` VALUES ('3', '0', '关于开展2014年南宁市规范教育收费治理教育乱收费工作专项检查的通知', '', '', '', '关于开展2014年南宁市规范教育收费治理教育乱收费工作专项检查的通知 来源：　　2014-11-04 南宁市治理教育乱收费局际联席会议各成员单位，各县区、开发区教育局，市教育局各直属学校： 根据自治区治理教育乱收费厅际联席会议《关于开展2014年全区规范教育收费治理教育乱收费工作专项检查的通知》（桂教纪监〔2014〕7号）和自治区教育厅等五部门《关于2014年规范教育收费治理教育乱收费工作的实施意见》（桂教〔2014〕2号，以下简称《实施意见》）精神，经研究，拟于近期在全市开展2014年规范教育收费治理教育乱收费工作专项检查。现就有关事项通知如下： 一、检查范围 专项检查的范围包括市教育局各直属学校、各县区（开发区）所辖学校及涉及教育的收费行为。检查时点为2013年秋季开学以来发生的收费行为（具有连续性的重大乱收费行为将追溯到以前年份）。 二、检查内容 按照《实施意见》所确定的主要任务和工作要求，专项检查着重围绕以下政策落实情况和收费行为开展。 （一）落实禁止中小学有偿补课行为规定，深入治理中小学补课乱收费的情况。 （二）落实《教育部关于进一步做好小学升初中免试就近入学工作的实施意见》（教基一〔2014〕1号），深入治理义务教育阶段择校乱收费的情况。 （三）落实自治区教育厅等三部门《关于进一步加强中小学教辅材料使用管理工作的若干规定》（桂教〔2012〕9号）、《关于印发&lt;广西壮族自治区中小学教辅材料发行征求管理办法&gt;的通知》（桂新出联〔2013〕3号）、《关于加强中小学教辅材料价格监管的通知》（桂价格〔2012〕54号）等文件，深入治理中小学教辅材料散滥问题的情况。 （四）公办普通高中执行“三限”政策，有无突破比例招收择校生或在择校生外以借读生、自费生、复读生等名义高收费招收学生的情况。 （五）规范各级学校收费的情况。重点是：各级学校执行教育收费政策规定，有无自立收费项目、扩大收费范围、提高标准收费等情况。 （六）加强教育资金使用情况的监督检查。重点是：对学生资助等民生资金使用过程中有无违规违纪行为，对发现的问题是否从严查处、严肃问责等情况。 三、时间安排 专项检查分两个阶段进行。 （一）市本级检查阶段，市教育局会同局际联席会各成员单位组织实施专项自查，时间从10月初至11月中旬结束。检查工作分为以下三步： 1.自查自纠。市教育局各直属学校、各县区（开发区）学校由分管学校收费工作的校领导负责，抽调熟悉教育收费政策规定的人员，组成检查组，实施本校的自查自纠工作。 2.重点检查。由市教育局、物价局牵头，会同治理教育乱收费局际联席会成员单位下到市教育局各直属学校、各县区（开发区）教育局所辖学校进行检（抽）查。 3.整改处理。各学校对检查组在检查中发现的问题进行整改，如发现问题涉及到犯罪的将移送司法机关进行处理。 （二）自治区督查组下到各学校进行督查阶段。自治区治理教育乱收费厅际联席会成员单位组织督查组，对我市规范教育收费治理教育乱收费工作情况进行专项督查。督查时间从11月1日开始至11月20日结束。 四、工作要求 （一）提高认识，加强组织领导。各单位要高度重视，切实加强对专项检查工作的领导。各县区、开发区教育局局际联席会牵头部门要充分发挥牵头职责，联席会议办公室要做好组织协调，明确分工，落实责任，各成员单位要通力合作，齐抓共管，形成工作合力。检查组到各县区检查收费情况时，县（区）局际联席会成员单位需派员到场，由各县（区）教育局联络员负责通知。 （二）搞好结合，突出检查重点。此次检查既要围绕《实施意见》和本单位工作实际，既要认真开展自查自纠，又要切实完成抽检学校数量。根据自治区教育厅安排，我市将重点检查各级各类学校不少于70所，自治区督查组还要对我市及我市部分学校进行重点督查（自治区督查方案另发）。各单位对检查中发现的存在问题，要制定措施，及时整改、坚决纠正，整改工作要在11月底前完成（其中，自治区督查组发现的存在问题，有关单位务必于12月1日前完成整改工作并报送专题报告至市教育局纪检监察室），确保检查效果。 （三）评估分析，做好工作总结。各单位在开展专项检查中，要加强调研，注意发现新情况、新问题，注意总结专项工作成果和经验，对明年的治理工作提出意见、建议。请各县区、开发区教育局和直属学校将自查工作总结书面报告于10月31日报送至市教育局纪检监察室。各县区、开发区教育局还需填写《南宁市2014年规范教育收费治理教育乱收费工作专项检查有关情况统计表》、《南宁市2014年规范教育收费治理教育乱收费工作有关数据情况统计表》，和自查工作总结一并报送。                     --来自于网络', 0x3738396365643563356237333161633931353765346635356665303364393037353735323635366332316462643961636535366335353765386136633631396235383436306163323635366639653030373162666233303635646238303832313039323163626532323230623462333032336334386664313734663766306534626639303733653630633033343262323337623632623562613136616161366364353330373439663365646439636566646366613734336635613539396537373561353664636266326364616666666563336433323561376662613163356636643765353337373736376666623666636336633231613331613566376636623665353166326563376663653236646362636162633733633562613632373733393965636535393965326332643265623931653561356363663165666666393831656462363835666566663635636565326236626637313562646432653638663937346339663566326131633562396534623465623666316463653035336264323966353937653333363735396234626264643736393731353436376665323730336563333736616539376633386237333936643734626165383564313562616465396433633561353739663739306432383236333635373937316665393738373136383737336431653162343562666565343738623962636534373263663362646464306637623963333664643733616462343730343731346564363135633762666564643666393835376662653561333130386431376262376362656537656632376364346661663166633933313763663563346261663963306264366231313963656465666665396236363531366537333866623630303632363639376436643766666363323031663363343639303138646135313737366562366263373832666233393731666363336366326337306132343834393736656536316337623964393139646237646436366462336334336136623738353963376137643666633661376339356537333635356466303739653364353564623564666534313136653932306264353162616337663439323964353539353565353165396263316435346261376364376333636235353931663730663363373935316165336562613862336664616366386631656262626565313837376233396566376165363730656134626262336362666230333035616538646666313337666462666639613932633737376666656533316631653939323066383166383038303937616135633461376633616366356637613363663030663731363062356439616333336637346466393335653537373061653464376430643833376562653736336366363033336130376162336163353335376365663336616133633164323765316534656233636330363462653439343565653264333739316364656230363439666335613534623866313738643431326130336366343430376261363330333230336566633038386434356131636438656237353837643966366635373030333732363465346339633463303134656638373639373237316136616538313037303832663237643233356139323831303962343563376161323337373934393831303332306631666432656432613532376636653933636363326230383266323131643861343265366432393363353331326533646239316635396561656364333739383466643161316666313463323034633036343433646132343864396331656163313630666463306530353065376564616262383032346535383633386261666635623833666135643662636533666338633338393964353338383932623732353565396334343463333233366132643163373462323566343437636238313064353264363832396534393464386365386137376137663063633633363565303464656436373738623163633861303762383732316464663935633566636536363562636634663834346232633535616337626331386431393632303036356664316332623237643166663036613261323735333339346438373732353233616530376237613439616330313063616364303336303564373134646361393130646332623636386436343937633530333363373666343035616631313164636461316433303930366337373033616331383866303838343762643538613336363263313565356137313166636162643130316661363430616434346135636539383062376561613337316639666161396630373565313064313839343762363035303434326463366561626234386234626530663436306230323363613032656232653538396665333837306530306336633837646164663132373239643762366136383937343330396236353733333863306562353634616461306461656637316139633963323264323063383232303931383435393137626330326533303631323264353434656133343230353538613162323638363035303361636431333530356437313464633239313035633165386638383430656437616334303139363432353431616163393130376235616437343634373564666162633833323862353632303632613235383031646566303633316634363265653334366161653434313164356636383062333934373131306463666636343537643464346466373930666536613830303533663032383532626561356638623536346334643666303236363361303030333865306463343133653039633930346330623830343137643437653964343539326238353765313530346362646562653561613961616364306239323666303863303031343531386162396631646233343039356132366661333364623533343363323237346132333439303938373833306631333033643738393065323036316563303932353033633331353833646130636339396461326630303630373862646361626337393536656439316463623334343838383534623038383334303432366465363538656235386564363730303165663864353137373236376239346435363936623437303765393833656233353132323666313235666464303864383261396439313864353364656638633836336566323065363331383136363032366439613831643638393138343062623339366664643839346365346164343765383862366562333733363936346138613064373435383039376432376336643533653966353435663634303334326138303163303337643661616363616261316663383761356463663563636630326634376532326538343164633333636165333237356132633935623962356538396536336464626535616564623364643036356634663139616364653338336137343030346263393265643039646434373938383665663139336463616436376565623931623732663936623264313639323534366639366638623830373763646362623831386632663463353633656533646265376132393063316231616539316137366634373733376337303966383863336461663262353930323239663765636539303866306663313733626235636165306564363162383339643064353364313938386136366661313430643262313437303737326337303834353064633663303034383036656633373430643637396134303635386264623562386630616635373462373361383663333664336237356364613037386166333130316463353038356664663136383735656231646465366364616337323131653362313032313835643332633032323562653665313335353633633330336562326264333563636661373963613661353338363866383036323530313736386131623536376236393761306637303034303936346538303564303734366634376432633864326334303466346633653961323833333531333635643238353361343263396137333664383731363733663835323864333266336437356464343431323832313763356462656431666337343965626664323532633365333935646435646361623731383431613738363436343039343738316661333036383334613537313431613938616338636263363337623335336431356133656432636530636235343161303162363164363261316130636530363538336531333561323662346136306235613263353034373033613662393831303430666635613337663130636139306162346230323064303034333337623062343662313433633563383135396233346262363035336162326538336238343431326234333166306433613661336632343065363236383137303936366664313238326239356631326432653137303137326338653734353231393931366361316233613962393834343039666135663731353339613937346161623835646230653730376530633162336561356238353036366137626437383439633039623932393833316366383832363833646436346630376562366464363838663065346166613665303961383233623135383233626461626436323631383865376637393463653231613530636435376530316234623861393833346435313965306535313336373661366230333661383738303434313032383933353439663334346135623938323831343437636132383037646132376135646338376532313837323830643466333863313463356562393861373138356136653963313837623163646630363239383835346236616538633436363833343737343836643638663834666339363937636134363064313132353135333537383439623432643063663638326437616236363039613938396164653963303936656430653839336534366432643233363038663662376435646635313033393133643036326338383436363533636463333731326566663036366230313336346364373362353564383636303030633131366564613961643535313132633733356665343733623133653936363934383132343035376162313034373138656231353139623231663931346635623639633532333163336465663166396630623864366235613339313338396433383163346439336237613934366539633532303033343864383131316430323732326566313466393063396534356534323364623662363338643932363665646665396233333563653366363066656331343062623762656231643237366438363562636534393633633461653031633337396261323538653134613533333061313637343236663061613037376566306563666235373962366362663666633830323333343832323066633534346264656563316165363036333737376234363764633162626439616639643265353566323338323536363964663437306466346263393835363864306538383133643161366538316436323035343832623238366166323030353039366561663039333163326634613263373034323434306331653463656339386438393930326563386363616134383663353130393837386436303061333962393932313936343862656539356230616464343063616266656136346535663531386365313838623132643233633963663964613462323832383231346462633531326334383334643130303662306661333838313063333430316235666166613233396163633538363831653165633063626333326532343231336235323636616137303062356163353034303166366661636530646431343563353337306137343037303864356332303664653861623864336462353139343465356166656438383932353161303263383365656336363963363032343431633161333336393166343232636235613662353066363366653866376138316531623839323264316632363263616564306639666335353137313338313136633536363534616430386533623234303830383538336430383563376162663439356561386435336661653363616664316164313264616334613832653934303137616439653538346635323236353236613662313537333235316234393363623731326336343234366563346262353932656435643435393665393332386537316533383866336635653435396234633064323631393830623334313866346432336366613936303538653435613338326564376233626438396564323937653933306234333437323961653865393932643564366136616331663936323433336161643934613330383834383231643963376338393062323366396630663335303734353066366635666530343761303539633437643633306336623335653234363737363332353831383239303862643039383332343463333132343635333337393962613639356137343933653630616633663439363036653062373030326439346638343332663062653934306132316330663832616462656337386632616333613363383362303837626564373464396635313336623738616561633738343437306432313164626438303262633639626231356438313139346130323839366539626364393738303631343531396130613233363535323736386433383636346661333364313835343466643065363561383335303061393939396238653536343538373934643362646533383930653635383433643833613965613364323062623665306566623134633034393534653832623533323861393466633731383634376630306561306562343138316461646634303865383662653361316564336436316566303538303532386237623134383831383661323865623062343133613466383561393735376332326362353066616139353465353431626461646530386461633730333735353664663830303039653032373236343063353765353934333566323363373930383862616432643535313433343162633566306138653734623739313633633831353565343735326435353464303938326131633330346134333465373966343933393363643761646164616335363964373330613633646533386566636633313432623739306538386334373262616331663830653562336364306534333864323166316631663135396637393434376162303361636164373938626539383536383935363561323130386538633237663438343734303836623230306131396436326338333535613139333234363034303934376534393937623935633938366639396539373135336239346539313732613535333232346462663732646530323564633162376432303835623361376334356231626334373036613537623435313531343066343832663865336237383361343430316335396166623837356235306462353938346532633930313238356430323261356636623064346264356263663033633832616264363836303632323961666164303030643161643232613836613231613730363837373133643164623139316334386232356632376563613366653832643533363962343036626137366637333235396432326538636632613963646233646666303333383166383538386531656166393764303934666466386463393565656665613062343433316130316635303836653632646634333435343230616533636234616532333733643564643064646530636662316361376231366463343433623335626334336565376261663634323231646138313732666361363562353531353132623037363066396634393332666466333338633465336164373032666237363764303066633939653861366163383936356563373830633235306261623732636266393738363537396565663766663662623135613739303938643339666339346132393730316466353835376436666630313530356238366138, '1', '1446542742', '1446480000', '0', '', '51babfe3a8cc5', '0', '0', '1', '0', '0', '1446613879', '', '0');
INSERT INTO `notify` VALUES ('4', '0', '安全检查的通知', '', '', '', '近期发现有些同学携带刀具或其他危险品进入学校，学校将于本周五组织一次大检查，望各位老师提醒学生注意，发现后严惩。', '', '1', '1446542907', '1446480000', '0', ',1,', '51babfe3a8cc5', '0', '0', '1', '0', '0', '1446542907', '', '0');
INSERT INTO `notify` VALUES ('5', '0', '关于农村中小学教师定期培训及素质提高的思考', '', '', '', '<span style=\"font:14px/24px tahoma, arial;text-align:left;color:rgb(51,51,51);text-transform:none;text-indent:0px;letter-spacing:normal;word-spacing:0px;float:none;white-space:normal;background-color:rgb(255,255,255);\">农村中小学教师素质的提高,其关键问题在于首先,要提高他们的物质待遇,其次,让他们从繁重的教学事务中解脱出来,有足够的时间参加定期培训,最后,要从根本上改革传统的教师培训制度,制定符合中小学农村教师定期培训的相关制度,以提高和激发教师工作的热情和激情,进而提高教师的素质。</span><span style=\"font:14px/24px tahoma, arial;text-align:left;color:rgb(51,51,51);text-transform:none;text-indent:28px;letter-spacing:normal;word-spacing:0px;float:none;white-space:normal;background-color:rgb(255,255,255);\">提高农村中小学教师的物质待遇1.1农村中小学教育投资亟待提高农村中小学教师工作具有重要性、特殊性和复杂性等特点,把教育投资的重点转向农村中小学教育,不仅要求要大幅度地增加对农村中小学教育的投资力度,还要增加各级政府单位时间内对农村中小学教育投资的比例提高,以提高教职工的素质</span>', '', '1', '1446614471', '1446566400', '0', '', '51babfe3a8cc5', '0', '0', '1', '0', '0', '1446614471', '', '0');
INSERT INTO `notify` VALUES ('6', '0', '关于张的发教师升职的通知', '', '', '', '原一年一班的语文教师张的发，现升职为班主任，管理班级还是一年一班。其他大小事务不变，', '', '1', '1446614625', '1446566400', '0', '', '51babfe3a8cc5', '0', '0', '1', '0', '0', '1446614625', '', '0');
INSERT INTO `notify` VALUES ('7', '0', '关于接待部分家长前来参观的通知', '', '', '', '我校将组织一次家长参观的活动，望各位教师同学积极配合，给各位家长一个满意的环境。时间定于十月八号', '', '1', '1446614798', '1446566400', '0', '', '51babfe3a8cc5', '0', '0', '1', '0', '0', '1446614798', '', '0');
INSERT INTO `notify` VALUES ('8', '0', '关于学生奖惩的通知', '', '', '', '学校现将学生奖惩的明细落到实处，已推出最新的奖惩明细，明天（十一月五号）将打印张贴在各个班级，希望各位教师和同学积极配合。', '', '1', '1446614962', '1446566400', '0', '', '51babfe3a8cc5', '0', '0', '1', '0', '0', '1446614962', '', '0');

-- ----------------------------
-- Table structure for office_supplies
-- ----------------------------
DROP TABLE IF EXISTS `office_supplies`;
CREATE TABLE `office_supplies` (
  `id` int(11) NOT NULL AUTO_INCREMENT COMMENT '自增主键',
  `name` varchar(100) NOT NULL COMMENT '办公用品名称',
  `category_id` int(11) NOT NULL COMMENT '所属分类',
  `inventory_quantity` int(4) NOT NULL COMMENT '库存总量',
  `checkout_quantity` int(4) NOT NULL COMMENT '发放数量',
  `inventory_balance` int(4) NOT NULL COMMENT '库存余量',
  `gb_pending_quantity` int(4) NOT NULL COMMENT '申请归还待批准数量',
  `application_pending_quantity` int(4) NOT NULL COMMENT '申请借出待批准数量',
  `description` text NOT NULL COMMENT '办公用品描述',
  `pro_type` int(11) NOT NULL COMMENT '用品类型（1-领用，2-借用）',
  `pro_code` varchar(255) NOT NULL COMMENT '办公用品编码',
  `pro_unit` varchar(255) NOT NULL COMMENT '计量单位',
  `pro_price` decimal(10,0) NOT NULL DEFAULT '0' COMMENT '单价',
  `pro_supplier` varchar(255) NOT NULL COMMENT '供应商',
  `pro_lowstock` int(11) NOT NULL COMMENT '最低警戒库存',
  `pro_maxstock` int(11) NOT NULL COMMENT '最高警戒库存',
  `create_time` int(11) NOT NULL COMMENT '创建时间',
  `create_user` int(11) NOT NULL COMMENT '创建人',
  `discarded_quantity` int(11) NOT NULL COMMENT '报废数量',
  `maintenance_quantity` int(11) NOT NULL COMMENT '维修数量',
  PRIMARY KEY (`id`),
  KEY `category_id` (`category_id`),
  CONSTRAINT `office_supplies_ibfk_1` FOREIGN KEY (`category_id`) REFERENCES `office_supplies_category` (`id`) ON UPDATE CASCADE
) ENGINE=InnoDB AUTO_INCREMENT=5 DEFAULT CHARSET=utf8;

-- ----------------------------
-- Records of office_supplies
-- ----------------------------
INSERT INTO `office_supplies` VALUES ('1', '光盘', '2', '100', '0', '100', '0', '0', '领用类光盘', '0', '', '', '0', '', '0', '0', '0', '0', '0', '0');
INSERT INTO `office_supplies` VALUES ('2', '鼠标', '2', '100', '0', '100', '0', '0', '鼠标', '0', '', '', '0', '', '0', '0', '0', '0', '0', '0');
INSERT INTO `office_supplies` VALUES ('3', '网线', '2', '2', '0', '2', '0', '0', '网线', '0', '', '', '0', '', '0', '0', '0', '0', '0', '0');
INSERT INTO `office_supplies` VALUES ('4', '鼠标垫', '2', '100', '0', '100', '0', '0', '鼠标垫', '0', '', '', '0', '', '0', '0', '0', '0', '0', '0');

-- ----------------------------
-- Table structure for office_supplies_category
-- ----------------------------
DROP TABLE IF EXISTS `office_supplies_category`;
CREATE TABLE `office_supplies_category` (
  `id` int(11) NOT NULL AUTO_INCREMENT COMMENT '自增主键',
  `name` varchar(100) NOT NULL COMMENT '分类名称',
  `create_time` int(10) NOT NULL COMMENT '创建时间',
  `create_user` int(11) NOT NULL COMMENT '创建人',
  `category_order` int(4) NOT NULL COMMENT '分类号',
  `warehouse_id` int(11) NOT NULL,
  PRIMARY KEY (`id`)
) ENGINE=InnoDB AUTO_INCREMENT=4 DEFAULT CHARSET=utf8;

-- ----------------------------
-- Records of office_supplies_category
-- ----------------------------
INSERT INTO `office_supplies_category` VALUES ('1', '笔记本类', '1371450965', '1', '1', '0');
INSERT INTO `office_supplies_category` VALUES ('2', '领用类', '1371451019', '1', '2', '0');
INSERT INTO `office_supplies_category` VALUES ('3', '借用类', '1371451041', '1', '3', '0');

-- ----------------------------
-- Table structure for office_supplies_operation
-- ----------------------------
DROP TABLE IF EXISTS `office_supplies_operation`;
CREATE TABLE `office_supplies_operation` (
  `id` int(11) NOT NULL AUTO_INCREMENT COMMENT '自增主键',
  `operation_type` int(4) NOT NULL COMMENT '操作类型',
  `office_supplies_id` int(4) NOT NULL COMMENT '办公用品id',
  `amount` int(4) NOT NULL COMMENT '数量',
  `description` text NOT NULL COMMENT '描述',
  `create_user` int(11) NOT NULL COMMENT '登记人',
  `create_time` int(10) NOT NULL COMMENT '登记时间',
  `status` char(1) NOT NULL COMMENT '审核状态',
  `office_supplies_name` varchar(255) NOT NULL COMMENT '办公用品名称',
  `category_id` int(11) NOT NULL COMMENT '分类id',
  `category_name` varchar(255) NOT NULL COMMENT '分类名称',
  `warehouse_id` int(11) NOT NULL COMMENT '仓库id',
  `warehouse_name` varchar(255) NOT NULL COMMENT '仓库名称',
  `approver` varchar(255) NOT NULL COMMENT '审批人',
  `operation_time` int(11) NOT NULL COMMENT '操作时间',
  `reason` varchar(255) NOT NULL COMMENT '不批准原因',
  `handout_user` int(11) NOT NULL COMMENT '发放人',
  `handout_time` int(11) NOT NULL COMMENT '发放时间',
  `org_id` int(11) NOT NULL COMMENT '所在组织',
  PRIMARY KEY (`id`)
) ENGINE=InnoDB AUTO_INCREMENT=4 DEFAULT CHARSET=utf8;

-- ----------------------------
-- Records of office_supplies_operation
-- ----------------------------
INSERT INTO `office_supplies_operation` VALUES ('1', '1', '1', '100', '光盘100张', '1', '1371452116', '', '', '0', '', '0', '', '', '0', '', '0', '0', '0');
INSERT INTO `office_supplies_operation` VALUES ('2', '1', '2', '100', '鼠标', '1', '1371452154', '', '', '0', '', '0', '', '', '0', '', '0', '0', '0');
INSERT INTO `office_supplies_operation` VALUES ('3', '1', '3', '2', '', '1', '1371452182', '', '', '0', '', '0', '', '', '0', '', '0', '0', '0');

-- ----------------------------
-- Table structure for office_supplies_warehouse
-- ----------------------------
DROP TABLE IF EXISTS `office_supplies_warehouse`;
CREATE TABLE `office_supplies_warehouse` (
  `id` int(11) NOT NULL AUTO_INCREMENT COMMENT '唯一自增ID',
  `name` varchar(200) NOT NULL COMMENT '库名称',
  `auth_org` varchar(255) NOT NULL COMMENT '所属组织',
  `approver` varchar(255) NOT NULL COMMENT '审批人',
  `dispatchers` varchar(255) NOT NULL COMMENT '调度员',
  `create_user` int(11) NOT NULL,
  `create_time` int(11) NOT NULL,
  PRIMARY KEY (`id`)
) ENGINE=InnoDB DEFAULT CHARSET=utf8 COMMENT='物品库表';

-- ----------------------------
-- Records of office_supplies_warehouse
-- ----------------------------

-- ----------------------------
-- Table structure for office_task
-- ----------------------------
DROP TABLE IF EXISTS `office_task`;
CREATE TABLE `office_task` (
  `id` int(11) NOT NULL AUTO_INCREMENT,
  `task_type` char(1) NOT NULL DEFAULT '0',
  `interval` int(5) NOT NULL DEFAULT '10',
  `exec_time` time NOT NULL,
  `last_exec` datetime NOT NULL,
  `exec_flag` tinyint(2) unsigned NOT NULL DEFAULT '1',
  `exec_msg` varchar(200) NOT NULL DEFAULT '',
  `task_url` varchar(100) NOT NULL DEFAULT '',
  `task_name` varchar(50) NOT NULL DEFAULT '',
  `task_desc` varchar(100) NOT NULL DEFAULT '',
  `task_code` varchar(20) NOT NULL DEFAULT '',
  `use_flag` char(1) NOT NULL DEFAULT '1',
  `sys_task` char(1) NOT NULL DEFAULT '0',
  `ext_data` text NOT NULL,
  PRIMARY KEY (`id`),
  UNIQUE KEY `task_code` (`task_code`)
) ENGINE=InnoDB AUTO_INCREMENT=11 DEFAULT CHARSET=utf8;

-- ----------------------------
-- Records of office_task
-- ----------------------------
INSERT INTO `office_task` VALUES ('1', '0', '2', '00:00:00', '0000-00-00 00:00:00', '0', '[9232] ä¸èƒ½è¿žæŽ¥æœåŠ¡å™¨ï¼š12029 æ— æ³•ä¸ŽæœåŠ¡å™¨å»ºç«‹è¿žæŽ¥', '/portal/task/useronline', '更新在线人员', '定时更新在线人员列表', 'user_online', '1', '1', '');
INSERT INTO `office_task` VALUES ('2', '2', '3', '20:50:00', '0000-00-00 00:00:00', '1', '', 'TDBackup.exe', '数据库定时智能备份', '根据设定的间隔天数和备份时间，定时热备份数据库，对于已备份归档的数据不进行重复备份', 'db_backup', '1', '1', '<task><db name=\"TD_OA\" zip=\"1\"></db></task>');
INSERT INTO `office_task` VALUES ('3', '2', '11', '03:30:00', '0000-00-00 00:00:00', '1', '', 'TDBackup.exe', '主要模块数据库定时备份', '定时热备份数据库主要模块数据，包括电子邮件、公告通知、文件柜、档案、流程、表单、组织、用户、权限、附件等', 'db_backup_main', '1', '1', '<task><db name=\"TD_OA\" zip=\"1\">attachment%,org%,user%,position,auth%,form%,wf_%,email%,notify,agenda%,file%,doc%,archive%</db></task>');
INSERT INTO `office_task` VALUES ('4', '0', '10', '00:00:00', '0000-00-00 00:00:00', '1', '', '/portal/task/workflowstart', '新建流程', '根据流程规则设置定时检查是否需要发起新的流程', 'workflow_start', '1', '0', '');
INSERT INTO `office_task` VALUES ('5', '0', '15', '00:00:00', '0000-00-00 00:00:00', '1', '', '/portal/task/workflowremind', '工作流超时催办', '根据流程规则设置定时检查工作办理超时情况', 'workflow_remind', '1', '0', '');
INSERT INTO `office_task` VALUES ('6', '0', '3', '00:00:00', '0000-00-00 00:00:00', '0', '[7124] ä¸èƒ½è¿žæŽ¥æœåŠ¡å™¨ï¼š12029 æ— æ³•ä¸ŽæœåŠ¡å™¨å»ºç«‹è¿žæŽ¥', '/portal/task/newnotification', '检查新应用提醒', '定时检查所有模块是否有新的应用提醒', 'new_notification', '1', '0', '');
INSERT INTO `office_task` VALUES ('7', '0', '10', '00:00:00', '2014-04-28 23:02:55', '0', '', '/portal/task/mqreceive', '获取队列数据', '从队列里获取数据到本地', 'mq_receive', '1', '0', '');
INSERT INTO `office_task` VALUES ('8', '0', '120', '00:00:00', '0000-00-00 00:00:00', '1', '', '/portal/task/calendar', '日程安排提醒', '检测当天个人日常安排', 'calendar', '1', '0', '');
INSERT INTO `office_task` VALUES ('9', '0', '10', '00:00:00', '0000-00-00 00:00:00', '1', '', '/portal/task/attendfrommachine', '同步考勤机数据', '从考勤机同步数据', 'attend_from_machine', '1', '0', '');
INSERT INTO `office_task` VALUES ('10', '1', '1', '00:00:01', '0000-00-00 00:00:00', '1', '', '/portal/task/checknotification', '定点检查是否有应用提醒', '定点检查是否有应用提醒', 'check_notification', '1', '0', '');

-- ----------------------------
-- Table structure for official_holidays
-- ----------------------------
DROP TABLE IF EXISTS `official_holidays`;
CREATE TABLE `official_holidays` (
  `id` int(11) NOT NULL AUTO_INCREMENT,
  `official_day` int(11) NOT NULL COMMENT '法定节假日',
  `create_id` int(11) NOT NULL COMMENT '创建者',
  `create_time` int(11) NOT NULL COMMENT '创建时间',
  `remark` varchar(32) NOT NULL COMMENT '具体什么假',
  PRIMARY KEY (`id`)
) ENGINE=InnoDB DEFAULT CHARSET=utf8;

-- ----------------------------
-- Records of official_holidays
-- ----------------------------

-- ----------------------------
-- Table structure for org
-- ----------------------------
DROP TABLE IF EXISTS `org`;
CREATE TABLE `org` (
  `id` int(11) NOT NULL AUTO_INCREMENT COMMENT '自增主键',
  `dimension_id` int(11) NOT NULL COMMENT '所属维度',
  `is_independent` int(11) NOT NULL COMMENT '部门类型',
  `org_name` varchar(50) NOT NULL COMMENT '部门名称',
  `org_parent` int(11) NOT NULL DEFAULT '0' COMMENT '上级部门ID',
  `org_no` varchar(30) NOT NULL DEFAULT '0' COMMENT '部门排序号',
  `tel_no` varchar(20) NOT NULL COMMENT '部门电话',
  `fax_no` varchar(20) NOT NULL COMMENT '部门传真',
  `org_address` varchar(100) NOT NULL COMMENT '部门地址',
  `leader1` text NOT NULL COMMENT '上级主管领导(选填)',
  `leader2` text NOT NULL COMMENT '上级分管领导(选填)',
  `org_func` text NOT NULL COMMENT '部门职能',
  `guid` varchar(50) NOT NULL,
  `wx_dept_id` int(11) DEFAULT NULL,
  PRIMARY KEY (`id`),
  KEY `idx_dimension_id` (`dimension_id`),
  KEY `idx_org_type` (`is_independent`),
  KEY `idx_org_no` (`org_no`),
  KEY `idx_org_parent` (`org_parent`)
) ENGINE=InnoDB AUTO_INCREMENT=22 DEFAULT CHARSET=utf8;

-- ----------------------------
-- Records of org
-- ----------------------------
INSERT INTO `org` VALUES ('1', '1', '0', '校领导', '0', '001', '', '', '', '', '', '', 'eba363fa-2f24-3308-b506-67eb6883ddbe', null);
INSERT INTO `org` VALUES ('2', '1', '0', '办公室', '0', '002', '', '', '', '', '', '', 'aa593087-e6c8-d147-7e04-58d07cf720c0', null);
INSERT INTO `org` VALUES ('3', '1', '0', '教务处', '0', '003', '', '', '', '', '', '', 'e4cbdd68-9c7f-a1de-8d36-4d582dc47635', null);
INSERT INTO `org` VALUES ('4', '1', '0', '校团委', '0', '004', '', '', '', '', '', '', 'b980a8f6-b2bf-699a-5b16-c0ffc7f0bba3', null);
INSERT INTO `org` VALUES ('5', '1', '0', '总务处', '0', '005', '', '', '', '', '', '', '3d37c3fd-72f8-7243-bae3-9fe5e4e2afd4', null);
INSERT INTO `org` VALUES ('6', '1', '0', '科研处', '0', '006', '', '', '', '', '', '', 'dae62c11-d1cc-be97-3fde-fcd3f4f5002a', null);
INSERT INTO `org` VALUES ('7', '1', '0', '电教处', '0', '007', '', '', '', '', '', '', 'e68a0621-501e-504a-7fea-29e505e02e43', null);
INSERT INTO `org` VALUES ('8', '1', '0', '信息技术', '0', '008', '', '', '', '', '', '', '9acafdee-52ea-29d7-821a-b0f80150acdf', null);
INSERT INTO `org` VALUES ('9', '1', '0', '教研组', '0', '009', '', '', '', '', '', '', '20aca311-a138-5a63-2130-f84c7ef70fe0', null);
INSERT INTO `org` VALUES ('10', '1', '0', '语文教研组', '9', '009020', '', '', '', '', '', '', 'c7c61f8d-0675-94ef-e0d8-5f3bb5cbb4a7', null);
INSERT INTO `org` VALUES ('11', '1', '0', '数学教研组', '9', '009021', '', '', '', '', '', '', 'b4ece814-3096-c0cf-9c5b-482a520459e8', null);
INSERT INTO `org` VALUES ('12', '1', '0', '外语教研组', '9', '009022', '', '', '', '', '', '', 'f585e89b-e91e-025e-0db2-3a197d583245', null);
INSERT INTO `org` VALUES ('13', '1', '0', '物理教研组', '9', '009023', '', '', '', '', '', '', '46da5e5a-6de5-c3c9-c35f-8b161e919c69', null);
INSERT INTO `org` VALUES ('14', '1', '0', '化学教研组', '9', '009024', '', '', '', '', '', '', 'fbf70dca-0898-ab3b-c419-e507b022fa5f', null);
INSERT INTO `org` VALUES ('15', '1', '0', '历史教研组', '9', '009025', '', '', '', '', '', '', '1c66023c-26db-44c8-d9e5-47804d2c3eb7', null);
INSERT INTO `org` VALUES ('16', '1', '0', '地理教研组', '9', '009026', '', '', '', '', '', '', '765e038d-9c20-658d-dfc1-928ec02fdfc7', null);
INSERT INTO `org` VALUES ('17', '1', '0', '生物教研组', '9', '009027', '', '', '', '', '', '', '39c474e1-ca49-03ea-4078-cc7a231c9b6c', null);
INSERT INTO `org` VALUES ('18', '1', '0', '体育教研组', '9', '009028', '', '', '', '', '', '', 'c73b249c-1d12-b47c-7213-d6afb3f87758', null);
INSERT INTO `org` VALUES ('19', '1', '0', '音乐教研组', '9', '009029', '', '', '', '', '', '', 'f0686c48-ab70-b0e5-972d-139a26255b05', null);
INSERT INTO `org` VALUES ('20', '1', '0', '美术教研组', '9', '009029', '', '', '', '', '', '', '32bcdb0c-5be5-f32e-e6bb-8be325538c62', null);
INSERT INTO `org` VALUES ('21', '1', '0', '信息教研组', '9', '009030', '', '', '', '', '', '', 'fe15d53a-7125-4f6a-9bf6-b0239cee34a6', null);

-- ----------------------------
-- Table structure for org_dimension
-- ----------------------------
DROP TABLE IF EXISTS `org_dimension`;
CREATE TABLE `org_dimension` (
  `id` int(11) NOT NULL AUTO_INCREMENT,
  `name` varchar(64) NOT NULL,
  `description` text NOT NULL,
  `is_sys` int(1) NOT NULL,
  `is_default` int(1) NOT NULL,
  `order_no` int(11) NOT NULL,
  PRIMARY KEY (`id`)
) ENGINE=InnoDB AUTO_INCREMENT=2 DEFAULT CHARSET=utf8;

-- ----------------------------
-- Records of org_dimension
-- ----------------------------
INSERT INTO `org_dimension` VALUES ('1', '行政维度', '行政维度', '1', '1', '1');

-- ----------------------------
-- Table structure for org_group
-- ----------------------------
DROP TABLE IF EXISTS `org_group`;
CREATE TABLE `org_group` (
  `id` int(11) NOT NULL AUTO_INCREMENT,
  `group_name` varchar(100) DEFAULT NULL,
  `org_group_id` mediumtext,
  `group_description` varchar(255) NOT NULL,
  `create_user` int(11) NOT NULL,
  `group_order` int(11) NOT NULL,
  `create_time` int(11) NOT NULL,
  PRIMARY KEY (`id`)
) ENGINE=InnoDB DEFAULT CHARSET=utf8;

-- ----------------------------
-- Records of org_group
-- ----------------------------

-- ----------------------------
-- Table structure for org_type
-- ----------------------------
DROP TABLE IF EXISTS `org_type`;
CREATE TABLE `org_type` (
  `id` int(11) NOT NULL AUTO_INCREMENT,
  `dimension_id` int(11) NOT NULL,
  `name` varchar(64) NOT NULL,
  `level` int(11) NOT NULL,
  `icon` varchar(64) NOT NULL,
  `remark` text NOT NULL,
  `is_independent` char(1) NOT NULL,
  PRIMARY KEY (`id`)
) ENGINE=InnoDB AUTO_INCREMENT=4 DEFAULT CHARSET=utf8;

-- ----------------------------
-- Records of org_type
-- ----------------------------
INSERT INTO `org_type` VALUES ('1', '1', '单位', '1', '', '', '');
INSERT INTO `org_type` VALUES ('2', '1', '部门', '2', '', '', '');
INSERT INTO `org_type` VALUES ('3', '1', '小组', '3', '', '', '');

-- ----------------------------
-- Table structure for payslip
-- ----------------------------
DROP TABLE IF EXISTS `payslip`;
CREATE TABLE `payslip` (
  `id` int(11) NOT NULL AUTO_INCREMENT,
  `user_id` int(50) DEFAULT NULL,
  `create_time` int(20) DEFAULT NULL COMMENT '创建时间',
  `status` tinyint(1) DEFAULT '0' COMMENT '状态（0:执行中；1：已终止）',
  `payslip_time` int(20) DEFAULT NULL COMMENT '工资时间',
  `remark` text COMMENT '备注',
  `item_str` text,
  `sms_remind` tinyint(1) NOT NULL DEFAULT '0' COMMENT '发送事务提醒',
  PRIMARY KEY (`id`)
) ENGINE=InnoDB DEFAULT CHARSET=utf8;

-- ----------------------------
-- Records of payslip
-- ----------------------------

-- ----------------------------
-- Table structure for payslip_item
-- ----------------------------
DROP TABLE IF EXISTS `payslip_item`;
CREATE TABLE `payslip_item` (
  `id` int(11) NOT NULL AUTO_INCREMENT,
  `payslip_term` varchar(200) DEFAULT NULL COMMENT '工资项名称',
  `payslip_type` tinyint(1) DEFAULT NULL COMMENT '是否允许查看(1:是；2：不是)',
  `payslip_sort` int(20) DEFAULT NULL COMMENT '排序号',
  PRIMARY KEY (`id`)
) ENGINE=InnoDB DEFAULT CHARSET=utf8;

-- ----------------------------
-- Records of payslip_item
-- ----------------------------

-- ----------------------------
-- Table structure for payslip_manager
-- ----------------------------
DROP TABLE IF EXISTS `payslip_manager`;
CREATE TABLE `payslip_manager` (
  `id` int(11) NOT NULL AUTO_INCREMENT,
  `managers` text NOT NULL,
  `dept_id_str` text NOT NULL,
  `manage_type` tinyint(1) NOT NULL DEFAULT '0',
  PRIMARY KEY (`id`)
) ENGINE=InnoDB DEFAULT CHARSET=utf8;

-- ----------------------------
-- Records of payslip_manager
-- ----------------------------

-- ----------------------------
-- Table structure for payslip_user
-- ----------------------------
DROP TABLE IF EXISTS `payslip_user`;
CREATE TABLE `payslip_user` (
  `id` int(11) NOT NULL AUTO_INCREMENT,
  `payslip_id` int(11) DEFAULT NULL,
  `create_time` int(20) DEFAULT NULL COMMENT '工资条时间',
  `user_id` int(20) DEFAULT NULL,
  `json_data` text,
  `status` tinyint(1) NOT NULL DEFAULT '0' COMMENT '0：不可见1：可见',
  PRIMARY KEY (`id`)
) ENGINE=InnoDB DEFAULT CHARSET=utf8;

-- ----------------------------
-- Records of payslip_user
-- ----------------------------

-- ----------------------------
-- Table structure for periodical
-- ----------------------------
DROP TABLE IF EXISTS `periodical`;
CREATE TABLE `periodical` (
  `id` int(11) NOT NULL AUTO_INCREMENT COMMENT '自增主键',
  `title` varchar(200) NOT NULL COMMENT '标题',
  `brief` varchar(200) NOT NULL COMMENT '摘要',
  `no` varchar(20) NOT NULL COMMENT '编号',
  `type_id` varchar(200) NOT NULL COMMENT '分类ID',
  `dept_id` int(11) NOT NULL COMMENT '主办单位',
  `keywords` varchar(200) NOT NULL COMMENT '关键词',
  `press_time` int(11) NOT NULL COMMENT '出版日期',
  `create_user` int(11) NOT NULL COMMENT '创建人',
  `create_time` int(11) NOT NULL COMMENT '创建时间',
  PRIMARY KEY (`id`)
) ENGINE=InnoDB DEFAULT CHARSET=utf8;

-- ----------------------------
-- Records of periodical
-- ----------------------------

-- ----------------------------
-- Table structure for picture
-- ----------------------------
DROP TABLE IF EXISTS `picture`;
CREATE TABLE `picture` (
  `id` int(11) NOT NULL AUTO_INCREMENT,
  `name` varchar(255) NOT NULL,
  `path` varchar(255) NOT NULL,
  `time` int(11) NOT NULL,
  `row` int(11) NOT NULL,
  `line` int(11) NOT NULL,
  PRIMARY KEY (`id`)
) ENGINE=InnoDB DEFAULT CHARSET=utf8;

-- ----------------------------
-- Records of picture
-- ----------------------------

-- ----------------------------
-- Table structure for portal
-- ----------------------------
DROP TABLE IF EXISTS `portal`;
CREATE TABLE `portal` (
  `id` int(11) NOT NULL AUTO_INCREMENT,
  `name` varchar(64) NOT NULL,
  `description` varchar(64) NOT NULL,
  `style` tinyint(4) NOT NULL,
  `img` varchar(64) NOT NULL,
  `is_using` tinyint(1) NOT NULL,
  `is_sys` tinyint(1) NOT NULL,
  `is_main` tinyint(1) NOT NULL,
  `order_no` tinyint(4) NOT NULL DEFAULT '0',
  PRIMARY KEY (`id`)
) ENGINE=InnoDB DEFAULT CHARSET=utf8;

-- ----------------------------
-- Records of portal
-- ----------------------------

-- ----------------------------
-- Table structure for position
-- ----------------------------
DROP TABLE IF EXISTS `position`;
CREATE TABLE `position` (
  `id` int(11) NOT NULL AUTO_INCREMENT COMMENT '自增ID',
  `position_parent` int(11) NOT NULL COMMENT '父ID',
  `position_name` varchar(64) DEFAULT NULL COMMENT '岗位名称',
  `position_description` text COMMENT '岗位描述',
  `order_no` int(11) DEFAULT NULL COMMENT '岗位排序',
  `position_org` int(11) NOT NULL DEFAULT '0' COMMENT '岗位所属组织',
  PRIMARY KEY (`id`)
) ENGINE=InnoDB DEFAULT CHARSET=utf8;

-- ----------------------------
-- Records of position
-- ----------------------------

-- ----------------------------
-- Table structure for schedule
-- ----------------------------
DROP TABLE IF EXISTS `schedule`;
CREATE TABLE `schedule` (
  `id` int(11) NOT NULL AUTO_INCREMENT,
  `subject` varchar(255) NOT NULL COMMENT '活动议题',
  `undertake` varchar(100) NOT NULL COMMENT '承办单位',
  `location` varchar(255) NOT NULL COMMENT '活动地点',
  `attendee` varchar(255) NOT NULL COMMENT '参加人员',
  `remark` tinytext NOT NULL COMMENT '备注',
  `leader` varchar(100) NOT NULL COMMENT '领导-用于排序',
  `begin_time` int(11) NOT NULL COMMENT '开始时间',
  `create_user` int(10) NOT NULL COMMENT '创建人',
  `create_time` int(11) NOT NULL COMMENT '创建时间',
  `schedule_type` varchar(13) NOT NULL COMMENT '活动类别',
  `end_time` int(11) NOT NULL COMMENT '结束时间',
  `order_no` int(11) NOT NULL,
  `status` char(1) NOT NULL,
  `reason` tinytext NOT NULL,
  `approver` int(11) NOT NULL,
  `room_id` int(11) NOT NULL,
  `is_sure` int(1) NOT NULL,
  `begin_date` varchar(100) NOT NULL,
  `begin_period` int(11) NOT NULL,
  PRIMARY KEY (`id`)
) ENGINE=InnoDB DEFAULT CHARSET=utf8;

-- ----------------------------
-- Records of schedule
-- ----------------------------

-- ----------------------------
-- Table structure for seal
-- ----------------------------
DROP TABLE IF EXISTS `seal`;
CREATE TABLE `seal` (
  `id` int(11) NOT NULL AUTO_INCREMENT,
  `seal_id` varchar(20) NOT NULL DEFAULT '',
  `org_id` int(11) DEFAULT NULL,
  `seal_name` varchar(100) DEFAULT NULL,
  `cert_str` text NOT NULL,
  `seal_data` mediumtext NOT NULL,
  `create_time` int(11) NOT NULL,
  `password` varchar(255) NOT NULL,
  `seal_pic` varchar(255) NOT NULL,
  PRIMARY KEY (`id`)
) ENGINE=InnoDB DEFAULT CHARSET=utf8;

-- ----------------------------
-- Records of seal
-- ----------------------------

-- ----------------------------
-- Table structure for session
-- ----------------------------
DROP TABLE IF EXISTS `session`;
CREATE TABLE `session` (
  `id` char(32) NOT NULL,
  `expire` int(11) NOT NULL,
  `data` varchar(20000) NOT NULL,
  PRIMARY KEY (`id`)
) ENGINE=MEMORY DEFAULT CHARSET=utf8;

-- ----------------------------
-- Records of session
-- ----------------------------

-- ----------------------------
-- Table structure for shoot
-- ----------------------------
DROP TABLE IF EXISTS `shoot`;
CREATE TABLE `shoot` (
  `id` int(11) NOT NULL AUTO_INCREMENT,
  `user` int(11) NOT NULL,
  `subject` varchar(50) NOT NULL,
  `location` varchar(100) NOT NULL,
  `desc` varchar(500) NOT NULL,
  `report_time` varchar(100) NOT NULL,
  `create_time` int(11) NOT NULL,
  PRIMARY KEY (`id`)
) ENGINE=InnoDB DEFAULT CHARSET=utf8;

-- ----------------------------
-- Records of shoot
-- ----------------------------

-- ----------------------------
-- Table structure for sms
-- ----------------------------
DROP TABLE IF EXISTS `sms`;
CREATE TABLE `sms` (
  `id` int(11) NOT NULL AUTO_INCREMENT COMMENT '自增主键',
  `from_id` varchar(20) NOT NULL COMMENT '发送人id',
  `phone` varchar(50) DEFAULT NULL COMMENT '接收人手机号',
  `content` text NOT NULL COMMENT '短信内容',
  `send_time` int(11) NOT NULL COMMENT '发送时间',
  `send_flag` char(1) NOT NULL COMMENT '短信发送状态(0-未发送,1-发送成功,2-发送超时请人工确认,3-发送中)',
  `send_num` tinyint(3) NOT NULL COMMENT '短信发送数量',
  `user_id` int(11) DEFAULT NULL COMMENT '接受者id',
  `address_id` int(11) DEFAULT NULL COMMENT '通讯簿中用户id',
  `sms_type` tinyint(1) NOT NULL DEFAULT '0' COMMENT '短信类型(0-内部人员,1-外部人员)',
  PRIMARY KEY (`id`)
) ENGINE=InnoDB DEFAULT CHARSET=utf8;

-- ----------------------------
-- Records of sms
-- ----------------------------

-- ----------------------------
-- Table structure for sms_enterprise
-- ----------------------------
DROP TABLE IF EXISTS `sms_enterprise`;
CREATE TABLE `sms_enterprise` (
  `sms_enterprise_id` int(11) NOT NULL AUTO_INCREMENT,
  `sms_enterprise_name` varchar(255) NOT NULL,
  `sms_enterprise_mobil` varchar(255) NOT NULL,
  `sms_enterprise_fax` varchar(255) NOT NULL,
  `sms_enterprise_people` varchar(255) NOT NULL,
  `sms_enterprise_people_mobil` varchar(255) NOT NULL,
  `smsenterprise_email` varchar(255) NOT NULL,
  `sms_e_enterprise_post` varchar(255) NOT NULL,
  `sms_enterprise_address` varchar(255) NOT NULL,
  `sms_nterprise_url` varchar(255) NOT NULL,
  `sms_enterprise_success` int(11) DEFAULT NULL,
  `sms_enterprise_failure` int(11) DEFAULT NULL,
  `sms_enterprise_balance` int(11) DEFAULT NULL,
  `sms_enterprise_state` int(11) NOT NULL DEFAULT '0',
  `sms_enterprise_serial_number` varchar(255) DEFAULT NULL,
  `sms_enterprise_serial_password` varchar(255) DEFAULT NULL,
  `sms_enterprise_province` varchar(255) NOT NULL,
  `sms_enterprise_city` varchar(255) NOT NULL,
  `sms_enterprise_industry` varchar(255) NOT NULL,
  `sms_enterprise_sign` varchar(255) NOT NULL,
  `sms_enterprise_type` int(11) NOT NULL DEFAULT '0',
  `sms_enterprise_registration_time` date DEFAULT NULL,
  `sms_enterprise_note` text,
  `sms_unit_price` varchar(255) DEFAULT NULL,
  PRIMARY KEY (`sms_enterprise_id`)
) ENGINE=InnoDB DEFAULT CHARSET=utf8;

-- ----------------------------
-- Records of sms_enterprise
-- ----------------------------

-- ----------------------------
-- Table structure for sms_gateway_config
-- ----------------------------
DROP TABLE IF EXISTS `sms_gateway_config`;
CREATE TABLE `sms_gateway_config` (
  `id` int(11) NOT NULL AUTO_INCREMENT,
  `gateway_name` varchar(255) NOT NULL,
  `gateway_url` varchar(255) NOT NULL,
  `protocol` varchar(255) NOT NULL,
  `mobile_param` varchar(255) DEFAULT NULL,
  `mobile_delimiter` varchar(255) DEFAULT NULL,
  `title_param` varchar(255) DEFAULT NULL,
  `content_param` varchar(255) DEFAULT NULL,
  `time_param` varchar(255) DEFAULT NULL,
  `charset` varchar(255) DEFAULT NULL,
  `prefix` varchar(255) DEFAULT NULL,
  `affix` varchar(255) DEFAULT NULL,
  `other_params` varchar(255) DEFAULT NULL,
  `default_value` tinyint(1) NOT NULL DEFAULT '0',
  `is_activate` tinyint(1) NOT NULL DEFAULT '0',
  PRIMARY KEY (`id`)
) ENGINE=InnoDB AUTO_INCREMENT=3 DEFAULT CHARSET=utf8;

-- ----------------------------
-- Records of sms_gateway_config
-- ----------------------------
INSERT INTO `sms_gateway_config` VALUES ('1', '默认网关', 'http://sdk2.zucp.net/webservice.asmx/mt', 'http', 'mobile', ',', '', 'content', 'time', 'gbk', '', '', '', '1', '1');
INSERT INTO `sms_gateway_config` VALUES ('2', '云MAS网关', 'http://mas.ecloud.10086.cn/app/http/sendSms', 'http', 'mobile', ',', null, 'content', 'time', 'gbk', null, null, null, '0', '0');

-- ----------------------------
-- Table structure for sms_priv
-- ----------------------------
DROP TABLE IF EXISTS `sms_priv`;
CREATE TABLE `sms_priv` (
  `id` int(11) NOT NULL AUTO_INCREMENT COMMENT '自增主键',
  `user_id` int(11) NOT NULL COMMENT '用户id',
  `remind_priv` tinyint(1) NOT NULL COMMENT '提醒权限',
  `recieve_priv` tinyint(1) NOT NULL COMMENT '被提醒权限',
  `out_priv` tinyint(1) NOT NULL COMMENT '外发权限',
  `self_priv` tinyint(1) NOT NULL COMMENT '自提醒权限',
  PRIMARY KEY (`id`)
) ENGINE=InnoDB DEFAULT CHARSET=utf8;

-- ----------------------------
-- Records of sms_priv
-- ----------------------------

-- ----------------------------
-- Table structure for sms_priv_role
-- ----------------------------
DROP TABLE IF EXISTS `sms_priv_role`;
CREATE TABLE `sms_priv_role` (
  `id` int(11) NOT NULL AUTO_INCREMENT COMMENT '自增主键',
  `role_id` int(11) NOT NULL COMMENT '用户id',
  `remind_priv` tinyint(1) NOT NULL COMMENT '提醒权限',
  `recieve_priv` tinyint(1) NOT NULL COMMENT '被提醒权限',
  `out_priv` tinyint(1) NOT NULL COMMENT '外发权限',
  `self_priv` tinyint(1) NOT NULL COMMENT '自提醒权限',
  PRIMARY KEY (`id`)
) ENGINE=InnoDB DEFAULT CHARSET=utf8;

-- ----------------------------
-- Records of sms_priv_role
-- ----------------------------

-- ----------------------------
-- Table structure for sms_reply
-- ----------------------------
DROP TABLE IF EXISTS `sms_reply`;
CREATE TABLE `sms_reply` (
  `id` int(11) NOT NULL AUTO_INCREMENT,
  `phone` varchar(20) NOT NULL COMMENT '短信发送人手机号',
  `content` text NOT NULL COMMENT '短信内容',
  `send_time` int(11) NOT NULL DEFAULT '0' COMMENT '发送时间',
  PRIMARY KEY (`id`)
) ENGINE=InnoDB DEFAULT CHARSET=utf8;

-- ----------------------------
-- Records of sms_reply
-- ----------------------------

-- ----------------------------
-- Table structure for sys_application
-- ----------------------------
DROP TABLE IF EXISTS `sys_application`;
CREATE TABLE `sys_application` (
  `id` int(11) NOT NULL AUTO_INCREMENT COMMENT '自增主键',
  `workflow_id` char(36) NOT NULL COMMENT '流程ID',
  `form_id` char(36) NOT NULL COMMENT '表单ID',
  `xml_data` text NOT NULL COMMENT '流程设置',
  `model` varchar(64) NOT NULL COMMENT '模型',
  `status` tinyint(1) NOT NULL DEFAULT '1' COMMENT '是否启用',
  PRIMARY KEY (`id`)
) ENGINE=InnoDB DEFAULT CHARSET=utf8;

-- ----------------------------
-- Records of sys_application
-- ----------------------------

-- ----------------------------
-- Table structure for sys_code
-- ----------------------------
DROP TABLE IF EXISTS `sys_code`;
CREATE TABLE `sys_code` (
  `id` char(13) NOT NULL COMMENT '自增主键',
  `type_id` varchar(64) NOT NULL COMMENT '分类标识',
  `code_name` varchar(64) NOT NULL COMMENT '代码名称',
  `code_icon` varchar(64) NOT NULL COMMENT '代码图标',
  `code_order` int(11) NOT NULL DEFAULT '99' COMMENT '代码排序号',
  `is_buildin` char(1) NOT NULL DEFAULT '0' COMMENT '0:用户添加;1:系统内置',
  PRIMARY KEY (`id`),
  KEY `type_id` (`type_id`)
) ENGINE=InnoDB DEFAULT CHARSET=utf8;

-- ----------------------------
-- Records of sys_code
-- ----------------------------
INSERT INTO `sys_code` VALUES ('51b98f83792e8', 'TIMELINE', '工程项目', '', '99', '0');
INSERT INTO `sys_code` VALUES ('51babf84d6549', 'NEWS', '政务要闻', '', '99', '0');
INSERT INTO `sys_code` VALUES ('51babf8b3bb78', 'NEWS', '专题报道', '', '99', '0');
INSERT INTO `sys_code` VALUES ('51babf9227723', 'NEWS', '部门动态', '', '99', '0');
INSERT INTO `sys_code` VALUES ('51babfdd59240', 'NOTIFY', '行政', '', '99', '0');
INSERT INTO `sys_code` VALUES ('51babfe3a8cc5', 'NOTIFY', '人事', '', '99', '0');
INSERT INTO `sys_code` VALUES ('51bac8d4a688c', 'DIARY', '工作日志', '', '99', '0');
INSERT INTO `sys_code` VALUES ('51bac8e058ba3', 'DIARY', '个人日志', '', '99', '0');
INSERT INTO `sys_code` VALUES ('51bd0c2f7de49', 'TIMELINE', '会议活动', '', '99', '0');
INSERT INTO `sys_code` VALUES ('51bd608bf1ccf', 'CALENDAR', '个人事务', '', '99', '0');
INSERT INTO `sys_code` VALUES ('51bd6094de76a', 'CALENDAR', '工作事务', '', '99', '0');
INSERT INTO `sys_code` VALUES ('51bd7fc48834b', 'VEHICLE', '轿车', '', '99', '0');
INSERT INTO `sys_code` VALUES ('51bd7fda18051', 'VEHICLE', '面包车', '', '99', '0');
INSERT INTO `sys_code` VALUES ('51bd7fe3ab2a0', 'VEHICLE', '越野车', '', '99', '0');
INSERT INTO `sys_code` VALUES ('51bd7ff787de5', 'VEHICLE', '吉普车', '', '99', '0');
INSERT INTO `sys_code` VALUES ('51bd7ffe16240', 'VEHICLE', '巴士', '', '99', '0');
INSERT INTO `sys_code` VALUES ('51bd800a44cfb', 'VEHICLE', '工具车', '', '99', '0');
INSERT INTO `sys_code` VALUES ('51bd8010a21b7', 'VEHICLE', '卡车', '', '99', '0');
INSERT INTO `sys_code` VALUES ('51be784a3a06f', 'COLLECT', '工作汇报', '', '99', '0');
INSERT INTO `sys_code` VALUES ('51be78628dc2c', 'COLLECT', '奖惩信息', '', '99', '0');
INSERT INTO `sys_code` VALUES ('51be7d4dbf8b3', 'COLLECT', '一般信息', '', '99', '0');
INSERT INTO `sys_code` VALUES ('51be7d555a54e', 'COLLECT', '专报信息', '', '99', '0');
INSERT INTO `sys_code` VALUES ('51be7d5e0aff1', 'COLLECT', '约稿信息', '', '99', '0');
INSERT INTO `sys_code` VALUES ('51be7d64d4d4b', 'COLLECT', '其它信息', '', '99', '0');
INSERT INTO `sys_code` VALUES ('51c93f19a88e1', 'ARCH_SECRET', '普通', '', '99', '0');
INSERT INTO `sys_code` VALUES ('51c93f2124a4d', 'ARCH_SECRET', '秘密', '', '99', '0');
INSERT INTO `sys_code` VALUES ('51c93f278477f', 'ARCH_SECRET', '机密', '', '99', '0');
INSERT INTO `sys_code` VALUES ('51c93f2d72bed', 'ARCH_SECRET', '绝密', '', '99', '0');
INSERT INTO `sys_code` VALUES ('51c94b64cdff1', 'ARCH_URGENCY', '普通', '', '99', '0');
INSERT INTO `sys_code` VALUES ('51c94b6c08277', 'ARCH_URGENCY', '紧急', '', '99', '0');
INSERT INTO `sys_code` VALUES ('51c94b7552abb', 'ARCH_URGENCY', '特级', '', '99', '0');
INSERT INTO `sys_code` VALUES ('51c94b9d30bff', 'ARCH_TYPE', '公文', '', '99', '0');
INSERT INTO `sys_code` VALUES ('51c94ba4aa80d', 'ARCH_TYPE', '发文', '', '99', '0');
INSERT INTO `sys_code` VALUES ('51c94bab56d54', 'ARCH_TYPE', '收文', '', '99', '0');
INSERT INTO `sys_code` VALUES ('51c94bb9746db', 'ARCH_TYPE', '函', '', '99', '0');
INSERT INTO `sys_code` VALUES ('51c94bc0eba83', 'ARCH_TYPE', '通知', '', '99', '0');
INSERT INTO `sys_code` VALUES ('51c94bc6a0512', 'ARCH_TYPE', '公告', '', '99', '0');
INSERT INTO `sys_code` VALUES ('51c94bf79fa60', 'ARCH_SAVE_DATE', '10年', '', '99', '0');
INSERT INTO `sys_code` VALUES ('51c94bfdb758a', 'ARCH_SAVE_DATE', '30年', '', '99', '0');
INSERT INTO `sys_code` VALUES ('51c94c03eacae', 'ARCH_SAVE_DATE', '永久', '', '99', '0');
INSERT INTO `sys_code` VALUES ('51e79978394fd', 'MEETING_EQUIP', '投影仪类', '', '99', '0');
INSERT INTO `sys_code` VALUES ('51e799813435a', 'MEETING_EQUIP', '音响类', '', '99', '0');
INSERT INTO `sys_code` VALUES ('5244fc384ee52', 'PERIODICAL_CAT', '政府期刊', '', '99', '0');
INSERT INTO `sys_code` VALUES ('532fac90c6d46', 'TEMPLATE_OFFICE', '正文模版', '', '99', '0');
INSERT INTO `sys_code` VALUES ('53322f13ace2c', 'TEMPLATE_OFFICE', '套红模版', '', '99', '0');
INSERT INTO `sys_code` VALUES ('538fe83ee8ee9', 'SCHEDULE', '局内会议', '', '99', '1');
INSERT INTO `sys_code` VALUES ('5414ef624d05f', 'ARCH_CARRIER_TYPE', '页', '', '99', '0');
INSERT INTO `sys_code` VALUES ('54170049bcf7f', 'GB0626', '条码版本标识符', '', '1', '0');
INSERT INTO `sys_code` VALUES ('54170052962de', 'GB0626', '条码编号', '', '2', '0');
INSERT INTO `sys_code` VALUES ('54170059c0abd', 'GB0626', '发文单位', '', '3', '0');
INSERT INTO `sys_code` VALUES ('541700650a0eb', 'GB0626', '文种或刊名', '', '4', '0');
INSERT INTO `sys_code` VALUES ('5417006e6028b', 'GB0626', '文号或期号', '', '5', '0');
INSERT INTO `sys_code` VALUES ('54170075bf892', 'GB0626', '主送单位', '', '6', '0');
INSERT INTO `sys_code` VALUES ('5417007d94bef', 'GB0626', '标题', '', '7', '0');
INSERT INTO `sys_code` VALUES ('5417008562774', 'GB0626', '秘密等级', '', '8', '0');
INSERT INTO `sys_code` VALUES ('5417008c4e522', 'GB0626', '紧急程度', '', '9', '0');
INSERT INTO `sys_code` VALUES ('541700938377a', 'GB0626', '成文日期', '', '10', '0');
INSERT INTO `sys_code` VALUES ('5417009adc54c', 'GB0626', '发布层次', '', '11', '0');
INSERT INTO `sys_code` VALUES ('541700a77b1e0', 'GB0626', '制作单位', '', '12', '0');
INSERT INTO `sys_code` VALUES ('541700ae8e8c4', 'GB0626', '制作日期', '', '13', '0');
INSERT INTO `sys_code` VALUES ('541700b69a8b6', 'GB0626', '公文页数', '', '14', '0');
INSERT INTO `sys_code` VALUES ('541700bf1335b', 'GB0626', '附件标识', '', '15', '0');
INSERT INTO `sys_code` VALUES ('541700c9811f6', 'GB0626', '关联文号', '', '16', '0');
INSERT INTO `sys_code` VALUES ('55b0780203cc6', 'SCHOOL_TERM', '上学期', '', '1', '0');
INSERT INTO `sys_code` VALUES ('55b0780ec0465', 'SCHOOL_TERM', '下学期', '', '2', '0');
INSERT INTO `sys_code` VALUES ('55c9c6f686bf1', 'EDU_MARRIGE_STATUS', '未婚', '', '1', '0');
INSERT INTO `sys_code` VALUES ('55c9c70826c28', 'EDU_MARRIGE_STATUS', '已婚', '', '2', '0');
INSERT INTO `sys_code` VALUES ('55c9c70f5a2dd', 'EDU_MARRIGE_STATUS', '离异', '', '3', '0');
INSERT INTO `sys_code` VALUES ('55c9c716e3ef5', 'EDU_MARRIGE_STATUS', '丧偶', '', '4', '0');
INSERT INTO `sys_code` VALUES ('55c9c79fe5518', 'EDU_CARD_TYPE', '军队文职干部证', '', '2', '0');
INSERT INTO `sys_code` VALUES ('55c9c7aeb0088', 'EDU_CARD_TYPE', '军官证', '', '3', '0');
INSERT INTO `sys_code` VALUES ('55c9c7c62d49d', 'EDU_CARD_TYPE', '香港特区护照/身份证明', '', '4', '0');
INSERT INTO `sys_code` VALUES ('55cae92da9be9', 'EDU_CARD_TYPE', '澳门特区护照/身份证明', '', '5', '0');
INSERT INTO `sys_code` VALUES ('55cae9565248b', 'EDU_CARD_TYPE', '台湾居民来往大陆通行证', '', '6', '0');
INSERT INTO `sys_code` VALUES ('55cae963e3fd5', 'EDU_CARD_TYPE', '护照', '', '7', '0');
INSERT INTO `sys_code` VALUES ('55cafc056d69e', 'EDU_POLITICAL_STATUS', '中共党员', '', '1', '0');
INSERT INTO `sys_code` VALUES ('55cafc11ae1b3', 'EDU_POLITICAL_STATUS', '中共预备党员', '', '2', '0');
INSERT INTO `sys_code` VALUES ('55cafc22f10ae', 'EDU_POLITICAL_STATUS', '共青团员', '', '3', '0');
INSERT INTO `sys_code` VALUES ('55cafc2cb2e23', 'EDU_POLITICAL_STATUS', '民革会员', '', '4', '0');
INSERT INTO `sys_code` VALUES ('55cafc49ad8b8', 'EDU_POLITICAL_STATUS', '民盟盟员', '', '5', '0');
INSERT INTO `sys_code` VALUES ('55cafc60276fd', 'EDU_POLITICAL_STATUS', '民建会员', '', '6', '0');
INSERT INTO `sys_code` VALUES ('55cafc6869d0f', 'EDU_POLITICAL_STATUS', '民进会员', '', '7', '0');
INSERT INTO `sys_code` VALUES ('55cafc7c277ca', 'EDU_POLITICAL_STATUS', '农工党党员', '', '8', '0');
INSERT INTO `sys_code` VALUES ('55cafc8fede3d', 'EDU_POLITICAL_STATUS', '致公党党员', '', '9', '0');
INSERT INTO `sys_code` VALUES ('55cafca90724b', 'EDU_POLITICAL_STATUS', '九三学社社员', '', '10', '0');
INSERT INTO `sys_code` VALUES ('55cafcbe9b384', 'EDU_POLITICAL_STATUS', '台盟盟员', '', '11', '0');
INSERT INTO `sys_code` VALUES ('55cafcdcbbe78', 'EDU_POLITICAL_STATUS', '无党派民主人士', '', '12', '0');
INSERT INTO `sys_code` VALUES ('55cafceb729cd', 'EDU_POLITICAL_STATUS', '群众', '', '13', '0');
INSERT INTO `sys_code` VALUES ('55cb02bca5d25', 'EDU_EDUCATION', '小学', '', '1', '0');
INSERT INTO `sys_code` VALUES ('55cb02d253918', 'EDU_EDUCATION', '初中', '', '2', '0');
INSERT INTO `sys_code` VALUES ('55cb02dadc2df', 'EDU_EDUCATION', '普通高中毕业', '', '3', '0');
INSERT INTO `sys_code` VALUES ('55cb02fe98e50', 'EDU_EDUCATION', '普通高中结业', '', '4', '0');
INSERT INTO `sys_code` VALUES ('55cb0318afa90', 'EDU_EDUCATION', '普通高中肄业', '', '5', '0');
INSERT INTO `sys_code` VALUES ('55cb032c4a7a9', 'EDU_EDUCATION', '职业高中毕业', '', '6', '0');
INSERT INTO `sys_code` VALUES ('55cb033553e14', 'EDU_EDUCATION', '职业高中结业', '', '7', '0');
INSERT INTO `sys_code` VALUES ('55cb0347979d1', 'EDU_EDUCATION', '职业高中肄业', '', '8', '0');
INSERT INTO `sys_code` VALUES ('55cb03b6aabc3', 'EDU_EDUCATION', '中等师范学校（幼儿师范学校）毕业', '', '9', '0');
INSERT INTO `sys_code` VALUES ('55cb03c564bba', 'EDU_EDUCATION', '中等师范学校（幼儿师范学校）结业', '', '10', '0');
INSERT INTO `sys_code` VALUES ('55cb04019c92e', 'EDU_EDUCATION', '中等师范学校（幼儿师范学校）肄业', '', '11', '0');
INSERT INTO `sys_code` VALUES ('55cb043d3380a', 'EDU_EDUCATION', '技工学校毕业', '', '12', '0');
INSERT INTO `sys_code` VALUES ('55cb0453405a2', 'EDU_EDUCATION', '技工学校结业', '', '13', '0');
INSERT INTO `sys_code` VALUES ('55cb045e72df7', 'EDU_EDUCATION', '技工学校肄业', '', '14', '0');
INSERT INTO `sys_code` VALUES ('55cb046a6a3ca', 'EDU_EDUCATION', '中等专科毕业', '', '15', '0');
INSERT INTO `sys_code` VALUES ('55cb047af417d', 'EDU_EDUCATION', '中等专科结业', '', '16', '0');
INSERT INTO `sys_code` VALUES ('55cb048a2e78e', 'EDU_EDUCATION', '中等专科肄业', '', '17', '0');
INSERT INTO `sys_code` VALUES ('55cb04a5a99f8', 'EDU_EDUCATION', '大学专科毕业', '', '18', '0');
INSERT INTO `sys_code` VALUES ('55cb04b021532', 'EDU_EDUCATION', '大学专科结业', '', '19', '0');
INSERT INTO `sys_code` VALUES ('55cb04b9d4927', 'EDU_EDUCATION', '大学专科肄业', '', '20', '0');
INSERT INTO `sys_code` VALUES ('55cb04d441294', 'EDU_EDUCATION', '大学普通班毕业', '', '21', '0');
INSERT INTO `sys_code` VALUES ('55cb04ea39a11', 'EDU_EDUCATION', '大学本科毕业', '', '22', '0');
INSERT INTO `sys_code` VALUES ('55cb04f6d87a0', 'EDU_EDUCATION', '大学本科结业', '', '23', '0');
INSERT INTO `sys_code` VALUES ('55cb0501c6556', 'EDU_EDUCATION', '大学本科肄业', '', '24', '0');
INSERT INTO `sys_code` VALUES ('55cb050ea6419', 'EDU_EDUCATION', '研究生班毕业', '', '25', '0');
INSERT INTO `sys_code` VALUES ('55cb0518f1801', 'EDU_EDUCATION', '研究生班结业', '', '26', '0');
INSERT INTO `sys_code` VALUES ('55cb05245f9a0', 'EDU_EDUCATION', '研究生班肄业', '', '27', '0');
INSERT INTO `sys_code` VALUES ('55cb05389063e', 'EDU_EDUCATION', '硕士研究生肄业', '', '28', '0');
INSERT INTO `sys_code` VALUES ('55cb0574db31e', 'EDU_EDUCATION', '硕士研究生结业', '', '29', '0');
INSERT INTO `sys_code` VALUES ('55cb057e579e0', 'EDU_EDUCATION', '硕士研究生毕业', '', '30', '0');
INSERT INTO `sys_code` VALUES ('55cb058717ef4', 'EDU_EDUCATION', '博士', '', '31', '0');
INSERT INTO `sys_code` VALUES ('55cb058f4a440', 'EDU_EDUCATION', '博士后', '', '32', '0');
INSERT INTO `sys_code` VALUES ('55cb059b02135', 'EDU_EDUCATION', '其他', '', '33', '0');
INSERT INTO `sys_code` VALUES ('55cb05e68271f', 'EDU_DEGREE', '无', '', '1', '0');
INSERT INTO `sys_code` VALUES ('55cb05f2ea1ce', 'EDU_DEGREE', '硕士', '', '2', '0');
INSERT INTO `sys_code` VALUES ('55cb0602c2705', 'EDU_DEGREE', '硕学硕士学位', '', '3', '0');
INSERT INTO `sys_code` VALUES ('55cb060fd0b8c', 'EDU_DEGREE', '经济学硕士学位', '', '4', '0');
INSERT INTO `sys_code` VALUES ('55cb061b0d5db', 'EDU_DEGREE', '法学硕士学位', '', '5', '0');
INSERT INTO `sys_code` VALUES ('55cb062a84343', 'EDU_DEGREE', '教育学硕士学位', '', '6', '0');
INSERT INTO `sys_code` VALUES ('55cb063a95a8e', 'EDU_DEGREE', '文学硕士学位', '', '7', '0');
INSERT INTO `sys_code` VALUES ('55cb064209b4e', 'EDU_DEGREE', '历史学硕士学位', '', '8', '0');
INSERT INTO `sys_code` VALUES ('55cb064978542', 'EDU_DEGREE', '理学硕士学位', '', '9', '0');
INSERT INTO `sys_code` VALUES ('55cb0651d8b9b', 'EDU_DEGREE', '工学硕士学位', '', '10', '0');
INSERT INTO `sys_code` VALUES ('55cb065b5e98a', 'EDU_DEGREE', '农学硕士学位', '', '11', '0');
INSERT INTO `sys_code` VALUES ('55cb0663277ed', 'EDU_DEGREE', '医学硕士学位', '', '12', '0');
INSERT INTO `sys_code` VALUES ('55cb066f3219e', 'EDU_DEGREE', '管理学硕士学位', '', '13', '0');
INSERT INTO `sys_code` VALUES ('55cb06778e68f', 'EDU_DEGREE', '法律硕士专业学位', '', '14', '0');
INSERT INTO `sys_code` VALUES ('55cb067f733c7', 'EDU_DEGREE', '教育硕士专业学位', '', '15', '0');
INSERT INTO `sys_code` VALUES ('55cb06884e235', 'EDU_DEGREE', '工程硕士专业学位', '', '16', '0');
INSERT INTO `sys_code` VALUES ('55cb0694eae18', 'EDU_DEGREE', '工商管理硕士专业学位', '', '17', '0');
INSERT INTO `sys_code` VALUES ('55cb069e5df31', 'EDU_DEGREE', '公共管理硕士专业学位', '', '18', '0');
INSERT INTO `sys_code` VALUES ('55cb06b039591', 'EDU_DEGREE', '学士', '', '19', '0');
INSERT INTO `sys_code` VALUES ('55cb06c80ba9f', 'EDU_DEGREE', '哲学学士学位', '', '20', '0');
INSERT INTO `sys_code` VALUES ('55cb06d0e7b99', 'EDU_DEGREE', '经济学学士学位', '', '21', '0');
INSERT INTO `sys_code` VALUES ('55cb06d911371', 'EDU_DEGREE', '法学学士学位', '', '22', '0');
INSERT INTO `sys_code` VALUES ('55cb06ee43796', 'EDU_DEGREE', '教育学学士学位', '', '23', '0');
INSERT INTO `sys_code` VALUES ('55cb06f79e441', 'EDU_DEGREE', '文学学士学位', '', '24', '0');
INSERT INTO `sys_code` VALUES ('55cb06ffb04fd', 'EDU_DEGREE', '历史学学士学位', '', '25', '0');
INSERT INTO `sys_code` VALUES ('55cb07080b7f8', 'EDU_DEGREE', '理学学士学位', '', '26', '0');
INSERT INTO `sys_code` VALUES ('55cb07100a047', 'EDU_DEGREE', '工学学士学位', '', '27', '0');
INSERT INTO `sys_code` VALUES ('55cb0717ed597', 'EDU_DEGREE', '管理学学士学位', '', '28', '0');
INSERT INTO `sys_code` VALUES ('55cb07268eae5', 'EDU_DEGREE', '博士学位', '', '29', '0');
INSERT INTO `sys_code` VALUES ('55cb08506882b', 'EDU_ACCOUNT_TYPE', '本市城镇职工', '', '1', '0');
INSERT INTO `sys_code` VALUES ('55cb090eee6e8', 'EDU_ACCOUNT_TYPE', '外埠城镇职工', '', '2', '0');
INSERT INTO `sys_code` VALUES ('55cb091eedb56', 'EDU_ACCOUNT_TYPE', '本市农民工', '', '3', '0');
INSERT INTO `sys_code` VALUES ('55cb093bbcb48', 'EDU_ACCOUNT_TYPE', '外地农民工', '', '4', '0');
INSERT INTO `sys_code` VALUES ('55cb094d70392', 'EDU_ACCOUNT_TYPE', '本市农村劳动力', '', '5', '0');
INSERT INTO `sys_code` VALUES ('55cb095c2da1b', 'EDU_ACCOUNT_TYPE', '外埠农村劳动力', '', '6', '0');
INSERT INTO `sys_code` VALUES ('55cb12eb95ddf', 'EDU_CARD_TYPE', '身份证', '', '1', '0');
INSERT INTO `sys_code` VALUES ('55cc087b9f289', 'EDU_MANAGER_LEVEL', '初级', '', '1', '0');
INSERT INTO `sys_code` VALUES ('55cc0882f0cc6', 'EDU_MANAGER_LEVEL', '中级', '', '2', '0');
INSERT INTO `sys_code` VALUES ('55cc088e85daf', 'EDU_MANAGER_LEVEL', '副高', '', '3', '0');
INSERT INTO `sys_code` VALUES ('55cc08966879f', 'EDU_MANAGER_LEVEL', '正高', '', '4', '0');
INSERT INTO `sys_code` VALUES ('55daafe3d7c69', 'EDU_ELETIVE_EXAM_TYPE', '考试', '', '1', '0');
INSERT INTO `sys_code` VALUES ('55daafee6f133', 'EDU_ELETIVE_EXAM_TYPE', '考查', '', '2', '0');

-- ----------------------------
-- Table structure for sys_code_type
-- ----------------------------
DROP TABLE IF EXISTS `sys_code_type`;
CREATE TABLE `sys_code_type` (
  `id` varchar(64) NOT NULL COMMENT '分类标识',
  `type_name` varchar(64) NOT NULL COMMENT '分类名称',
  `is_buildin` char(1) NOT NULL DEFAULT '0' COMMENT '0:用户添加;1:系统内置',
  PRIMARY KEY (`id`)
) ENGINE=InnoDB DEFAULT CHARSET=utf8;

-- ----------------------------
-- Records of sys_code_type
-- ----------------------------
INSERT INTO `sys_code_type` VALUES ('ARCH_CARRIER_TYPE', '归档载体单位', '1');
INSERT INTO `sys_code_type` VALUES ('ARCH_SAVE_DATE', '保管期限', '1');
INSERT INTO `sys_code_type` VALUES ('ARCH_SECRET', '档案密级', '1');
INSERT INTO `sys_code_type` VALUES ('ARCH_TYPE', '档案类型', '1');
INSERT INTO `sys_code_type` VALUES ('ARCH_URGENCY', '紧急程度', '1');
INSERT INTO `sys_code_type` VALUES ('BOOK', '图书类型', '1');
INSERT INTO `sys_code_type` VALUES ('CALENDAR', '日程安排', '1');
INSERT INTO `sys_code_type` VALUES ('COLLECT', '信息报送', '1');
INSERT INTO `sys_code_type` VALUES ('DIARY', '工作日志', '1');
INSERT INTO `sys_code_type` VALUES ('DOC_ISSUING', '发文代字', '1');
INSERT INTO `sys_code_type` VALUES ('DOC_LEVEL', '来文层级', '1');
INSERT INTO `sys_code_type` VALUES ('EDU_ACCOUNT_TYPE', '户口类型', '1');
INSERT INTO `sys_code_type` VALUES ('EDU_CARD_TYPE', '证件类型', '1');
INSERT INTO `sys_code_type` VALUES ('EDU_DEGREE', '学位', '1');
INSERT INTO `sys_code_type` VALUES ('EDU_EDUCATION', '学历', '1');
INSERT INTO `sys_code_type` VALUES ('EDU_ELETIVE_EXAM_TYPE', '选修课考试方式', '1');
INSERT INTO `sys_code_type` VALUES ('EDU_MANAGER_LEVEL', '行政等级', '1');
INSERT INTO `sys_code_type` VALUES ('EDU_MARRIGE_STATUS', '婚姻状况', '1');
INSERT INTO `sys_code_type` VALUES ('EDU_POLITICAL_STATUS', '政治面貌', '1');
INSERT INTO `sys_code_type` VALUES ('ELETIVE_AREA', '课程领域', '1');
INSERT INTO `sys_code_type` VALUES ('GB0626', '公文条码使用规范', '1');
INSERT INTO `sys_code_type` VALUES ('INSURE_TYPE', '保险类型', '1');
INSERT INTO `sys_code_type` VALUES ('MEETING_BUDGET_TYPE', '会议费用类型', '1');
INSERT INTO `sys_code_type` VALUES ('MEETING_EQUIP', '会议设备', '1');
INSERT INTO `sys_code_type` VALUES ('MEETING_TYPE', '会议类型', '1');
INSERT INTO `sys_code_type` VALUES ('NEWS', '新闻', '1');
INSERT INTO `sys_code_type` VALUES ('NOTIFY', '公告通知', '1');
INSERT INTO `sys_code_type` VALUES ('PERIODICAL_CAT', '期刊分类', '1');
INSERT INTO `sys_code_type` VALUES ('SCHEDULE', '活动安排', '1');
INSERT INTO `sys_code_type` VALUES ('SCHOOL_TERM', '学期', '1');
INSERT INTO `sys_code_type` VALUES ('TEMPLATE_HTML', 'HTML模版', '1');
INSERT INTO `sys_code_type` VALUES ('TEMPLATE_OFFICE', 'OFFICE模版', '1');
INSERT INTO `sys_code_type` VALUES ('TIMELINE', '大事记', '1');
INSERT INTO `sys_code_type` VALUES ('TRANSACTION_TYPE', '事务类型', '1');
INSERT INTO `sys_code_type` VALUES ('VEHICLE', '车辆管理', '1');
INSERT INTO `sys_code_type` VALUES ('VEHICLE_OILCARD', '油卡使用状态', '1');
INSERT INTO `sys_code_type` VALUES ('VOTE', '投票', '1');
INSERT INTO `sys_code_type` VALUES ('V_NATURE', '车辆性质', '1');

-- ----------------------------
-- Table structure for sys_comment
-- ----------------------------
DROP TABLE IF EXISTS `sys_comment`;
CREATE TABLE `sys_comment` (
  `id` int(11) NOT NULL AUTO_INCREMENT,
  `model` varchar(50) DEFAULT NULL COMMENT '模型名称',
  `pk` int(11) DEFAULT NULL,
  `rating` int(11) DEFAULT NULL COMMENT '评级',
  `content` text COMMENT '评论内容',
  `create_user` varchar(255) DEFAULT NULL,
  `create_time` int(11) DEFAULT NULL,
  `parent_id` int(11) NOT NULL DEFAULT '0',
  PRIMARY KEY (`id`)
) ENGINE=InnoDB DEFAULT CHARSET=utf8;

-- ----------------------------
-- Records of sys_comment
-- ----------------------------

-- ----------------------------
-- Table structure for sys_field
-- ----------------------------
DROP TABLE IF EXISTS `sys_field`;
CREATE TABLE `sys_field` (
  `id` int(11) NOT NULL AUTO_INCREMENT COMMENT '自增主键',
  `module` varchar(64) NOT NULL COMMENT '模块名称',
  `field_name` varchar(64) NOT NULL COMMENT '字段名称',
  `field_type` varchar(64) NOT NULL COMMENT '字段类型',
  `field_value` text COMMENT '字段值',
  `default_value` varchar(64) DEFAULT NULL COMMENT '字段默认值',
  `orderno` int(11) DEFAULT NULL COMMENT '排序号',
  `is_active` tinyint(4) NOT NULL DEFAULT '1' COMMENT '1:使用;0:不使用',
  PRIMARY KEY (`id`)
) ENGINE=InnoDB DEFAULT CHARSET=utf8;

-- ----------------------------
-- Records of sys_field
-- ----------------------------

-- ----------------------------
-- Table structure for sys_log
-- ----------------------------
DROP TABLE IF EXISTS `sys_log`;
CREATE TABLE `sys_log` (
  `id` int(11) NOT NULL AUTO_INCREMENT,
  `user_id` int(11) NOT NULL,
  `user_name` varchar(32) NOT NULL,
  `category` varchar(128) NOT NULL,
  `level` varchar(16) NOT NULL,
  `log_type` tinyint(1) NOT NULL,
  `log_time` int(11) NOT NULL,
  `log_ip` varchar(32) NOT NULL,
  `message` text NOT NULL,
  PRIMARY KEY (`id`),
  KEY `user_id` (`user_id`),
  KEY `log_type` (`log_type`)
) ENGINE=InnoDB AUTO_INCREMENT=12 DEFAULT CHARSET=utf8;

-- ----------------------------
-- Records of sys_log
-- ----------------------------
INSERT INTO `sys_log` VALUES ('1', '1', '系统管理员', 'portal/default/login', 'info', '0', '1513174811', '127.0.0.1', '登录成功');
INSERT INTO `sys_log` VALUES ('2', '1', '系统管理员', 'portal/default/login', 'info', '0', '1513175353', '127.0.0.1', '登录成功');
INSERT INTO `sys_log` VALUES ('3', '1', '系统管理员', 'portal/default/login', 'info', '0', '1513175510', '127.0.0.1', '登录成功');
INSERT INTO `sys_log` VALUES ('4', '1', '系统管理员', 'portal/default/login', 'info', '0', '1513175588', '127.0.0.1', '登录成功');
INSERT INTO `sys_log` VALUES ('5', '1', '系统管理员', 'portal/default/login', 'info', '0', '1513260580', '127.0.0.1', '登录成功');
INSERT INTO `sys_log` VALUES ('6', '1', '系统管理员', 'portal/default/login', 'info', '0', '1513394040', '127.0.0.1', '登录成功');
INSERT INTO `sys_log` VALUES ('7', '1', '系统管理员', 'portal/default/login', 'info', '0', '1513401801', '127.0.0.1', '登录成功');
INSERT INTO `sys_log` VALUES ('8', '1', '系统管理员', 'portal/default/login', 'info', '0', '1513403082', '127.0.0.1', '登录成功');
INSERT INTO `sys_log` VALUES ('9', '1', '系统管理员', 'portal/default/login', 'info', '0', '1513424482', '127.0.0.1', '登录成功');
INSERT INTO `sys_log` VALUES ('10', '1', '系统管理员', 'portal/default/login', 'info', '0', '1513428388', '127.0.0.1', '登录成功');
INSERT INTO `sys_log` VALUES ('11', '1', '系统管理员', 'portal/default/login', 'info', '0', '1513519369', '127.0.0.1', '登录成功');

-- ----------------------------
-- Table structure for sys_modules
-- ----------------------------
DROP TABLE IF EXISTS `sys_modules`;
CREATE TABLE `sys_modules` (
  `id` int(11) NOT NULL AUTO_INCREMENT,
  `code` varchar(64) NOT NULL,
  `name` varchar(128) NOT NULL,
  `is_sys` tinyint(1) NOT NULL,
  `enable_attachment` tinyint(1) NOT NULL,
  `enable_field` tinyint(1) NOT NULL,
  `page_size` tinyint(4) NOT NULL,
  PRIMARY KEY (`id`),
  UNIQUE KEY `module_code` (`code`),
  UNIQUE KEY `module_name` (`name`)
) ENGINE=InnoDB AUTO_INCREMENT=30 DEFAULT CHARSET=utf8;

-- ----------------------------
-- Records of sys_modules
-- ----------------------------
INSERT INTO `sys_modules` VALUES ('1', 'address', '通讯簿', '1', '1', '0', '0');
INSERT INTO `sys_modules` VALUES ('2', 'archive', '档案', '1', '1', '0', '0');
INSERT INTO `sys_modules` VALUES ('4', 'calendar', '日程安排', '1', '1', '0', '0');
INSERT INTO `sys_modules` VALUES ('5', 'collect', '信息报送', '1', '1', '1', '0');
INSERT INTO `sys_modules` VALUES ('7', 'diary', '工作日志', '1', '1', '0', '0');
INSERT INTO `sys_modules` VALUES ('10', 'email', '邮件', '1', '1', '0', '0');
INSERT INTO `sys_modules` VALUES ('12', 'file', '文件柜', '1', '1', '0', '0');
INSERT INTO `sys_modules` VALUES ('14', 'meeting', '会议室管理', '1', '1', '1', '0');
INSERT INTO `sys_modules` VALUES ('16', 'news', '新闻', '1', '1', '0', '0');
INSERT INTO `sys_modules` VALUES ('18', 'notify', '公告通知', '1', '1', '0', '0');
INSERT INTO `sys_modules` VALUES ('21', 'timeline', '大事记', '1', '1', '0', '0');
INSERT INTO `sys_modules` VALUES ('22', 'vehicle', '车辆管理', '1', '1', '1', '0');
INSERT INTO `sys_modules` VALUES ('23', 'vote', '投票', '1', '1', '0', '0');
INSERT INTO `sys_modules` VALUES ('24', 'workflow', '工作流', '1', '1', '0', '0');
INSERT INTO `sys_modules` VALUES ('25', 'esb', '外部信息', '1', '1', '0', '0');
INSERT INTO `sys_modules` VALUES ('27', 'sys', '系统管理', '1', '1', '0', '0');
INSERT INTO `sys_modules` VALUES ('28', 'bbs', '讨论区', '1', '1', '0', '10');
INSERT INTO `sys_modules` VALUES ('29', 'asset', '资产管理', '1', '0', '1', '10');

-- ----------------------------
-- Table structure for sys_modules_header_setting
-- ----------------------------
DROP TABLE IF EXISTS `sys_modules_header_setting`;
CREATE TABLE `sys_modules_header_setting` (
  `id` int(11) NOT NULL AUTO_INCREMENT,
  `model` varchar(64) NOT NULL COMMENT '模块标识',
  `name` varchar(128) NOT NULL COMMENT '模块名称',
  `enable` tinyint(1) NOT NULL COMMENT '是否开启',
  `is_sys` tinyint(1) NOT NULL DEFAULT '0' COMMENT '是否是系统变量',
  `type` tinyint(1) NOT NULL COMMENT '类型',
  `header_field` text NOT NULL COMMENT '列表显示字段',
  PRIMARY KEY (`id`)
) ENGINE=InnoDB AUTO_INCREMENT=2 DEFAULT CHARSET=utf8;

-- ----------------------------
-- Records of sys_modules_header_setting
-- ----------------------------
INSERT INTO `sys_modules_header_setting` VALUES ('1', 'wf_rt_application', '待办事务列表', '1', '1', '0', 'remind_time,id,process_name,task_create_user,task_create_time');

-- ----------------------------
-- Table structure for sys_params
-- ----------------------------
DROP TABLE IF EXISTS `sys_params`;
CREATE TABLE `sys_params` (
  `param_name` varchar(64) NOT NULL,
  `param_value` text NOT NULL,
  `param_type` varchar(32) NOT NULL,
  PRIMARY KEY (`param_name`),
  UNIQUE KEY `param_name` (`param_name`) USING BTREE,
  KEY `param_type` (`param_type`) USING BTREE
) ENGINE=InnoDB DEFAULT CHARSET=utf8;

-- ----------------------------
-- Records of sys_params
-- ----------------------------
INSERT INTO `sys_params` VALUES ('aip_seal_from', '1', 'secure');
INSERT INTO `sys_params` VALUES ('aip_seal_from_url', '', 'secure');
INSERT INTO `sys_params` VALUES ('allow_countersign_edit', '', 'custom');
INSERT INTO `sys_params` VALUES ('allow_countersign_empty', '', 'custom');
INSERT INTO `sys_params` VALUES ('allow_countersign_sort', '1', 'custom');
INSERT INTO `sys_params` VALUES ('allow_sysrule_zero_padding', '', 'custom');
INSERT INTO `sys_params` VALUES ('allow_theme', '1', 'interface');
INSERT INTO `sys_params` VALUES ('allow_weather', '1', 'interface');
INSERT INTO `sys_params` VALUES ('allow_weather_change', '1', 'interface');
INSERT INTO `sys_params` VALUES ('arch_setting', '{\"isAuditArch\":\"0\",\"isAuditDestory\":\"0\",\"backType\":\"0\",\"backDay\":\"\",\"boxShowType\":[\"No\",\"Year\",\"Secret\",\"SaveDate\"]}', 'archive');
INSERT INTO `sys_params` VALUES ('attach_encrypt', 'a:5:{s:6:\"enable\";i:1;s:11:\"all_modules\";i:1;s:9:\"all_types\";i:1;s:7:\"modules\";N;s:5:\"types\";s:41:\"doc,docx,xls,xlsx,wps,et,csv,aip,pdf,amr,\";}', 'system');
INSERT INTO `sys_params` VALUES ('auto_number_use_custom_variable', '1', 'custom');
INSERT INTO `sys_params` VALUES ('banner_style', '', 'interface');
INSERT INTO `sys_params` VALUES ('banner_text', '', 'interface');
INSERT INTO `sys_params` VALUES ('browser_title', '美讯科技-智慧教育', 'interface');
INSERT INTO `sys_params` VALUES ('cms_config', '', 'system');
INSERT INTO `sys_params` VALUES ('countersign_sort_rule', '2', 'custom');
INSERT INTO `sys_params` VALUES ('daemon_host', '127.0.0.1', 'service');
INSERT INTO `sys_params` VALUES ('daemon_port', '2398', 'service');
INSERT INTO `sys_params` VALUES ('daemon_svc_version', '', 'service');
INSERT INTO `sys_params` VALUES ('daemon_timer', '2', 'service');
INSERT INTO `sys_params` VALUES ('dap_disk_size', '77310455808', '');
INSERT INTO `sys_params` VALUES ('dap_network_mac', 'D8CB8AC1644A,', '');
INSERT INTO `sys_params` VALUES ('db_backup_path', 'D:\\\\backup', 'system');
INSERT INTO `sys_params` VALUES ('db_type', 'MySQL企业版', 'product');
INSERT INTO `sys_params` VALUES ('db_version', '5.5.0', 'product');
INSERT INTO `sys_params` VALUES ('desktop_settings', '', 'system');
INSERT INTO `sys_params` VALUES ('document_ntko_backup_only_one', '', 'custom');
INSERT INTO `sys_params` VALUES ('domain_sync_config', '', 'secure');
INSERT INTO `sys_params` VALUES ('enable_mobile_push', '180', 'mobile');
INSERT INTO `sys_params` VALUES ('enable_mobile_push_online', '180', 'mobile');
INSERT INTO `sys_params` VALUES ('esb_config', '', 'system');
INSERT INTO `sys_params` VALUES ('first_semester', '03-01', 'system');
INSERT INTO `sys_params` VALUES ('greetings', 'a:4:{i:1;s:53:\"{用户名},{问候语}！新的一天又开始了！\";i:2;s:74:\"{用户名},{问候语}！上课累了吧，可以适当运动一下哦！\";i:3;s:74:\"{用户名},{问候语}！该休息了，身体可是革命的本钱哦！\";i:4;s:50:\"{用户名},{问候语}！凌晨了，还不睡？\";}', 'interface');
INSERT INTO `sys_params` VALUES ('im_host', '127.0.0.1', 'service');
INSERT INTO `sys_params` VALUES ('im_port', '1189', 'service');
INSERT INTO `sys_params` VALUES ('im_svc_version', '2015.11.20', 'service');
INSERT INTO `sys_params` VALUES ('im_window_caption', '(PC)客户端', 'interface');
INSERT INTO `sys_params` VALUES ('independent_flag', '0', 'interface');
INSERT INTO `sys_params` VALUES ('initial_password', 'oa12345', 'system');
INSERT INTO `sys_params` VALUES ('install_date', '2017-12-13', 'system');
INSERT INTO `sys_params` VALUES ('ispirit_org_refresh_time', '60000', 'custom');
INSERT INTO `sys_params` VALUES ('leader', '', 'system');
INSERT INTO `sys_params` VALUES ('login_cas', '0', 'secure');
INSERT INTO `sys_params` VALUES ('login_cert', '0', 'secure');
INSERT INTO `sys_params` VALUES ('login_key', '0', 'secure');
INSERT INTO `sys_params` VALUES ('login_key_auto', '0', 'secure');
INSERT INTO `sys_params` VALUES ('login_login_auto', '1', 'secure');
INSERT INTO `sys_params` VALUES ('login_multi_client', '1', 'secure');
INSERT INTO `sys_params` VALUES ('login_multi_user', '1', 'secure');
INSERT INTO `sys_params` VALUES ('login_remember', '1', 'secure');
INSERT INTO `sys_params` VALUES ('login_remember_name', '1', 'secure');
INSERT INTO `sys_params` VALUES ('login_remember_time', '8', 'secure');
INSERT INTO `sys_params` VALUES ('login_retry_flag', '1', 'secure');
INSERT INTO `sys_params` VALUES ('login_retry_interval', '10', 'secure');
INSERT INTO `sys_params` VALUES ('login_retry_limit', '3', 'secure');
INSERT INTO `sys_params` VALUES ('login_secure_key', '0', 'secure');
INSERT INTO `sys_params` VALUES ('login_template', 'edu', 'interface');
INSERT INTO `sys_params` VALUES ('login_template_setting', 'a:1:{s:3:\"edu\";s:12:\"默认模版\";}', 'interface');
INSERT INTO `sys_params` VALUES ('login_use_domain', '0', 'secure');
INSERT INTO `sys_params` VALUES ('logout_text', '轻轻的您走了，正如您轻轻的来……', 'interface');
INSERT INTO `sys_params` VALUES ('mail_host', '127.0.0.1', 'service');
INSERT INTO `sys_params` VALUES ('mail_port', '2596', 'service');
INSERT INTO `sys_params` VALUES ('mail_recv_interval', '20', 'service');
INSERT INTO `sys_params` VALUES ('mail_recv_max_size', '2', 'service');
INSERT INTO `sys_params` VALUES ('mail_svc_version', '2015.11.20', 'service');
INSERT INTO `sys_params` VALUES ('meeting_setting', '', 'meeting');
INSERT INTO `sys_params` VALUES ('mobile_countersign_show_limit', '3', 'custom');
INSERT INTO `sys_params` VALUES ('mobile_modules', 'email,workflow,notify,news,calendar,diary,file,address,timeline,collect,weather,user', 'mobile');
INSERT INTO `sys_params` VALUES ('mobile_signature_default_height', '100', 'custom');
INSERT INTO `sys_params` VALUES ('mobile_title', '美讯科技', 'mobile');
INSERT INTO `sys_params` VALUES ('mq_config', 'YTo1OntzOjM6InVybCI7czowOiIiO3M6NDoicG9ydCI7czowOiIiO3M6NToiX3BvcnQiO3M6MToiMCI7czo4OiJ1c2VybmFtZSI7czowOiIiO3M6ODoicGFzc3dvcmQiO3M6Mzk6IjE1NjVpeFFXbFdsOHh0SDVPbklQb0E3aVgxeHRXVTl0d1puUUU2MCI7fQ==', 'system');
INSERT INTO `sys_params` VALUES ('multi_language', '0', 'interface');
INSERT INTO `sys_params` VALUES ('multi_online', '1', 'custom');
INSERT INTO `sys_params` VALUES ('nav_fixed_count', '5', 'custom');
INSERT INTO `sys_params` VALUES ('nginx_version', '1.6.1', 'product');
INSERT INTO `sys_params` VALUES ('ntko_auto_save', '1', 'ntko');
INSERT INTO `sys_params` VALUES ('ntko_auto_save_interval', '300', 'ntko');
INSERT INTO `sys_params` VALUES ('ntko_backup_enable', '0', 'ntko');
INSERT INTO `sys_params` VALUES ('ntko_clsid', '', 'ntko');
INSERT INTO `sys_params` VALUES ('ntko_enable_yozo', '180', 'ntko');
INSERT INTO `sys_params` VALUES ('ntko_lock_time', '180', 'ntko');
INSERT INTO `sys_params` VALUES ('ntko_log_enable', '0', 'ntko');
INSERT INTO `sys_params` VALUES ('ntko_name', '', 'ntko');
INSERT INTO `sys_params` VALUES ('ntko_product_caption', '', 'ntko');
INSERT INTO `sys_params` VALUES ('ntko_product_key', '', 'ntko');
INSERT INTO `sys_params` VALUES ('ntko_show_revisions', '0', 'ntko');
INSERT INTO `sys_params` VALUES ('ntko_standalone', '0', 'ntko');
INSERT INTO `sys_params` VALUES ('ntko_track_revisions', '1', 'ntko');
INSERT INTO `sys_params` VALUES ('ntko_version', '', 'ntko');
INSERT INTO `sys_params` VALUES ('oa_platform', '2', 'product');
INSERT INTO `sys_params` VALUES ('oa_url', 'http://127.0.0.1:88/', 'system');
INSERT INTO `sys_params` VALUES ('oa_version', '2.0.20171116', 'product');
INSERT INTO `sys_params` VALUES ('online_person_amount', '1', 'interface');
INSERT INTO `sys_params` VALUES ('online_ref_time', '120', 'custom');
INSERT INTO `sys_params` VALUES ('org_update', '', 'system');
INSERT INTO `sys_params` VALUES ('page_loading_delay', '100', 'custom');
INSERT INTO `sys_params` VALUES ('page_size', '', 'interface');
INSERT INTO `sys_params` VALUES ('password_expire_flag', '0', 'secure');
INSERT INTO `sys_params` VALUES ('password_expire_time', '30', 'secure');
INSERT INTO `sys_params` VALUES ('password_init_require', '0', 'secure');
INSERT INTO `sys_params` VALUES ('password_max_length', '20', 'secure');
INSERT INTO `sys_params` VALUES ('password_min_length', '8', 'secure');
INSERT INTO `sys_params` VALUES ('password_strong_flag', '1', 'secure');
INSERT INTO `sys_params` VALUES ('php_version', '5.4.32', 'product');
INSERT INTO `sys_params` VALUES ('register_code', '', 'product');
INSERT INTO `sys_params` VALUES ('second_semester', '09-01', 'system');
INSERT INTO `sys_params` VALUES ('serial_number', '', 'product');
INSERT INTO `sys_params` VALUES ('show_all_node', '1', 'custom');
INSERT INTO `sys_params` VALUES ('show_org_list', '', 'interface');
INSERT INTO `sys_params` VALUES ('show_org_online', '1', 'interface');
INSERT INTO `sys_params` VALUES ('show_username', '0', 'interface');
INSERT INTO `sys_params` VALUES ('sms_grpstats', '50', 'custom');
INSERT INTO `sys_params` VALUES ('sms_svc_version', '', 'service');
INSERT INTO `sys_params` VALUES ('sms_type', '', 'system');
INSERT INTO `sys_params` VALUES ('status_style', '', 'interface');
INSERT INTO `sys_params` VALUES ('status_text', '美讯科技-智慧教育\r\n中国智慧教育软件领跑者\r\n科技为教育服务  为助力孩子快乐成长', 'interface');
INSERT INTO `sys_params` VALUES ('sys_para_1', 'c8e0T48LY5wjkFeV4nIfOMcerp6sPFqp3EigXOAPOPx9vBxDs5gf', 'product');
INSERT INTO `sys_params` VALUES ('tdimmsg_monitor', '0', 'secure');
INSERT INTO `sys_params` VALUES ('theme_default', 'a:2:{s:5:\"theme\";s:7:\"concise\";s:4:\"skin\";s:1:\"reTopTheme3 reLeftTheme3\";}', 'interface');
INSERT INTO `sys_params` VALUES ('timer_app_count', '60', 'custom');
INSERT INTO `sys_params` VALUES ('timer_message', '20', 'custom');
INSERT INTO `sys_params` VALUES ('timer_notification', '30', 'custom');
INSERT INTO `sys_params` VALUES ('timer_statusbar', '3600', 'custom');
INSERT INTO `sys_params` VALUES ('trail_exprie', '2018-03-13', 'product');
INSERT INTO `sys_params` VALUES ('unit_info', 'a:10:{s:6:\"tel_no\";s:0:\"\";s:6:\"fax_no\";s:0:\"\";s:7:\"post_no\";s:0:\"\";s:7:\"address\";s:0:\"\";s:3:\"url\";s:0:\"\";s:5:\"email\";s:0:\"\";s:9:\"bank_name\";s:0:\"\";s:7:\"bank_no\";s:0:\"\";s:7:\"content\";s:0:\"\";}', 'system');
INSERT INTO `sys_params` VALUES ('unit_name', '南昌美讯科技软件有限公司', 'system');
INSERT INTO `sys_params` VALUES ('weather_default', '南昌_南昌_南昌', 'interface');
INSERT INTO `sys_params` VALUES ('welcome_body', '欢迎光临美讯科技,开启向导模式能让您对整个平台区域有一个清晰的了解。', 'interface');
INSERT INTO `sys_params` VALUES ('welcome_head', '欢迎光临美讯科技', 'interface');
INSERT INTO `sys_params` VALUES ('wf_converging', '', 'custom');
INSERT INTO `sys_params` VALUES ('wf_flow_mode', 'diagram', 'custom');
INSERT INTO `sys_params` VALUES ('wf_formdata_endtime_show', '', 'custom');
INSERT INTO `sys_params` VALUES ('wf_formdata_runid_show', '', 'custom');
INSERT INTO `sys_params` VALUES ('wf_hide_invalid_proc', '', 'custom');
INSERT INTO `sys_params` VALUES ('wf_limit_mode_limit', '100', 'custom');
INSERT INTO `sys_params` VALUES ('wf_rollback_filter', '', 'custom');
INSERT INTO `sys_params` VALUES ('wf_task_checkbox_click', '1', 'custom');
INSERT INTO `sys_params` VALUES ('wf_task_order_by_no', '', 'custom');
INSERT INTO `sys_params` VALUES ('_disk_size', '', 'product');
INSERT INTO `sys_params` VALUES ('_network_mac', '', 'product');

-- ----------------------------
-- Table structure for sys_remind
-- ----------------------------
DROP TABLE IF EXISTS `sys_remind`;
CREATE TABLE `sys_remind` (
  `id` int(11) NOT NULL AUTO_INCREMENT,
  `code` varchar(64) NOT NULL,
  `name` varchar(64) NOT NULL,
  `using_flag` tinyint(1) NOT NULL,
  `notification_remind` tinyint(1) NOT NULL,
  `sms_remind` tinyint(1) NOT NULL,
  `sys_flag` tinyint(1) NOT NULL,
  PRIMARY KEY (`id`),
  UNIQUE KEY `code` (`code`)
) ENGINE=InnoDB AUTO_INCREMENT=28 DEFAULT CHARSET=utf8;

-- ----------------------------
-- Records of sys_remind
-- ----------------------------
INSERT INTO `sys_remind` VALUES ('1', 'email', '电子邮件', '1', '1', '0', '1');
INSERT INTO `sys_remind` VALUES ('2', 'notify', '公告通知', '1', '0', '1', '1');
INSERT INTO `sys_remind` VALUES ('3', 'news', '新闻', '1', '1', '0', '1');
INSERT INTO `sys_remind` VALUES ('4', 'vote', '投票', '1', '1', '0', '1');
INSERT INTO `sys_remind` VALUES ('5', 'calendar', '日程安排', '1', '1', '0', '1');
INSERT INTO `sys_remind` VALUES ('6', 'timeline', '大事记', '1', '1', '0', '1');
INSERT INTO `sys_remind` VALUES ('7', 'meeting', '会议提醒', '1', '1', '0', '1');
INSERT INTO `sys_remind` VALUES ('8', 'workflow', '事务处理', '1', '1', '0', '1');
INSERT INTO `sys_remind` VALUES ('9', 'group', '群组管理', '1', '1', '0', '1');
INSERT INTO `sys_remind` VALUES ('10', 'archive', '档案管理', '1', '1', '0', '1');
INSERT INTO `sys_remind` VALUES ('11', 'sms', '手机短信', '1', '1', '0', '1');
INSERT INTO `sys_remind` VALUES ('12', 'file_private', '个人文件柜', '1', '1', '0', '1');
INSERT INTO `sys_remind` VALUES ('13', 'file_public', '公共文件柜', '1', '1', '0', '1');
INSERT INTO `sys_remind` VALUES ('14', 'eduexam', '考试管理', '1', '1', '0', '0');
INSERT INTO `sys_remind` VALUES ('15', 'edureward', '学生奖惩', '1', '1', '0', '0');
INSERT INTO `sys_remind` VALUES ('16', 'eduhomework', '学生作业', '1', '1', '0', '0');
INSERT INTO `sys_remind` VALUES ('17', 'edusurvey', '问卷调查(学生/家长)', '1', '1', '0', '0');
INSERT INTO `sys_remind` VALUES ('18', 'edunotice', '学校通知', '1', '1', '0', '0');
INSERT INTO `sys_remind` VALUES ('19', 'eduxjszask', '提问管理', '1', '1', '0', '0');
INSERT INTO `sys_remind` VALUES ('20', 'bbs', '讨论区', '1', '1', '0', '1');
INSERT INTO `sys_remind` VALUES ('21', 'vehicle', '车辆申请', '1', '1', '0', '1');
INSERT INTO `sys_remind` VALUES ('22', 'office_supplies', '办公用品', '1', '1', '0', '1');
INSERT INTO `sys_remind` VALUES ('23', 'diary', '共享日志', '1', '1', '0', '1');
INSERT INTO `sys_remind` VALUES ('24', 'payslip', '工资条', '1', '1', '0', '1');
INSERT INTO `sys_remind` VALUES ('25', 'schedule', '领导活动', '1', '1', '0', '1');
INSERT INTO `sys_remind` VALUES ('26', 'attendance', '个人考勤', '1', '1', '0', '1');
INSERT INTO `sys_remind` VALUES ('27', 'edu_teacher_award', '教师获奖', '1', '1', '0', '1');

-- ----------------------------
-- Table structure for sys_rule
-- ----------------------------
DROP TABLE IF EXISTS `sys_rule`;
CREATE TABLE `sys_rule` (
  `id` int(11) NOT NULL AUTO_INCREMENT,
  `name` varchar(64) NOT NULL,
  `is_sys` tinyint(1) NOT NULL,
  `order_id` int(11) NOT NULL COMMENT '排序号',
  `expression` text NOT NULL COMMENT '表达式',
  `category_id` int(11) DEFAULT NULL COMMENT '所属分类',
  `description` varchar(255) NOT NULL COMMENT '描述',
  `create_user` int(10) NOT NULL,
  `create_time` int(11) NOT NULL,
  `counter` int(11) NOT NULL COMMENT '计数器',
  `digit` int(4) NOT NULL DEFAULT '4' COMMENT '位数',
  `code` varchar(32) NOT NULL COMMENT '唯一标识',
  PRIMARY KEY (`id`),
  KEY `autocode_category_id` (`category_id`),
  CONSTRAINT `autocode_category_id` FOREIGN KEY (`category_id`) REFERENCES `sys_rule_category` (`id`) ON UPDATE CASCADE
) ENGINE=InnoDB AUTO_INCREMENT=2 DEFAULT CHARSET=utf8;

-- ----------------------------
-- Records of sys_rule
-- ----------------------------
INSERT INTO `sys_rule` VALUES ('1', '上行文', '0', '1', '\r\n            \r\n                    {@PLACEHOLDER} （{@YEAR_FULL}）{@DIGIT}         ', '1', '', '1', '1397010664', '0', '4', '');

-- ----------------------------
-- Table structure for sys_rule_category
-- ----------------------------
DROP TABLE IF EXISTS `sys_rule_category`;
CREATE TABLE `sys_rule_category` (
  `id` int(11) NOT NULL AUTO_INCREMENT,
  `name` varchar(64) NOT NULL,
  `parent_id` int(11) NOT NULL,
  `create_user` int(11) NOT NULL DEFAULT '1' COMMENT '创建人',
  PRIMARY KEY (`id`)
) ENGINE=InnoDB AUTO_INCREMENT=2 DEFAULT CHARSET=utf8;

-- ----------------------------
-- Records of sys_rule_category
-- ----------------------------
INSERT INTO `sys_rule_category` VALUES ('1', '发文编号', '0', '1');

-- ----------------------------
-- Table structure for sys_theme
-- ----------------------------
DROP TABLE IF EXISTS `sys_theme`;
CREATE TABLE `sys_theme` (
  `id` int(11) NOT NULL AUTO_INCREMENT,
  `name` varchar(64) NOT NULL,
  `description` varchar(128) NOT NULL,
  `style` tinyint(4) NOT NULL,
  `img` varchar(64) NOT NULL,
  `is_using` tinyint(1) NOT NULL,
  `is_sys` tinyint(1) NOT NULL,
  `order_no` tinyint(4) NOT NULL,
  PRIMARY KEY (`id`)
) ENGINE=InnoDB AUTO_INCREMENT=4 DEFAULT CHARSET=utf8;

-- ----------------------------
-- Records of sys_theme
-- ----------------------------
INSERT INTO `sys_theme` VALUES ('1', 'classic', '传统经典', '1', 'icon-screen-4', '1', '1', '1');
INSERT INTO `sys_theme` VALUES ('2', 'app', '灵动应用', '14', 'icon-cube4', '1', '1', '2');
INSERT INTO `sys_theme` VALUES ('3', 'concise', '极致简洁', '14', 'icon-grid-5', '1', '1', '2');

-- ----------------------------
-- Table structure for tags
-- ----------------------------
DROP TABLE IF EXISTS `tags`;
CREATE TABLE `tags` (
  `id` int(11) NOT NULL AUTO_INCREMENT,
  `model` varchar(32) NOT NULL,
  `pk` int(11) NOT NULL,
  `tags` varchar(255) NOT NULL,
  PRIMARY KEY (`id`),
  KEY `idx_model` (`model`),
  KEY `idx_pk` (`pk`)
) ENGINE=InnoDB DEFAULT CHARSET=utf8;

-- ----------------------------
-- Records of tags
-- ----------------------------

-- ----------------------------
-- Table structure for tags_item
-- ----------------------------
DROP TABLE IF EXISTS `tags_item`;
CREATE TABLE `tags_item` (
  `id` int(11) NOT NULL AUTO_INCREMENT,
  `tags_id` int(11) NOT NULL,
  `tag_name` varchar(32) NOT NULL,
  PRIMARY KEY (`id`),
  KEY `tags_item_ibfk_tags_id` (`tags_id`),
  CONSTRAINT `tags_item_ibfk_tags_id` FOREIGN KEY (`tags_id`) REFERENCES `tags` (`id`) ON DELETE CASCADE ON UPDATE CASCADE
) ENGINE=InnoDB DEFAULT CHARSET=utf8;

-- ----------------------------
-- Records of tags_item
-- ----------------------------

-- ----------------------------
-- Table structure for tag_collect
-- ----------------------------
DROP TABLE IF EXISTS `tag_collect`;
CREATE TABLE `tag_collect` (
  `id` int(11) NOT NULL AUTO_INCREMENT,
  `model` varchar(32) NOT NULL,
  `tag_name` varchar(32) NOT NULL,
  `tag_count` int(11) NOT NULL,
  `create_user` int(11) NOT NULL,
  `create_time` int(11) NOT NULL,
  PRIMARY KEY (`id`),
  KEY `idx_model` (`model`),
  KEY `idx_create_user` (`create_user`),
  CONSTRAINT `tag_collect_ibfk_1` FOREIGN KEY (`create_user`) REFERENCES `user` (`id`) ON DELETE CASCADE ON UPDATE CASCADE
) ENGINE=InnoDB DEFAULT CHARSET=utf8;

-- ----------------------------
-- Records of tag_collect
-- ----------------------------

-- ----------------------------
-- Table structure for template
-- ----------------------------
DROP TABLE IF EXISTS `template`;
CREATE TABLE `template` (
  `id` int(11) NOT NULL AUTO_INCREMENT COMMENT '自增主键',
  `name` varchar(100) NOT NULL COMMENT '模版名称',
  `type` varchar(20) NOT NULL COMMENT '模版类别',
  `priv_user` varchar(100) DEFAULT NULL COMMENT '授权人员',
  `priv_org` varchar(100) DEFAULT NULL COMMENT '授权部门',
  `priv_role` varchar(100) DEFAULT NULL COMMENT '授权角色',
  `category_id` char(13) NOT NULL COMMENT '所属类别（系统代码）',
  `create_time` int(11) NOT NULL COMMENT '创建时间',
  `create_user` int(11) NOT NULL COMMENT '创建者',
  PRIMARY KEY (`id`),
  KEY `template_category_id` (`category_id`),
  CONSTRAINT `template_category_id` FOREIGN KEY (`category_id`) REFERENCES `sys_code` (`id`) ON UPDATE CASCADE
) ENGINE=InnoDB AUTO_INCREMENT=16 DEFAULT CHARSET=utf8;

-- ----------------------------
-- Records of template
-- ----------------------------
INSERT INTO `template` VALUES ('1', '决议', 'office', '1,', '', '', '532fac90c6d46', '1397569497', '1');
INSERT INTO `template` VALUES ('2', '决定', 'office', '1,', '', '', '532fac90c6d46', '1397569548', '1');
INSERT INTO `template` VALUES ('3', '命令', 'office', '1,', '', '', '532fac90c6d46', '1397569920', '1');
INSERT INTO `template` VALUES ('4', '公告', 'office', '1,', '', '', '532fac90c6d46', '1397570131', '1');
INSERT INTO `template` VALUES ('5', '通告', 'office', '1,', '', '', '532fac90c6d46', '1397570153', '1');
INSERT INTO `template` VALUES ('6', '意见', 'office', '1,', '', '', '532fac90c6d46', '1397570204', '1');
INSERT INTO `template` VALUES ('7', '通知', 'office', '1,', '', '', '532fac90c6d46', '1397570260', '1');
INSERT INTO `template` VALUES ('8', '通报', 'office', '1,', '', '', '532fac90c6d46', '1397570295', '1');
INSERT INTO `template` VALUES ('9', '报告', 'office', '1,', '', '', '532fac90c6d46', '1397570329', '1');
INSERT INTO `template` VALUES ('10', '请示', 'office', '1,', '', '', '532fac90c6d46', '1397570358', '1');
INSERT INTO `template` VALUES ('11', '批复', 'office', '1,', '', '', '532fac90c6d46', '1397570393', '1');
INSERT INTO `template` VALUES ('12', '函', 'office', '1,', '', '', '532fac90c6d46', '1397570447', '1');
INSERT INTO `template` VALUES ('13', '纪要', 'office', '1,', '', '', '532fac90c6d46', '1397570922', '1');
INSERT INTO `template` VALUES ('14', '议案', 'office', '1,', '', '', '532fac90c6d46', '1397571401', '1');
INSERT INTO `template` VALUES ('15', '公报', 'office', '1,', '', '', '532fac90c6d46', '1397571675', '1');

-- ----------------------------
-- Table structure for template_html
-- ----------------------------
DROP TABLE IF EXISTS `template_html`;
CREATE TABLE `template_html` (
  `id` int(11) NOT NULL AUTO_INCREMENT,
  `main_id` int(11) NOT NULL,
  `content` blob NOT NULL,
  PRIMARY KEY (`id`),
  UNIQUE KEY `html_main_id` (`main_id`) USING BTREE,
  CONSTRAINT `html_main_id` FOREIGN KEY (`main_id`) REFERENCES `template` (`id`) ON DELETE CASCADE ON UPDATE CASCADE
) ENGINE=InnoDB DEFAULT CHARSET=utf8;

-- ----------------------------
-- Records of template_html
-- ----------------------------

-- ----------------------------
-- Table structure for template_office
-- ----------------------------
DROP TABLE IF EXISTS `template_office`;
CREATE TABLE `template_office` (
  `id` int(11) NOT NULL AUTO_INCREMENT,
  `main_id` int(11) NOT NULL,
  `ext` varchar(8) NOT NULL,
  `doc_issuing` varchar(20) NOT NULL,
  PRIMARY KEY (`id`),
  UNIQUE KEY `office_main_id` (`main_id`) USING BTREE,
  CONSTRAINT `office_main_id` FOREIGN KEY (`main_id`) REFERENCES `template` (`id`) ON DELETE CASCADE ON UPDATE CASCADE
) ENGINE=InnoDB AUTO_INCREMENT=16 DEFAULT CHARSET=utf8;

-- ----------------------------
-- Records of template_office
-- ----------------------------
INSERT INTO `template_office` VALUES ('1', '1', 'doc', '');
INSERT INTO `template_office` VALUES ('2', '2', 'doc', '');
INSERT INTO `template_office` VALUES ('3', '3', 'doc', '');
INSERT INTO `template_office` VALUES ('4', '4', 'doc', '');
INSERT INTO `template_office` VALUES ('5', '5', 'doc', '');
INSERT INTO `template_office` VALUES ('6', '6', 'doc', '');
INSERT INTO `template_office` VALUES ('7', '7', 'doc', '');
INSERT INTO `template_office` VALUES ('8', '8', 'doc', '');
INSERT INTO `template_office` VALUES ('9', '9', 'doc', '');
INSERT INTO `template_office` VALUES ('10', '10', 'doc', '');
INSERT INTO `template_office` VALUES ('11', '11', 'doc', '');
INSERT INTO `template_office` VALUES ('12', '12', 'doc', '');
INSERT INTO `template_office` VALUES ('13', '13', 'doc', '');
INSERT INTO `template_office` VALUES ('14', '14', 'doc', '');
INSERT INTO `template_office` VALUES ('15', '15', 'doc', '');

-- ----------------------------
-- Table structure for timeline
-- ----------------------------
DROP TABLE IF EXISTS `timeline`;
CREATE TABLE `timeline` (
  `id` int(11) NOT NULL AUTO_INCREMENT COMMENT '自增主键',
  `title` varchar(50) NOT NULL COMMENT '标题',
  `intro` text NOT NULL,
  `start_date` int(10) NOT NULL COMMENT '开始日期',
  `end_date` int(10) NOT NULL COMMENT '结束日期',
  `create_time` int(10) NOT NULL COMMENT '创建时间',
  `update_time` int(10) NOT NULL COMMENT '最后修改时间',
  `create_user_id` int(11) NOT NULL COMMENT '创建者',
  `type` varchar(20) NOT NULL COMMENT '大事记类型',
  `tags` varchar(255) NOT NULL COMMENT '标签',
  PRIMARY KEY (`id`),
  KEY `idx_create_user_id` (`create_user_id`)
) ENGINE=InnoDB AUTO_INCREMENT=4 DEFAULT CHARSET=utf8;

-- ----------------------------
-- Records of timeline
-- ----------------------------
INSERT INTO `timeline` VALUES ('1', '国家体育场建设大事记', '国家体育场建设大事记', '1017504000', '1158422400', '1371115494', '1371115494', '1', '51bd2585eb579', '大事记');
INSERT INTO `timeline` VALUES ('2', '***政府机关2011年大事记', '***政府机关2011年大事记介绍', '1293811200', '1325260800', '1325260800', '1325260800', '1', '51b98f83792e8', '大事记');
INSERT INTO `timeline` VALUES ('3', '三峡工程建设大事记', '三峡工程建设大事记', '702230400', '702230400', '1371348908', '1371348908', '1', '51bd0c2f7de49', '大事记');

-- ----------------------------
-- Table structure for timeline_item
-- ----------------------------
DROP TABLE IF EXISTS `timeline_item`;
CREATE TABLE `timeline_item` (
  `id` int(11) NOT NULL AUTO_INCREMENT COMMENT '自增主键',
  `pid` int(11) NOT NULL COMMENT '大事记ID',
  `headline` varchar(50) NOT NULL COMMENT '标题',
  `start_date` int(10) NOT NULL COMMENT '开始日期',
  `end_date` int(10) NOT NULL COMMENT '结束日期',
  `content` text NOT NULL COMMENT '内容',
  PRIMARY KEY (`id`),
  KEY `idx_pid` (`pid`),
  CONSTRAINT `timeline_item_ibfk_1` FOREIGN KEY (`pid`) REFERENCES `timeline` (`id`) ON DELETE CASCADE ON UPDATE CASCADE
) ENGINE=InnoDB AUTO_INCREMENT=60 DEFAULT CHARSET=utf8;

-- ----------------------------
-- Records of timeline_item
-- ----------------------------
INSERT INTO `timeline_item` VALUES ('1', '1', '征集规划设计方案', '1017504000', '1017504000', '国家体育场面向全球公开征集规划设计方案。');
INSERT INTO `timeline_item` VALUES ('2', '1', '收取方案', '1025539200', '1025539200', '国家体育馆共收到89个规划设计方案。  ');
INSERT INTO `timeline_item` VALUES ('3', '1', '国家体育场建筑概念设计方案国际竞赛举行', '1033660800', '1033660800', '国家体育场建筑概念设计方案国际竞赛举行。');
INSERT INTO `timeline_item` VALUES ('4', '1', '招标第二阶段', '1041350400', '1046361600', '确定5名国家体育场项目合格申请人进入招标第二阶段。');
INSERT INTO `timeline_item` VALUES ('5', '1', '“鸟巢”方案压倒性胜出', '1048003200', '1048521600', '评审委员会投票，“鸟巢”方案压倒性胜出。');
INSERT INTO `timeline_item` VALUES ('6', '1', '奠基仪式的举行', '1072195200', '1072195200', '南昌奥运会国家体育场各项开工准备工作就绪，举行了开工奠基仪式。');
INSERT INTO `timeline_item` VALUES ('7', '1', '国家体育场百根基础桩完成', '1075564800', '1075564800', '国家体育场百根基础桩完成，“鸟巢”工程开始实质性结构建设。');
INSERT INTO `timeline_item` VALUES ('8', '1', '安全性、经济性问题停工', '1091116800', '1091116800', '奥运场馆的安全性、经济性问题成为焦点，7月30日“鸟巢”全面停工。');
INSERT INTO `timeline_item` VALUES ('9', '1', '调整方案', '1093881600', '1093881600', '“鸟巢”取消可开启屋顶，方案调整风格不变。');
INSERT INTO `timeline_item` VALUES ('10', '1', ' “鸟巢”公布效果图 ', '1093881600', '1093881600', ' “鸟巢”公布效果图 \n ');
INSERT INTO `timeline_item` VALUES ('11', '1', '设计工作优化调整工作于下旬完成', '1100534400', '1100534400', '设计工作优化调整工作于下旬完成');
INSERT INTO `timeline_item` VALUES ('12', '1', '奥运会主体育场“鸟巢”复工', '1101830400', '1101830400', '南昌2008年奥运会主体育场“鸟巢”复工');
INSERT INTO `timeline_item` VALUES ('13', '1', '国家体育场零层施工', '1115568000', '1118764800', '国家体育场零层施工');
INSERT INTO `timeline_item` VALUES ('14', '1', '国家体育场一层施工', '1118764800', '1126627200', '国家体育场一层施工');
INSERT INTO `timeline_item` VALUES ('15', '1', '国家体育场二层施工', '1126627200', '1129824000', '国家体育场二层施工');
INSERT INTO `timeline_item` VALUES ('16', '1', '国家体育场四层施工', '1129824000', '1130428800', '国家体育场四层施工');
INSERT INTO `timeline_item` VALUES ('17', '1', '国家体育场首件钢构件吊装仪式', '1130428800', '1131984000', '国家体育场首件钢构件吊装仪式');
INSERT INTO `timeline_item` VALUES ('18', '1', '混凝土主体结构提前封顶', '1131984000', '1131984000', '混凝土主体结构提前封顶比预期时间提前了一个月');
INSERT INTO `timeline_item` VALUES ('19', '1', '混疑土结构施工完成', '1136044800', '1136044800', '混疑土结构施工完成，主钢结构柱脚已全部安装完毕，开始进行屋面钢结构安装案。');
INSERT INTO `timeline_item` VALUES ('20', '1', '安南参观鸟巢施工工地', '1143820800', '1151596800', '安南参观鸟巢施工工地\nIOC委员考查鸟巢工地\n伦敦市长来南昌取经');
INSERT INTO `timeline_item` VALUES ('21', '1', '“鸟巢”钢结构合龙焊接', '1156521600', '1156953600', '“鸟巢”钢结构合龙焊接，整个“鸟巢”的钢结构将浑然一体。');
INSERT INTO `timeline_item` VALUES ('22', '1', '整体卸载', '1158422400', '1158422400', '国家体育场在经历两年多的建设后，于06年9月17日完成了钢结构施工最后一个环节--整体卸载。');
INSERT INTO `timeline_item` VALUES ('23', '2', '学习文件', '1294588800', '1294588800', '组织学习文件《关于切实做好2010年度党员冬训和民主评议党员工作的通知》\n');
INSERT INTO `timeline_item` VALUES ('24', '2', '参加会议', '1295452800', '1295452800', '参加某地区构筑社会消防安全“防火墙”工程推进会议。 ');
INSERT INTO `timeline_item` VALUES ('25', '2', '召开支部会', '1297180800', '1297180800', '召开支部会，学习文件，点评党员。 \n');
INSERT INTO `timeline_item` VALUES ('26', '2', '元宵节花灯展', '1297872000', '1297872000', '参加元宵节花灯展。');
INSERT INTO `timeline_item` VALUES ('27', '2', '组织学习', '1297958400', '1297958400', '组织学习，深刻领会，认真学习贯彻市委六届十三次全委（扩大）会议精神');
INSERT INTO `timeline_item` VALUES ('28', '2', '学习《精神文明导刊》', '1300032000', '1300032000', '学习《精神文明导刊》。 ');
INSERT INTO `timeline_item` VALUES ('29', '2', '召开全体干部工作会', '1300723200', '1300723200', '召开全体干部工作会。');
INSERT INTO `timeline_item` VALUES ('30', '2', '纪念清明节', '1301673600', '1301673600', '为了纪念清明节这个悠久的传统节日，市质监站党员干部来到烈士陵园，缅怀先烈');
INSERT INTO `timeline_item` VALUES ('31', '2', '召开文明单位届满复验专题会议', '1303056000', '1303056000', '本单位召开文明单位届满复验专题会议，传达了15日在政府一楼召开的“某市精神文明创建工作培训班”会议精神。');
INSERT INTO `timeline_item` VALUES ('32', '2', '红色旅游', '1305302400', '1305302400', '缅怀孙龙珍英烈，牢记今天来之不易的幸福生活。');
INSERT INTO `timeline_item` VALUES ('33', '2', '党员们参加廉政文化教育活动', '1309276800', '1309276800', '党员们在文化广场参加廉政文化教育活动，看廉政板报展。');
INSERT INTO `timeline_item` VALUES ('34', '2', '庆建党90周年座谈会的召开', '1309449600', '1309449600', '单位召开庆建党90周年座谈会，从身边发生的变化，畅谈90年来在中国共产党的领导下，祖国取得的伟大成就。');
INSERT INTO `timeline_item` VALUES ('35', '2', '参加市纪检委及市建设局组织的廉政文化进工程活动', '1312992000', '1312992000', '参加市纪检委及市建设局组织的廉政文化进工程活动。');
INSERT INTO `timeline_item` VALUES ('36', '2', '接受检查', '1316880000', '1316880000', '接受自治区“天山杯”考察组对我单位安全质量、抗震加固等工作内容的检查。');
INSERT INTO `timeline_item` VALUES ('37', '2', '观看自治区第八次党代会开幕', '1319558400', '1319558400', '观看自治区第八次党代会开幕');
INSERT INTO `timeline_item` VALUES ('38', '3', '决议通过', '702230400', '702230400', '七届全国人大第五次会议以１７６７票赞成、１７７票反对、６６４票弃权、２５人未按表决器通过《关于兴建长江三峡工程的决议》');
INSERT INTO `timeline_item` VALUES ('39', '3', '三峡工程正式开工', '787334400', '787334400', '国务院总理李鹏在宜昌三斗坪举行的三峡工程开工典礼上宣布：三峡工程正式开工。 \n');
INSERT INTO `timeline_item` VALUES ('40', '3', '截流系统工程启动', '848505600', '848505600', '三峡工程大江截流系统工程启动。 \n');
INSERT INTO `timeline_item` VALUES ('41', '3', '移民搬迁', '874425600', '874425600', '三峡水库淹没区一线水位移民搬迁基本结束。');
INSERT INTO `timeline_item` VALUES ('42', '3', '三峡工程导流明渠正式通航', '876067200', '876067200', '人工开挖的３.５公里长、可供大型船队航行的三峡工程导流明渠正式通航。');
INSERT INTO `timeline_item` VALUES ('43', '3', '审议批准验收报告', '876672000', '876672000', '国务院三峡工程建设委员会第六次会议审议批准《长江三峡工程大江截流前验收报告》。 \n');
INSERT INTO `timeline_item` VALUES ('44', '3', '实现大江截流', '878918400', '878918400', '三峡工程工程实现大江截流，标志着为期５年的一期工程胜利完成，三峡工程转入二期工程建设。 \n');
INSERT INTO `timeline_item` VALUES ('45', '3', '三峡永久船闸一期开挖工程通过竣工验收', '893088000', '893088000', '三峡永久船闸一期开挖工程通过竣工验收，工程质量合格率达１００％，，优良率达８２.６％，总体质量完全达到设计要求。 \n');
INSERT INTO `timeline_item` VALUES ('46', '3', '长江三峡临时船闸正式通航', '893952000', '893952000', '经过５年的建设，长江三峡临时船闸正式通航。这是目前世界上最大的双线五级船闸。 \n');
INSERT INTO `timeline_item` VALUES ('47', '3', '永久船闸主体开挖工程结束', '938880000', '938880000', '三峡工程永久船闸南线五闸首保护层最后一方石碴被运往碴场，至此，由武警水电部队第四支队担负的永久船闸南线开挖全线告捷，这标志着永久船闸主体开挖工程圆满结束。');
INSERT INTO `timeline_item` VALUES ('48', '3', '三峡工程左岸电站厂房首台机组基础环在一号机安装就位', '948643200', '948643200', '三峡工程左岸电站厂房首台机组基础环在一号机安装就位，标志着三峡左岸电站厂房施工由土建施工为主转入土建与机组埋件安装并举阶段。');
INSERT INTO `timeline_item` VALUES ('49', '3', '三峡工程永久性船闸首扇反弧门安装成功', '1320595200', '1320595200', '三峡工程永久性船闸首扇反弧门在闸首中南竖井内安装成功。');
INSERT INTO `timeline_item` VALUES ('50', '3', '三峡工程首台发电机组转轮吊装成功', '1016294400', '1016294400', '三峡工程首台发电机组转轮吊装成功。转轮的顺利安装为三峡工程在２００３年实现首批机组发电创造了条件。');
INSERT INTO `timeline_item` VALUES ('51', '3', '泄洪坝段建成', '1035129600', '1035129600', '三峡大坝最关键的泄洪坝段已经全部建成，全线达到海拔１８５米大坝设计高程。 \n');
INSERT INTO `timeline_item` VALUES ('52', '3', '三峡二期大坝全线封顶', '1035561600', '1035561600', '全长１.６公里的三峡二期大坝全线封顶，整段大坝都已升高到海拔１８５米设计坝顶高程。 \n');
INSERT INTO `timeline_item` VALUES ('53', '3', '进入总装阶段', '1036598400', '1036598400', '世界上最大的水轮发电机组转子在三峡工地成功吊装，标志着三峡首台机组大件安装基本完成，从此进入总装阶段。');
INSERT INTO `timeline_item` VALUES ('54', '3', '三峡大坝中的闸门按计划准时启动', '1054396800', '1054396800', '三峡大坝中的闸门按计划准时启动，三峡工程正式下闸蓄水。三峡工程船闸全长６.４公里，其中船闸主体部分１. ６公里，引航道４.８公里。三峡船闸系双线５级梯级船闸，其工程规模居世界之最。 \n');
INSERT INTO `timeline_item` VALUES ('55', '3', '三峡工程进入三期工程', '1073577600', '1073577600', '三峡三期工程至２００９年历时６年，期间将完成右岸大坝和右岸电站建设，修建世界上最大的升船机，有２０台单机７０万千瓦的机组投产。');
INSERT INTO `timeline_item` VALUES ('56', '3', '签订合同', '1113580800', '1113580800', '三峡地下电站近日通过国家环保部门审评，其右岸地下电站的勘测设计与施工合同已签订。 \n');
INSERT INTO `timeline_item` VALUES ('57', '3', '三峡工程三期库底清理工作进入全面实施阶段', '1139500800', '1139500800', '三峡工程三期库底清理工作进入全面实施阶段。 ');
INSERT INTO `timeline_item` VALUES ('58', '3', '三峡大坝进入最后的施工建设阶段', '1143561600', '1143561600', '三峡大坝进入最后的施工建设阶段，离大坝全部建成只剩下约７．８万立方米混凝土。三峡大坝全长２３０９米，混凝土总方量为１６１０万立方米，是世界上规模最大的大坝，设计坝顶海拔高程１８５米。 \n');
INSERT INTO `timeline_item` VALUES ('59', '3', '完工', '1148054400', '1148054400', '三峡大坝全线到顶185米高程，举世瞩目的世界第一水坝宣告完工。\n');

-- ----------------------------
-- Table structure for timeline_tag
-- ----------------------------
DROP TABLE IF EXISTS `timeline_tag`;
CREATE TABLE `timeline_tag` (
  `id` int(11) NOT NULL AUTO_INCREMENT COMMENT '自增主键',
  `create_user` int(11) NOT NULL COMMENT '创建者',
  `tag_count` int(11) NOT NULL DEFAULT '0' COMMENT '标签总数',
  `tag_name` varchar(100) NOT NULL COMMENT '标签名',
  PRIMARY KEY (`id`),
  KEY `idx_create_user` (`create_user`)
) ENGINE=InnoDB DEFAULT CHARSET=utf8;

-- ----------------------------
-- Records of timeline_tag
-- ----------------------------

-- ----------------------------
-- Table structure for toolkits
-- ----------------------------
DROP TABLE IF EXISTS `toolkits`;
CREATE TABLE `toolkits` (
  `id` int(11) NOT NULL AUTO_INCREMENT COMMENT '自增主键',
  `file_name` varchar(64) NOT NULL COMMENT '文件名称',
  `name` varchar(128) NOT NULL COMMENT '工具名称',
  `sys_name` varchar(32) NOT NULL DEFAULT '' COMMENT '系统内置标识',
  `icon` varchar(32) NOT NULL COMMENT '图标',
  `description` text NOT NULL COMMENT '描述',
  `version` varchar(32) NOT NULL COMMENT '版本号',
  `is_active` tinyint(1) NOT NULL DEFAULT '1' COMMENT '1:激活;0:禁用',
  PRIMARY KEY (`id`)
) ENGINE=InnoDB AUTO_INCREMENT=4 DEFAULT CHARSET=utf8 COMMENT='实用工具表（如一些客户端程序、控件等）';

-- ----------------------------
-- Records of toolkits
-- ----------------------------
INSERT INTO `toolkits` VALUES ('1', '_PC_Client(20151111).exe', '美讯科技(PC)', '_windows', 'icon-windows8', '美讯科技(PC)平台客户端，提供即时通讯，应用提醒等功能', '2015.11.11', '1');
INSERT INTO `toolkits` VALUES ('2', '(Android).apk', '美讯科技(Android)', '_android', 'icon-android', '美讯科技(Android)平台客户端', '2014.11.19', '1');
INSERT INTO `toolkits` VALUES ('3', 'Mobile_Campus.apk', '移动校园(Mobile Campus for Android)', 'mobile_campus', 'icon-mobile', '移动校园(Mobile Campus for Android)', '2015.11.20', '1');

-- ----------------------------
-- Table structure for transition
-- ----------------------------
DROP TABLE IF EXISTS `transition`;
CREATE TABLE `transition` (
  `id` int(11) NOT NULL AUTO_INCREMENT,
  `create_time` int(11) NOT NULL COMMENT '操作时间',
  `create_user` int(11) NOT NULL COMMENT '操作人',
  `model` varchar(255) NOT NULL COMMENT '模块名称',
  `from_user` int(11) NOT NULL COMMENT '发送人',
  `to_user` int(11) NOT NULL COMMENT '接收人',
  `data` text COMMENT '提交的数据',
  PRIMARY KEY (`id`)
) ENGINE=InnoDB DEFAULT CHARSET=utf8;

-- ----------------------------
-- Records of transition
-- ----------------------------

-- ----------------------------
-- Table structure for transition_detail
-- ----------------------------
DROP TABLE IF EXISTS `transition_detail`;
CREATE TABLE `transition_detail` (
  `id` int(11) NOT NULL AUTO_INCREMENT,
  `transition_id` int(11) NOT NULL,
  `create_time` int(11) NOT NULL COMMENT '执行时间',
  `model` varchar(255) NOT NULL COMMENT '模块名称',
  `pk` varchar(255) NOT NULL COMMENT '模块主键',
  `data` text COMMENT '改变的数据',
  PRIMARY KEY (`id`)
) ENGINE=InnoDB DEFAULT CHARSET=utf8;

-- ----------------------------
-- Records of transition_detail
-- ----------------------------

-- ----------------------------
-- Table structure for translation
-- ----------------------------
DROP TABLE IF EXISTS `translation`;
CREATE TABLE `translation` (
  `id` int(11) NOT NULL AUTO_INCREMENT,
  `model` varchar(64) NOT NULL,
  `pk` varchar(64) NOT NULL,
  `attribute` varchar(64) NOT NULL,
  `data` varchar(600) DEFAULT NULL,
  PRIMARY KEY (`id`)
) ENGINE=InnoDB DEFAULT CHARSET=utf8;

-- ----------------------------
-- Records of translation
-- ----------------------------

-- ----------------------------
-- Table structure for user
-- ----------------------------
DROP TABLE IF EXISTS `user`;
CREATE TABLE `user` (
  `id` int(11) NOT NULL AUTO_INCREMENT COMMENT '自增主键',
  `user_id` varchar(40) NOT NULL COMMENT '用户名',
  `password` varchar(50) NOT NULL DEFAULT '' COMMENT '密码',
  `order_no` smallint(5) unsigned NOT NULL DEFAULT '10' COMMENT '排序号',
  `user_name` varchar(60) NOT NULL DEFAULT '' COMMENT '姓名',
  `user_name_index` varchar(60) NOT NULL DEFAULT '' COMMENT '姓名索引',
  `byname` varchar(20) NOT NULL DEFAULT '' COMMENT '别名',
  `useing_key` char(1) NOT NULL DEFAULT '0' COMMENT '0:不使用智能卡;1:使用智能卡',
  `using_finger` char(1) NOT NULL DEFAULT '0' COMMENT '0:不使用指纹识别;1:使用指纹识别',
  `key_sn` varchar(32) NOT NULL COMMENT '智能卡号',
  `secure_key_sn` varchar(20) NOT NULL COMMENT '保密卡号',
  `bind_ip` varchar(200) NOT NULL DEFAULT '' COMMENT 'IP',
  `not_login` tinyint(1) NOT NULL DEFAULT '0' COMMENT '0:允许登陆;1:禁止登陆',
  `limit_login` tinyint(1) NOT NULL DEFAULT '0' COMMENT '0:正常登录,2:自动限制登陆的',
  `not_view_user` tinyint(1) NOT NULL DEFAULT '0' COMMENT '0:允许查看用户列表;1:禁止查看用户列表',
  `last_visit_time` int(11) NOT NULL DEFAULT '0' COMMENT '上次登陆时间',
  `last_visit_ip` varchar(20) NOT NULL DEFAULT '' COMMENT '上次登陆IP',
  `status` int(1) NOT NULL DEFAULT '0' COMMENT '0:在线;1:离开;2:忙碌;3:请勿打扰;4:隐身;5:离线',
  `signature` varchar(255) NOT NULL COMMENT '个性签名',
  `manage_scope` text NOT NULL COMMENT '管理范围',
  `uuid` char(64) NOT NULL,
  `is_delete` char(1) NOT NULL DEFAULT '0',
  `cert_sn` varchar(32) NOT NULL DEFAULT '' COMMENT '证书编号',
  `mute_notification` tinyint(1) NOT NULL DEFAULT '0',
  PRIMARY KEY (`id`),
  UNIQUE KEY `user_id` (`user_id`),
  KEY `byname` (`byname`),
  KEY `user_name_index` (`user_name_index`)
) ENGINE=InnoDB AUTO_INCREMENT=52 DEFAULT CHARSET=utf8;

-- ----------------------------
-- Records of user
-- ----------------------------
INSERT INTO `user` VALUES ('1', 'admin', 'tVHbkPWW57Hw.', '10', '系统管理员', 'jx*t*g*l*y*', '', '0', '0', '', '', '', '0', '0', '0', '1513519369', '127.0.0.1', '0', '', '', '', '', '', '0');
INSERT INTO `user` VALUES ('2', 'myc', '$1$td4.p/0.$fSMHZ/4Mq5n42xIjerHI.1', '10', '马有才', 'm*y*c', '', '0', '0', '', '', '', '0', '0', '0', '1446098396', '192.168.1.158', '0', '', '', '', '', '0', '0');
INSERT INTO `user` VALUES ('3', 'lf', '$1$Yt5.Uq2.$3XemUoluLOrB4M659y2ZJ/', '10', '林峰', 'l*f', '', '0', '0', '', '', '', '0', '0', '0', '1446107805', '192.168.1.158', '0', '', '', '', '', '0', '0');
INSERT INTO `user` VALUES ('4', 'lyy', '$1$/f0.B24.$pmUPoCpXYRp2i.VW3W6VL0', '10', '淋雨燕', 'l*y*y', '', '0', '0', '', '', '', '0', '0', '0', '1446026570', '192.168.1.158', '0', '', '', '', '', '0', '0');
INSERT INTO `user` VALUES ('5', 'dzm', '$1$Ce..BW2.$ZMIUy.eMiGV6ZBHhRqgpu1', '10', '段志明', 'd*z*m', '', '0', '0', '', '', '', '0', '0', '0', '1446101466', '192.168.1.151', '0', '', '', '', '', '0', '0');
INSERT INTO `user` VALUES ('6', 'lt', '$1$qz1.x84.$vTKP7fEJTF7LiTsEValZO/', '10', '林涛', 'l*t', '', '0', '0', '', '', '', '0', '0', '0', '1441603882', '192.168.10.121', '0', '', '', '', '', '0', '0');
INSERT INTO `user` VALUES ('7', 'cy', '$1$OT2.RP1.$IWcw72IPd/zlYlvuFjBtK1', '10', '崔莹', 'c*y', '', '0', '0', '', '', '', '0', '0', '0', '1445334517', '192.168.1.151', '0', '', '', '', '', '0', '0');
INSERT INTO `user` VALUES ('8', 'caokeai', '$1$oe1.uW5.$bYeZXFWBaAaQ9ErH71ow./', '10', '曹可爱', 'c*k*a', '', '0', '0', '', '', '', '0', '0', '0', '1445840282', '192.168.1.158', '0', '', '', '', 'c', '0', '0');
INSERT INTO `user` VALUES ('9', 'lijia', '$1$fQ..P92.$KAse2n45aegrlcxXiopN5.', '10', '李佳', 'l*j', '', '0', '0', '', '', '', '0', '0', '0', '1442830995', '192.168.10.122', '0', '', '', '', '9', '0', '0');
INSERT INTO `user` VALUES ('10', 'zss', '$1$hl5.YV..$6D/A7NVCEOkfASaZIUUUp1', '10', '张三树', 'z*s*s', '', '0', '0', '', '', '', '0', '0', '0', '0', '', '0', '', '', '', 'f', '0', '0');
INSERT INTO `user` VALUES ('11', 'zdf', '$1$op4.I00.$MxpSeXpntfuJL60T.75dz/', '10', '张的发', 'z*d*fb', '张的发', '0', '0', '', '', '', '0', '0', '0', '1446541770', '192.168.1.158', '0', '', '', '', '1', '0', '0');
INSERT INTO `user` VALUES ('12', 'songchangwen', '$1$122.eM/.$fyYCotB6alPc1Rjn5NUil.', '10', '宋长文', 's*cz*w', '', '0', '0', '', '', '', '0', '0', '0', '0', '', '0', '', '', '', 'd', '0', '0');
INSERT INTO `user` VALUES ('13', 'pangyi', '$1$HN..ii5.$Jj0VJRQduNhWtualDsP2h.', '10', '庞义', 'p*y', '', '0', '0', '', '', '', '0', '0', '0', '0', '', '0', '', '', '', 'b', '0', '0');
INSERT INTO `user` VALUES ('14', 'mingdashan', '$1$5k2.lD..$UDQTP2xDFj78xrIBIzGAQ1', '10', '明大山', 'm*dt*s', '', '0', '0', '', '', '', '0', '0', '0', '0', '', '0', '', '', '', '2', '0', '0');
INSERT INTO `user` VALUES ('15', 'yaoyong', '$1$095.Gt4.$xV6FtOac6HgoFv/jiXLqd0', '10', '姚永', 'y*y', '', '0', '0', '', '', '', '0', '0', '0', '0', '', '0', '', '', '', 'd', '0', '0');
INSERT INTO `user` VALUES ('16', 'chengxue', '$1$802.MF4.$p1OuOD7W1jSMe3xODzDZM0', '10', '程雪', 'c*x', '', '0', '0', '', '', '', '0', '0', '0', '0', '', '0', '', '', '', '6', '0', '0');
INSERT INTO `user` VALUES ('17', 'daiwen', '$1$vr0.RG4.$Asfh86I4xAFE5mpaB2xT8.', '10', '戴文', 'd*w', '', '0', '0', '', '', '', '0', '0', '0', '0', '', '0', '', '', '', 'a', '0', '0');
INSERT INTO `user` VALUES ('18', 'zhaode', '$1$9s0.m53.$3Q//aSWcCEdAkiOwM.cCV.', '10', '赵德', 'zt*d', '', '0', '0', '', '', '', '0', '0', '0', '0', '', '0', '', '', '', 'c', '0', '0');
INSERT INTO `user` VALUES ('19', 'zhujun', '$1$Jo2.M11.$0hcLlgFs5oRiTr7ViOURW.', '10', '朱军', 'zs*j', '', '0', '0', '', '', '', '0', '0', '0', '0', '', '0', '', '', '', '1', '0', '0');
INSERT INTO `user` VALUES ('20', 'zhangyangyang', '$1$vX0.xp0.$6yMoVAPsC1w7QnHNPRCN41', '10', '张洋洋', 'z*yx*yx', '', '0', '0', '', '', '', '0', '0', '0', '0', '', '0', '', '', '', 'b', '0', '0');
INSERT INTO `user` VALUES ('21', 'duchangjiang', '$1$XC/.RP/.$NN5HNZnwvVbZzBC3Ye6Rt1', '10', '杜长江', 'd*cz*j', '', '0', '0', '', '', '', '0', '0', '0', '0', '', '0', '', '', '', '1', '0', '0');
INSERT INTO `user` VALUES ('22', 'jiangsicheng', '$1$Tc5.uy/.$5drsMesVyJVV4RhTctcFb/', '10', '江思成', 'j*s*c', '', '0', '0', '', '', '', '0', '0', '0', '0', '', '0', '', '', '', '5', '0', '0');
INSERT INTO `user` VALUES ('23', 'tongbeibei', '$1$qs1.5m5.$4Ie9hLLYmy2QUizRMqix31', '10', '童贝贝', 'tz*b*b', '', '0', '0', '', '', '', '0', '0', '0', '0', '', '0', '', '', '', '9', '0', '0');
INSERT INTO `user` VALUES ('24', 'yandongmei', '$1$po3.wp4.$zSG8m4eyJC9VuHArJwf05/', '10', '严冬梅', 'y*d*m', '', '0', '0', '', '', '', '0', '0', '0', '0', '', '0', '', '', '', '6', '0', '0');
INSERT INTO `user` VALUES ('25', 'shenghong', '$1$YM3.bt5.$UMzP1AOTEo2pzCH6/Ca2C.', '10', '盛红', 'sc*hg', '', '0', '0', '', '', '', '0', '0', '0', '0', '', '0', '', '', '', 'a', '0', '0');
INSERT INTO `user` VALUES ('26', 'linmu', '$1$O9/.y53.$4KOTSIFvnORenInyWfCgC1', '10', '林牧', 'l*m', '', '0', '0', '', '', '', '0', '0', '0', '0', '', '0', '', '', '', 'c', '0', '0');
INSERT INTO `user` VALUES ('27', 'zhaole', '$1$685.sm1.$fw7P.buY2urcFi3cB9E/01', '10', '赵乐', 'zt*ly', '', '0', '0', '', '', '', '0', '0', '0', '0', '', '0', '', '', '', '7', '0', '0');
INSERT INTO `user` VALUES ('28', 'qianlin', '$1$fa2.tB3.$nFVFjiUMgJP6xWh6QKV8b1', '10', '钱林', 'qj*l', '', '0', '0', '', '', '', '0', '0', '0', '0', '', '0', '', '', '', 'b', '0', '0');
INSERT INTO `user` VALUES ('29', 'sunchangli', '$1$8e..JG5.$WlEdqRhbnzRlXpqLObnTe0', '10', '孙长利', 'sx*cz*l', '', '0', '0', '', '', '', '0', '0', '0', '0', '', '0', '', '', '', 'e', '0', '0');
INSERT INTO `user` VALUES ('30', 'lihaitao', '$1$f80.qL2.$CRPCm.ZPk1ZXQUd7ifbZX/', '10', '李海涛', 'l*h*t', '', '0', '0', '', '', '', '0', '0', '0', '0', '', '0', '', '', '', 'c', '0', '0');
INSERT INTO `user` VALUES ('31', 'sunyan', '$1$Vn1.eZ1.$kPtIlcrg/BKdezAvwcxaC/', '10', '孙妍', 'sx*y', '', '0', '0', '', '', '', '0', '0', '0', '0', '', '0', '', '', '', 'c', '0', '0');
INSERT INTO `user` VALUES ('32', 'xiayifan', '$1$ZH3.V/5.$RnTquknewqB2YPij0MgpE0', '10', '夏一凡', 'xj*y*f', '', '0', '0', '', '', '', '0', '0', '0', '0', '', '0', '', '', '', 'c', '0', '0');
INSERT INTO `user` VALUES ('33', 'lixue', '$1$K01.d84.$VWW9h1P7oJa3lxy233/kd/', '10', '李雪', 'l*x', '', '0', '0', '', '', '', '0', '0', '0', '0', '', '0', '', '', '', 'e', '0', '0');
INSERT INTO `user` VALUES ('34', 'zhougang', '$1$GF1.UT..$kjunlsFnstEMNYjHMwuDp/', '10', '周刚', 'z*g', '', '0', '0', '', '', '', '0', '0', '0', '0', '', '0', '', '', '', 'a', '0', '0');
INSERT INTO `user` VALUES ('35', 'wuziyue', '$1$8A5.y4..$wX45ddmamNi6tWDUyxrDL.', '10', '吴子悦', 'w*z*y', '', '0', '0', '', '', '', '0', '0', '0', '0', '', '0', '', '', '', 'b', '0', '0');
INSERT INTO `user` VALUES ('36', 'zhenghan', '$1$wz/.XJ5.$5DO6RHSGNpuglhCuvvCLv1', '10', '郑涵', 'z*h', '', '0', '0', '', '', '', '0', '0', '0', '0', '', '0', '', '', '', '1', '0', '0');
INSERT INTO `user` VALUES ('37', 'wuyanjun', '$1$uQ5.2F5.$tsFPi8sE6rmEUgOgGMLCu.', '10', '吴燕君', 'w*y*j', '', '0', '0', '', '', '', '0', '0', '0', '0', '', '0', '', '', '', 'b', '0', '0');
INSERT INTO `user` VALUES ('38', 'fanlu', '$1$Yh/.vZ/.$qgEUwrj4qj2zrQLJqqeqy1', '10', '凡路', 'f*l', '', '0', '0', '', '', '', '0', '0', '0', '0', '', '0', '', '', '', 'e', '0', '0');
INSERT INTO `user` VALUES ('39', 'zhengxiaolu', '$1$0d/.tN4.$lWE/5WXQvDJ6la6LX52A31', '10', '郑小璐', 'z*x*l', '', '0', '0', '', '', '', '0', '0', '0', '0', '', '0', '', '', '', '4', '0', '0');
INSERT INTO `user` VALUES ('40', 'fengqilin', '$1$VQ/.j7..$qGIgfpmB6O51JuB80k72y1', '10', '冯麒麟', 'fp*q*l', '', '0', '0', '', '', '', '0', '0', '0', '0', '', '0', '', '', '', 'b', '0', '0');
INSERT INTO `user` VALUES ('41', 'chenli', '$1$U23.jb3.$bAvU1Vtc7y6bEafKo8aEN1', '10', '陈丽', 'cz*l', '', '0', '0', '', '', '', '0', '0', '0', '0', '', '0', '', '', '', '1', '0', '0');
INSERT INTO `user` VALUES ('42', 'zqd', '$1$Xl0..N5.$dZgyCsjTJvZ06p9bLgPMX.', '10', '张全德', 'z*q*d', '', '0', '0', '', '', '', '0', '0', '0', '0', '', '0', '', '', '', 'b', '0', '0');
INSERT INTO `user` VALUES ('43', '1111', '$1$kk5.FG5.$w60YWt11WV2h6CJSyaW6n/', '10', '11111', '1*1*1*1*1', '', '0', '0', '', '', '', '0', '0', '0', '0', '', '0', '', '', '', 'c', '1', '0');
INSERT INTO `user` VALUES ('44', '用户名如果不填写则自动使用姓名的汉语拼音', '$1$fm5.ah4.$7Gs0CZoyKo7dXPrOEsVfW/', '10', '测试', 'c*s', '', '0', '0', '', '', '', '0', '0', '0', '0', '', '0', '', '', '', 'c', '1', '0');
INSERT INTO `user` VALUES ('45', 'zhangxiaohan', '$1$WQ..Jl0.$HH2AVpxuJPmxRyylvnIC00', '10', '张晓涵', 'z*x*h', '', '0', '0', '', '', '', '1', '0', '0', '0', '', '0', '', '', '', '5', '0', '0');
INSERT INTO `user` VALUES ('46', 'wangyinyin', '$1$v9..qr3.$zaXG3fvbTuFEtinnsJKNc0', '10', '王银银', 'wy*y*y', '', '0', '0', '', '', '', '1', '0', '0', '0', '', '0', '', '', '', '3', '0', '0');
INSERT INTO `user` VALUES ('47', 'hanrongrong', '$1$hg3.4V5.$jBYFtR9cagulElBQjb.na1', '10', '韩荣荣', 'h*r*r', '', '0', '0', '', '', '', '1', '0', '0', '0', '', '0', '', '', '', '6', '0', '0');
INSERT INTO `user` VALUES ('48', 'zhengxinjian', '$1$xq/.B73.$h/.9JnE7K/sy0vm/X7Qp/.', '10', '郑新建', 'z*x*j', '', '0', '0', '', '', '', '0', '0', '0', '0', '', '0', '', '', '', '7', '1', '0');
INSERT INTO `user` VALUES ('49', 'huahua', '$1$vE1.t73.$2kSsaCTJNve0gpLZ4sMn51', '10', '花花', 'h*h', '', '0', '0', '', '', '', '0', '0', '0', '0', '', '0', '', '', '', 'e', '1', '0');
INSERT INTO `user` VALUES ('50', 'xiaoxiao', '$1$ru..7X4.$UZSkcbP8ABZzxyh6i6ro.1', '10', '小小', 'x*x', '', '0', '0', '', '', '', '0', '0', '0', '0', '', '0', '', '', '', 'e', '1', '0');
INSERT INTO `user` VALUES ('51', 'dada', '$1$xs1.Gi/.$r6xdGZYm1.qfdBtbktFJ7/', '10', '大大', 'dt*dt', '', '0', '0', '', '', '', '0', '0', '0', '0', '', '0', '', '', '', '4', '1', '0');

-- ----------------------------
-- Table structure for user_delegate
-- ----------------------------
DROP TABLE IF EXISTS `user_delegate`;
CREATE TABLE `user_delegate` (
  `id` int(11) NOT NULL AUTO_INCREMENT COMMENT '主键ID',
  `module` varchar(64) NOT NULL DEFAULT '' COMMENT '模块',
  `rule` text NOT NULL COMMENT '业务规则',
  `from_id` int(11) NOT NULL COMMENT '委托人ID',
  `to_id` int(11) NOT NULL COMMENT '被委托人ID',
  `begin_time` int(11) NOT NULL DEFAULT '0' COMMENT '开始时间',
  `end_time` int(11) NOT NULL DEFAULT '0' COMMENT '结束时间',
  `status` char(1) NOT NULL DEFAULT '1' COMMENT '状态(0-关闭,1-开启)',
  PRIMARY KEY (`id`),
  KEY `module` (`module`),
  KEY `from_id` (`from_id`),
  KEY `to_id` (`to_id`),
  KEY `begin_time` (`begin_time`),
  KEY `end_time` (`end_time`)
) ENGINE=InnoDB DEFAULT CHARSET=utf8;

-- ----------------------------
-- Records of user_delegate
-- ----------------------------

-- ----------------------------
-- Table structure for user_desktop
-- ----------------------------
DROP TABLE IF EXISTS `user_desktop`;
CREATE TABLE `user_desktop` (
  `id` int(11) NOT NULL AUTO_INCREMENT,
  `user_id` int(11) NOT NULL,
  `portlet_id` int(11) NOT NULL,
  `portlet_position` char(1) NOT NULL,
  `order_no` varchar(3) NOT NULL,
  `portlet_lines` int(11) NOT NULL DEFAULT '5',
  PRIMARY KEY (`id`),
  KEY `user_desktop_fk2` (`portlet_id`),
  KEY `user_desktop_fk1` (`user_id`),
  CONSTRAINT `user_desktop_fk1` FOREIGN KEY (`user_id`) REFERENCES `user` (`id`) ON DELETE CASCADE ON UPDATE CASCADE,
  CONSTRAINT `user_desktop_fk2` FOREIGN KEY (`portlet_id`) REFERENCES `desktop_portlet` (`id`) ON DELETE CASCADE ON UPDATE CASCADE
) ENGINE=InnoDB DEFAULT CHARSET=utf8;

-- ----------------------------
-- Records of user_desktop
-- ----------------------------

-- ----------------------------
-- Table structure for user_group
-- ----------------------------
DROP TABLE IF EXISTS `user_group`;
CREATE TABLE `user_group` (
  `id` int(11) NOT NULL AUTO_INCREMENT,
  `group_name` varchar(40) NOT NULL,
  `group_description` varchar(255) NOT NULL,
  `group_order` varchar(10) NOT NULL,
  `group_users` mediumtext,
  `create_time` int(11) NOT NULL,
  `create_user` int(11) NOT NULL,
  PRIMARY KEY (`id`)
) ENGINE=InnoDB AUTO_INCREMENT=27 DEFAULT CHARSET=utf8;

-- ----------------------------
-- Records of user_group
-- ----------------------------
INSERT INTO `user_group` VALUES ('6', '领导', '领导', '2', '3,4,', '1443084870', '1');
INSERT INTO `user_group` VALUES ('7', '办公室', '办公室', '2', '12,10,20,3,21,', '1443084870', '1');
INSERT INTO `user_group` VALUES ('12', '教师', '教师', '2', '3,4,11,5,6,7,', '1443084874', '1');
INSERT INTO `user_group` VALUES ('23', '一班老师', '', '1', '11,5,', '1444640424', '5');
INSERT INTO `user_group` VALUES ('24', '学校领导', '', '1', '2,', '1444640445', '5');
INSERT INTO `user_group` VALUES ('25', '测试', '', '1', '9,42,2,3,4,8,1,11,5,6,7,51,50,', '1446446542', '0');
INSERT INTO `user_group` VALUES ('26', '班主任', '班主任', '0', '11,5,6,7,', '1447055233', '1');

-- ----------------------------
-- Table structure for user_online
-- ----------------------------
DROP TABLE IF EXISTS `user_online`;
CREATE TABLE `user_online` (
  `id` int(11) NOT NULL,
  `time` int(11) NOT NULL,
  `sid` char(32) NOT NULL,
  `client` tinyint(4) NOT NULL COMMENT '客户端类型 0:浏览器,1:手机浏览器,2:精灵客户端,5:iPhone客户端,6:Android客户端',
  PRIMARY KEY (`id`)
) ENGINE=MEMORY DEFAULT CHARSET=utf8;

-- ----------------------------
-- Records of user_online
-- ----------------------------

-- ----------------------------
-- Table structure for user_org
-- ----------------------------
DROP TABLE IF EXISTS `user_org`;
CREATE TABLE `user_org` (
  `id` int(11) NOT NULL AUTO_INCREMENT,
  `user_id` int(11) NOT NULL,
  `org_id` int(11) NOT NULL,
  `is_main` tinyint(1) NOT NULL COMMENT '主部门',
  `is_admin` int(1) NOT NULL COMMENT '组织管理员',
  `is_manager` int(1) NOT NULL COMMENT '组织主管',
  `is_assistant` int(1) NOT NULL COMMENT '组织助理',
  `is_interface` int(1) NOT NULL COMMENT '组织接口人',
  `order_no` int(11) NOT NULL,
  `user_name` varchar(255) NOT NULL,
  `org_name` varchar(255) NOT NULL,
  `org_no` varchar(255) NOT NULL,
  PRIMARY KEY (`id`),
  KEY `user_id` (`user_id`),
  KEY `org_id` (`org_id`),
  CONSTRAINT `user_org_ibfk_1` FOREIGN KEY (`user_id`) REFERENCES `user` (`id`) ON DELETE CASCADE ON UPDATE CASCADE,
  CONSTRAINT `user_org_ibfk_2` FOREIGN KEY (`org_id`) REFERENCES `org` (`id`) ON DELETE CASCADE ON UPDATE CASCADE
) ENGINE=InnoDB AUTO_INCREMENT=28 DEFAULT CHARSET=utf8;

-- ----------------------------
-- Records of user_org
-- ----------------------------
INSERT INTO `user_org` VALUES ('1', '1', '8', '1', '0', '0', '0', '0', '0', '系统管理员', '信息技术', '008');
INSERT INTO `user_org` VALUES ('2', '2', '1', '1', '0', '0', '0', '0', '0', '马有才', '校领导', '001');
INSERT INTO `user_org` VALUES ('3', '3', '2', '1', '0', '0', '0', '0', '0', '林峰', '办公室', '002');
INSERT INTO `user_org` VALUES ('4', '4', '3', '1', '0', '0', '0', '0', '0', '淋雨燕', '教务处', '003');
INSERT INTO `user_org` VALUES ('5', '5', '10', '1', '0', '0', '0', '0', '0', '段志明', '语文教研组', '009020');
INSERT INTO `user_org` VALUES ('6', '6', '11', '1', '0', '0', '0', '0', '0', '林涛', '数学教研组', '009021');
INSERT INTO `user_org` VALUES ('7', '7', '12', '1', '0', '0', '0', '0', '0', '崔莹', '外语教研组', '009022');
INSERT INTO `user_org` VALUES ('10', '8', '5', '1', '0', '0', '0', '0', '0', '曹可爱', '总务处', '005');
INSERT INTO `user_org` VALUES ('12', '11', '10', '1', '0', '0', '0', '0', '0', '张的发', '语文教研组', '009020');
INSERT INTO `user_org` VALUES ('13', '42', '1', '1', '0', '0', '0', '0', '0', '张全德', '校领导', '001');
INSERT INTO `user_org` VALUES ('14', '9', '1', '1', '0', '0', '0', '0', '0', '李佳', '校领导', '001');
INSERT INTO `user_org` VALUES ('17', '45', '2', '1', '0', '0', '0', '0', '0', '张晓涵', '办公室', '002');
INSERT INTO `user_org` VALUES ('18', '46', '2', '1', '0', '0', '0', '0', '0', '王银银', '办公室', '002');
INSERT INTO `user_org` VALUES ('19', '47', '2', '1', '0', '0', '0', '0', '0', '韩荣荣', '办公室', '002');
INSERT INTO `user_org` VALUES ('20', '48', '2', '1', '0', '0', '0', '0', '0', '郑新建', '办公室', '002');
INSERT INTO `user_org` VALUES ('24', '20', '2', '1', '0', '0', '0', '0', '0', '张洋洋', '办公室', '002');
INSERT INTO `user_org` VALUES ('25', '10', '2', '1', '0', '0', '0', '0', '0', '张三树', '办公室', '002');
INSERT INTO `user_org` VALUES ('26', '44', '2', '1', '0', '0', '0', '0', '0', '测试', '办公室', '002');
INSERT INTO `user_org` VALUES ('27', '12', '2', '1', '0', '0', '0', '0', '0', '宋长文', '办公室', '002');

-- ----------------------------
-- Table structure for user_params
-- ----------------------------
DROP TABLE IF EXISTS `user_params`;
CREATE TABLE `user_params` (
  `param_name` varchar(64) DEFAULT NULL COMMENT '参数名称',
  `param_value` text COMMENT '参数值',
  `param_type` varchar(32) DEFAULT NULL COMMENT '参数类型：user、org、role、post...，空表示一般字符串',
  `param_comment` varchar(255) DEFAULT NULL COMMENT '参数注释',
  `is_buildin` tinyint(4) DEFAULT NULL COMMENT '是否内置参数'
) ENGINE=InnoDB DEFAULT CHARSET=utf8 COMMENT='自定义参数表';

-- ----------------------------
-- Records of user_params
-- ----------------------------

-- ----------------------------
-- Table structure for user_parase
-- ----------------------------
DROP TABLE IF EXISTS `user_parase`;
CREATE TABLE `user_parase` (
  `id` int(11) NOT NULL AUTO_INCREMENT,
  `user_id` int(11) NOT NULL,
  `content` varchar(255) NOT NULL,
  `use_times` int(11) NOT NULL DEFAULT '0' COMMENT '使用次数',
  PRIMARY KEY (`id`)
) ENGINE=InnoDB DEFAULT CHARSET=utf8;

-- ----------------------------
-- Records of user_parase
-- ----------------------------

-- ----------------------------
-- Table structure for user_position
-- ----------------------------
DROP TABLE IF EXISTS `user_position`;
CREATE TABLE `user_position` (
  `id` int(11) NOT NULL AUTO_INCREMENT COMMENT '自增ID',
  `user_id` int(11) NOT NULL COMMENT '用户ID',
  `position_id` int(11) NOT NULL COMMENT '岗位ID',
  `is_main` tinyint(1) NOT NULL DEFAULT '0' COMMENT '是否主岗位',
  PRIMARY KEY (`id`),
  KEY `user_id` (`user_id`),
  KEY `position_id` (`position_id`),
  CONSTRAINT `user_position_ibfk_1` FOREIGN KEY (`user_id`) REFERENCES `user` (`id`) ON DELETE CASCADE ON UPDATE CASCADE,
  CONSTRAINT `user_position_ibfk_2` FOREIGN KEY (`position_id`) REFERENCES `position` (`id`) ON DELETE CASCADE ON UPDATE CASCADE
) ENGINE=InnoDB DEFAULT CHARSET=utf8;

-- ----------------------------
-- Records of user_position
-- ----------------------------

-- ----------------------------
-- Table structure for user_profile
-- ----------------------------
DROP TABLE IF EXISTS `user_profile`;
CREATE TABLE `user_profile` (
  `id` int(11) NOT NULL,
  `gender` tinyint(1) NOT NULL DEFAULT '0',
  `birthday` date NOT NULL DEFAULT '0000-00-00',
  `tel_dept` varchar(50) NOT NULL DEFAULT '',
  `fax_dept` varchar(50) NOT NULL DEFAULT '',
  `address_home` varchar(200) NOT NULL DEFAULT '',
  `postcode_home` varchar(50) NOT NULL DEFAULT '',
  `tel_home` varchar(50) NOT NULL DEFAULT '',
  `mobile` varchar(50) NOT NULL DEFAULT '',
  `email` varchar(50) NOT NULL DEFAULT '',
  `qq` varchar(50) NOT NULL DEFAULT '',
  `msn` varchar(200) NOT NULL DEFAULT '',
  `avatar` varchar(20) NOT NULL DEFAULT '',
  `msg_sound` tinyint(1) NOT NULL DEFAULT '1',
  `theme` varchar(255) NOT NULL DEFAULT 'classic',
  `online_time` int(11) NOT NULL DEFAULT '0',
  `online_status` tinyint(1) NOT NULL COMMENT '0-浏览器在线，1-手机浏览器在线，2-OA精灵在线，5-iPhone客户端在线，6-安卓客户端在线',
  `mobile_hidden` tinyint(1) NOT NULL DEFAULT '0',
  `background_image` varchar(200) NOT NULL DEFAULT '',
  `weather_city` varchar(64) NOT NULL DEFAULT '南昌_南昌_南昌',
  `remark` text NOT NULL,
  `menu_expand` int(11) NOT NULL DEFAULT '0',
  `nick_name` varchar(50) NOT NULL,
  `email_capacity` smallint(5) unsigned NOT NULL DEFAULT '0',
  `folder_capacity` smallint(5) unsigned NOT NULL DEFAULT '0',
  `webmail_capacity` smallint(5) unsigned NOT NULL DEFAULT '0',
  `webmail_num` tinyint(4) NOT NULL DEFAULT '0',
  `use_pop3` tinyint(1) NOT NULL DEFAULT '1',
  `is_use_pop3` tinyint(1) NOT NULL DEFAULT '0',
  `pop3_pass_style` tinyint(1) NOT NULL DEFAULT '0',
  `pop3_pass` varchar(50) NOT NULL DEFAULT '',
  `cc_username` varchar(50) NOT NULL DEFAULT '',
  `cc_pwd` varchar(100) NOT NULL DEFAULT '',
  `app_default` varchar(1000) NOT NULL DEFAULT '',
  `show_tour` char(1) NOT NULL DEFAULT '1',
  `default_portal` varchar(128) NOT NULL,
  `duty_type` smallint(4) NOT NULL DEFAULT '0' COMMENT '考勤排班类型(1-正常班,2-全日班,99-轮班制)',
  `desktop_left_width` int(2) NOT NULL DEFAULT '50' COMMENT '左侧栏目宽度',
  `mobile_online_edit` int(11) NOT NULL DEFAULT '0',
  `whitelisting` varchar(255) NOT NULL,
  `client_login_limit` tinyint(1) NOT NULL DEFAULT '0',
  `leader` text NOT NULL COMMENT '上级负责人',
  PRIMARY KEY (`id`),
  CONSTRAINT `uid` FOREIGN KEY (`id`) REFERENCES `user` (`id`) ON DELETE CASCADE ON UPDATE CASCADE
) ENGINE=InnoDB DEFAULT CHARSET=utf8;

-- ----------------------------
-- Records of user_profile
-- ----------------------------
INSERT INTO `user_profile` VALUES ('1', '1', '0000-00-00', '', '', '', '', '', '', '', '', '', '', '1', 'a:2:{s:5:\"theme\";s:7:\"concise\";s:4:\"skin\";s:24:\"reTopTheme3 reLeftTheme3\";}', '716', '1', '0', '', '南昌_南昌_南昌', '', '0', '', '0', '0', '0', '0', '1', '0', '0', '', '', '', '', '1', 'personal', '0', '50', '0', '', '0', '');
INSERT INTO `user_profile` VALUES ('2', '1', '0000-00-00', '010-4789274', '', '', '', '', '13246345678', '', '', '', '', '1', 'a:2:{s:5:\"theme\";s:7:\"concise\";s:4:\"skin\";s:24:\"reTopTheme3 reLeftTheme3\";}', '15898', '0', '0', '', '南昌_南昌_南昌', '', '0', '', '0', '0', '0', '0', '1', '0', '0', '', '', '', '', '1', '', '0', '50', '0', '', '0', '');
INSERT INTO `user_profile` VALUES ('3', '1', '0000-00-00', '', '', '', '', '', '', '', '', '', '', '1', 'a:2:{s:5:\"theme\";s:7:\"classic\";s:4:\"skin\";i:1;}', '7576', '0', '0', '', '南昌_南昌_南昌', '', '0', '', '0', '0', '0', '0', '1', '0', '0', '', '', '', '', '0', '', '0', '50', '0', '', '0', '');
INSERT INTO `user_profile` VALUES ('4', '0', '0000-00-00', '', '', '', '', '', '', '', '', '', '', '1', 'a:2:{s:5:\"theme\";s:7:\"concise\";s:4:\"skin\";s:24:\"reTopTheme3 reLeftTheme3\";}', '43426', '0', '0', '', '南昌_南昌_南昌', '', '0', '', '0', '0', '0', '0', '1', '0', '0', '', '', '', '', '1', '', '0', '50', '0', '', '0', '');
INSERT INTO `user_profile` VALUES ('5', '1', '0000-00-00', '', '', '', '', '', '', '', '', '', '', '1', 'a:2:{s:5:\"theme\";s:7:\"concise\";s:4:\"skin\";s:24:\"reTopTheme3 reLeftTheme3\";}', '61299', '0', '0', '', '南昌_南昌_南昌', '', '0', '', '0', '0', '0', '0', '1', '0', '0', '', '', '', '', '1', '', '0', '50', '0', '', '0', '');
INSERT INTO `user_profile` VALUES ('6', '1', '0000-00-00', '', '', '', '', '', '', '', '', '', '', '1', 'classic', '2700', '0', '0', '', '南昌_南昌_南昌', '', '0', '', '0', '0', '0', '0', '1', '0', '0', '', '', '', '', '0', '', '0', '50', '0', '', '0', '');
INSERT INTO `user_profile` VALUES ('7', '0', '0000-00-00', '', '', '', '', '', '', '', '', '', '', '1', 'classic', '1800', '0', '0', '', '南昌_南昌_南昌', '', '0', '', '0', '0', '0', '0', '1', '0', '0', '', '', '', '', '1', '', '0', '50', '0', '', '0', '');
INSERT INTO `user_profile` VALUES ('8', '1', '0000-00-00', '', '', '', '', '', '18736568453', '', '', '', '56333ab9a7d8c', '1', 'a:2:{s:5:\"theme\";s:7:\"concise\";s:4:\"skin\";s:24:\"reTopTheme3 reLeftTheme3\";}', '3376', '0', '0', '', '南昌_南昌_南昌', '', '0', '', '200', '200', '0', '0', '1', '0', '0', '', '', '', '', '1', '', '0', '50', '0', '', '0', '');
INSERT INTO `user_profile` VALUES ('9', '0', '0000-00-00', '', '', '', '', '', '', '', '', '', '56333a798583b', '1', 'a:2:{s:5:\"theme\";s:7:\"concise\";s:4:\"skin\";s:24:\"reTopTheme3 reLeftTheme3\";}', '38401', '0', '0', '', '南昌_南昌_南昌', '', '0', '', '200', '200', '0', '0', '1', '0', '0', '', '', '', '', '1', '', '0', '50', '0', '', '0', '');
INSERT INTO `user_profile` VALUES ('10', '1', '0000-00-00', '', '', '', '', '', '', '', '', '', '', '1', 'classic', '0', '0', '0', '', '南昌_南昌_南昌', '', '0', '', '200', '200', '0', '0', '1', '0', '0', '', '', '', '', '1', '', '0', '50', '0', '', '0', '');
INSERT INTO `user_profile` VALUES ('11', '1', '0000-00-00', '', '', '', '', '', '', '', '', '', '', '1', 'a:2:{s:5:\"theme\";s:7:\"concise\";s:4:\"skin\";s:24:\"reTopTheme3 reLeftTheme3\";}', '96710', '0', '0', '', '南昌_南昌_南昌', '', '0', '', '200', '200', '0', '0', '1', '0', '0', '', '', '', '', '1', '', '0', '50', '0', '', '0', '');
INSERT INTO `user_profile` VALUES ('12', '1', '0000-00-00', '', '', '', '', '', '', '', '', '', '', '1', 'classic', '0', '0', '0', '', '南昌_南昌_南昌', '', '0', '', '0', '0', '200', '0', '1', '0', '0', '', '', '', '', '0', '', '0', '50', '0', '', '0', '');
INSERT INTO `user_profile` VALUES ('13', '1', '0000-00-00', '', '', '', '', '', '', '', '', '', '', '1', 'classic', '0', '0', '0', '', '南昌_南昌_南昌', '', '0', '', '0', '0', '200', '0', '1', '0', '0', '', '', '', '', '0', '', '0', '50', '0', '', '0', '');
INSERT INTO `user_profile` VALUES ('14', '1', '0000-00-00', '', '', '', '', '', '', '', '', '', '', '1', 'classic', '0', '0', '0', '', '南昌_南昌_南昌', '', '0', '', '0', '0', '200', '0', '1', '0', '0', '', '', '', '', '0', '', '0', '50', '0', '', '0', '');
INSERT INTO `user_profile` VALUES ('15', '1', '0000-00-00', '', '', '', '', '', '', '', '', '', '', '1', 'classic', '0', '0', '0', '', '南昌_南昌_南昌', '', '0', '', '0', '0', '200', '0', '1', '0', '0', '', '', '', '', '0', '', '0', '50', '0', '', '0', '');
INSERT INTO `user_profile` VALUES ('16', '1', '0000-00-00', '', '', '', '', '', '', '', '', '', '', '1', 'classic', '0', '0', '0', '', '南昌_南昌_南昌', '', '0', '', '0', '0', '200', '0', '1', '0', '0', '', '', '', '', '0', '', '0', '50', '0', '', '0', '');
INSERT INTO `user_profile` VALUES ('17', '1', '0000-00-00', '', '', '', '', '', '', '', '', '', '', '1', 'classic', '0', '0', '0', '', '南昌_南昌_南昌', '', '0', '', '0', '0', '200', '0', '1', '0', '0', '', '', '', '', '0', '', '0', '50', '0', '', '0', '');
INSERT INTO `user_profile` VALUES ('18', '1', '0000-00-00', '', '', '', '', '', '', '', '', '', '', '1', 'classic', '0', '0', '0', '', '南昌_南昌_南昌', '', '0', '', '0', '0', '200', '0', '1', '0', '0', '', '', '', '', '0', '', '0', '50', '0', '', '0', '');
INSERT INTO `user_profile` VALUES ('19', '1', '0000-00-00', '', '', '', '', '', '', '', '', '', '', '1', 'classic', '0', '0', '0', '', '南昌_南昌_南昌', '', '0', '', '0', '0', '200', '0', '1', '0', '0', '', '', '', '', '0', '', '0', '50', '0', '', '0', '');
INSERT INTO `user_profile` VALUES ('20', '1', '0000-00-00', '', '', '', '', '', '', '', '', '', '', '1', 'classic', '0', '0', '0', '', '南昌_南昌_南昌', '', '0', '', '0', '0', '200', '0', '1', '0', '0', '', '', '', '', '0', '', '0', '50', '0', '', '0', '');
INSERT INTO `user_profile` VALUES ('21', '1', '0000-00-00', '', '', '', '', '', '', '', '', '', '', '1', 'classic', '0', '0', '0', '', '南昌_南昌_南昌', '', '0', '', '0', '0', '200', '0', '1', '0', '0', '', '', '', '', '0', '', '0', '50', '0', '', '0', '');
INSERT INTO `user_profile` VALUES ('22', '1', '0000-00-00', '', '', '', '', '', '', '', '', '', '', '1', 'classic', '0', '0', '0', '', '南昌_南昌_南昌', '', '0', '', '0', '0', '200', '0', '1', '0', '0', '', '', '', '', '0', '', '0', '50', '0', '', '0', '');
INSERT INTO `user_profile` VALUES ('23', '1', '0000-00-00', '', '', '', '', '', '', '', '', '', '', '1', 'classic', '0', '0', '0', '', '南昌_南昌_南昌', '', '0', '', '0', '0', '200', '0', '1', '0', '0', '', '', '', '', '0', '', '0', '50', '0', '', '0', '');
INSERT INTO `user_profile` VALUES ('24', '0', '0000-00-00', '', '', '', '', '', '', '', '', '', '', '1', 'classic', '0', '0', '0', '', '南昌_南昌_南昌', '', '0', '', '0', '0', '200', '0', '1', '0', '0', '', '', '', '', '0', '', '0', '50', '0', '', '0', '');
INSERT INTO `user_profile` VALUES ('25', '1', '0000-00-00', '', '', '', '', '', '', '', '', '', '', '1', 'classic', '0', '0', '0', '', '南昌_南昌_南昌', '', '0', '', '0', '0', '200', '0', '1', '0', '0', '', '', '', '', '0', '', '0', '50', '0', '', '0', '');
INSERT INTO `user_profile` VALUES ('26', '1', '0000-00-00', '', '', '', '', '', '', '', '', '', '', '1', 'classic', '0', '0', '0', '', '南昌_南昌_南昌', '', '0', '', '0', '0', '200', '0', '1', '0', '0', '', '', '', '', '0', '', '0', '50', '0', '', '0', '');
INSERT INTO `user_profile` VALUES ('27', '1', '0000-00-00', '', '', '', '', '', '', '', '', '', '', '1', 'classic', '0', '0', '0', '', '南昌_南昌_南昌', '', '0', '', '0', '0', '200', '0', '1', '0', '0', '', '', '', '', '0', '', '0', '50', '0', '', '0', '');
INSERT INTO `user_profile` VALUES ('28', '1', '0000-00-00', '', '', '', '', '', '', '', '', '', '', '1', 'classic', '0', '0', '0', '', '南昌_南昌_南昌', '', '0', '', '0', '0', '200', '0', '1', '0', '0', '', '', '', '', '0', '', '0', '50', '0', '', '0', '');
INSERT INTO `user_profile` VALUES ('29', '1', '0000-00-00', '', '', '', '', '', '', '', '', '', '', '1', 'classic', '0', '0', '0', '', '南昌_南昌_南昌', '', '0', '', '0', '0', '200', '0', '1', '0', '0', '', '', '', '', '0', '', '0', '50', '0', '', '0', '');
INSERT INTO `user_profile` VALUES ('30', '1', '0000-00-00', '', '', '', '', '', '', '', '', '', '', '1', 'classic', '0', '0', '0', '', '南昌_南昌_南昌', '', '0', '', '0', '0', '200', '0', '1', '0', '0', '', '', '', '', '0', '', '0', '50', '0', '', '0', '');
INSERT INTO `user_profile` VALUES ('31', '1', '0000-00-00', '', '', '', '', '', '', '', '', '', '', '1', 'classic', '0', '0', '0', '', '南昌_南昌_南昌', '', '0', '', '0', '0', '200', '0', '1', '0', '0', '', '', '', '', '0', '', '0', '50', '0', '', '0', '');
INSERT INTO `user_profile` VALUES ('32', '1', '0000-00-00', '', '', '', '', '', '', '', '', '', '', '1', 'classic', '0', '0', '0', '', '南昌_南昌_南昌', '', '0', '', '0', '0', '200', '0', '1', '0', '0', '', '', '', '', '0', '', '0', '50', '0', '', '0', '');
INSERT INTO `user_profile` VALUES ('33', '0', '0000-00-00', '', '', '', '', '', '', '', '', '', '', '1', 'classic', '0', '0', '0', '', '南昌_南昌_南昌', '', '0', '', '0', '0', '200', '0', '1', '0', '0', '', '', '', '', '0', '', '0', '50', '0', '', '0', '');
INSERT INTO `user_profile` VALUES ('34', '1', '0000-00-00', '', '', '', '', '', '', '', '', '', '', '1', 'classic', '0', '0', '0', '', '南昌_南昌_南昌', '', '0', '', '0', '0', '200', '0', '1', '0', '0', '', '', '', '', '0', '', '0', '50', '0', '', '0', '');
INSERT INTO `user_profile` VALUES ('35', '1', '0000-00-00', '', '', '', '', '', '', '', '', '', '', '1', 'classic', '0', '0', '0', '', '南昌_南昌_南昌', '', '0', '', '0', '0', '200', '0', '1', '0', '0', '', '', '', '', '0', '', '0', '50', '0', '', '0', '');
INSERT INTO `user_profile` VALUES ('36', '1', '0000-00-00', '', '', '', '', '', '', '', '', '', '', '1', 'classic', '0', '0', '0', '', '南昌_南昌_南昌', '', '0', '', '0', '0', '200', '0', '1', '0', '0', '', '', '', '', '0', '', '0', '50', '0', '', '0', '');
INSERT INTO `user_profile` VALUES ('37', '1', '0000-00-00', '', '', '', '', '', '', '', '', '', '', '1', 'classic', '0', '0', '0', '', '南昌_南昌_南昌', '', '0', '', '0', '0', '200', '0', '1', '0', '0', '', '', '', '', '0', '', '0', '50', '0', '', '0', '');
INSERT INTO `user_profile` VALUES ('38', '1', '0000-00-00', '', '', '', '', '', '', '', '', '', '', '1', 'classic', '0', '0', '0', '', '南昌_南昌_南昌', '', '0', '', '0', '0', '200', '0', '1', '0', '0', '', '', '', '', '0', '', '0', '50', '0', '', '0', '');
INSERT INTO `user_profile` VALUES ('39', '0', '0000-00-00', '', '', '', '', '', '', '', '', '', '', '1', 'classic', '0', '0', '0', '', '南昌_南昌_南昌', '', '0', '', '0', '0', '200', '0', '1', '0', '0', '', '', '', '', '0', '', '0', '50', '0', '', '0', '');
INSERT INTO `user_profile` VALUES ('40', '1', '0000-00-00', '', '', '', '', '', '', '', '', '', '', '1', 'classic', '0', '0', '0', '', '南昌_南昌_南昌', '', '0', '', '0', '0', '200', '0', '1', '0', '0', '', '', '', '', '0', '', '0', '50', '0', '', '0', '');
INSERT INTO `user_profile` VALUES ('41', '0', '0000-00-00', '', '', '', '', '', '', '', '', '', '', '1', 'classic', '0', '0', '0', '', '南昌_南昌_南昌', '', '0', '', '0', '0', '200', '0', '1', '0', '0', '', '', '', '', '0', '', '0', '50', '0', '', '0', '');
INSERT INTO `user_profile` VALUES ('42', '1', '0000-00-00', '', '', '', '', '', '18736588453', '2280365678@qq.com', '2280365678', '', '', '1', 'classic', '0', '0', '0', '', '南昌_南昌_南昌', '', '0', '', '200', '200', '0', '0', '1', '0', '0', '', '', '', '', '1', '', '0', '50', '0', '', '0', '');
INSERT INTO `user_profile` VALUES ('43', '1', '0000-00-00', '', '', '', '', '', '', '', '', '', '', '1', 'classic', '0', '0', '0', '', '南昌_南昌_南昌', '', '0', '', '200', '200', '0', '0', '1', '0', '0', '', '', '', '', '1', '', '0', '50', '0', '', '0', '');
INSERT INTO `user_profile` VALUES ('44', '0', '0000-00-00', '', '', '', '', '', '', '', '', '', '', '1', 'classic', '0', '0', '0', '', '南昌_南昌_南昌', '', '0', '', '200', '200', '200', '0', '1', '0', '0', '', '', '', '', '0', '', '0', '50', '0', '', '0', '');
INSERT INTO `user_profile` VALUES ('45', '0', '0000-00-00', '', '', '', '', '', '', '', '', '', '', '1', 'classic', '0', '0', '0', '', '南昌_南昌_南昌', '', '0', '', '200', '200', '200', '0', '1', '0', '0', '', '', '', '', '0', '', '0', '50', '0', '', '0', '');
INSERT INTO `user_profile` VALUES ('46', '0', '0000-00-00', '', '', '', '', '', '', '', '', '', '', '1', 'classic', '0', '0', '0', '', '南昌_南昌_南昌', '', '0', '', '200', '200', '200', '0', '1', '0', '0', '', '', '', '', '0', '', '0', '50', '0', '', '0', '');
INSERT INTO `user_profile` VALUES ('47', '0', '0000-00-00', '', '', '', '', '', '', '', '', '', '', '1', 'classic', '0', '0', '0', '', '南昌_南昌_南昌', '', '0', '', '200', '200', '200', '0', '1', '0', '0', '', '', '', '', '0', '', '0', '50', '0', '', '0', '');
INSERT INTO `user_profile` VALUES ('48', '1', '0000-00-00', '', '', '', '', '', '', '', '', '', '', '1', 'classic', '0', '0', '0', '', '南昌_南昌_南昌', '', '0', '', '200', '200', '0', '0', '1', '0', '0', '', '', '', '', '1', '', '0', '50', '0', '', '0', '');
INSERT INTO `user_profile` VALUES ('49', '1', '0000-00-00', '', '', '', '', '', '', '', '', '', '', '1', 'classic', '0', '0', '0', '', '南昌_南昌_南昌', '', '0', '', '200', '200', '0', '0', '1', '0', '0', '', '', '', '', '1', '', '0', '50', '0', '', '0', '');
INSERT INTO `user_profile` VALUES ('50', '0', '0000-00-00', '', '', '', '', '', '', '', '', '', '', '1', 'classic', '0', '0', '0', '', '南昌_南昌_南昌', '', '0', '', '0', '0', '200', '0', '1', '0', '0', '', '', '', '', '0', '', '0', '50', '0', '', '0', '');
INSERT INTO `user_profile` VALUES ('51', '0', '0000-00-00', '', '', '', '', '', '', '', '', '', '', '1', 'classic', '0', '0', '0', '', '南昌_南昌_南昌', '', '0', '', '0', '0', '200', '0', '1', '0', '0', '', '', '', '', '0', '', '0', '50', '0', '', '0', '');

-- ----------------------------
-- Table structure for user_weixinqy
-- ----------------------------
DROP TABLE IF EXISTS `user_weixinqy`;
CREATE TABLE `user_weixinqy` (
  `id` int(10) unsigned NOT NULL AUTO_INCREMENT,
  `user_id` int(10) unsigned DEFAULT NULL COMMENT '系统用户ID',
  `open_id` varchar(64) DEFAULT NULL COMMENT '微信用户ID',
  `the_type` varchar(10) DEFAULT NULL COMMENT '类型',
  PRIMARY KEY (`id`),
  KEY `user_id` (`user_id`),
  KEY `open_id` (`open_id`),
  KEY `the_type` (`the_type`)
) ENGINE=InnoDB DEFAULT CHARSET=utf8;

-- ----------------------------
-- Records of user_weixinqy
-- ----------------------------

-- ----------------------------
-- Table structure for vehicle
-- ----------------------------
DROP TABLE IF EXISTS `vehicle`;
CREATE TABLE `vehicle` (
  `id` int(11) NOT NULL AUTO_INCREMENT COMMENT '自增主键',
  `v_model` varchar(200) NOT NULL COMMENT '厂牌型号',
  `v_num` varchar(20) NOT NULL COMMENT '车牌号',
  `v_driver` varchar(20) NOT NULL COMMENT '司机',
  `v_type` varchar(20) NOT NULL COMMENT '车辆类型',
  `v_date` int(11) NOT NULL COMMENT '购买日期',
  `v_price` int(11) NOT NULL COMMENT '购买价格',
  `v_engine_num` varchar(20) NOT NULL COMMENT '发动机号',
  `v_status` varchar(20) NOT NULL DEFAULT '0' COMMENT '0:可用;1:损耗;2:维修中;3:报废',
  `v_remark` text NOT NULL COMMENT '备注',
  `v_phone_no` varchar(50) NOT NULL COMMENT '手机号码',
  `v_insure_type` varchar(255) NOT NULL,
  `v_mot` int(11) NOT NULL DEFAULT '0',
  `v_insure` int(11) NOT NULL DEFAULT '0',
  `v_binsure` int(11) NOT NULL DEFAULT '0',
  `v_field` text NOT NULL,
  `v_displacement` varchar(255) NOT NULL,
  `v_color` varchar(255) NOT NULL,
  `v_seating` varchar(255) NOT NULL,
  `v_frame` varchar(255) NOT NULL,
  `v_certification` varchar(255) NOT NULL,
  `v_nature` varchar(255) NOT NULL,
  `v_depart` varchar(255) NOT NULL,
  `v_depart_phone` varchar(255) NOT NULL,
  `v_onwer` varchar(255) NOT NULL,
  `v_onwer_phone` varchar(255) NOT NULL,
  `v_caruser` varchar(255) NOT NULL,
  `v_caruser_phone` varchar(255) NOT NULL,
  `v_tax` varchar(255) NOT NULL,
  `v_pay` varchar(255) NOT NULL,
  `v_mot_sms` int(11) NOT NULL,
  `v_insure_sms` int(11) NOT NULL,
  `v_binsure_sms` int(11) NOT NULL,
  `v_mileage` varchar(255) NOT NULL,
  `v_record` text NOT NULL,
  `v_backrecord` text NOT NULL,
  PRIMARY KEY (`id`)
) ENGINE=InnoDB AUTO_INCREMENT=3 DEFAULT CHARSET=utf8;

-- ----------------------------
-- Records of vehicle
-- ----------------------------
INSERT INTO `vehicle` VALUES ('1', '奥迪A6L', '京A3U888', '黄飞', '51bd7fc48834b', '1367424000', '54000000', '12321321', '0', '黑色，合利通赢一汽奥迪城市展厅', '', '', '0', '0', '0', '', '', '', '', '', '', '', '', '', '', '', '', '', '', '', '0', '0', '0', '', '', '');
INSERT INTO `vehicle` VALUES ('2', '奥迪A8', '京NA8666', '黄飞', '51bd7fc48834b', '1367596800', '450000', '3333333333', '0', '黑色，合利通赢一汽奥迪城市展厅 ', '', '', '0', '0', '0', '', '', '', '', '', '', '', '', '', '', '', '', '', '', '', '0', '0', '0', '', '', '');

-- ----------------------------
-- Table structure for vehicle_oil_card
-- ----------------------------
DROP TABLE IF EXISTS `vehicle_oil_card`;
CREATE TABLE `vehicle_oil_card` (
  `id` int(11) NOT NULL AUTO_INCREMENT COMMENT '唯一自增ID',
  `oc_id` varchar(20) NOT NULL DEFAULT '' COMMENT '油卡编号',
  `oc_date` int(11) NOT NULL DEFAULT '0' COMMENT '发卡日期',
  `recorder_handled` int(11) NOT NULL DEFAULT '0' COMMENT '记录人',
  `oc_handled` varchar(200) NOT NULL COMMENT '经手人',
  `oc_company` varchar(200) NOT NULL COMMENT '油卡发行单位',
  `oc_password` varchar(200) NOT NULL COMMENT '油卡密码',
  `oc_status` varchar(100) NOT NULL COMMENT '使用状态',
  `v_id` int(11) NOT NULL DEFAULT '0' COMMENT '车辆ID',
  `v_num` varchar(20) NOT NULL COMMENT '车牌号码',
  `v_dept` int(11) NOT NULL DEFAULT '0' COMMENT '保管部门',
  `v_type` varchar(200) NOT NULL COMMENT '车辆类型',
  `v_onwer` int(11) NOT NULL DEFAULT '0' COMMENT '车辆所有人',
  `v_user` int(11) NOT NULL DEFAULT '0' COMMENT '车辆长期使用人',
  PRIMARY KEY (`id`)
) ENGINE=InnoDB DEFAULT CHARSET=utf8 COMMENT='车辆油卡表';

-- ----------------------------
-- Records of vehicle_oil_card
-- ----------------------------

-- ----------------------------
-- Table structure for vehicle_service
-- ----------------------------
DROP TABLE IF EXISTS `vehicle_service`;
CREATE TABLE `vehicle_service` (
  `id` int(11) NOT NULL AUTO_INCREMENT COMMENT '自增主键',
  `v_id` int(11) NOT NULL DEFAULT '0' COMMENT '车辆ID',
  `vr_request_date` int(11) NOT NULL COMMENT '维护日期',
  `vr_type` varchar(20) NOT NULL COMMENT '维护类型',
  `vr_reason` text NOT NULL COMMENT '维护原因',
  `vr_fee` decimal(10,2) NOT NULL DEFAULT '0.00' COMMENT '维护费用',
  `vr_person` varchar(20) NOT NULL COMMENT '经办人',
  `vr_remark` text NOT NULL COMMENT '备注',
  PRIMARY KEY (`id`)
) ENGINE=InnoDB AUTO_INCREMENT=3 DEFAULT CHARSET=utf8;

-- ----------------------------
-- Records of vehicle_service
-- ----------------------------
INSERT INTO `vehicle_service` VALUES ('1', '1', '1367337600', '2', '汽车没油料了', '200.00', '黄俊', '为汽车加油');
INSERT INTO `vehicle_service` VALUES ('2', '2', '1368547200', '3', '汽车很脏了，所以冲洗了一下', '100.00', '李健', '洗车');

-- ----------------------------
-- Table structure for vehicle_usage
-- ----------------------------
DROP TABLE IF EXISTS `vehicle_usage`;
CREATE TABLE `vehicle_usage` (
  `id` int(11) NOT NULL AUTO_INCREMENT COMMENT '唯一自增ID',
  `v_id` int(11) NOT NULL DEFAULT '0' COMMENT '车辆ID',
  `vu_request_date` int(11) NOT NULL DEFAULT '0' COMMENT '申请日期',
  `vu_propose` int(11) NOT NULL DEFAULT '0' COMMENT '申请人',
  `vu_user` int(11) NOT NULL DEFAULT '0' COMMENT '用车人',
  `vu_reason` text NOT NULL COMMENT '事由',
  `vu_start` int(11) NOT NULL DEFAULT '0' COMMENT '起始时间',
  `vu_end` int(11) NOT NULL COMMENT '结束时间',
  `vu_final_end` int(11) NOT NULL DEFAULT '0' COMMENT '实际结束时间',
  `vu_mileage` int(11) NOT NULL DEFAULT '0' COMMENT '行驶里程',
  `vu_dept` varchar(100) NOT NULL COMMENT '用车部门',
  `vu_status` tinyint(1) NOT NULL DEFAULT '0' COMMENT '使用状态',
  `vu_remark` text NOT NULL COMMENT '备注',
  `vu_destination` varchar(200) NOT NULL DEFAULT '' COMMENT '目的地',
  `vu_operator` int(11) NOT NULL DEFAULT '0' COMMENT '调度人员',
  `vu_driver` varchar(20) NOT NULL DEFAULT '' COMMENT '司机',
  `sms_remind` varchar(20) NOT NULL DEFAULT '' COMMENT '车辆申请部门审批',
  `sms2_remind` varchar(20) NOT NULL DEFAULT '' COMMENT '调度员审批提醒',
  `dept_manage` varchar(20) NOT NULL COMMENT '部门审批人',
  `show_flag` char(1) NOT NULL COMMENT '判断显示标志',
  `dmer_status` tinyint(1) NOT NULL DEFAULT '0' COMMENT '部门申请状态(0-等待批准,1-已批准,2-未批准)',
  `dept_reason` text NOT NULL COMMENT '部门批准说明',
  `operator_reason` text NOT NULL COMMENT '调度员审批说明',
  `vu_mileage_true` int(11) NOT NULL COMMENT '实际里程',
  `vu_parking_fees` decimal(11,2) NOT NULL COMMENT '停车费用',
  `vu_suite` text NOT NULL COMMENT '随行人员',
  `sms_remind_driver` varchar(20) NOT NULL COMMENT '内部短信提醒司机',
  `sms2_remind_driver` varchar(20) NOT NULL COMMENT '手机短信提醒司机',
  `remind_content` varchar(1000) NOT NULL COMMENT '提醒内容',
  `is_back` int(1) NOT NULL DEFAULT '0' COMMENT '是否归还',
  PRIMARY KEY (`id`)
) ENGINE=InnoDB DEFAULT CHARSET=utf8 COMMENT='车辆使用情况表';

-- ----------------------------
-- Records of vehicle_usage
-- ----------------------------

-- ----------------------------
-- Table structure for vote
-- ----------------------------
DROP TABLE IF EXISTS `vote`;
CREATE TABLE `vote` (
  `id` int(11) NOT NULL AUTO_INCREMENT COMMENT '自增主键',
  `parent_id` int(11) NOT NULL DEFAULT '0' COMMENT '父投票id',
  `from_id` varchar(20) NOT NULL DEFAULT '' COMMENT '发起人',
  `subject` varchar(200) NOT NULL DEFAULT '' COMMENT '投票描述',
  `content` text NOT NULL COMMENT '内容',
  `type` int(1) NOT NULL DEFAULT '0' COMMENT '投票类型',
  `max_num` int(11) NOT NULL DEFAULT '0' COMMENT '最多投票项',
  `min_num` int(11) NOT NULL DEFAULT '0' COMMENT '最少投票项',
  `anonymity` int(1) NOT NULL DEFAULT '0' COMMENT '是否匿名',
  `view_priv` varchar(10) NOT NULL DEFAULT '0' COMMENT '查看权限',
  `create_time` int(11) NOT NULL DEFAULT '0' COMMENT '创建时间',
  `begin_date` int(11) NOT NULL DEFAULT '0' COMMENT '开始时间',
  `end_date` int(11) NOT NULL DEFAULT '0' COMMENT '结束时间',
  `publish` varchar(10) NOT NULL DEFAULT '1' COMMENT '是否发布',
  `readers` text NOT NULL COMMENT '已读',
  `vote_no` varchar(20) NOT NULL DEFAULT '',
  `top` int(1) NOT NULL DEFAULT '0' COMMENT '置顶',
  `meeting_id` int(11) NOT NULL DEFAULT '0' COMMENT '会议ID',
  `custom_fields` text NOT NULL,
  PRIMARY KEY (`id`),
  KEY `idx_parent_id` (`parent_id`),
  KEY `idx_from_id` (`from_id`),
  KEY `idx_create_time` (`create_time`),
  KEY `idx_begin_date` (`begin_date`),
  KEY `idx_end_date` (`end_date`),
  KEY `idx_vote_no` (`vote_no`)
) ENGINE=InnoDB AUTO_INCREMENT=12 DEFAULT CHARSET=utf8;

-- ----------------------------
-- Records of vote
-- ----------------------------
INSERT INTO `vote` VALUES ('1', '0', '1', '您最需要在本站上查阅的信息是什么', '<span style=\"line-height:22px;font-family:\'宋体\';font-size:20px;background-color:rgb(250,250,250);\">您最需要在本站上查阅的信息是什么</span>', '1', '0', '0', '0', '0', '1371178709', '1371139200', '0', '1', '', '', '0', '0', '');
INSERT INTO `vote` VALUES ('2', '0', '1', '区政府实事项目征集投票', '<p style=\"margin:0px 0px 10px;padding:0px;border:0px;color:rgb(0,0,0);line-height:24px;font-family:Arial, \'宋体\';font-size:14px;\">2013年度XX区政府实事项目征集工作于今年5月初启动。为使政府实事项目更大程度地体现民意，我们通过网上征集，媒体征集，热线电话征集，向人大代表、政协委员征集以及向区各部门和各镇、街道征集等多种方式，广泛征求了社会各界的意见和建议。</p>\r\n\r\n<p style=\"margin:0px 0px 10px;padding:0px;border:0px;color:rgb(0,0,0);line-height:24px;font-family:Arial, \'宋体\';font-size:14px;\">        截止5月底，共征集意见和建议137项。按照区政府实事项目安排的基本原则，经过汇总、筛选、整理，并进一步征求相关部门的意见，从中选出21项反映最集中的项目。现向全区广大居民征求意见，请对征集项目进行投票，选出您认为最适合列入2013年区政府实事的项目。</p>\r\n', '0', '0', '0', '0', '0', '1371178709', '1371139200', '0', '1', '', '', '0', '0', '');
INSERT INTO `vote` VALUES ('3', '0', '1', '你对农村改革发展综合试验区建设了解吗', '农村改革发展综合试验区建设了解', '1', '0', '0', '1', '0', '1371279876', '1371225600', '0', '1', ',1,p1,', '', '1', '0', '');
INSERT INTO `vote` VALUES ('4', '0', '1', '试验区建设能对经济发展起到立竿见影的效果吗', '你认为试验区建设能对经济发展起到立竿见影的效果吗', '0', '0', '0', '0', '0', '1371280039', '1371225600', '0', '1', '', '', '0', '0', '');
INSERT INTO `vote` VALUES ('6', '0', '1', '孩子作业该不该难一下些', '作业是作为课堂上未完成的内容在家去完成，简单了不利于孩子的成绩上升，难了又会影响孩子的信心。', '0', '0', '0', '0', '0', '1443065023', '1443024000', '0', '1', ',1,11,5,', '0', '0', '0', '');
INSERT INTO `vote` VALUES ('8', '0', '1', '国庆节礼品', '选出你心中的国庆礼品', '0', '0', '0', '0', '0', '1446618875', '1446566400', '0', '1', '', '0', '0', '0', '');
INSERT INTO `vote` VALUES ('9', '0', '1', '家访有没有必要', '如题', '0', '0', '0', '0', '0', '1446619884', '1446566400', '0', '1', ',1,', '0', '0', '0', '');
INSERT INTO `vote` VALUES ('10', '0', '1', '你认为自己的课堂气氛活跃吗', '如题', '0', '0', '0', '0', '0', '1446620088', '1446566400', '0', '1', '', '0', '0', '0', '');
INSERT INTO `vote` VALUES ('11', '10', '1', '平时都怎么过自己的业余时间', '如题', '1', '0', '0', '0', '0', '1446620160', '1446566400', '0', '1', '', '', '0', '0', '');

-- ----------------------------
-- Table structure for vote_data
-- ----------------------------
DROP TABLE IF EXISTS `vote_data`;
CREATE TABLE `vote_data` (
  `id` int(11) NOT NULL AUTO_INCREMENT,
  `user_id` int(11) NOT NULL,
  `item_id` int(11) NOT NULL,
  `field_name` varchar(255) NOT NULL,
  `field_data` text NOT NULL,
  PRIMARY KEY (`id`)
) ENGINE=InnoDB DEFAULT CHARSET=utf8;

-- ----------------------------
-- Records of vote_data
-- ----------------------------

-- ----------------------------
-- Table structure for vote_item
-- ----------------------------
DROP TABLE IF EXISTS `vote_item`;
CREATE TABLE `vote_item` (
  `id` int(11) NOT NULL AUTO_INCREMENT COMMENT '自增主键',
  `vote_id` int(11) NOT NULL DEFAULT '0' COMMENT '投票主键id',
  `item_name` text NOT NULL COMMENT '投票项名称',
  `vote_count` int(11) NOT NULL DEFAULT '0' COMMENT '总投票',
  `vote_user` text NOT NULL COMMENT '已投该项人员',
  PRIMARY KEY (`id`),
  KEY `idx_vote_id` (`vote_id`),
  CONSTRAINT `vote_item_ibfk_1` FOREIGN KEY (`vote_id`) REFERENCES `vote` (`id`) ON DELETE CASCADE
) ENGINE=InnoDB AUTO_INCREMENT=45 DEFAULT CHARSET=utf8;

-- ----------------------------
-- Records of vote_item
-- ----------------------------
INSERT INTO `vote_item` VALUES ('1', '1', '政府政务', '0', '');
INSERT INTO `vote_item` VALUES ('2', '1', '市县新闻', '0', '');
INSERT INTO `vote_item` VALUES ('3', '1', '政府文件', '0', '');
INSERT INTO `vote_item` VALUES ('4', '1', '相关法规', '0', '');
INSERT INTO `vote_item` VALUES ('5', '1', '咨询提问', '0', '');
INSERT INTO `vote_item` VALUES ('6', '2', '全区中小学食堂实时监控系统全覆盖', '0', '');
INSERT INTO `vote_item` VALUES ('7', '2', '开展社区消防安全知识普及活动', '0', '');
INSERT INTO `vote_item` VALUES ('8', '2', '建设200座候车亭', '0', '');
INSERT INTO `vote_item` VALUES ('9', '2', '全科医生家庭服务全覆盖', '0', '');
INSERT INTO `vote_item` VALUES ('10', '2', '启动20条道路消防水源治理', '0', '');
INSERT INTO `vote_item` VALUES ('15', '3', '比较了解', '2', '1,p1,');
INSERT INTO `vote_item` VALUES ('16', '3', '基本了解', '0', '');
INSERT INTO `vote_item` VALUES ('17', '3', '知之甚少', '0', '');
INSERT INTO `vote_item` VALUES ('18', '3', '一点不了解', '0', '');
INSERT INTO `vote_item` VALUES ('19', '4', '不能', '0', '');
INSERT INTO `vote_item` VALUES ('20', '4', '能', '0', '');
INSERT INTO `vote_item` VALUES ('21', '6', '难', '0', '');
INSERT INTO `vote_item` VALUES ('22', '6', '难易结合', '1', '5,');
INSERT INTO `vote_item` VALUES ('23', '6', '简单', '1', '11,');
INSERT INTO `vote_item` VALUES ('24', '6', '其他', '1', '1,');
INSERT INTO `vote_item` VALUES ('29', '8', '组织一次全校活动', '0', '');
INSERT INTO `vote_item` VALUES ('30', '8', '各班带领自己的学生出去游玩', '0', '');
INSERT INTO `vote_item` VALUES ('31', '8', '班级自行举办活动', '0', '');
INSERT INTO `vote_item` VALUES ('32', '8', '放假七天什么也不做', '0', '');
INSERT INTO `vote_item` VALUES ('33', '9', '有必要', '0', '');
INSERT INTO `vote_item` VALUES ('34', '9', '没必要', '0', '');
INSERT INTO `vote_item` VALUES ('35', '9', '各层次学生选择家访', '1', '1,');
INSERT INTO `vote_item` VALUES ('36', '9', '看家长需要进行', '0', '');
INSERT INTO `vote_item` VALUES ('37', '10', '活跃', '0', '');
INSERT INTO `vote_item` VALUES ('38', '10', '不活跃', '0', '');
INSERT INTO `vote_item` VALUES ('39', '10', '还行', '0', '');
INSERT INTO `vote_item` VALUES ('40', '10', '有待提高', '0', '');
INSERT INTO `vote_item` VALUES ('41', '11', '看书', '0', '');
INSERT INTO `vote_item` VALUES ('42', '11', '看电视', '0', '');
INSERT INTO `vote_item` VALUES ('43', '11', '出去游玩', '0', '');
INSERT INTO `vote_item` VALUES ('44', '11', '睡觉', '0', '');

-- ----------------------------
-- Table structure for week_schedule
-- ----------------------------
DROP TABLE IF EXISTS `week_schedule`;
CREATE TABLE `week_schedule` (
  `id` int(11) NOT NULL AUTO_INCREMENT,
  `schedule_year` char(4) NOT NULL,
  `schedule_week` tinyint(4) NOT NULL,
  PRIMARY KEY (`id`)
) ENGINE=InnoDB DEFAULT CHARSET=utf8;

-- ----------------------------
-- Records of week_schedule
-- ----------------------------

-- ----------------------------
-- Table structure for wf_df_application
-- ----------------------------
DROP TABLE IF EXISTS `wf_df_application`;
CREATE TABLE `wf_df_application` (
  `id` char(36) NOT NULL,
  `app_name` varchar(64) NOT NULL,
  `app_desc` varchar(255) NOT NULL,
  `workflow_id` char(36) NOT NULL,
  `counter` int(11) NOT NULL COMMENT '计数器',
  `xml_data` text NOT NULL,
  `category_id` int(11) DEFAULT NULL,
  `order_no` int(11) NOT NULL DEFAULT '0',
  PRIMARY KEY (`id`),
  KEY `idx_category_id` (`category_id`),
  KEY `idx_workflow_id` (`workflow_id`),
  CONSTRAINT `fk_app_category_id` FOREIGN KEY (`category_id`) REFERENCES `wf_df_app_category` (`id`) ON UPDATE CASCADE,
  CONSTRAINT `fk_app_workflow_id` FOREIGN KEY (`workflow_id`) REFERENCES `wf_df_workflow` (`id`) ON UPDATE CASCADE
) ENGINE=InnoDB DEFAULT CHARSET=utf8;

-- ----------------------------
-- Records of wf_df_application
-- ----------------------------
INSERT INTO `wf_df_application` VALUES ('2fee21f5-b3e4-360e-b3f4-b5c51da5757b', '办公用品申请', '', '1c55773a-0ac6-62a2-9141-8ac2c58f9030', '0', '<?xml version=\"1.0\" encoding=\"UTF-8\"?>\n<root>\n  <field>\n    <node143476bbddc8ab>\n      <item>\n        <form>9a0cef49-8ce9-5701-1743-831d7515ddec</form>\n        <field>532935f1ba42e</field>\n        <field>53293d9b72f19</field>\n        <field>53293da78bae4</field>\n        <field>53293db026ae7</field>\n        <field>53293dc956b67</field>\n      </item>\n    </node143476bbddc8ab>\n    <node143476bf404261>\n      <item>\n        <form>9a0cef49-8ce9-5701-1743-831d7515ddec</form>\n        <field>53293dbab431a</field>\n        <field>53293de08aa1d</field>\n        <field>53293dec6046b</field>\n        <field>53293e0b6834b</field>\n        <field>53293e2f0c111</field>\n        <field>53293e6943f1e</field>\n        <field>53293eb653852</field>\n      </item>\n    </node143476bf404261>\n    <node143476c1325149>\n      <item>\n        <form>9a0cef49-8ce9-5701-1743-831d7515ddec</form>\n        <field>53293e0b6834b</field>\n        <field>53293e1d04916</field>\n        <field>53293e98d9793</field>\n        <field>53293ec173699</field>\n      </item>\n    </node143476c1325149>\n    <node143476c6125897></node143476c6125897>\n  </field>\n</root>\n', '5', '0');
INSERT INTO `wf_df_application` VALUES ('447885b4-7012-12b6-fd5d-7b70b8004390', '发文', '', 'c70cabea-b6c3-c22a-e2b9-3be70edf1994', '0', '<?xml version=\"1.0\" encoding=\"UTF-8\"?>\n<root>\n  <filebtn>\n    <node145404efd702de>upload</node145404efd702de>\n    <node145404efd702de>download</node145404efd702de>\n    <node145404efd702de>read</node145404efd702de>\n    <node145404efd702de>write</node145404efd702de>\n    <node145404efd702de>delete</node145404efd702de>\n  </filebtn>\n  <field>\n    <node145404efd702de>\n      <item>\n        <form>aa9e990d-9f38-14d2-9d22-3654ab45cafe</form>\n        <field>534d4c710aa62</field>\n        <field>534d4c710f274</field>\n        <field>534d4c71109dd</field>\n        <field>534d4c7112138</field>\n      </item>\n    </node145404efd702de>\n  </field>\n  <required>\n    <node145404efd702de>\n      <item>\n        <form>aa9e990d-9f38-14d2-9d22-3654ab45cafe</form>\n        <field>534d4c710aa62</field>\n        <field>534d4c710f274</field>\n        <field>534d4c71109dd</field>\n        <field>534d4c7112138</field>\n      </item>\n    </node145404efd702de>\n  </required>\n  <form>\n    <node145404efd702de>aa9e990d-9f38-14d2-9d22-3654ab45cafe</node145404efd702de>\n    <node145404f108b413>aa9e990d-9f38-14d2-9d22-3654ab45cafe</node145404f108b413>\n  </form>\n  <notify>\n    <node145404efd702de>\n      <email>1,</email>\n    </node145404efd702de>\n  </notify>\n  <permission>\n    <manage>\n      <type>3</type>\n      <scope></scope>\n      <user>1,</user>\n    </manage>\n  </permission>\n</root>\n', '1', '0');
INSERT INTO `wf_df_application` VALUES ('4499e8ec-70cf-09c7-54d8-516475c69a3a', '设备购置单', '', 'a185bbf1-9423-6e46-954e-a758cafe819e', '0', '<?xml version=\"1.0\" encoding=\"UTF-8\"?>\n<root>\n  <field>\n    <node150c74a41619f6>\n      <item>\n        <form>d8ccc041-15ef-bc5e-6f40-b755a1492ced</form>\n        <field>56371a0caa3a2</field>\n        <field>56371a12c11d8</field>\n        <field>56371a8b0dd31</field>\n        <field>56371ab0d05fc</field>\n        <field>56371abae3729</field>\n        <field>56371b164eaca</field>\n      </item>\n    </node150c74a41619f6>\n    <node150c74a4971486>\n      <item>\n        <form>d8ccc041-15ef-bc5e-6f40-b755a1492ced</form>\n        <field>56371b4bd4305</field>\n      </item>\n    </node150c74a4971486>\n    <node150c74a4fc92ad>\n      <item>\n        <form>d8ccc041-15ef-bc5e-6f40-b755a1492ced</form>\n        <field>56371b63c8bea</field>\n      </item>\n    </node150c74a4fc92ad>\n    <node150c74a5719f14>\n      <item>\n        <form>d8ccc041-15ef-bc5e-6f40-b755a1492ced</form>\n        <field>56371b713b99d</field>\n      </item>\n    </node150c74a5719f14>\n    <node150c74a5f32a3f>\n      <item>\n        <form>d8ccc041-15ef-bc5e-6f40-b755a1492ced</form>\n        <field>56371b98d4305</field>\n      </item>\n    </node150c74a5f32a3f>\n    <node150c74a66fa17d>\n      <item>\n        <form>d8ccc041-15ef-bc5e-6f40-b755a1492ced</form>\n        <field>56371ba09356c</field>\n      </item>\n    </node150c74a66fa17d>\n    <node150c74a6d4353d>\n      <item>\n        <form>d8ccc041-15ef-bc5e-6f40-b755a1492ced</form>\n        <field>56371bb3b5abd</field>\n      </item>\n    </node150c74a6d4353d>\n  </field>\n  <permission>\n    <manage>\n      <type>3</type>\n      <scope></scope>\n      <user>1,</user>\n    </manage>\n  </permission>\n</root>\n', '7', '0');
INSERT INTO `wf_df_application` VALUES ('6b9b6c9d-f000-00ca-7095-f7fa345880c0', '教师培新心得体会', '', 'b89a6cd7-8389-6233-27b7-40b8f4d939fe', '0', '<?xml version=\"1.0\" encoding=\"UTF-8\"?>\n<root>\n  <field>\n    <node150c6387053f58>\n      <item>\n        <form>9a6af98f-5c2a-402c-03a8-e5b878263f9d</form>\n        <field>5636d5c1dbd17</field>\n        <field>5636d5d55deee</field>\n        <field>5636d60887e51</field>\n        <field>5636d624c8bea</field>\n      </item>\n    </node150c6387053f58>\n  </field>\n  <required>\n    <node150c6387053f58>\n      <item>\n        <form>9a6af98f-5c2a-402c-03a8-e5b878263f9d</form>\n        <field>5636d5c1dbd17</field>\n        <field>5636d5d55deee</field>\n        <field>5636d60887e51</field>\n        <field>5636d624c8bea</field>\n      </item>\n    </node150c6387053f58>\n  </required>\n  <form>\n    <node150c6387053f58>9a6af98f-5c2a-402c-03a8-e5b878263f9d</node150c6387053f58>\n  </form>\n  <permission>\n    <manage>\n      <type>3</type>\n      <scope></scope>\n      <org>8</org>\n    </manage>\n  </permission>\n</root>\n', '7', '0');
INSERT INTO `wf_df_application` VALUES ('7a10c00a-ed4f-864c-e615-c5f0922ecb97', '用车审批', '', '0bb7f3f6-0edc-e16c-7db8-eb6aba2656f4', '0', '<?xml version=\"1.0\" encoding=\"UTF-8\"?>\n<root>\n  <field>\n    <node1434778c418e1d>\n      <item>\n        <form>7d331417-cc18-9640-08ee-446e04c95b10</form>\n        <field>53293c7f81035</field>\n        <field>53293c86a2778</field>\n        <field>53293c8e8c87e</field>\n        <field>53293c97a676b</field>\n        <field>53293ca18f8e4</field>\n        <field>53293cab2421f</field>\n        <field>53293cbc5fb57</field>\n        <field>53293cc96cc31</field>\n      </item>\n    </node1434778c418e1d>\n    <node1434778eaca119>\n      <item>\n        <form>7d331417-cc18-9640-08ee-446e04c95b10</form>\n        <field>53293cd81baad</field>\n      </item>\n    </node1434778eaca119>\n    <node143477941c4af7>\n      <item>\n        <form>7d331417-cc18-9640-08ee-446e04c95b10</form>\n        <field>53293cf75cf5e</field>\n        <field>53293d00e2889</field>\n        <field>53293d091a1cc</field>\n        <field>53293d13747e0</field>\n        <field>53293d2224875</field>\n      </item>\n    </node143477941c4af7>\n    <node143477982b5888>\n      <item>\n        <form>7d331417-cc18-9640-08ee-446e04c95b10</form>\n        <field>53293ce3299df</field>\n      </item>\n    </node143477982b5888>\n    <node1434779137071a>\n      <item>\n        <form>7d331417-cc18-9640-08ee-446e04c95b10</form>\n        <field>53293ce3299df</field>\n      </item>\n    </node1434779137071a>\n  </field>\n  <form>\n    <node1434778c418e1d>7d331417-cc18-9640-08ee-446e04c95b10</node1434778c418e1d>\n  </form>\n</root>\n', '5', '0');
INSERT INTO `wf_df_application` VALUES ('8ba29a2a-d6e6-510f-baa7-0d13f7f7fa3c', '值班登记单', '', '9e5cdd78-4db6-aa43-40fd-73a7013f0d8d', '0', '<?xml version=\"1.0\" encoding=\"UTF-8\"?>\n<root>\n  <field>\n    <node143479cabd3aef>\n      <item>\n        <form>e94353a6-59f8-b4a7-82c7-98d8c4b65ff8</form>\n        <field>5329408dd15d8</field>\n      </item>\n    </node143479cabd3aef>\n    <node143479cbdf4fad>\n      <item>\n        <form>e94353a6-59f8-b4a7-82c7-98d8c4b65ff8</form>\n        <field>53294059a3b0a</field>\n        <field>532940818c2c4</field>\n        <field>53294098e67cf</field>\n      </item>\n    </node143479cbdf4fad>\n    <node143479ced31838>\n      <item>\n        <form>e94353a6-59f8-b4a7-82c7-98d8c4b65ff8</form>\n        <field>5329403c322b1</field>\n        <field>53294052add26</field>\n        <field>53294059a3b0a</field>\n        <field>5329405f9ece6</field>\n        <field>532940651030e</field>\n        <field>5329406c7c2d7</field>\n        <field>532940788662e</field>\n      </item>\n    </node143479ced31838>\n  </field>\n  <filebtn>\n    <node143479cabd3aef>upload</node143479cabd3aef>\n    <node143479cabd3aef>download</node143479cabd3aef>\n    <node143479cabd3aef>read</node143479cabd3aef>\n    <node143479cabd3aef>write</node143479cabd3aef>\n    <node143479cabd3aef>rename</node143479cabd3aef>\n  </filebtn>\n  <required>\n    <node143479cabd3aef>\n      <item>\n        <form>e94353a6-59f8-b4a7-82c7-98d8c4b65ff8</form>\n        <field>532940292c0dd</field>\n        <field>5329403c322b1</field>\n        <field>53294052add26</field>\n        <field>532940651030e</field>\n      </item>\n    </node143479cabd3aef>\n  </required>\n  <button>\n    <node143479cabd3aef>add</node143479cabd3aef>\n    <node143479cabd3aef>rollback</node143479cabd3aef>\n  </button>\n  <notify>\n    <node143479cabd3aef>\n      <email>1,</email>\n    </node143479cabd3aef>\n  </notify>\n</root>\n', '5', '0');
INSERT INTO `wf_df_application` VALUES ('99510fa1-4c24-4433-6992-7f48b3f80971', '学生获奖登记', '', '31136e61-7505-409c-014f-537e9ae2c066', '0', '<?xml version=\"1.0\" encoding=\"UTF-8\"?>\n<root>\n  <field>\n    <node150b67db81f82e>\n      <item>\n        <form>f302c471-a069-c045-36f3-96b198127107</form>\n        <field>5632ca8c0f424</field>\n        <field>5632caa8e4e1c</field>\n        <field>5632cb7344aa2</field>\n        <field>5632cd2b7a120</field>\n        <field>5632cd8376417</field>\n        <field>5632cda9d9701</field>\n        <field>5632cdbf9c671</field>\n        <field>5632cdccbaeb9</field>\n        <field>5632ce0c6ea05</field>\n        <field>5632ce95f0537</field>\n      </item>\n    </node150b67db81f82e>\n  </field>\n  <required>\n    <node150b67db81f82e>\n      <item>\n        <form>f302c471-a069-c045-36f3-96b198127107</form>\n        <field>5632ca8c0f424</field>\n        <field>5632caa8e4e1c</field>\n        <field>5632cb7344aa2</field>\n        <field>5632cd2b7a120</field>\n        <field>5632cd8376417</field>\n        <field>5632cda9d9701</field>\n        <field>5632ce0c6ea05</field>\n        <field>5632ce95f0537</field>\n      </item>\n    </node150b67db81f82e>\n  </required>\n  <permission>\n    <query>\n      <type>1</type>\n      <scope></scope>\n      <user>1,</user>\n    </query>\n    <manage>\n      <type>3</type>\n      <scope></scope>\n    </manage>\n  </permission>\n</root>\n', '7', '0');
INSERT INTO `wf_df_application` VALUES ('ca613ccc-5b1e-9087-fbe1-efa23127a317', '教师请假单', '', 'a95b83d3-3855-428b-79cc-a1c009c8bc4d', '0', '<?xml version=\"1.0\" encoding=\"UTF-8\"?>\n<root>\n  <field>\n    <node150c6ab02d13e6>\n      <item>\n        <form>234568ef-5ef9-6542-99ab-97c1e29e7ec9</form>\n        <field>5636ef754adc1</field>\n        <field>5636ef8215743</field>\n        <field>5636efe0c4ee1</field>\n        <field>5636f00bbd4cf</field>\n        <field>5636f01a9ec87</field>\n        <field>5636f051dbd17</field>\n      </item>\n    </node150c6ab02d13e6>\n    <node150c6aa6194306>\n      <item>\n        <form>234568ef-5ef9-6542-99ab-97c1e29e7ec9</form>\n        <field>5636f1ef7c736</field>\n        <field>5636f1fa0dd31</field>\n        <field>5636f21a74d24</field>\n      </item>\n    </node150c6aa6194306>\n    <node150c6aa6f84543>\n      <item>\n        <form>234568ef-5ef9-6542-99ab-97c1e29e7ec9</form>\n        <field>5636f2510dd31</field>\n        <field>5636f25a0631f</field>\n      </item>\n    </node150c6aa6f84543>\n    <node150c6cccbd308f>\n      <item>\n        <form>234568ef-5ef9-6542-99ab-97c1e29e7ec9</form>\n        <field>5636f2510dd31</field>\n        <field>5636f25a0631f</field>\n      </item>\n    </node150c6cccbd308f>\n    <node150c6d7e0d186a>\n      <item>\n        <form>234568ef-5ef9-6542-99ab-97c1e29e7ec9</form>\n        <field>5636f1ef7c736</field>\n        <field>5636f1fa0dd31</field>\n        <field>5636f21a74d24</field>\n      </item>\n    </node150c6d7e0d186a>\n  </field>\n  <button>\n    <node150c6aa6194306>rollback</node150c6aa6194306>\n    <node150c6aa6f84543>rollback</node150c6aa6f84543>\n  </button>\n  <permission>\n    <manage>\n      <type>3</type>\n      <scope></scope>\n      <user>1,</user>\n    </manage>\n  </permission>\n</root>\n', '7', '0');
INSERT INTO `wf_df_application` VALUES ('d1dfe6e7-30fc-ce72-3b2a-be243dbccff7', '物业报修单', '', 'efae73b7-bb3e-ca45-cf31-633a4cdd63e2', '0', '<?xml version=\"1.0\" encoding=\"UTF-8\"?>\n<root>\n  <field>\n    <node150c7014b34035>\n      <item>\n        <form>0626ea59-00c0-72fc-716a-6ee894fdd930</form>\n        <field>56370865b5abd</field>\n        <field>563708798043f</field>\n        <field>563708ae11a3a</field>\n        <field>563708b3d4305</field>\n        <field>563708bc15743</field>\n        <field>56370905527d3</field>\n        <field>5637091837c94</field>\n        <field>5637092361bf7</field>\n        <field>5637092ddfa20</field>\n        <field>563709384adc1</field>\n      </item>\n    </node150c7014b34035>\n    <node150c7015159c55>\n      <item>\n        <form>0626ea59-00c0-72fc-716a-6ee894fdd930</form>\n        <field>5637094d0dd31</field>\n      </item>\n    </node150c7015159c55>\n  </field>\n  <required>\n    <node150c7014b34035>\n      <item>\n        <form>0626ea59-00c0-72fc-716a-6ee894fdd930</form>\n        <field>56370865b5abd</field>\n        <field>563708798043f</field>\n        <field>563708bc15743</field>\n        <field>56370905527d3</field>\n        <field>5637091837c94</field>\n        <field>5637092361bf7</field>\n        <field>5637092ddfa20</field>\n        <field>563709384adc1</field>\n      </item>\n    </node150c7014b34035>\n  </required>\n  <button>\n    <node150c7015159c55>rollback</node150c7015159c55>\n  </button>\n  <permission>\n    <manage>\n      <type>3</type>\n      <scope></scope>\n      <user>1,</user>\n    </manage>\n  </permission>\n</root>\n', '7', '0');
INSERT INTO `wf_df_application` VALUES ('ebed23aa-c5e3-a207-f58f-f39660728491', '复印申请', '', '4cc63799-60c6-151c-6c02-b5025ba8c662', '0', '<?xml version=\"1.0\" encoding=\"UTF-8\"?>\n<root>\n  <field>\n    <node1434795e98a48b>53293f0d48541</node1434795e98a48b>\n    <node1434795e98a48b>53293f13dd598</node1434795e98a48b>\n    <node1434795e98a48b>53293f1ea25f5</node1434795e98a48b>\n    <node1434795e98a48b>53293f27d8b5a</node1434795e98a48b>\n    <node1434795e98a48b>53293f3307546</node1434795e98a48b>\n    <node1434795e98a48b>53293f4293131</node1434795e98a48b>\n    <node1434795e98a48b>53293f65e15b6</node1434795e98a48b>\n    <node1434795e98a48b>53293f76e24c5</node1434795e98a48b>\n    <node14347960540d4f>53293f7e6fd8f</node14347960540d4f>\n    <node144d945803d43e>\n      <item>\n        <form>b266bb81-4a83-f375-cfe3-1925e02fa215</form>\n        <field>53293f0d48541</field>\n        <field>53293f13dd598</field>\n        <field>53293f1ea25f5</field>\n        <field>53293f27d8b5a</field>\n        <field>53293f3307546</field>\n        <field>53293f4293131</field>\n        <field>53293f65e15b6</field>\n        <field>53293f76e24c5</field>\n      </item>\n    </node144d945803d43e>\n    <node144d945867e1a4>\n      <item>\n        <form>b266bb81-4a83-f375-cfe3-1925e02fa215</form>\n        <field>53293f7e6fd8f</field>\n      </item>\n    </node144d945867e1a4>\n  </field>\n  <required>\n    <node144d945803d43e>\n      <item>\n        <form>b266bb81-4a83-f375-cfe3-1925e02fa215</form>\n        <field>53293f0d48541</field>\n        <field>53293f13dd598</field>\n        <field>53293f1ea25f5</field>\n        <field>53293f27d8b5a</field>\n        <field>53293f3307546</field>\n        <field>53293f4293131</field>\n        <field>53293f65e15b6</field>\n      </item>\n    </node144d945803d43e>\n    <node144d945867e1a4>\n      <item>\n        <form>b266bb81-4a83-f375-cfe3-1925e02fa215</form>\n        <field>53293f7e6fd8f</field>\n      </item>\n    </node144d945867e1a4>\n  </required>\n</root>\n', '5', '0');
INSERT INTO `wf_df_application` VALUES ('f7322fc5-e724-41b9-fc10-6651af38738c', '工作交办审批', '', 'd8812148-e8e0-9a06-496a-0bfa7dd58069', '0', '<?xml version=\"1.0\" encoding=\"UTF-8\"?>\n<root>\n  <field>\n    <node1434768cbf8618>\n      <item>\n        <form>7bae1098-fcb2-bfb2-c9ea-319e28d32676</form>\n        <field>53293ae920cdb</field>\n        <field>53293af5ee2f0</field>\n        <field>53293b0d00618</field>\n        <field>53293b2323831</field>\n        <field>53293b82bfd2d</field>\n        <field>53293bb856c0f</field>\n      </item>\n    </node1434768cbf8618>\n    <node14347695b2c57e>\n      <item>\n        <form>7bae1098-fcb2-bfb2-c9ea-319e28d32676</form>\n        <field>53293bfaaa451</field>\n      </item>\n    </node14347695b2c57e>\n    <node14347698875299>\n      <item>\n        <form>7bae1098-fcb2-bfb2-c9ea-319e28d32676</form>\n        <field>53293c2127a17</field>\n      </item>\n    </node14347698875299>\n    <node1434769a2c4bc6>\n      <item>\n        <form>7bae1098-fcb2-bfb2-c9ea-319e28d32676</form>\n        <field>53293c0797429</field>\n      </item>\n    </node1434769a2c4bc6>\n  </field>\n</root>\n', '5', '0');

-- ----------------------------
-- Table structure for wf_df_app_category
-- ----------------------------
DROP TABLE IF EXISTS `wf_df_app_category`;
CREATE TABLE `wf_df_app_category` (
  `id` int(11) NOT NULL AUTO_INCREMENT,
  `category_name` varchar(40) NOT NULL,
  `order` varchar(10) NOT NULL,
  `parent_id` int(11) NOT NULL,
  `create_user` int(11) NOT NULL DEFAULT '1' COMMENT '创建者',
  PRIMARY KEY (`id`)
) ENGINE=InnoDB AUTO_INCREMENT=11 DEFAULT CHARSET=utf8;

-- ----------------------------
-- Records of wf_df_app_category
-- ----------------------------
INSERT INTO `wf_df_app_category` VALUES ('1', '工作审批', '1', '0', '1');
INSERT INTO `wf_df_app_category` VALUES ('2', '资源审批', '2', '0', '1');
INSERT INTO `wf_df_app_category` VALUES ('5', '事务处理', '2', '0', '1');
INSERT INTO `wf_df_app_category` VALUES ('6', '其他', '10', '0', '1');
INSERT INTO `wf_df_app_category` VALUES ('7', '人事', '6', '0', '1');
INSERT INTO `wf_df_app_category` VALUES ('8', '测试', '1', '0', '1');
INSERT INTO `wf_df_app_category` VALUES ('9', '哈哈', '2', '8', '1');
INSERT INTO `wf_df_app_category` VALUES ('10', '美丽', '3', '9', '1');

-- ----------------------------
-- Table structure for wf_df_category
-- ----------------------------
DROP TABLE IF EXISTS `wf_df_category`;
CREATE TABLE `wf_df_category` (
  `id` int(11) NOT NULL AUTO_INCREMENT,
  `category_name` varchar(40) NOT NULL,
  `order` varchar(10) NOT NULL,
  `parent_id` int(11) NOT NULL,
  `create_user` int(11) NOT NULL DEFAULT '1' COMMENT '创建者',
  PRIMARY KEY (`id`)
) ENGINE=InnoDB AUTO_INCREMENT=8 DEFAULT CHARSET=utf8;

-- ----------------------------
-- Records of wf_df_category
-- ----------------------------
INSERT INTO `wf_df_category` VALUES ('1', '公文', '1', '0', '1');
INSERT INTO `wf_df_category` VALUES ('2', '发文', '11', '1', '1');
INSERT INTO `wf_df_category` VALUES ('3', '收文', '12', '1', '1');
INSERT INTO `wf_df_category` VALUES ('4', '行政审批', '2', '0', '1');
INSERT INTO `wf_df_category` VALUES ('5', '报告', '3', '1', '1');
INSERT INTO `wf_df_category` VALUES ('6', '其他', '6', '0', '1');
INSERT INTO `wf_df_category` VALUES ('7', '人事', '3', '0', '1');

-- ----------------------------
-- Table structure for wf_df_workflow
-- ----------------------------
DROP TABLE IF EXISTS `wf_df_workflow`;
CREATE TABLE `wf_df_workflow` (
  `id` char(36) NOT NULL,
  `version` decimal(10,0) DEFAULT NULL,
  `name` varchar(128) DEFAULT NULL,
  `create_user` int(11) DEFAULT NULL,
  `create_time` int(10) DEFAULT NULL,
  `xml_data` mediumtext,
  `remind_data` mediumtext,
  `category_id` int(11) DEFAULT NULL,
  `order_no` int(11) NOT NULL,
  `flow_type` smallint(1) DEFAULT '1',
  PRIMARY KEY (`id`),
  KEY `category_id` (`category_id`),
  CONSTRAINT `fk_wf_category_id` FOREIGN KEY (`category_id`) REFERENCES `wf_df_category` (`id`) ON UPDATE CASCADE
) ENGINE=InnoDB DEFAULT CHARSET=utf8;

-- ----------------------------
-- Records of wf_df_workflow
-- ----------------------------
INSERT INTO `wf_df_workflow` VALUES ('0bb7f3f6-0edc-e16c-7db8-eb6aba2656f4', '0', '用车申请', '1', '1388473475', '<?xml version=\"1.0\" encoding=\"UTF-8\"?>\n<root>\n  <nodes>\n    <node1434778a15f3c4>\n      <id>1434778a15f3c4</id>\n      <type>start</type>\n      <locked>false</locked>\n      <underline>null</underline>\n      <text>\n        <text>开始</text>\n        <x>72</x>\n        <y>60</y>\n        <text-anchor>middle</text-anchor>\n        <font-weight>400</font-weight>\n        <font-style>normal</font-style>\n        <font-size>13</font-size>\n        <font-family>\"Arial\"</font-family>\n        <fill>#3E3E3E</fill>\n        <stroke>#3E3E3E</stroke>\n      </text>\n      <shape>\n        <x>72</x>\n        <y>60</y>\n        <width>50</width>\n        <height>50</height>\n        <r>25</r>\n        <stroke>#398439</stroke>\n        <fill>#FFF</fill>\n        <stroke-dasharray></stroke-dasharray>\n        <stroke-width>2</stroke-width>\n      </shape>\n    </node1434778a15f3c4>\n    <node1434778c418e1d>\n      <id>1434778c418e1d</id>\n      <order>1</order>\n      <type>task</type>\n      <locked>false</locked>\n      <underline>null</underline>\n      <text>\n        <text>用车申请</text>\n        <x>112.84019145821688</x>\n        <y>210</y>\n        <text-anchor>middle</text-anchor>\n        <font-weight>400</font-weight>\n        <font-style>normal</font-style>\n        <font-size>13</font-size>\n        <font-family>\"Arial\"</font-family>\n        <fill>#3E3E3E</fill>\n        <stroke>#3E3E3E</stroke>\n      </text>\n      <shape>\n        <x>106</x>\n        <y>210</y>\n        <width>100</width>\n        <height>50</height>\n        <r>3</r>\n        <stroke>#3E3E3E</stroke>\n        <fill>#FFF</fill>\n        <stroke-dasharray></stroke-dasharray>\n        <stroke-width>2</stroke-width>\n      </shape>\n    </node1434778c418e1d>\n    <node1434778eaca119>\n      <id>1434778eaca119</id>\n      <order>2</order>\n      <type>task</type>\n      <locked>false</locked>\n      <underline>null</underline>\n      <text>\n        <text>部门主管意见</text>\n        <x>106.84020673977041</x>\n        <y>377</y>\n        <text-anchor>middle</text-anchor>\n        <font-weight>400</font-weight>\n        <font-style>normal</font-style>\n        <font-size>13</font-size>\n        <font-family>\"Arial\"</font-family>\n        <fill>#3E3E3E</fill>\n        <stroke>#3E3E3E</stroke>\n      </text>\n      <shape>\n        <x>100</x>\n        <y>377</y>\n        <width>100</width>\n        <height>50</height>\n        <r>3</r>\n        <stroke>#3E3E3E</stroke>\n        <fill>#FFF</fill>\n        <stroke-dasharray></stroke-dasharray>\n        <stroke-width>2</stroke-width>\n      </shape>\n    </node1434778eaca119>\n    <node1434779137071a>\n      <id>1434779137071a</id>\n      <order>3</order>\n      <type>task</type>\n      <locked>false</locked>\n      <underline>null</underline>\n      <text>\n        <text>管理部门审批</text>\n        <x>317.84020673977045</x>\n        <y>377</y>\n        <text-anchor>middle</text-anchor>\n        <font-weight>400</font-weight>\n        <font-style>normal</font-style>\n        <font-size>13</font-size>\n        <font-family>\"Arial\"</font-family>\n        <fill>#3E3E3E</fill>\n        <stroke>#3E3E3E</stroke>\n      </text>\n      <shape>\n        <x>311</x>\n        <y>377</y>\n        <width>100</width>\n        <height>50</height>\n        <r>3</r>\n        <stroke>#3E3E3E</stroke>\n        <fill>#FFF</fill>\n        <stroke-dasharray></stroke-dasharray>\n        <stroke-width>2</stroke-width>\n      </shape>\n    </node1434779137071a>\n    <node143477941c4af7>\n      <id>143477941c4af7</id>\n      <order>4</order>\n      <type>task</type>\n      <locked>false</locked>\n      <underline>null</underline>\n      <text>\n        <text>用车人用车后登记有关情况</text>\n        <x>578.8402067397704</x>\n        <y>387</y>\n        <text-anchor>middle</text-anchor>\n        <font-weight>400</font-weight>\n        <font-style>normal</font-style>\n        <font-size>13</font-size>\n        <font-family>\"Arial\"</font-family>\n        <fill>#3E3E3E</fill>\n        <stroke>#3E3E3E</stroke>\n      </text>\n      <shape>\n        <x>572</x>\n        <y>387</y>\n        <width>213</width>\n        <height>68</height>\n        <r>3</r>\n        <stroke>#3E3E3E</stroke>\n        <fill>#FFF</fill>\n        <stroke-dasharray></stroke-dasharray>\n        <stroke-width>2</stroke-width>\n      </shape>\n    </node143477941c4af7>\n    <node143477982b5888>\n      <id>143477982b5888</id>\n      <order>5</order>\n      <type>task</type>\n      <locked>false</locked>\n      <underline>null</underline>\n      <text>\n        <text>管理部门审核</text>\n        <x>811.8402067397706</x>\n        <y>390</y>\n        <text-anchor>middle</text-anchor>\n        <font-weight>400</font-weight>\n        <font-style>normal</font-style>\n        <font-size>13</font-size>\n        <font-family>\"Arial\"</font-family>\n        <fill>#3E3E3E</fill>\n        <stroke>#3E3E3E</stroke>\n      </text>\n      <shape>\n        <x>805</x>\n        <y>390</y>\n        <width>100</width>\n        <height>50</height>\n        <r>3</r>\n        <stroke>#3E3E3E</stroke>\n        <fill>#FFF</fill>\n        <stroke-dasharray></stroke-dasharray>\n        <stroke-width>2</stroke-width>\n      </shape>\n    </node143477982b5888>\n    <node14347db83b4bb4>\n      <id>14347db83b4bb4</id>\n      <type>end</type>\n      <locked>false</locked>\n      <underline>null</underline>\n      <text>\n        <text>结束</text>\n        <x>980</x>\n        <y>388</y>\n        <text-anchor>middle</text-anchor>\n        <font-weight>400</font-weight>\n        <font-style>normal</font-style>\n        <font-size>13</font-size>\n        <font-family>\"Arial\"</font-family>\n        <fill>#3E3E3E</fill>\n        <stroke>#3E3E3E</stroke>\n      </text>\n      <shape>\n        <x>980</x>\n        <y>388</y>\n        <width>50</width>\n        <height>50</height>\n        <r>25</r>\n        <stroke>#d43f3a</stroke>\n        <fill>#FFF</fill>\n        <stroke-dasharray></stroke-dasharray>\n        <stroke-width>4</stroke-width>\n      </shape>\n    </node14347db83b4bb4>\n  </nodes>\n  <lines>\n    <line1434779ce1606f>\n      <id>1434779ce1606f</id>\n      <type>normal</type>\n      <from>node1434778a15f3c4</from>\n      <to>node1434778c418e1d</to>\n      <dots/>\n      <text>\n        <text>TO 用车申请</text>\n      </text>\n      <textPos>\n        <x></x>\n        <y></y>\n      </textPos>\n    </line1434779ce1606f>\n    <line1434779d29aa49>\n      <id>1434779d29aa49</id>\n      <type>normal</type>\n      <from>node1434778c418e1d</from>\n      <to>node1434778eaca119</to>\n      <rule>\n        <type>0</type>\n        <params/>\n        <filter>0</filter>\n      </rule>\n      <dots/>\n      <text>\n        <text>TO 部门主管意见</text>\n      </text>\n      <textPos>\n        <x></x>\n        <y></y>\n      </textPos>\n    </line1434779d29aa49>\n    <line1434779d74d3dc>\n      <id>1434779d74d3dc</id>\n      <type>normal</type>\n      <from>node1434778eaca119</from>\n      <to>node1434779137071a</to>\n      <rule>\n        <type>0</type>\n        <params/>\n        <filter>0</filter>\n      </rule>\n      <dots/>\n      <text>\n        <text>TO 管理部门审批</text>\n      </text>\n      <textPos>\n        <x></x>\n        <y></y>\n      </textPos>\n    </line1434779d74d3dc>\n    <line1434779dad7b62>\n      <id>1434779dad7b62</id>\n      <type>normal</type>\n      <from>node1434779137071a</from>\n      <to>node143477941c4af7</to>\n      <rule>\n        <type>0</type>\n        <params/>\n        <filter>0</filter>\n      </rule>\n      <dots/>\n      <text>\n        <text>TO 用车人用车后登记有关情况</text>\n      </text>\n      <textPos>\n        <x></x>\n        <y></y>\n      </textPos>\n    </line1434779dad7b62>\n    <line1434779ddf4c0e>\n      <id>1434779ddf4c0e</id>\n      <type>normal</type>\n      <from>node143477941c4af7</from>\n      <to>node143477982b5888</to>\n      <rule>\n        <type>0</type>\n        <params/>\n        <filter>0</filter>\n      </rule>\n      <dots/>\n      <text>\n        <text>TO 管理部门审核</text>\n      </text>\n      <textPos>\n        <x></x>\n        <y></y>\n      </textPos>\n    </line1434779ddf4c0e>\n    <line143477a0a34a18>\n      <id>143477a0a34a18</id>\n      <type>normal</type>\n      <from>node1434778c418e1d</from>\n      <to>node1434779137071a</to>\n      <rule>\n        <type>0</type>\n        <params/>\n        <filter>0</filter>\n      </rule>\n      <dots/>\n      <text>\n        <text>TO 管理部门审批</text>\n      </text>\n      <textPos>\n        <x></x>\n        <y></y>\n      </textPos>\n    </line143477a0a34a18>\n    <line14347db921c386>\n      <id>14347db921c386</id>\n      <type>normal</type>\n      <from>node143477982b5888</from>\n      <to>node14347db83b4bb4</to>\n      <rule>\n        <type>0</type>\n        <params/>\n        <filter>0</filter>\n      </rule>\n      <dots/>\n      <text>\n        <text>TO 管理部门审批</text>\n      </text>\n      <textPos>\n        <x></x>\n        <y></y>\n      </textPos>\n    </line14347db921c386>\n  </lines>\n  <pools/>\n  <property>\n    <mode>\n      <node1434778c418e1d>single</node1434778c418e1d>\n      <node1434778eaca119>normal</node1434778eaca119>\n      <node1434779137071a>normal</node1434779137071a>\n      <node143477941c4af7>normal</node143477941c4af7>\n      <node143477982b5888>normal</node143477982b5888>\n    </mode>\n    <selectusermode>\n      <node1434778c418e1d>list</node1434778c418e1d>\n      <node1434778eaca119>list</node1434778eaca119>\n      <node1434779137071a>list</node1434779137071a>\n      <node143477941c4af7>list</node143477941c4af7>\n      <node143477982b5888>list</node143477982b5888>\n    </selectusermode>\n    <allowmobilehandle>\n      <node1434778c418e1d>1</node1434778c418e1d>\n      <node1434778eaca119>1</node1434778eaca119>\n      <node1434779137071a>1</node1434779137071a>\n      <node143477941c4af7>1</node143477941c4af7>\n      <node143477982b5888>1</node143477982b5888>\n    </allowmobilehandle>\n    <innerloop>\n      <node1434778c418e1d>0</node1434778c418e1d>\n      <node1434778eaca119>0</node1434778eaca119>\n      <node1434779137071a>0</node1434779137071a>\n      <node143477941c4af7>0</node143477941c4af7>\n      <node143477982b5888>0</node143477982b5888>\n    </innerloop>\n    <allowsettingmobilehandle>\n      <node1434778c418e1d>1</node1434778c418e1d>\n      <node1434778eaca119>1</node1434778eaca119>\n      <node1434779137071a>1</node1434779137071a>\n      <node143477941c4af7>1</node143477941c4af7>\n      <node143477982b5888>1</node143477982b5888>\n    </allowsettingmobilehandle>\n    <priv>\n      <node1434778c418e1d>\n        <user>\n          <id></id>\n          <name></name>\n        </user>\n        <dept>\n          <id>2,1,3,4,5,6,7,8,9,10,11,12,13,14,15,16,17,18,20,19,21</id>\n          <name>办公室,校领导,教务处,校团委,总务处,科研处,电教处,信息技术,教研组,语文教研组,数学教研组,外语教研组,物理教研组,化学教研组,历史教研组,地理教研组,生物教研组,体育教研组,美术教研组,音乐教研组,信息教研组</name>\n        </dept>\n        <position>\n          <id></id>\n          <name></name>\n        </position>\n        <role>\n          <id></id>\n          <name></name>\n        </role>\n      </node1434778c418e1d>\n      <node1434778eaca119>\n        <user>\n          <id>8,</id>\n          <name>曹可爱,</name>\n        </user>\n        <dept>\n          <id></id>\n          <name></name>\n        </dept>\n        <position>\n          <id></id>\n          <name></name>\n        </position>\n        <role>\n          <id></id>\n          <name></name>\n        </role>\n      </node1434778eaca119>\n      <node1434779137071a>\n        <user>\n          <id>4,</id>\n          <name>淋雨燕,</name>\n        </user>\n        <dept>\n          <id></id>\n          <name></name>\n        </dept>\n        <position>\n          <id></id>\n          <name></name>\n        </position>\n        <role>\n          <id></id>\n          <name></name>\n        </role>\n      </node1434779137071a>\n      <node143477941c4af7>\n        <user>\n          <id>2,3,4,8,1,11,5,6,7,</id>\n          <name>马有才,林峰,淋雨燕,曹可爱,系统管理员,张的发,段志明,林涛,崔莹,</name>\n        </user>\n        <dept>\n          <id>1,2,3,4,5,6,8,7,9,10,11,12,13,14,15,16,17,18,20,19,21</id>\n          <name>校领导,办公室,教务处,校团委,总务处,科研处,信息技术,电教处,教研组,语文教研组,数学教研组,外语教研组,物理教研组,化学教研组,历史教研组,地理教研组,生物教研组,体育教研组,美术教研组,音乐教研组,信息教研组</name>\n        </dept>\n        <position>\n          <id></id>\n          <name></name>\n        </position>\n        <role>\n          <id></id>\n          <name></name>\n        </role>\n      </node143477941c4af7>\n      <node143477982b5888>\n        <user>\n          <id>4,</id>\n          <name>淋雨燕,</name>\n        </user>\n        <dept>\n          <id></id>\n          <name></name>\n        </dept>\n        <position>\n          <id></id>\n          <name></name>\n        </position>\n        <role>\n          <id></id>\n          <name></name>\n        </role>\n      </node143477982b5888>\n    </priv>\n    <plugins/>\n  </property>\n  <variable>\n    <v/>\n  </variable>\n</root>\n', '', '4', '3', '1');
INSERT INTO `wf_df_workflow` VALUES ('1c55773a-0ac6-62a2-9141-8ac2c58f9030', '0', '办公用品申领', '1', '1388472654', '<?xml version=\"1.0\" encoding=\"UTF-8\"?>\n<root>\n  <nodes>\n    <node143476b747074f>\n      <id>143476b747074f</id>\n      <type>start</type>\n      <locked>false</locked>\n      <underline>null</underline>\n      <text>\n        <text>开始</text>\n        <x>59</x>\n        <y>110</y>\n        <text-anchor>middle</text-anchor>\n        <font-weight>400</font-weight>\n        <font-style>normal</font-style>\n        <font-size>13</font-size>\n        <font-family>\"Arial\"</font-family>\n        <fill>#3E3E3E</fill>\n        <stroke>#3E3E3E</stroke>\n      </text>\n      <shape>\n        <x>59</x>\n        <y>110</y>\n        <width>50</width>\n        <height>50</height>\n        <r>25</r>\n        <stroke>#398439</stroke>\n        <fill>#FFF</fill>\n        <stroke-dasharray></stroke-dasharray>\n        <stroke-width>2</stroke-width>\n      </shape>\n    </node143476b747074f>\n    <node143476b7b7455a>\n      <id>143476b7b7455a</id>\n      <type>end</type>\n      <locked>false</locked>\n      <underline>null</underline>\n      <text>\n        <text>结束</text>\n        <x>856</x>\n        <y>287</y>\n        <text-anchor>middle</text-anchor>\n        <font-weight>400</font-weight>\n        <font-style>normal</font-style>\n        <font-size>13</font-size>\n        <font-family>\"Arial\"</font-family>\n        <fill>#3E3E3E</fill>\n        <stroke>#3E3E3E</stroke>\n      </text>\n      <shape>\n        <x>856</x>\n        <y>287</y>\n        <width>50</width>\n        <height>50</height>\n        <r>25</r>\n        <stroke>#d43f3a</stroke>\n        <fill>#FFF</fill>\n        <stroke-dasharray></stroke-dasharray>\n        <stroke-width>4</stroke-width>\n      </shape>\n    </node143476b7b7455a>\n    <node143476bbddc8ab>\n      <id>143476bbddc8ab</id>\n      <order>1</order>\n      <type>task</type>\n      <locked>false</locked>\n      <underline>null</underline>\n      <text>\n        <text>申请人提出申请</text>\n        <x>190.84019145821688</x>\n        <y>108</y>\n        <text-anchor>middle</text-anchor>\n        <font-weight>400</font-weight>\n        <font-style>normal</font-style>\n        <font-size>13</font-size>\n        <font-family>\"Arial\"</font-family>\n        <fill>#3E3E3E</fill>\n        <stroke>#3E3E3E</stroke>\n      </text>\n      <shape>\n        <x>184</x>\n        <y>108</y>\n        <width>100</width>\n        <height>50</height>\n        <r>3</r>\n        <stroke>#3E3E3E</stroke>\n        <fill>#FFF</fill>\n        <stroke-dasharray></stroke-dasharray>\n        <stroke-width>2</stroke-width>\n      </shape>\n    </node143476bbddc8ab>\n    <node143476bf404261>\n      <id>143476bf404261</id>\n      <order>2</order>\n      <type>task</type>\n      <locked>false</locked>\n      <underline>null</underline>\n      <text>\n        <text>部门负责人签字</text>\n        <x>430.84019145821685</x>\n        <y>111</y>\n        <text-anchor>middle</text-anchor>\n        <font-weight>400</font-weight>\n        <font-style>normal</font-style>\n        <font-size>13</font-size>\n        <font-family>\"Arial\"</font-family>\n        <fill>#3E3E3E</fill>\n        <stroke>#3E3E3E</stroke>\n      </text>\n      <shape>\n        <x>424</x>\n        <y>111</y>\n        <width>100</width>\n        <height>50</height>\n        <r>3</r>\n        <stroke>#3E3E3E</stroke>\n        <fill>#FFF</fill>\n        <stroke-dasharray></stroke-dasharray>\n        <stroke-width>2</stroke-width>\n      </shape>\n    </node143476bf404261>\n    <node143476c1325149>\n      <id>143476c1325149</id>\n      <order>3</order>\n      <type>task</type>\n      <locked>false</locked>\n      <underline>null</underline>\n      <text>\n        <text>管理部门审批</text>\n        <x>431.84020673977045</x>\n        <y>292</y>\n        <text-anchor>middle</text-anchor>\n        <font-weight>400</font-weight>\n        <font-style>normal</font-style>\n        <font-size>13</font-size>\n        <font-family>\"Arial\"</font-family>\n        <fill>#3E3E3E</fill>\n        <stroke>#3E3E3E</stroke>\n      </text>\n      <shape>\n        <x>425</x>\n        <y>292</y>\n        <width>100</width>\n        <height>50</height>\n        <r>3</r>\n        <stroke>#3E3E3E</stroke>\n        <fill>#FFF</fill>\n        <stroke-dasharray></stroke-dasharray>\n        <stroke-width>2</stroke-width>\n      </shape>\n    </node143476c1325149>\n    <node143476c6125897>\n      <id>143476c6125897</id>\n      <order>4</order>\n      <type>task</type>\n      <locked>false</locked>\n      <underline>null</underline>\n      <text>\n        <text>申请人查阅审批情况</text>\n        <x>657.8402067397704</x>\n        <y>286</y>\n        <text-anchor>middle</text-anchor>\n        <font-weight>400</font-weight>\n        <font-style>normal</font-style>\n        <font-size>13</font-size>\n        <font-family>\"Arial\"</font-family>\n        <fill>#3E3E3E</fill>\n        <stroke>#3E3E3E</stroke>\n      </text>\n      <shape>\n        <x>651</x>\n        <y>286</y>\n        <width>155</width>\n        <height>53</height>\n        <r>3</r>\n        <stroke>#3E3E3E</stroke>\n        <fill>#FFF</fill>\n        <stroke-dasharray></stroke-dasharray>\n        <stroke-width>2</stroke-width>\n      </shape>\n    </node143476c6125897>\n  </nodes>\n  <lines>\n    <line143476e50bd998>\n      <id>143476e50bd998</id>\n      <type>normal</type>\n      <from>node143476b747074f</from>\n      <to>node143476bbddc8ab</to>\n      <dots/>\n      <text>\n        <text>TO 申请人提出申请</text>\n      </text>\n      <textPos>\n        <x></x>\n        <y></y>\n      </textPos>\n    </line143476e50bd998>\n    <line143476e55bfd6b>\n      <id>143476e55bfd6b</id>\n      <type>normal</type>\n      <from>node143476bbddc8ab</from>\n      <to>node143476bf404261</to>\n      <rule>\n        <type>0</type>\n        <params/>\n        <filter>0</filter>\n      </rule>\n      <dots/>\n      <text>\n        <text>TO 部门负责人签字</text>\n      </text>\n      <textPos>\n        <x></x>\n        <y></y>\n      </textPos>\n    </line143476e55bfd6b>\n    <line143476e5f25db9>\n      <id>143476e5f25db9</id>\n      <type>normal</type>\n      <from>node143476bf404261</from>\n      <to>node143476c1325149</to>\n      <rule>\n        <type>0</type>\n        <params/>\n        <filter>0</filter>\n      </rule>\n      <dots/>\n      <text>\n        <text>TO 管理部门审批</text>\n      </text>\n      <textPos>\n        <x></x>\n        <y></y>\n      </textPos>\n    </line143476e5f25db9>\n    <line143476e62ee26b>\n      <id>143476e62ee26b</id>\n      <type>normal</type>\n      <from>node143476c1325149</from>\n      <to>node143476c6125897</to>\n      <rule>\n        <type>0</type>\n        <params/>\n        <filter>0</filter>\n      </rule>\n      <dots/>\n      <text>\n        <text>TO 申请人查阅审批情况</text>\n      </text>\n      <textPos>\n        <x></x>\n        <y></y>\n      </textPos>\n    </line143476e62ee26b>\n    <line143476e68ba74b>\n      <id>143476e68ba74b</id>\n      <type>normal</type>\n      <from>node143476c6125897</from>\n      <to>node143476b7b7455a</to>\n      <rule>\n        <type>0</type>\n        <params/>\n        <filter>0</filter>\n      </rule>\n      <dots/>\n      <text>\n        <text>TO 结束</text>\n      </text>\n      <textPos>\n        <x></x>\n        <y></y>\n      </textPos>\n    </line143476e68ba74b>\n    <line143476e970d721>\n      <id>143476e970d721</id>\n      <type>normal</type>\n      <from>node143476bbddc8ab</from>\n      <to>node143476c1325149</to>\n      <rule>\n        <type>0</type>\n        <params/>\n        <filter>0</filter>\n      </rule>\n      <dots/>\n      <text>\n        <text>TO 管理部门审批</text>\n      </text>\n      <textPos>\n        <x></x>\n        <y></y>\n      </textPos>\n    </line143476e970d721>\n  </lines>\n  <pools/>\n  <property>\n    <mode>\n      <node143476bbddc8ab>normal</node143476bbddc8ab>\n      <node143476bf404261>normal</node143476bf404261>\n      <node143476c1325149>normal</node143476c1325149>\n      <node143476c6125897>normal</node143476c6125897>\n    </mode>\n    <selectusermode>\n      <node143476bbddc8ab>list</node143476bbddc8ab>\n      <node143476bf404261>list</node143476bf404261>\n      <node143476c1325149>list</node143476c1325149>\n      <node143476c6125897>list</node143476c6125897>\n    </selectusermode>\n    <allowmobilehandle>\n      <node143476bbddc8ab>1</node143476bbddc8ab>\n      <node143476bf404261>1</node143476bf404261>\n      <node143476c1325149>1</node143476c1325149>\n      <node143476c6125897>1</node143476c6125897>\n    </allowmobilehandle>\n    <innerloop>\n      <node143476bbddc8ab>0</node143476bbddc8ab>\n      <node143476bf404261>0</node143476bf404261>\n      <node143476c1325149>0</node143476c1325149>\n      <node143476c6125897>0</node143476c6125897>\n    </innerloop>\n    <allowsettingmobilehandle>\n      <node143476bbddc8ab>1</node143476bbddc8ab>\n      <node143476bf404261>1</node143476bf404261>\n      <node143476c1325149>1</node143476c1325149>\n      <node143476c6125897>1</node143476c6125897>\n    </allowsettingmobilehandle>\n    <priv>\n      <node143476bbddc8ab>\n        <user>\n          <id>2,4,3,8,1,11,5,6,7,</id>\n          <name>马有才,淋雨燕,林峰,曹可爱,系统管理员,张的发,段志明,林涛,崔莹,</name>\n        </user>\n        <dept>\n          <id></id>\n          <name></name>\n        </dept>\n        <position>\n          <id></id>\n          <name></name>\n        </position>\n        <role>\n          <id></id>\n          <name></name>\n        </role>\n      </node143476bbddc8ab>\n      <node143476bf404261>\n        <user>\n          <id>8,</id>\n          <name>曹可爱,</name>\n        </user>\n        <dept>\n          <id></id>\n          <name></name>\n        </dept>\n        <position>\n          <id></id>\n          <name></name>\n        </position>\n        <role>\n          <id></id>\n          <name></name>\n        </role>\n      </node143476bf404261>\n      <node143476c1325149>\n        <user>\n          <id>4,</id>\n          <name>淋雨燕,</name>\n        </user>\n        <dept>\n          <id></id>\n          <name></name>\n        </dept>\n        <position>\n          <id></id>\n          <name></name>\n        </position>\n        <role>\n          <id></id>\n          <name></name>\n        </role>\n      </node143476c1325149>\n      <node143476c6125897>\n        <user>\n          <id>2,3,4,8,1,11,5,6,7,</id>\n          <name>马有才,林峰,淋雨燕,曹可爱,系统管理员,张的发,段志明,林涛,崔莹,</name>\n        </user>\n        <dept>\n          <id></id>\n          <name></name>\n        </dept>\n        <position>\n          <id></id>\n          <name></name>\n        </position>\n        <role>\n          <id></id>\n          <name></name>\n        </role>\n      </node143476c6125897>\n    </priv>\n    <plugins/>\n  </property>\n  <variable>\n    <v/>\n  </variable>\n</root>\n', '', '4', '2', '1');
INSERT INTO `wf_df_workflow` VALUES ('25b5a991-3aca-c670-c1ae-f3da14489ac4', '0', '公文收文', '1', '1388463932', '<?xml version=\"1.0\" encoding=\"UTF-8\"?>\n<root>\n  <nodes>\n    <node1454082216e831>\n      <id>1454082216e831</id>\n      <order>1</order>\n      <type>task</type>\n      <locked>false</locked>\n      <underline>null</underline>\n      <text>\n        <text>收文登记</text>\n        <x>166.010443246122</x>\n        <y>111</y>\n        <text-anchor>middle</text-anchor>\n        <font-weight>400</font-weight>\n        <font-style>normal</font-style>\n        <font-size>13</font-size>\n        <font-family>\"Arial\"</font-family>\n        <fill>#3E3E3E</fill>\n        <stroke>#3E3E3E</stroke>\n      </text>\n      <shape>\n        <x>159</x>\n        <y>111</y>\n        <width>100</width>\n        <height>50</height>\n        <r>3</r>\n        <stroke>#3E3E3E</stroke>\n        <fill>#FFF</fill>\n        <stroke-dasharray></stroke-dasharray>\n        <stroke-width>2</stroke-width>\n      </shape>\n    </node1454082216e831>\n    <node1454082697c55>\n      <id>1454082697c55</id>\n      <order>2</order>\n      <type>task</type>\n      <locked>false</locked>\n      <underline>null</underline>\n      <text>\n        <text>批办</text>\n        <x>526.010443246122</x>\n        <y>116</y>\n        <text-anchor>middle</text-anchor>\n        <font-weight>400</font-weight>\n        <font-style>normal</font-style>\n        <font-size>13</font-size>\n        <font-family>\"Arial\"</font-family>\n        <fill>#3E3E3E</fill>\n        <stroke>#3E3E3E</stroke>\n      </text>\n      <shape>\n        <x>519</x>\n        <y>116</y>\n        <width>100</width>\n        <height>50</height>\n        <r>3</r>\n        <stroke>#3E3E3E</stroke>\n        <fill>#FFF</fill>\n        <stroke-dasharray></stroke-dasharray>\n        <stroke-width>2</stroke-width>\n      </shape>\n    </node1454082697c55>\n    <node14540910ae7e9>\n      <id>14540910ae7e9</id>\n      <order>3</order>\n      <type>task</type>\n      <locked>false</locked>\n      <underline>null</underline>\n      <text>\n        <text>拟办</text>\n        <x>349.010443246122</x>\n        <y>113</y>\n        <text-anchor>middle</text-anchor>\n        <font-weight>400</font-weight>\n        <font-style>normal</font-style>\n        <font-size>13</font-size>\n        <font-family>\"Arial\"</font-family>\n        <fill>#3E3E3E</fill>\n        <stroke>#3E3E3E</stroke>\n      </text>\n      <shape>\n        <x>342</x>\n        <y>113</y>\n        <width>100</width>\n        <height>50</height>\n        <r>3</r>\n        <stroke>#3E3E3E</stroke>\n        <fill>#FFF</fill>\n        <stroke-dasharray></stroke-dasharray>\n        <stroke-width>2</stroke-width>\n      </shape>\n    </node14540910ae7e9>\n    <node14540915435d4a>\n      <id>14540915435d4a</id>\n      <order>4</order>\n      <type>task</type>\n      <locked>false</locked>\n      <underline>null</underline>\n      <text>\n        <text>分送</text>\n        <x>164.010443246122</x>\n        <y>280</y>\n        <text-anchor>middle</text-anchor>\n        <font-weight>400</font-weight>\n        <font-style>normal</font-style>\n        <font-size>13</font-size>\n        <font-family>\"Arial\"</font-family>\n        <fill>#3E3E3E</fill>\n        <stroke>#3E3E3E</stroke>\n      </text>\n      <shape>\n        <x>157</x>\n        <y>280</y>\n        <width>95</width>\n        <height>123</height>\n        <r>3</r>\n        <stroke>#3E3E3E</stroke>\n        <fill>#FFF</fill>\n        <stroke-dasharray></stroke-dasharray>\n        <stroke-width>2</stroke-width>\n      </shape>\n    </node14540915435d4a>\n    <node14540919af5c06>\n      <id>14540919af5c06</id>\n      <order>5</order>\n      <type>task</type>\n      <locked>false</locked>\n      <underline>null</underline>\n      <text>\n        <text>阅批</text>\n        <x>527.0104432461219</x>\n        <y>243</y>\n        <text-anchor>middle</text-anchor>\n        <font-weight>400</font-weight>\n        <font-style>normal</font-style>\n        <font-size>13</font-size>\n        <font-family>\"Arial\"</font-family>\n        <fill>#3E3E3E</fill>\n        <stroke>#3E3E3E</stroke>\n      </text>\n      <shape>\n        <x>520</x>\n        <y>243</y>\n        <width>100</width>\n        <height>50</height>\n        <r>3</r>\n        <stroke>#3E3E3E</stroke>\n        <fill>#FFF</fill>\n        <stroke-dasharray></stroke-dasharray>\n        <stroke-width>2</stroke-width>\n      </shape>\n    </node14540919af5c06>\n    <node1454091a65c84a>\n      <id>1454091a65c84a</id>\n      <order>6</order>\n      <type>task</type>\n      <locked>false</locked>\n      <underline>null</underline>\n      <text>\n        <text>归档</text>\n        <x>167.010443246122</x>\n        <y>463</y>\n        <text-anchor>middle</text-anchor>\n        <font-weight>400</font-weight>\n        <font-style>normal</font-style>\n        <font-size>13</font-size>\n        <font-family>\"Arial\"</font-family>\n        <fill>#3E3E3E</fill>\n        <stroke>#3E3E3E</stroke>\n      </text>\n      <shape>\n        <x>160</x>\n        <y>463</y>\n        <width>100</width>\n        <height>50</height>\n        <r>3</r>\n        <stroke>#3E3E3E</stroke>\n        <fill>#FFF</fill>\n        <stroke-dasharray></stroke-dasharray>\n        <stroke-width>2</stroke-width>\n      </shape>\n    </node1454091a65c84a>\n    <node1454091b1bc1da>\n      <id>1454091b1bc1da</id>\n      <order>7</order>\n      <type>task</type>\n      <locked>false</locked>\n      <underline>null</underline>\n      <text>\n        <text>阅办</text>\n        <x>701.0104432461219</x>\n        <y>307</y>\n        <text-anchor>middle</text-anchor>\n        <font-weight>400</font-weight>\n        <font-style>normal</font-style>\n        <font-size>13</font-size>\n        <font-family>\"Arial\"</font-family>\n        <fill>#3E3E3E</fill>\n        <stroke>#3E3E3E</stroke>\n      </text>\n      <shape>\n        <x>694</x>\n        <y>307</y>\n        <width>100</width>\n        <height>50</height>\n        <r>3</r>\n        <stroke>#3E3E3E</stroke>\n        <fill>#FFF</fill>\n        <stroke-dasharray></stroke-dasharray>\n        <stroke-width>2</stroke-width>\n      </shape>\n    </node1454091b1bc1da>\n    <node14540ad4ffc04>\n      <id>14540ad4ffc04</id>\n      <order>8</order>\n      <type>task</type>\n      <locked>false</locked>\n      <underline>null</underline>\n      <text>\n        <text>承办</text>\n        <x>872.010443246122</x>\n        <y>196</y>\n        <text-anchor>middle</text-anchor>\n        <font-weight>400</font-weight>\n        <font-style>normal</font-style>\n        <font-size>13</font-size>\n        <font-family>\"Arial\"</font-family>\n        <fill>#3E3E3E</fill>\n        <stroke>#3E3E3E</stroke>\n      </text>\n      <shape>\n        <x>865</x>\n        <y>196</y>\n        <width>100</width>\n        <height>50</height>\n        <r>3</r>\n        <stroke>#3E3E3E</stroke>\n        <fill>#FFF</fill>\n        <stroke-dasharray></stroke-dasharray>\n        <stroke-width>2</stroke-width>\n      </shape>\n    </node14540ad4ffc04>\n    <node14540ad5bc1299>\n      <id>14540ad5bc1299</id>\n      <order>9</order>\n      <type>task</type>\n      <locked>false</locked>\n      <underline>null</underline>\n      <text>\n        <text>传阅</text>\n        <x>870.010443246122</x>\n        <y>427</y>\n        <text-anchor>middle</text-anchor>\n        <font-weight>400</font-weight>\n        <font-style>normal</font-style>\n        <font-size>13</font-size>\n        <font-family>\"Arial\"</font-family>\n        <fill>#3E3E3E</fill>\n        <stroke>#3E3E3E</stroke>\n      </text>\n      <shape>\n        <x>863</x>\n        <y>427</y>\n        <width>100</width>\n        <height>50</height>\n        <r>3</r>\n        <stroke>#3E3E3E</stroke>\n        <fill>#FFF</fill>\n        <stroke-dasharray></stroke-dasharray>\n        <stroke-width>2</stroke-width>\n      </shape>\n    </node14540ad5bc1299>\n    <node14540ad6b30b0b>\n      <id>14540ad6b30b0b</id>\n      <order>10</order>\n      <type>task</type>\n      <locked>false</locked>\n      <underline>null</underline>\n      <text>\n        <text>发文</text>\n        <x>1044.0104432461221</x>\n        <y>109</y>\n        <text-anchor>middle</text-anchor>\n        <font-weight>400</font-weight>\n        <font-style>normal</font-style>\n        <font-size>13</font-size>\n        <font-family>\"Arial\"</font-family>\n        <fill>#3E3E3E</fill>\n        <stroke>#3E3E3E</stroke>\n      </text>\n      <shape>\n        <x>1037</x>\n        <y>109</y>\n        <width>100</width>\n        <height>50</height>\n        <r>3</r>\n        <stroke>#3E3E3E</stroke>\n        <fill>#FFF</fill>\n        <stroke-dasharray></stroke-dasharray>\n        <stroke-width>2</stroke-width>\n      </shape>\n    </node14540ad6b30b0b>\n    <node14540ad7400b0c>\n      <id>14540ad7400b0c</id>\n      <order>11</order>\n      <type>task</type>\n      <locked>false</locked>\n      <underline>null</underline>\n      <text>\n        <text>办理</text>\n        <x>1044.0104432461221</x>\n        <y>283</y>\n        <text-anchor>middle</text-anchor>\n        <font-weight>400</font-weight>\n        <font-style>normal</font-style>\n        <font-size>13</font-size>\n        <font-family>\"Arial\"</font-family>\n        <fill>#3E3E3E</fill>\n        <stroke>#3E3E3E</stroke>\n      </text>\n      <shape>\n        <x>1037</x>\n        <y>283</y>\n        <width>100</width>\n        <height>50</height>\n        <r>3</r>\n        <stroke>#3E3E3E</stroke>\n        <fill>#FFF</fill>\n        <stroke-dasharray></stroke-dasharray>\n        <stroke-width>2</stroke-width>\n      </shape>\n    </node14540ad7400b0c>\n    <node14544340c4f04b>\n      <id>14544340c4f04b</id>\n      <type>start</type>\n      <locked>false</locked>\n      <underline>null</underline>\n      <text>\n        <text>开始</text>\n        <x>33</x>\n        <y>109</y>\n        <text-anchor>middle</text-anchor>\n        <font-weight>400</font-weight>\n        <font-style>normal</font-style>\n        <font-size>13</font-size>\n        <font-family>\"Arial\"</font-family>\n        <fill>#3E3E3E</fill>\n        <stroke>#3E3E3E</stroke>\n      </text>\n      <shape>\n        <x>33</x>\n        <y>109</y>\n        <width>50</width>\n        <height>50</height>\n        <r>25</r>\n        <stroke>#398439</stroke>\n        <fill>#FFF</fill>\n        <stroke-dasharray></stroke-dasharray>\n        <stroke-width>2</stroke-width>\n      </shape>\n    </node14544340c4f04b>\n    <node14544343ced9ae>\n      <id>14544343ced9ae</id>\n      <type>end</type>\n      <locked>false</locked>\n      <underline>null</underline>\n      <text>\n        <text>结束</text>\n        <x>30</x>\n        <y>465</y>\n        <text-anchor>middle</text-anchor>\n        <font-weight>400</font-weight>\n        <font-style>normal</font-style>\n        <font-size>13</font-size>\n        <font-family>\"Arial\"</font-family>\n        <fill>#3E3E3E</fill>\n        <stroke>#3E3E3E</stroke>\n      </text>\n      <shape>\n        <x>30</x>\n        <y>465</y>\n        <width>50</width>\n        <height>50</height>\n        <r>25</r>\n        <stroke>#d43f3a</stroke>\n        <fill>#FFF</fill>\n        <stroke-dasharray></stroke-dasharray>\n        <stroke-width>4</stroke-width>\n      </shape>\n    </node14544343ced9ae>\n  </nodes>\n  <lines>\n    <line14540e338716d3>\n      <id>14540e338716d3</id>\n      <from>node1454082216e831</from>\n      <to>node14540910ae7e9</to>\n      <dots></dots>\n      <text>\n        <text></text>\n      </text>\n      <textPos>\n        <x></x>\n        <y></y>\n      </textPos>\n      <rule>\n        <type>0</type>\n        <params></params>\n        <filter>0</filter>\n      </rule>\n    </line14540e338716d3>\n    <line14540e34298938>\n      <id>14540e34298938</id>\n      <from>node14540910ae7e9</from>\n      <to>node1454082697c55</to>\n      <dots></dots>\n      <text>\n        <text></text>\n      </text>\n      <textPos>\n        <x></x>\n        <y></y>\n      </textPos>\n      <rule>\n        <type>0</type>\n        <params></params>\n        <filter>0</filter>\n      </rule>\n    </line14540e34298938>\n    <line14540e34e9081f>\n      <id>14540e34e9081f</id>\n      <from>node1454082697c55</from>\n      <to>node14540915435d4a</to>\n      <dots></dots>\n      <text>\n        <text></text>\n      </text>\n      <textPos>\n        <x></x>\n        <y></y>\n      </textPos>\n      <rule>\n        <type>0</type>\n        <params></params>\n        <filter>0</filter>\n      </rule>\n    </line14540e34e9081f>\n    <line14540e363703c7>\n      <id>14540e363703c7</id>\n      <from>node14540915435d4a</from>\n      <to>node14540919af5c06</to>\n      <dots></dots>\n      <text>\n        <text></text>\n      </text>\n      <textPos>\n        <x></x>\n        <y></y>\n      </textPos>\n      <rule>\n        <type>0</type>\n        <params></params>\n        <filter>0</filter>\n      </rule>\n    </line14540e363703c7>\n    <line14540e368c1621>\n      <id>14540e368c1621</id>\n      <from>node14540919af5c06</from>\n      <to>node14540915435d4a</to>\n      <dots></dots>\n      <text>\n        <text></text>\n      </text>\n      <textPos>\n        <x></x>\n        <y></y>\n      </textPos>\n      <rule>\n        <type>0</type>\n        <params></params>\n        <filter>0</filter>\n      </rule>\n    </line14540e368c1621>\n    <line14540e382278b6>\n      <id>14540e382278b6</id>\n      <from>node14540915435d4a</from>\n      <to>node1454091a65c84a</to>\n      <dots></dots>\n      <text>\n        <text></text>\n      </text>\n      <textPos>\n        <x></x>\n        <y></y>\n      </textPos>\n      <rule>\n        <type>0</type>\n        <params></params>\n        <filter>0</filter>\n      </rule>\n    </line14540e382278b6>\n    <line14540e3b5b037>\n      <id>14540e3b5b037</id>\n      <from>node1454082216e831</from>\n      <to>node14540915435d4a</to>\n      <dots></dots>\n      <text>\n        <text></text>\n      </text>\n      <textPos>\n        <x></x>\n        <y></y>\n      </textPos>\n      <rule>\n        <type>0</type>\n        <params></params>\n        <filter>0</filter>\n      </rule>\n    </line14540e3b5b037>\n    <line14540e3ed9fe06>\n      <id>14540e3ed9fe06</id>\n      <from>node14540915435d4a</from>\n      <to>node1454091b1bc1da</to>\n      <dots></dots>\n      <text>\n        <text></text>\n      </text>\n      <textPos>\n        <x></x>\n        <y></y>\n      </textPos>\n      <rule>\n        <type>0</type>\n        <params></params>\n        <filter>0</filter>\n      </rule>\n    </line14540e3ed9fe06>\n    <line14540e422ef077>\n      <id>14540e422ef077</id>\n      <from>node1454091b1bc1da</from>\n      <to>node1454091a65c84a</to>\n      <dots></dots>\n      <text>\n        <text></text>\n      </text>\n      <textPos>\n        <x></x>\n        <y></y>\n      </textPos>\n      <rule>\n        <type>0</type>\n        <params></params>\n        <filter>0</filter>\n      </rule>\n    </line14540e422ef077>\n    <line14540e44d00914>\n      <id>14540e44d00914</id>\n      <from>node1454091b1bc1da</from>\n      <to>node14540ad4ffc04</to>\n      <dots></dots>\n      <text>\n        <text>办件</text>\n      </text>\n      <textPos>\n        <x></x>\n        <y></y>\n      </textPos>\n      <rule>\n        <type>0</type>\n        <params></params>\n        <filter>0</filter>\n      </rule>\n    </line14540e44d00914>\n    <line14540e457e8add>\n      <id>14540e457e8add</id>\n      <from>node14540ad4ffc04</from>\n      <to>node14540ad6b30b0b</to>\n      <dots></dots>\n      <text>\n        <text></text>\n      </text>\n      <textPos>\n        <x></x>\n        <y></y>\n      </textPos>\n      <rule>\n        <type>0</type>\n        <params></params>\n        <filter>0</filter>\n      </rule>\n    </line14540e457e8add>\n    <line14540e46f87259>\n      <id>14540e46f87259</id>\n      <from>node14540ad6b30b0b</from>\n      <to>node1454091a65c84a</to>\n      <dots></dots>\n      <text>\n        <text></text>\n      </text>\n      <textPos>\n        <x></x>\n        <y></y>\n      </textPos>\n      <rule>\n        <type>0</type>\n        <params></params>\n        <filter>0</filter>\n      </rule>\n    </line14540e46f87259>\n    <line14540e4ac903e8>\n      <id>14540e4ac903e8</id>\n      <from>node14540ad4ffc04</from>\n      <to>node14540ad7400b0c</to>\n      <dots></dots>\n      <text>\n        <text></text>\n      </text>\n      <textPos>\n        <x></x>\n        <y></y>\n      </textPos>\n      <rule>\n        <type>0</type>\n        <params></params>\n        <filter>0</filter>\n      </rule>\n    </line14540e4ac903e8>\n    <line14540e4b490c7c>\n      <id>14540e4b490c7c</id>\n      <from>node14540ad7400b0c</from>\n      <to>node1454091a65c84a</to>\n      <dots></dots>\n      <text>\n        <text></text>\n      </text>\n      <textPos>\n        <x></x>\n        <y></y>\n      </textPos>\n      <rule>\n        <type>0</type>\n        <params></params>\n        <filter>0</filter>\n      </rule>\n    </line14540e4b490c7c>\n    <line14540e4ee3954e>\n      <id>14540e4ee3954e</id>\n      <from>node1454091b1bc1da</from>\n      <to>node14540ad5bc1299</to>\n      <dots></dots>\n      <text>\n        <text>阅件</text>\n      </text>\n      <textPos>\n        <x></x>\n        <y></y>\n      </textPos>\n      <rule>\n        <type>0</type>\n        <params></params>\n        <filter>0</filter>\n      </rule>\n    </line14540e4ee3954e>\n    <line14540e4f898743>\n      <id>14540e4f898743</id>\n      <from>node14540ad5bc1299</from>\n      <to>node1454091a65c84a</to>\n      <dots></dots>\n      <text>\n        <text></text>\n      </text>\n      <textPos>\n        <x></x>\n        <y></y>\n      </textPos>\n      <rule>\n        <type>0</type>\n        <params></params>\n        <filter>0</filter>\n      </rule>\n    </line14540e4f898743>\n    <line14544341d7d1a5>\n      <id>14544341d7d1a5</id>\n      <from>node14544340c4f04b</from>\n      <to>node1454082216e831</to>\n      <dots></dots>\n      <text>\n        <text></text>\n      </text>\n      <textPos>\n        <x></x>\n        <y></y>\n      </textPos>\n      <rule>\n        <type>0</type>\n        <params></params>\n        <filter>0</filter>\n      </rule>\n    </line14544341d7d1a5>\n    <line14544347f35001>\n      <id>14544347f35001</id>\n      <from>node1454091a65c84a</from>\n      <to>node14544343ced9ae</to>\n      <dots></dots>\n      <text>\n        <text></text>\n      </text>\n      <textPos>\n        <x></x>\n        <y></y>\n      </textPos>\n    </line14544347f35001>\n  </lines>\n  <pools>\n    <pool14540822d2be7f>\n      <id>14540822d2be7f</id>\n      <type>lane-vertical</type>\n      <underline>null</underline>\n      <text>\n        <text>机要员</text>\n        <x>159</x>\n        <y>48</y>\n        <text-anchor>middle</text-anchor>\n        <font-weight>400</font-weight>\n        <font-style>normal</font-style>\n        <font-size>13</font-size>\n        <font-family>\"Arial\"</font-family>\n        <fill>#3E3E3E</fill>\n        <stroke>#3E3E3E</stroke>\n      </text>\n      <shape>\n        <x>159</x>\n        <y>48</y>\n        <width>173</width>\n        <smallHeight>40</smallHeight>\n        <smallWidth>173</smallWidth>\n        <bigHeight>500</bigHeight>\n        <bigWidth>173</bigWidth>\n        <height>40</height>\n        <stroke>#3E3E3E</stroke>\n        <fill>#fff</fill>\n        <stroke-dasharray></stroke-dasharray>\n        <stroke-width>2</stroke-width>\n      </shape>\n    </pool14540822d2be7f>\n    <pool14540825bebdde>\n      <id>14540825bebdde</id>\n      <type>lane-vertical</type>\n      <underline>null</underline>\n      <text>\n        <text>局领导</text>\n        <x>515</x>\n        <y>48</y>\n        <text-anchor>middle</text-anchor>\n        <font-weight>400</font-weight>\n        <font-style>normal</font-style>\n        <font-size>13</font-size>\n        <font-family>\"Arial\"</font-family>\n        <fill>#3E3E3E</fill>\n        <stroke>#3E3E3E</stroke>\n      </text>\n      <shape>\n        <x>515</x>\n        <y>48</y>\n        <width>180</width>\n        <smallHeight>40</smallHeight>\n        <smallWidth>180</smallWidth>\n        <bigHeight>500</bigHeight>\n        <bigWidth>180</bigWidth>\n        <height>40</height>\n        <stroke>#3E3E3E</stroke>\n        <fill>#fff</fill>\n        <stroke-dasharray></stroke-dasharray>\n        <stroke-width>2</stroke-width>\n      </shape>\n    </pool14540825bebdde>\n    <pool14540dbc88d422>\n      <id>14540dbc88d422</id>\n      <type>lane-vertical</type>\n      <underline>null</underline>\n      <text>\n        <text>办公室领导</text>\n        <x>335</x>\n        <y>48</y>\n        <text-anchor>middle</text-anchor>\n        <font-weight>400</font-weight>\n        <font-style>normal</font-style>\n        <font-size>13</font-size>\n        <font-family>\"Arial\"</font-family>\n        <fill>#3E3E3E</fill>\n        <stroke>#3E3E3E</stroke>\n      </text>\n      <shape>\n        <x>335</x>\n        <y>48</y>\n        <width>179</width>\n        <smallHeight>40</smallHeight>\n        <smallWidth>179</smallWidth>\n        <bigHeight>500</bigHeight>\n        <bigWidth>179</bigWidth>\n        <height>40</height>\n        <stroke>#3E3E3E</stroke>\n        <fill>#fff</fill>\n        <stroke-dasharray></stroke-dasharray>\n        <stroke-width>2</stroke-width>\n      </shape>\n    </pool14540dbc88d422>\n    <pool14540dce752afc>\n      <id>14540dce752afc</id>\n      <type>lane-vertical</type>\n      <underline>null</underline>\n      <text>\n        <text>办件</text>\n        <x>691</x>\n        <y>48</y>\n        <text-anchor>middle</text-anchor>\n        <font-weight>400</font-weight>\n        <font-style>normal</font-style>\n        <font-size>13</font-size>\n        <font-family>\"Arial\"</font-family>\n        <fill>#3E3E3E</fill>\n        <stroke>#3E3E3E</stroke>\n      </text>\n      <shape>\n        <x>691</x>\n        <y>48</y>\n        <width>173</width>\n        <smallHeight>40</smallHeight>\n        <smallWidth>173</smallWidth>\n        <bigHeight>500</bigHeight>\n        <bigWidth>173</bigWidth>\n        <height>40</height>\n        <stroke>#3E3E3E</stroke>\n        <fill>#fff</fill>\n        <stroke-dasharray></stroke-dasharray>\n        <stroke-width>2</stroke-width>\n      </shape>\n    </pool14540dce752afc>\n    <pool14540de68d5c4e>\n      <id>14540de68d5c4e</id>\n      <type>lane-vertical</type>\n      <underline>null</underline>\n      <text>\n        <text>业务工作人员</text>\n        <x>939</x>\n        <y>48</y>\n        <text-anchor>middle</text-anchor>\n        <font-weight>400</font-weight>\n        <font-style>normal</font-style>\n        <font-size>13</font-size>\n        <font-family>\"Arial\"</font-family>\n        <fill>#3E3E3E</fill>\n        <stroke>#3E3E3E</stroke>\n      </text>\n      <shape>\n        <x>939</x>\n        <y>48</y>\n        <width>322</width>\n        <smallHeight>40</smallHeight>\n        <smallWidth>322</smallWidth>\n        <bigHeight>500</bigHeight>\n        <bigWidth>322</bigWidth>\n        <height>40</height>\n        <stroke>#3E3E3E</stroke>\n        <fill>#fff</fill>\n        <stroke-dasharray></stroke-dasharray>\n        <stroke-width>2</stroke-width>\n      </shape>\n    </pool14540de68d5c4e>\n  </pools>\n  <property>\n    <mode></mode>\n    <priv>\n      <node1454082216e831>\n        <user>\n          <id>1,4,5,6,7,</id>\n          <name>系统管理员,淋雨燕,段志明,林涛,崔莹,</name>\n        </user>\n        <dept>\n          <id></id>\n          <name></name>\n        </dept>\n        <role>\n          <id>309,</id>\n          <name>通用角色,</name>\n        </role>\n      </node1454082216e831>\n      <node14540910ae7e9>\n        <user>\n          <id>1,4,5,6,7,</id>\n          <name>系统管理员,淋雨燕,段志明,林涛,崔莹,</name>\n        </user>\n        <dept>\n          <id></id>\n          <name></name>\n        </dept>\n        <role>\n          <id></id>\n          <name></name>\n        </role>\n      </node14540910ae7e9>\n      <node1454082697c55>\n        <user>\n          <id>1,4,5,6,7,</id>\n          <name>系统管理员,淋雨燕,段志明,林涛,崔莹,</name>\n        </user>\n        <dept>\n          <id></id>\n          <name></name>\n        </dept>\n        <role>\n          <id></id>\n          <name></name>\n        </role>\n      </node1454082697c55>\n      <node14540915435d4a>\n        <user>\n          <id>1,4,5,6,7,</id>\n          <name>系统管理员,淋雨燕,段志明,林涛,崔莹,</name>\n        </user>\n        <dept>\n          <id></id>\n          <name></name>\n        </dept>\n        <role>\n          <id></id>\n          <name></name>\n        </role>\n      </node14540915435d4a>\n      <node14540919af5c06>\n        <user>\n          <id>1,4,5,6,7,</id>\n          <name>系统管理员,淋雨燕,段志明,林涛,崔莹,</name>\n        </user>\n        <dept>\n          <id></id>\n          <name></name>\n        </dept>\n        <role>\n          <id></id>\n          <name></name>\n        </role>\n      </node14540919af5c06>\n      <node1454091a65c84a>\n        <user>\n          <id>1,4,5,6,7,</id>\n          <name>系统管理员,淋雨燕,段志明,林涛,崔莹,</name>\n        </user>\n        <dept>\n          <id></id>\n          <name></name>\n        </dept>\n        <role>\n          <id></id>\n          <name></name>\n        </role>\n      </node1454091a65c84a>\n      <node1454091b1bc1da>\n        <user>\n          <id>1,4,5,6,7,</id>\n          <name>系统管理员,淋雨燕,段志明,林涛,崔莹,</name>\n        </user>\n        <dept>\n          <id></id>\n          <name></name>\n        </dept>\n        <role>\n          <id></id>\n          <name></name>\n        </role>\n      </node1454091b1bc1da>\n      <node14540ad4ffc04>\n        <user>\n          <id>1,4,5,6,7,</id>\n          <name>系统管理员,淋雨燕,段志明,林涛,崔莹,</name>\n        </user>\n        <dept>\n          <id></id>\n          <name></name>\n        </dept>\n        <role>\n          <id></id>\n          <name></name>\n        </role>\n      </node14540ad4ffc04>\n      <node14540ad5bc1299>\n        <user>\n          <id>1,4,5,6,7,</id>\n          <name>系统管理员,淋雨燕,段志明,林涛,崔莹,</name>\n        </user>\n        <dept>\n          <id></id>\n          <name></name>\n        </dept>\n        <role>\n          <id></id>\n          <name></name>\n        </role>\n      </node14540ad5bc1299>\n      <node14540ad6b30b0b>\n        <user>\n          <id>1,4,5,6,7,</id>\n          <name>系统管理员,淋雨燕,段志明,林涛,崔莹,</name>\n        </user>\n        <dept>\n          <id></id>\n          <name></name>\n        </dept>\n        <role>\n          <id></id>\n          <name></name>\n        </role>\n      </node14540ad6b30b0b>\n      <node14540ad7400b0c>\n        <user>\n          <id>1,4,5,6,7,</id>\n          <name>系统管理员,淋雨燕,段志明,林涛,崔莹,</name>\n        </user>\n        <dept>\n          <id></id>\n          <name></name>\n        </dept>\n        <role>\n          <id></id>\n          <name></name>\n        </role>\n      </node14540ad7400b0c>\n    </priv>\n  </property>\n  <variable>\n    <v></v>\n  </variable>\n</root>\n', '', '3', '1', '1');
INSERT INTO `wf_df_workflow` VALUES ('31136e61-7505-409c-014f-537e9ae2c066', '0', '学生获奖登记', '1', '1446170440', '<?xml version=\"1.0\" encoding=\"UTF-8\"?>\n<root>\n  <nodes>\n    <node150b67da759674>\n      <id>150b67da759674</id>\n      <type>start</type>\n      <locked>false</locked>\n      <underline>null</underline>\n      <text>\n        <text>开始</text>\n        <x>246</x>\n        <y>251</y>\n        <text-anchor>middle</text-anchor>\n        <font-weight>400</font-weight>\n        <font-style>normal</font-style>\n        <font-size>13</font-size>\n        <font-family>\"Arial\"</font-family>\n        <fill>#3E3E3E</fill>\n        <stroke>#3E3E3E</stroke>\n      </text>\n      <shape>\n        <x>246</x>\n        <y>251</y>\n        <width>50</width>\n        <height>50</height>\n        <r>25</r>\n        <stroke>#398439</stroke>\n        <fill>#FFF</fill>\n        <stroke-dasharray></stroke-dasharray>\n        <stroke-width>2</stroke-width>\n      </shape>\n    </node150b67da759674>\n    <node150b67dacb2058>\n      <id>150b67dacb2058</id>\n      <type>end</type>\n      <locked>false</locked>\n      <underline>null</underline>\n      <text>\n        <text>结束</text>\n        <x>764</x>\n        <y>240</y>\n        <text-anchor>middle</text-anchor>\n        <font-weight>400</font-weight>\n        <font-style>normal</font-style>\n        <font-size>13</font-size>\n        <font-family>\"Arial\"</font-family>\n        <fill>#3E3E3E</fill>\n        <stroke>#3E3E3E</stroke>\n      </text>\n      <shape>\n        <x>764</x>\n        <y>240</y>\n        <width>50</width>\n        <height>50</height>\n        <r>25</r>\n        <stroke>#d43f3a</stroke>\n        <fill>#FFF</fill>\n        <stroke-dasharray></stroke-dasharray>\n        <stroke-width>4</stroke-width>\n      </shape>\n    </node150b67dacb2058>\n    <node150b67db81f82e>\n      <id>150b67db81f82e</id>\n      <order>1</order>\n      <type>task</type>\n      <locked>false</locked>\n      <underline>null</underline>\n      <text>\n        <text>学生获奖登记</text>\n        <x>488.84017617666336</x>\n        <y>250</y>\n        <text-anchor>middle</text-anchor>\n        <font-weight>400</font-weight>\n        <font-style>normal</font-style>\n        <font-size>13</font-size>\n        <font-family>\"Arial\"</font-family>\n        <fill>#3E3E3E</fill>\n        <stroke>#3E3E3E</stroke>\n      </text>\n      <shape>\n        <x>482</x>\n        <y>250</y>\n        <width>164</width>\n        <height>46</height>\n        <r>3</r>\n        <stroke>#3E3E3E</stroke>\n        <fill>#FFF</fill>\n        <stroke-dasharray></stroke-dasharray>\n        <stroke-width>2</stroke-width>\n      </shape>\n    </node150b67db81f82e>\n  </nodes>\n  <lines>\n    <line150b67de40d5ed>\n      <id>150b67de40d5ed</id>\n      <type>normal</type>\n      <from>node150b67da759674</from>\n      <to>node150b67db81f82e</to>\n      <dots/>\n      <text>\n        <text></text>\n      </text>\n      <textPos>\n        <x></x>\n        <y></y>\n      </textPos>\n    </line150b67de40d5ed>\n    <line150b67e0bac45>\n      <id>150b67e0bac45</id>\n      <type>normal</type>\n      <from>node150b67db81f82e</from>\n      <to>node150b67dacb2058</to>\n      <rule>\n        <type>0</type>\n        <params/>\n        <filter>0</filter>\n      </rule>\n      <dots/>\n      <text>\n        <text></text>\n      </text>\n      <textPos>\n        <x></x>\n        <y></y>\n      </textPos>\n    </line150b67e0bac45>\n  </lines>\n  <pools/>\n  <property>\n    <mode>\n      <node150b67db81f82e>normal</node150b67db81f82e>\n    </mode>\n    <selectusermode>\n      <node150b67db81f82e>list</node150b67db81f82e>\n    </selectusermode>\n    <allowmobilehandle>\n      <node150b67db81f82e>1</node150b67db81f82e>\n    </allowmobilehandle>\n    <innerloop>\n      <node150b67db81f82e>0</node150b67db81f82e>\n    </innerloop>\n    <allowsettingmobilehandle>\n      <node150b67db81f82e>1</node150b67db81f82e>\n    </allowsettingmobilehandle>\n    <priv>\n      <node150b67db81f82e>\n        <user>\n          <id>2,3,4,8,1,11,5,6,7,</id>\n          <name>马有才,林峰,淋雨燕,曹可爱,系统管理员,张的发,段志明,林涛,崔莹,</name>\n        </user>\n        <dept>\n          <id></id>\n          <name></name>\n        </dept>\n        <position>\n          <id></id>\n          <name></name>\n        </position>\n        <role>\n          <id></id>\n          <name></name>\n        </role>\n      </node150b67db81f82e>\n    </priv>\n    <plugins/>\n  </property>\n  <variable>\n    <v/>\n  </variable>\n</root>\n', null, '7', '1', '1');
INSERT INTO `wf_df_workflow` VALUES ('4cc63799-60c6-151c-6c02-b5025ba8c662', '0', '复印登记', '1', '1388474956', '<?xml version=\"1.0\" encoding=\"UTF-8\"?>\n<root>\n  <nodes>\n    <node144d94573d881d>\n      <id>144d94573d881d</id>\n      <type>start</type>\n      <locked>false</locked>\n      <underline>null</underline>\n      <text>\n        <text>开始</text>\n        <x>179</x>\n        <y>191</y>\n        <text-anchor>middle</text-anchor>\n        <font-weight>400</font-weight>\n        <font-style>normal</font-style>\n        <font-size>13</font-size>\n        <font-family>\"Arial\"</font-family>\n        <fill>#3E3E3E</fill>\n        <stroke>#3E3E3E</stroke>\n      </text>\n      <shape>\n        <x>179</x>\n        <y>191</y>\n        <width>50</width>\n        <height>50</height>\n        <r>25</r>\n        <stroke>#398439</stroke>\n        <fill>#FFF</fill>\n        <stroke-dasharray></stroke-dasharray>\n        <stroke-width>2</stroke-width>\n      </shape>\n    </node144d94573d881d>\n    <node144d94579cd57d>\n      <id>144d94579cd57d</id>\n      <type>end</type>\n      <locked>false</locked>\n      <underline>null</underline>\n      <text>\n        <text>结束</text>\n        <x>740</x>\n        <y>209</y>\n        <text-anchor>middle</text-anchor>\n        <font-weight>400</font-weight>\n        <font-style>normal</font-style>\n        <font-size>13</font-size>\n        <font-family>\"Arial\"</font-family>\n        <fill>#3E3E3E</fill>\n        <stroke>#3E3E3E</stroke>\n      </text>\n      <shape>\n        <x>740</x>\n        <y>209</y>\n        <width>50</width>\n        <height>50</height>\n        <r>25</r>\n        <stroke>#d43f3a</stroke>\n        <fill>#FFF</fill>\n        <stroke-dasharray></stroke-dasharray>\n        <stroke-width>4</stroke-width>\n      </shape>\n    </node144d94579cd57d>\n    <node144d945803d43e>\n      <id>144d945803d43e</id>\n      <order>1</order>\n      <type>task</type>\n      <locked>false</locked>\n      <underline>null</underline>\n      <text>\n        <text>复印登记</text>\n        <x>336.84019145821685</x>\n        <y>192</y>\n        <text-anchor>middle</text-anchor>\n        <font-weight>400</font-weight>\n        <font-style>normal</font-style>\n        <font-size>13</font-size>\n        <font-family>\"Arial\"</font-family>\n        <fill>#3E3E3E</fill>\n        <stroke>#3E3E3E</stroke>\n      </text>\n      <shape>\n        <x>330</x>\n        <y>192</y>\n        <width>100</width>\n        <height>50</height>\n        <r>3</r>\n        <stroke>#3E3E3E</stroke>\n        <fill>#FFF</fill>\n        <stroke-dasharray></stroke-dasharray>\n        <stroke-width>2</stroke-width>\n      </shape>\n    </node144d945803d43e>\n    <node144d945867e1a4>\n      <id>144d945867e1a4</id>\n      <order>2</order>\n      <type>task</type>\n      <locked>false</locked>\n      <underline>null</underline>\n      <text>\n        <text>打印室意见</text>\n        <x>565.8401914582168</x>\n        <y>194</y>\n        <text-anchor>middle</text-anchor>\n        <font-weight>400</font-weight>\n        <font-style>normal</font-style>\n        <font-size>13</font-size>\n        <font-family>\"Arial\"</font-family>\n        <fill>#3E3E3E</fill>\n        <stroke>#3E3E3E</stroke>\n      </text>\n      <shape>\n        <x>559</x>\n        <y>194</y>\n        <width>100</width>\n        <height>50</height>\n        <r>3</r>\n        <stroke>#3E3E3E</stroke>\n        <fill>#FFF</fill>\n        <stroke-dasharray></stroke-dasharray>\n        <stroke-width>2</stroke-width>\n      </shape>\n    </node144d945867e1a4>\n  </nodes>\n  <lines>\n    <line144d945a0368a2>\n      <id>144d945a0368a2</id>\n      <type>normal</type>\n      <from>node144d94573d881d</from>\n      <to>node144d945803d43e</to>\n      <dots/>\n      <text>\n        <text></text>\n      </text>\n      <textPos>\n        <x></x>\n        <y></y>\n      </textPos>\n    </line144d945a0368a2>\n    <line144d945a3765af>\n      <id>144d945a3765af</id>\n      <type>normal</type>\n      <from>node144d945803d43e</from>\n      <to>node144d945867e1a4</to>\n      <rule>\n        <type>0</type>\n        <params/>\n        <filter>0</filter>\n      </rule>\n      <dots/>\n      <text>\n        <text></text>\n      </text>\n      <textPos>\n        <x></x>\n        <y></y>\n      </textPos>\n    </line144d945a3765af>\n    <line144d945a6ce019>\n      <id>144d945a6ce019</id>\n      <type>normal</type>\n      <from>node144d945867e1a4</from>\n      <to>node144d94579cd57d</to>\n      <rule>\n        <type>0</type>\n        <params/>\n        <filter>0</filter>\n      </rule>\n      <dots/>\n      <text>\n        <text></text>\n      </text>\n      <textPos>\n        <x></x>\n        <y></y>\n      </textPos>\n    </line144d945a6ce019>\n  </lines>\n  <pools/>\n  <property>\n    <mode>\n      <node144d945803d43e>normal</node144d945803d43e>\n      <node144d945867e1a4>normal</node144d945867e1a4>\n    </mode>\n    <selectusermode>\n      <node144d945803d43e>list</node144d945803d43e>\n      <node144d945867e1a4>list</node144d945867e1a4>\n    </selectusermode>\n    <allowmobilehandle>\n      <node144d945803d43e>1</node144d945803d43e>\n      <node144d945867e1a4>1</node144d945867e1a4>\n    </allowmobilehandle>\n    <innerloop>\n      <node144d945803d43e>0</node144d945803d43e>\n      <node144d945867e1a4>0</node144d945867e1a4>\n    </innerloop>\n    <allowsettingmobilehandle>\n      <node144d945803d43e>1</node144d945803d43e>\n      <node144d945867e1a4>1</node144d945867e1a4>\n    </allowsettingmobilehandle>\n    <priv>\n      <node1434795e98a48b>\n        <user>\n          <id>1,4,5,6,7,2,3</id>\n          <name>系统管理员,淋雨燕,段志明,林涛,崔莹,马有才,林峰</name>\n        </user>\n        <dept>\n          <id></id>\n          <name></name>\n        </dept>\n        <role>\n          <id>296,309,</id>\n          <name>系统管理员,通用角色,</name>\n        </role>\n      </node1434795e98a48b>\n      <node14347960540d4f>\n        <user>\n          <id></id>\n          <name></name>\n        </user>\n        <dept>\n          <id></id>\n          <name></name>\n        </dept>\n        <role>\n          <id>296,309,</id>\n          <name>系统管理员,通用角色,</name>\n        </role>\n      </node14347960540d4f>\n      <node144d945803d43e>\n        <user>\n          <id>2,4,3,8,1,11,5,6,7,</id>\n          <name>马有才,淋雨燕,林峰,曹可爱,系统管理员,张的发,段志明,林涛,崔莹,</name>\n        </user>\n        <dept>\n          <id>2,1,3,4,5,6,7,8,9,10,11,12,13,14,15,16,17,18,20,19,21</id>\n          <name>办公室,校领导,教务处,校团委,总务处,科研处,电教处,信息技术,教研组,语文教研组,数学教研组,外语教研组,物理教研组,化学教研组,历史教研组,地理教研组,生物教研组,体育教研组,美术教研组,音乐教研组,信息教研组</name>\n        </dept>\n        <position>\n          <id></id>\n          <name></name>\n        </position>\n        <role>\n          <id></id>\n          <name></name>\n        </role>\n      </node144d945803d43e>\n      <node144d945867e1a4>\n        <user>\n          <id>8,</id>\n          <name>曹可爱,</name>\n        </user>\n        <dept>\n          <id></id>\n          <name></name>\n        </dept>\n        <position>\n          <id></id>\n          <name></name>\n        </position>\n        <role>\n          <id></id>\n          <name></name>\n        </role>\n      </node144d945867e1a4>\n    </priv>\n    <plugins/>\n  </property>\n  <variable>\n    <v/>\n  </variable>\n</root>\n', '', '4', '4', '1');
INSERT INTO `wf_df_workflow` VALUES ('6ab6a7f3-e0b7-3586-5635-94e7cbd9c759', '0', '收文批办单', '1', '1444719766', '<?xml version=\"1.0\" encoding=\"UTF-8\"?>\n<root>\n  <nodes>\n    <node15060053b75e62>\n      <id>15060053b75e62</id>\n      <type>start</type>\n      <locked>false</locked>\n      <underline>null</underline>\n      <text>\n        <text>开始</text>\n        <x>69</x>\n        <y>251</y>\n        <text-anchor>middle</text-anchor>\n        <font-weight>400</font-weight>\n        <font-style>normal</font-style>\n        <font-size>13</font-size>\n        <font-family>\"Arial\"</font-family>\n        <fill>#3E3E3E</fill>\n        <stroke>#3E3E3E</stroke>\n      </text>\n      <shape>\n        <x>69</x>\n        <y>251</y>\n        <width>50</width>\n        <height>50</height>\n        <r>25</r>\n        <stroke>#398439</stroke>\n        <fill>#FFF</fill>\n        <stroke-dasharray></stroke-dasharray>\n        <stroke-width>2</stroke-width>\n      </shape>\n    </node15060053b75e62>\n    <node15060054e65eb3>\n      <id>15060054e65eb3</id>\n      <order>1</order>\n      <type>task</type>\n      <locked>false</locked>\n      <underline>null</underline>\n      <text>\n        <text>收文</text>\n        <x>244.8402067397704</x>\n        <y>382</y>\n        <text-anchor>middle</text-anchor>\n        <font-weight>400</font-weight>\n        <font-style>normal</font-style>\n        <font-size>13</font-size>\n        <font-family>\"Arial\"</font-family>\n        <fill>#3E3E3E</fill>\n        <stroke>#3E3E3E</stroke>\n      </text>\n      <shape>\n        <x>238</x>\n        <y>382</y>\n        <width>100</width>\n        <height>50</height>\n        <r>3</r>\n        <stroke>#3E3E3E</stroke>\n        <fill>#FFF</fill>\n        <stroke-dasharray></stroke-dasharray>\n        <stroke-width>2</stroke-width>\n      </shape>\n    </node15060054e65eb3>\n    <node1506005548500e>\n      <id>1506005548500e</id>\n      <order>2</order>\n      <type>task</type>\n      <locked>false</locked>\n      <underline>null</underline>\n      <text>\n        <text>部门主任意见</text>\n        <x>443.84019145821685</x>\n        <y>157</y>\n        <text-anchor>middle</text-anchor>\n        <font-weight>400</font-weight>\n        <font-style>normal</font-style>\n        <font-size>13</font-size>\n        <font-family>\"Arial\"</font-family>\n        <fill>#3E3E3E</fill>\n        <stroke>#3E3E3E</stroke>\n      </text>\n      <shape>\n        <x>437</x>\n        <y>157</y>\n        <width>124</width>\n        <height>50</height>\n        <r>3</r>\n        <stroke>#3E3E3E</stroke>\n        <fill>#FFF</fill>\n        <stroke-dasharray></stroke-dasharray>\n        <stroke-width>2</stroke-width>\n      </shape>\n    </node1506005548500e>\n    <node15060055ac5dcf>\n      <id>15060055ac5dcf</id>\n      <order>3</order>\n      <type>task</type>\n      <locked>false</locked>\n      <underline>null</underline>\n      <text>\n        <text>拟办意见</text>\n        <x>628.8402067397706</x>\n        <y>376</y>\n        <text-anchor>middle</text-anchor>\n        <font-weight>400</font-weight>\n        <font-style>normal</font-style>\n        <font-size>13</font-size>\n        <font-family>\"Arial\"</font-family>\n        <fill>#3E3E3E</fill>\n        <stroke>#3E3E3E</stroke>\n      </text>\n      <shape>\n        <x>622</x>\n        <y>376</y>\n        <width>146</width>\n        <height>37</height>\n        <r>3</r>\n        <stroke>#3E3E3E</stroke>\n        <fill>#FFF</fill>\n        <stroke-dasharray></stroke-dasharray>\n        <stroke-width>2</stroke-width>\n      </shape>\n    </node15060055ac5dcf>\n    <node150600560f6e43>\n      <id>150600560f6e43</id>\n      <order>4</order>\n      <type>task</type>\n      <locked>false</locked>\n      <underline>null</underline>\n      <text>\n        <text>承办人意见</text>\n        <x>850.8401914582168</x>\n        <y>179</y>\n        <text-anchor>middle</text-anchor>\n        <font-weight>400</font-weight>\n        <font-style>normal</font-style>\n        <font-size>13</font-size>\n        <font-family>\"Arial\"</font-family>\n        <fill>#3E3E3E</fill>\n        <stroke>#3E3E3E</stroke>\n      </text>\n      <shape>\n        <x>844</x>\n        <y>179</y>\n        <width>139</width>\n        <height>48</height>\n        <r>3</r>\n        <stroke>#3E3E3E</stroke>\n        <fill>#FFF</fill>\n        <stroke-dasharray></stroke-dasharray>\n        <stroke-width>2</stroke-width>\n      </shape>\n    </node150600560f6e43>\n    <node15060056a869c7>\n      <id>15060056a869c7</id>\n      <type>end</type>\n      <locked>false</locked>\n      <underline>null</underline>\n      <text>\n        <text>结束</text>\n        <x>1035</x>\n        <y>325</y>\n        <text-anchor>middle</text-anchor>\n        <font-weight>400</font-weight>\n        <font-style>normal</font-style>\n        <font-size>13</font-size>\n        <font-family>\"Arial\"</font-family>\n        <fill>#3E3E3E</fill>\n        <stroke>#3E3E3E</stroke>\n      </text>\n      <shape>\n        <x>1035</x>\n        <y>325</y>\n        <width>50</width>\n        <height>50</height>\n        <r>25</r>\n        <stroke>#d43f3a</stroke>\n        <fill>#FFF</fill>\n        <stroke-dasharray></stroke-dasharray>\n        <stroke-width>4</stroke-width>\n      </shape>\n    </node15060056a869c7>\n  </nodes>\n  <lines>\n    <line15060059691933>\n      <id>15060059691933</id>\n      <type>normal</type>\n      <from>node15060053b75e62</from>\n      <to>node15060054e65eb3</to>\n      <dots/>\n      <text>\n        <text></text>\n      </text>\n      <textPos>\n        <x></x>\n        <y></y>\n      </textPos>\n    </line15060059691933>\n    <line1506005a0596db>\n      <id>1506005a0596db</id>\n      <type>normal</type>\n      <from>node15060054e65eb3</from>\n      <to>node1506005548500e</to>\n      <rule>\n        <type>0</type>\n        <params/>\n        <filter>0</filter>\n      </rule>\n      <dots/>\n      <text>\n        <text></text>\n      </text>\n      <textPos>\n        <x></x>\n        <y></y>\n      </textPos>\n    </line1506005a0596db>\n    <line1506005a871096>\n      <id>1506005a871096</id>\n      <type>normal</type>\n      <from>node1506005548500e</from>\n      <to>node15060055ac5dcf</to>\n      <rule>\n        <type>0</type>\n        <params/>\n        <filter>0</filter>\n      </rule>\n      <dots/>\n      <text>\n        <text></text>\n      </text>\n      <textPos>\n        <x></x>\n        <y></y>\n      </textPos>\n    </line1506005a871096>\n    <line1506005b0899dc>\n      <id>1506005b0899dc</id>\n      <type>normal</type>\n      <from>node15060055ac5dcf</from>\n      <to>node150600560f6e43</to>\n      <rule>\n        <type>0</type>\n        <params/>\n        <filter>0</filter>\n      </rule>\n      <dots/>\n      <text>\n        <text></text>\n      </text>\n      <textPos>\n        <x></x>\n        <y></y>\n      </textPos>\n    </line1506005b0899dc>\n    <line1506005b83923c>\n      <id>1506005b83923c</id>\n      <type>normal</type>\n      <from>node150600560f6e43</from>\n      <to>node15060056a869c7</to>\n      <rule>\n        <type>0</type>\n        <params/>\n        <filter>0</filter>\n      </rule>\n      <dots/>\n      <text>\n        <text></text>\n      </text>\n      <textPos>\n        <x></x>\n        <y></y>\n      </textPos>\n    </line1506005b83923c>\n  </lines>\n  <pools/>\n  <property>\n    <mode>\n      <node15060054e65eb3>normal</node15060054e65eb3>\n      <node1506005548500e>normal</node1506005548500e>\n      <node15060055ac5dcf>normal</node15060055ac5dcf>\n      <node150600560f6e43>normal</node150600560f6e43>\n    </mode>\n    <selectusermode>\n      <node15060054e65eb3>list</node15060054e65eb3>\n      <node1506005548500e>list</node1506005548500e>\n      <node15060055ac5dcf>list</node15060055ac5dcf>\n      <node150600560f6e43>list</node150600560f6e43>\n    </selectusermode>\n    <allowmobilehandle>\n      <node15060054e65eb3>1</node15060054e65eb3>\n      <node1506005548500e>1</node1506005548500e>\n      <node15060055ac5dcf>1</node15060055ac5dcf>\n      <node150600560f6e43>1</node150600560f6e43>\n    </allowmobilehandle>\n    <innerloop>\n      <node15060054e65eb3>0</node15060054e65eb3>\n      <node1506005548500e>0</node1506005548500e>\n      <node15060055ac5dcf>0</node15060055ac5dcf>\n      <node150600560f6e43>0</node150600560f6e43>\n    </innerloop>\n    <allowsettingmobilehandle>\n      <node15060054e65eb3>1</node15060054e65eb3>\n      <node1506005548500e>1</node1506005548500e>\n      <node15060055ac5dcf>1</node15060055ac5dcf>\n      <node150600560f6e43>1</node150600560f6e43>\n    </allowsettingmobilehandle>\n    <priv>\n      <node15060054e65eb3>\n        <user>\n          <id>8,2,3,1,11,5,6,7,4,</id>\n          <name>曹可爱,马有才,林峰,系统管理员,张的发,段志明,林涛,崔莹,淋雨燕,</name>\n        </user>\n        <dept>\n          <id></id>\n          <name></name>\n        </dept>\n        <position>\n          <id></id>\n          <name></name>\n        </position>\n        <role>\n          <id></id>\n          <name></name>\n        </role>\n      </node15060054e65eb3>\n      <node1506005548500e>\n        <user>\n          <id>4,</id>\n          <name>淋雨燕,</name>\n        </user>\n        <dept>\n          <id></id>\n          <name></name>\n        </dept>\n        <position>\n          <id></id>\n          <name></name>\n        </position>\n        <role>\n          <id></id>\n          <name></name>\n        </role>\n      </node1506005548500e>\n      <node15060055ac5dcf>\n        <user>\n          <id>3,</id>\n          <name>林峰,</name>\n        </user>\n        <dept>\n          <id></id>\n          <name></name>\n        </dept>\n        <position>\n          <id></id>\n          <name></name>\n        </position>\n        <role>\n          <id></id>\n          <name></name>\n        </role>\n      </node15060055ac5dcf>\n      <node150600560f6e43>\n        <user>\n          <id>2,</id>\n          <name>马有才,</name>\n        </user>\n        <dept>\n          <id></id>\n          <name></name>\n        </dept>\n        <position>\n          <id></id>\n          <name></name>\n        </position>\n        <role>\n          <id></id>\n          <name></name>\n        </role>\n      </node150600560f6e43>\n    </priv>\n    <plugins/>\n  </property>\n  <variable>\n    <v/>\n  </variable>\n</root>\n', null, '3', '10', '1');
INSERT INTO `wf_df_workflow` VALUES ('9e5cdd78-4db6-aa43-40fd-73a7013f0d8d', '0', '值班登记', '1', '1388475875', '<?xml version=\"1.0\" encoding=\"UTF-8\"?>\n<root>\n  <nodes>\n    <node143479cabd3aef>\n      <id>143479cabd3aef</id>\n      <order>2</order>\n      <type>task</type>\n      <locked>false</locked>\n      <underline>null</underline>\n      <text>\n        <text>领导督办意见</text>\n        <x>513.8401761766634</x>\n        <y>357</y>\n        <text-anchor>middle</text-anchor>\n        <font-weight>400</font-weight>\n        <font-style>normal</font-style>\n        <font-size>13</font-size>\n        <font-family>\"Arial\"</font-family>\n        <fill>#3E3E3E</fill>\n        <stroke>#3E3E3E</stroke>\n      </text>\n      <shape>\n        <x>507</x>\n        <y>357</y>\n        <width>100</width>\n        <height>50</height>\n        <r>3</r>\n        <stroke>#3E3E3E</stroke>\n        <fill>#FFF</fill>\n        <stroke-dasharray></stroke-dasharray>\n        <stroke-width>2</stroke-width>\n      </shape>\n    </node143479cabd3aef>\n    <node143479cbdf4fad>\n      <id>143479cbdf4fad</id>\n      <order>3</order>\n      <type>task</type>\n      <locked>false</locked>\n      <underline>null</underline>\n      <text>\n        <text>协办单位办理情况</text>\n        <x>653.8401914582168</x>\n        <y>182</y>\n        <text-anchor>middle</text-anchor>\n        <font-weight>400</font-weight>\n        <font-style>normal</font-style>\n        <font-size>13</font-size>\n        <font-family>\"Arial\"</font-family>\n        <fill>#3E3E3E</fill>\n        <stroke>#3E3E3E</stroke>\n      </text>\n      <shape>\n        <x>647</x>\n        <y>182</y>\n        <width>156</width>\n        <height>51</height>\n        <r>3</r>\n        <stroke>#3E3E3E</stroke>\n        <fill>#FFF</fill>\n        <stroke-dasharray></stroke-dasharray>\n        <stroke-width>2</stroke-width>\n      </shape>\n    </node143479cbdf4fad>\n    <node143479ced31838>\n      <id>143479ced31838</id>\n      <order>1</order>\n      <type>task</type>\n      <locked>false</locked>\n      <underline>null</underline>\n      <text>\n        <text>值班人员登记受理</text>\n        <x>226.84017617666336</x>\n        <y>284</y>\n        <text-anchor>middle</text-anchor>\n        <font-weight>400</font-weight>\n        <font-style>normal</font-style>\n        <font-size>13</font-size>\n        <font-family>\"Arial\"</font-family>\n        <fill>#3E3E3E</fill>\n        <stroke>#3E3E3E</stroke>\n      </text>\n      <shape>\n        <x>220</x>\n        <y>284</y>\n        <width>160</width>\n        <height>58</height>\n        <r>3</r>\n        <stroke>#3E3E3E</stroke>\n        <fill>#FFF</fill>\n        <stroke-dasharray></stroke-dasharray>\n        <stroke-width>2</stroke-width>\n      </shape>\n    </node143479ced31838>\n    <node143479e8172fbf>\n      <id>143479e8172fbf</id>\n      <type>start</type>\n      <locked>false</locked>\n      <underline>null</underline>\n      <text>\n        <text>开始</text>\n        <x>63</x>\n        <y>177</y>\n        <text-anchor>middle</text-anchor>\n        <font-weight>400</font-weight>\n        <font-style>normal</font-style>\n        <font-size>13</font-size>\n        <font-family>\"Arial\"</font-family>\n        <fill>#3E3E3E</fill>\n        <stroke>#3E3E3E</stroke>\n      </text>\n      <shape>\n        <x>63</x>\n        <y>177</y>\n        <width>50</width>\n        <height>50</height>\n        <r>25</r>\n        <stroke>#398439</stroke>\n        <fill>#FFF</fill>\n        <stroke-dasharray></stroke-dasharray>\n        <stroke-width>2</stroke-width>\n      </shape>\n    </node143479e8172fbf>\n    <node143479e89321dc>\n      <id>143479e89321dc</id>\n      <type>end</type>\n      <locked>false</locked>\n      <underline>null</underline>\n      <text>\n        <text>结束</text>\n        <x>847</x>\n        <y>184</y>\n        <text-anchor>middle</text-anchor>\n        <font-weight>400</font-weight>\n        <font-style>normal</font-style>\n        <font-size>13</font-size>\n        <font-family>\"Arial\"</font-family>\n        <fill>#3E3E3E</fill>\n        <stroke>#3E3E3E</stroke>\n      </text>\n      <shape>\n        <x>847</x>\n        <y>184</y>\n        <width>50</width>\n        <height>50</height>\n        <r>25</r>\n        <stroke>#d43f3a</stroke>\n        <fill>#FFF</fill>\n        <stroke-dasharray></stroke-dasharray>\n        <stroke-width>4</stroke-width>\n      </shape>\n    </node143479e89321dc>\n  </nodes>\n  <lines>\n    <line143479e9335a2d>\n      <id>143479e9335a2d</id>\n      <type>normal</type>\n      <from>node143479e8172fbf</from>\n      <to>node143479ced31838</to>\n      <dots/>\n      <text>\n        <text>TO 值班人员登记受理</text>\n      </text>\n      <textPos>\n        <x></x>\n        <y></y>\n      </textPos>\n    </line143479e9335a2d>\n    <line143479e96ee13>\n      <id>143479e96ee13</id>\n      <type>normal</type>\n      <from>node143479ced31838</from>\n      <to>node143479cabd3aef</to>\n      <rule>\n        <type>0</type>\n        <params/>\n        <filter>0</filter>\n      </rule>\n      <dots/>\n      <text>\n        <text>TO 领导督办意见</text>\n      </text>\n      <textPos>\n        <x></x>\n        <y></y>\n      </textPos>\n    </line143479e96ee13>\n    <line143479e9a9796a>\n      <id>143479e9a9796a</id>\n      <type>normal</type>\n      <from>node143479cabd3aef</from>\n      <to>node143479cbdf4fad</to>\n      <rule>\n        <type>0</type>\n        <params/>\n        <filter>0</filter>\n      </rule>\n      <dots/>\n      <text>\n        <text>TO 协办单位办理情况</text>\n      </text>\n      <textPos>\n        <x></x>\n        <y></y>\n      </textPos>\n    </line143479e9a9796a>\n    <line143479ea14e6f5>\n      <id>143479ea14e6f5</id>\n      <type>normal</type>\n      <from>node143479cbdf4fad</from>\n      <to>node143479e89321dc</to>\n      <rule>\n        <type>0</type>\n        <params/>\n        <filter>0</filter>\n      </rule>\n      <dots/>\n      <text>\n        <text>TO 结束</text>\n      </text>\n      <textPos>\n        <x></x>\n        <y></y>\n      </textPos>\n    </line143479ea14e6f5>\n  </lines>\n  <pools/>\n  <property>\n    <mode>\n      <node143479ced31838>normal</node143479ced31838>\n      <node143479cabd3aef>normal</node143479cabd3aef>\n      <node143479cbdf4fad>normal</node143479cbdf4fad>\n    </mode>\n    <selectusermode>\n      <node143479ced31838>list</node143479ced31838>\n      <node143479cabd3aef>list</node143479cabd3aef>\n      <node143479cbdf4fad>list</node143479cbdf4fad>\n    </selectusermode>\n    <allowmobilehandle>\n      <node143479ced31838>1</node143479ced31838>\n      <node143479cabd3aef>1</node143479cabd3aef>\n      <node143479cbdf4fad>1</node143479cbdf4fad>\n    </allowmobilehandle>\n    <innerloop>\n      <node143479ced31838>0</node143479ced31838>\n      <node143479cabd3aef>0</node143479cabd3aef>\n      <node143479cbdf4fad>0</node143479cbdf4fad>\n    </innerloop>\n    <allowsettingmobilehandle>\n      <node143479ced31838>1</node143479ced31838>\n      <node143479cabd3aef>1</node143479cabd3aef>\n      <node143479cbdf4fad>1</node143479cbdf4fad>\n    </allowsettingmobilehandle>\n    <priv>\n      <node143479ced31838>\n        <user>\n          <id>2,3,4,8,1,11,5,6,7,</id>\n          <name>马有才,林峰,淋雨燕,曹可爱,系统管理员,张的发,段志明,林涛,崔莹,</name>\n        </user>\n        <dept>\n          <id></id>\n          <name></name>\n        </dept>\n        <position>\n          <id></id>\n          <name></name>\n        </position>\n        <role>\n          <id></id>\n          <name></name>\n        </role>\n      </node143479ced31838>\n      <node143479cabd3aef>\n        <user>\n          <id>4,</id>\n          <name>淋雨燕,</name>\n        </user>\n        <dept>\n          <id></id>\n          <name></name>\n        </dept>\n        <position>\n          <id></id>\n          <name></name>\n        </position>\n        <role>\n          <id></id>\n          <name></name>\n        </role>\n      </node143479cabd3aef>\n      <node143479cbdf4fad>\n        <user>\n          <id>3,</id>\n          <name>林峰,</name>\n        </user>\n        <dept>\n          <id></id>\n          <name></name>\n        </dept>\n        <position>\n          <id></id>\n          <name></name>\n        </position>\n        <role>\n          <id></id>\n          <name></name>\n        </role>\n      </node143479cbdf4fad>\n    </priv>\n    <plugins/>\n  </property>\n  <variable>\n    <v/>\n  </variable>\n</root>\n', '', '4', '0', '1');
INSERT INTO `wf_df_workflow` VALUES ('a185bbf1-9423-6e46-954e-a758cafe819e', '0', '设备购置单', '1', '1446452220', '<?xml version=\"1.0\" encoding=\"UTF-8\"?>\n<root>\n  <nodes>\n    <node150c74a398335b>\n      <id>150c74a398335b</id>\n      <type>start</type>\n      <locked>false</locked>\n      <underline>null</underline>\n      <text>\n        <text>开始</text>\n        <x>54</x>\n        <y>181</y>\n        <text-anchor>middle</text-anchor>\n        <font-weight>400</font-weight>\n        <font-style>normal</font-style>\n        <font-size>13</font-size>\n        <font-family>\"Arial\"</font-family>\n        <fill>#3E3E3E</fill>\n        <stroke>#3E3E3E</stroke>\n      </text>\n      <shape>\n        <x>54</x>\n        <y>181</y>\n        <width>50</width>\n        <height>50</height>\n        <r>25</r>\n        <stroke>#398439</stroke>\n        <fill>#FFF</fill>\n        <stroke-dasharray></stroke-dasharray>\n        <stroke-width>2</stroke-width>\n      </shape>\n    </node150c74a398335b>\n    <node150c74a41619f6>\n      <id>150c74a41619f6</id>\n      <order>1</order>\n      <type>task</type>\n      <locked>false</locked>\n      <underline>null</underline>\n      <text>\n        <text>申请人</text>\n        <x>214.8401914582169</x>\n        <y>202</y>\n        <text-anchor>middle</text-anchor>\n        <font-weight>400</font-weight>\n        <font-style>normal</font-style>\n        <font-size>13</font-size>\n        <font-family>\"Arial\"</font-family>\n        <fill>#3E3E3E</fill>\n        <stroke>#3E3E3E</stroke>\n      </text>\n      <shape>\n        <x>208</x>\n        <y>202</y>\n        <width>114</width>\n        <height>46</height>\n        <r>3</r>\n        <stroke>#3E3E3E</stroke>\n        <fill>#FFF</fill>\n        <stroke-dasharray></stroke-dasharray>\n        <stroke-width>2</stroke-width>\n      </shape>\n    </node150c74a41619f6>\n    <node150c74a4971486>\n      <id>150c74a4971486</id>\n      <order>2</order>\n      <type>task</type>\n      <locked>false</locked>\n      <underline>null</underline>\n      <text>\n        <text>负责人意见</text>\n        <x>383.34017617666336</x>\n        <y>379</y>\n        <text-anchor>middle</text-anchor>\n        <font-weight>400</font-weight>\n        <font-style>normal</font-style>\n        <font-size>13</font-size>\n        <font-family>\"Arial\"</font-family>\n        <fill>#3E3E3E</fill>\n        <stroke>#3E3E3E</stroke>\n      </text>\n      <shape>\n        <x>377</x>\n        <y>379</y>\n        <width>143</width>\n        <height>46</height>\n        <r>3</r>\n        <stroke>#3E3E3E</stroke>\n        <fill>#FFF</fill>\n        <stroke-dasharray></stroke-dasharray>\n        <stroke-width>2</stroke-width>\n      </shape>\n    </node150c74a4971486>\n    <node150c74a4fc92ad>\n      <id>150c74a4fc92ad</id>\n      <order>3</order>\n      <type>task</type>\n      <locked>false</locked>\n      <underline>null</underline>\n      <text>\n        <text>主任批示</text>\n        <x>504.84019145821685</x>\n        <y>198</y>\n        <text-anchor>middle</text-anchor>\n        <font-weight>400</font-weight>\n        <font-style>normal</font-style>\n        <font-size>13</font-size>\n        <font-family>\"Arial\"</font-family>\n        <fill>#3E3E3E</fill>\n        <stroke>#3E3E3E</stroke>\n      </text>\n      <shape>\n        <x>498</x>\n        <y>198</y>\n        <width>122</width>\n        <height>50</height>\n        <r>3</r>\n        <stroke>#3E3E3E</stroke>\n        <fill>#FFF</fill>\n        <stroke-dasharray></stroke-dasharray>\n        <stroke-width>2</stroke-width>\n      </shape>\n    </node150c74a4fc92ad>\n    <node150c74a5719f14>\n      <id>150c74a5719f14</id>\n      <order>4</order>\n      <type>task</type>\n      <locked>false</locked>\n      <underline>null</underline>\n      <text>\n        <text>主管校长审批</text>\n        <x>659.3401761766634</x>\n        <y>388.5</y>\n        <text-anchor>middle</text-anchor>\n        <font-weight>400</font-weight>\n        <font-style>normal</font-style>\n        <font-size>13</font-size>\n        <font-family>\"Arial\"</font-family>\n        <fill>#3E3E3E</fill>\n        <stroke>#3E3E3E</stroke>\n      </text>\n      <shape>\n        <x>653</x>\n        <y>389</y>\n        <width>131</width>\n        <height>51</height>\n        <r>3</r>\n        <stroke>#3E3E3E</stroke>\n        <fill>#FFF</fill>\n        <stroke-dasharray></stroke-dasharray>\n        <stroke-width>2</stroke-width>\n      </shape>\n    </node150c74a5719f14>\n    <node150c74a5f32a3f>\n      <id>150c74a5f32a3f</id>\n      <order>5</order>\n      <type>task</type>\n      <locked>false</locked>\n      <underline>null</underline>\n      <text>\n        <text>校长或书记审批</text>\n        <x>778.3401914582168</x>\n        <y>176</y>\n        <text-anchor>middle</text-anchor>\n        <font-weight>400</font-weight>\n        <font-style>normal</font-style>\n        <font-size>13</font-size>\n        <font-family>\"Arial\"</font-family>\n        <fill>#3E3E3E</fill>\n        <stroke>#3E3E3E</stroke>\n      </text>\n      <shape>\n        <x>772</x>\n        <y>176</y>\n        <width>131</width>\n        <height>54</height>\n        <r>3</r>\n        <stroke>#3E3E3E</stroke>\n        <fill>#FFF</fill>\n        <stroke-dasharray></stroke-dasharray>\n        <stroke-width>2</stroke-width>\n      </shape>\n    </node150c74a5f32a3f>\n    <node150c74a66fa17d>\n      <id>150c74a66fa17d</id>\n      <order>6</order>\n      <type>task</type>\n      <locked>false</locked>\n      <underline>null</underline>\n      <text>\n        <text>实际金额</text>\n        <x>897.3401761766634</x>\n        <y>397.5</y>\n        <text-anchor>middle</text-anchor>\n        <font-weight>400</font-weight>\n        <font-style>normal</font-style>\n        <font-size>13</font-size>\n        <font-family>\"Arial\"</font-family>\n        <fill>#3E3E3E</fill>\n        <stroke>#3E3E3E</stroke>\n      </text>\n      <shape>\n        <x>891</x>\n        <y>398</y>\n        <width>137</width>\n        <height>51</height>\n        <r>3</r>\n        <stroke>#3E3E3E</stroke>\n        <fill>#FFF</fill>\n        <stroke-dasharray></stroke-dasharray>\n        <stroke-width>2</stroke-width>\n      </shape>\n    </node150c74a66fa17d>\n    <node150c74a6d4353d>\n      <id>150c74a6d4353d</id>\n      <order>7</order>\n      <type>task</type>\n      <locked>false</locked>\n      <underline>null</underline>\n      <text>\n        <text>财务结算</text>\n        <x>1017.8401914582168</x>\n        <y>188.5</y>\n        <text-anchor>middle</text-anchor>\n        <font-weight>400</font-weight>\n        <font-style>normal</font-style>\n        <font-size>13</font-size>\n        <font-family>\"Arial\"</font-family>\n        <fill>#3E3E3E</fill>\n        <stroke>#3E3E3E</stroke>\n      </text>\n      <shape>\n        <x>1011</x>\n        <y>189</y>\n        <width>126</width>\n        <height>49</height>\n        <r>3</r>\n        <stroke>#3E3E3E</stroke>\n        <fill>#FFF</fill>\n        <stroke-dasharray></stroke-dasharray>\n        <stroke-width>2</stroke-width>\n      </shape>\n    </node150c74a6d4353d>\n    <node150c74a9e44dd6>\n      <id>150c74a9e44dd6</id>\n      <type>end</type>\n      <locked>false</locked>\n      <underline>null</underline>\n      <text>\n        <text>结束</text>\n        <x>1107</x>\n        <y>355</y>\n        <text-anchor>middle</text-anchor>\n        <font-weight>400</font-weight>\n        <font-style>normal</font-style>\n        <font-size>13</font-size>\n        <font-family>\"Arial\"</font-family>\n        <fill>#3E3E3E</fill>\n        <stroke>#3E3E3E</stroke>\n      </text>\n      <shape>\n        <x>1107</x>\n        <y>355</y>\n        <width>50</width>\n        <height>50</height>\n        <r>25</r>\n        <stroke>#d43f3a</stroke>\n        <fill>#FFF</fill>\n        <stroke-dasharray></stroke-dasharray>\n        <stroke-width>4</stroke-width>\n      </shape>\n    </node150c74a9e44dd6>\n  </nodes>\n  <lines>\n    <line150c74aab75f98>\n      <id>150c74aab75f98</id>\n      <type>normal</type>\n      <from>node150c74a398335b</from>\n      <to>node150c74a41619f6</to>\n      <dots/>\n      <text>\n        <text></text>\n      </text>\n      <textPos>\n        <x></x>\n        <y></y>\n      </textPos>\n    </line150c74aab75f98>\n    <line150c74ab27d8a9>\n      <id>150c74ab27d8a9</id>\n      <type>normal</type>\n      <from>node150c74a41619f6</from>\n      <to>node150c74a4971486</to>\n      <rule>\n        <type>0</type>\n        <params/>\n        <filter>0</filter>\n      </rule>\n      <dots/>\n      <text>\n        <text></text>\n      </text>\n      <textPos>\n        <x></x>\n        <y></y>\n      </textPos>\n    </line150c74ab27d8a9>\n    <line150c74abccd7ff>\n      <id>150c74abccd7ff</id>\n      <type>normal</type>\n      <from>node150c74a4971486</from>\n      <to>node150c74a4fc92ad</to>\n      <rule>\n        <type>0</type>\n        <params/>\n        <filter>0</filter>\n      </rule>\n      <dots/>\n      <text>\n        <text></text>\n      </text>\n      <textPos>\n        <x></x>\n        <y></y>\n      </textPos>\n    </line150c74abccd7ff>\n    <line150c74ac5a51c2>\n      <id>150c74ac5a51c2</id>\n      <type>normal</type>\n      <from>node150c74a4fc92ad</from>\n      <to>node150c74a5719f14</to>\n      <rule>\n        <type>0</type>\n        <params/>\n        <filter>0</filter>\n      </rule>\n      <dots/>\n      <text>\n        <text></text>\n      </text>\n      <textPos>\n        <x></x>\n        <y></y>\n      </textPos>\n    </line150c74ac5a51c2>\n    <line150c74ad255ff9>\n      <id>150c74ad255ff9</id>\n      <type>normal</type>\n      <from>node150c74a5719f14</from>\n      <to>node150c74a5f32a3f</to>\n      <rule>\n        <type>0</type>\n        <params/>\n        <filter>0</filter>\n      </rule>\n      <dots/>\n      <text>\n        <text></text>\n      </text>\n      <textPos>\n        <x></x>\n        <y></y>\n      </textPos>\n    </line150c74ad255ff9>\n    <line150c74adac5636>\n      <id>150c74adac5636</id>\n      <type>normal</type>\n      <from>node150c74a5f32a3f</from>\n      <to>node150c74a66fa17d</to>\n      <rule>\n        <type>0</type>\n        <params/>\n        <filter>0</filter>\n      </rule>\n      <dots/>\n      <text>\n        <text></text>\n      </text>\n      <textPos>\n        <x></x>\n        <y></y>\n      </textPos>\n    </line150c74adac5636>\n    <line150c74ae2f563c>\n      <id>150c74ae2f563c</id>\n      <type>normal</type>\n      <from>node150c74a66fa17d</from>\n      <to>node150c74a6d4353d</to>\n      <rule>\n        <type>0</type>\n        <params/>\n        <filter>0</filter>\n      </rule>\n      <dots/>\n      <text>\n        <text></text>\n      </text>\n      <textPos>\n        <x></x>\n        <y></y>\n      </textPos>\n    </line150c74ae2f563c>\n    <line150c74aed6a653>\n      <id>150c74aed6a653</id>\n      <type>normal</type>\n      <from>node150c74a6d4353d</from>\n      <to>node150c74a9e44dd6</to>\n      <rule>\n        <type>0</type>\n        <params/>\n        <filter>0</filter>\n      </rule>\n      <dots/>\n      <text>\n        <text></text>\n      </text>\n      <textPos>\n        <x></x>\n        <y></y>\n      </textPos>\n    </line150c74aed6a653>\n  </lines>\n  <pools/>\n  <property>\n    <mode>\n      <node150c74a41619f6>normal</node150c74a41619f6>\n      <node150c74a4971486>normal</node150c74a4971486>\n      <node150c74a4fc92ad>normal</node150c74a4fc92ad>\n      <node150c74a5719f14>normal</node150c74a5719f14>\n      <node150c74a5f32a3f>normal</node150c74a5f32a3f>\n      <node150c74a66fa17d>normal</node150c74a66fa17d>\n      <node150c74a6d4353d>normal</node150c74a6d4353d>\n    </mode>\n    <selectusermode>\n      <node150c74a41619f6>list</node150c74a41619f6>\n      <node150c74a4971486>list</node150c74a4971486>\n      <node150c74a4fc92ad>list</node150c74a4fc92ad>\n      <node150c74a5719f14>list</node150c74a5719f14>\n      <node150c74a5f32a3f>list</node150c74a5f32a3f>\n      <node150c74a66fa17d>list</node150c74a66fa17d>\n      <node150c74a6d4353d>list</node150c74a6d4353d>\n    </selectusermode>\n    <allowmobilehandle>\n      <node150c74a41619f6>1</node150c74a41619f6>\n      <node150c74a4971486>1</node150c74a4971486>\n      <node150c74a4fc92ad>1</node150c74a4fc92ad>\n      <node150c74a5719f14>1</node150c74a5719f14>\n      <node150c74a5f32a3f>1</node150c74a5f32a3f>\n      <node150c74a66fa17d>1</node150c74a66fa17d>\n      <node150c74a6d4353d>1</node150c74a6d4353d>\n    </allowmobilehandle>\n    <innerloop>\n      <node150c74a41619f6>0</node150c74a41619f6>\n      <node150c74a4971486>0</node150c74a4971486>\n      <node150c74a4fc92ad>0</node150c74a4fc92ad>\n      <node150c74a5719f14>0</node150c74a5719f14>\n      <node150c74a5f32a3f>0</node150c74a5f32a3f>\n      <node150c74a66fa17d>0</node150c74a66fa17d>\n      <node150c74a6d4353d>0</node150c74a6d4353d>\n    </innerloop>\n    <allowsettingmobilehandle>\n      <node150c74a41619f6>1</node150c74a41619f6>\n      <node150c74a4971486>1</node150c74a4971486>\n      <node150c74a4fc92ad>1</node150c74a4fc92ad>\n      <node150c74a5719f14>1</node150c74a5719f14>\n      <node150c74a5f32a3f>1</node150c74a5f32a3f>\n      <node150c74a66fa17d>1</node150c74a66fa17d>\n      <node150c74a6d4353d>1</node150c74a6d4353d>\n    </allowsettingmobilehandle>\n    <priv>\n      <node150c74a41619f6>\n        <user>\n          <id>9,42,2,3,4,8,1,11,5,6,7,</id>\n          <name>李佳,测试,马有才,林峰,淋雨燕,曹可爱,系统管理员,张的发,段志明,林涛,崔莹,</name>\n        </user>\n        <dept>\n          <id></id>\n          <name></name>\n        </dept>\n        <position>\n          <id></id>\n          <name></name>\n        </position>\n        <role>\n          <id></id>\n          <name></name>\n        </role>\n      </node150c74a41619f6>\n      <node150c74a4971486>\n        <user>\n          <id>11,</id>\n          <name>张的发,</name>\n        </user>\n        <dept>\n          <id></id>\n          <name></name>\n        </dept>\n        <position>\n          <id></id>\n          <name></name>\n        </position>\n        <role>\n          <id></id>\n          <name></name>\n        </role>\n      </node150c74a4971486>\n      <node150c74a4fc92ad>\n        <user>\n          <id>6,</id>\n          <name>林涛,</name>\n        </user>\n        <dept>\n          <id></id>\n          <name></name>\n        </dept>\n        <position>\n          <id></id>\n          <name></name>\n        </position>\n        <role>\n          <id></id>\n          <name></name>\n        </role>\n      </node150c74a4fc92ad>\n      <node150c74a5719f14>\n        <user>\n          <id>3,</id>\n          <name>林峰,</name>\n        </user>\n        <dept>\n          <id></id>\n          <name></name>\n        </dept>\n        <position>\n          <id></id>\n          <name></name>\n        </position>\n        <role>\n          <id></id>\n          <name></name>\n        </role>\n      </node150c74a5719f14>\n      <node150c74a5f32a3f>\n        <user>\n          <id>2,</id>\n          <name>马有才,</name>\n        </user>\n        <dept>\n          <id></id>\n          <name></name>\n        </dept>\n        <position>\n          <id></id>\n          <name></name>\n        </position>\n        <role>\n          <id></id>\n          <name></name>\n        </role>\n      </node150c74a5f32a3f>\n      <node150c74a66fa17d>\n        <user>\n          <id>3,9,42,2,4,8,1,11,5,6,7,</id>\n          <name>林峰,李佳,测试,马有才,淋雨燕,曹可爱,系统管理员,张的发,段志明,林涛,崔莹,</name>\n        </user>\n        <dept>\n          <id></id>\n          <name></name>\n        </dept>\n        <position>\n          <id></id>\n          <name></name>\n        </position>\n        <role>\n          <id></id>\n          <name></name>\n        </role>\n      </node150c74a66fa17d>\n      <node150c74a6d4353d>\n        <user>\n          <id>4,</id>\n          <name>淋雨燕,</name>\n        </user>\n        <dept>\n          <id></id>\n          <name></name>\n        </dept>\n        <position>\n          <id></id>\n          <name></name>\n        </position>\n        <role>\n          <id></id>\n          <name></name>\n        </role>\n      </node150c74a6d4353d>\n    </priv>\n    <plugins/>\n  </property>\n  <variable>\n    <v/>\n  </variable>\n</root>\n', null, '7', '5', '1');
INSERT INTO `wf_df_workflow` VALUES ('a5cc4e25-0881-35ff-84fe-2e4840177dc6', '0', '发文', '1', '1444720171', '<?xml version=\"1.0\" encoding=\"UTF-8\"?>\n<root>\n  <nodes>\n    <node150600b8258e6c>\n      <id>150600b8258e6c</id>\n      <type>start</type>\n      <locked>false</locked>\n      <underline>null</underline>\n      <text>\n        <text>开始</text>\n        <x>72</x>\n        <y>264</y>\n        <text-anchor>middle</text-anchor>\n        <font-weight>400</font-weight>\n        <font-style>normal</font-style>\n        <font-size>13</font-size>\n        <font-family>\"Arial\"</font-family>\n        <fill>#3E3E3E</fill>\n        <stroke>#3E3E3E</stroke>\n      </text>\n      <shape>\n        <x>72</x>\n        <y>264</y>\n        <width>50</width>\n        <height>50</height>\n        <r>25</r>\n        <stroke>#398439</stroke>\n        <fill>#FFF</fill>\n        <stroke-dasharray></stroke-dasharray>\n        <stroke-width>2</stroke-width>\n      </shape>\n    </node150600b8258e6c>\n    <node150600b8850232>\n      <id>150600b8850232</id>\n      <order>1</order>\n      <type>task</type>\n      <locked>unlocked</locked>\n      <underline>null</underline>\n      <text>\n        <text>发文</text>\n        <x>166.8402067397704</x>\n        <y>429</y>\n        <text-anchor>middle</text-anchor>\n        <font-weight>400</font-weight>\n        <font-style>normal</font-style>\n        <font-size>13</font-size>\n        <font-family>\"Arial\"</font-family>\n        <fill>#3E3E3E</fill>\n        <stroke>#3E3E3E</stroke>\n      </text>\n      <shape>\n        <x>160</x>\n        <y>429</y>\n        <width>126</width>\n        <height>57</height>\n        <r>3</r>\n        <stroke>#3E3E3E</stroke>\n        <fill>#FFF</fill>\n        <stroke-dasharray></stroke-dasharray>\n        <stroke-width>2</stroke-width>\n      </shape>\n    </node150600b8850232>\n    <node150600b9000a5f>\n      <id>150600b9000a5f</id>\n      <order>2</order>\n      <type>task</type>\n      <locked>false</locked>\n      <underline>null</underline>\n      <text>\n        <text>签发会签</text>\n        <x>261.8401914582169</x>\n        <y>234</y>\n        <text-anchor>middle</text-anchor>\n        <font-weight>400</font-weight>\n        <font-style>normal</font-style>\n        <font-size>13</font-size>\n        <font-family>\"Arial\"</font-family>\n        <fill>#3E3E3E</fill>\n        <stroke>#3E3E3E</stroke>\n      </text>\n      <shape>\n        <x>255</x>\n        <y>234</y>\n        <width>137</width>\n        <height>50</height>\n        <r>3</r>\n        <stroke>#3E3E3E</stroke>\n        <fill>#FFF</fill>\n        <stroke-dasharray></stroke-dasharray>\n        <stroke-width>2</stroke-width>\n      </shape>\n    </node150600b9000a5f>\n    <node150600b962944b>\n      <id>150600b962944b</id>\n      <order>3</order>\n      <type>task</type>\n      <locked>false</locked>\n      <underline>null</underline>\n      <text>\n        <text>主办处负责人</text>\n        <x>369.84020673977045</x>\n        <y>452</y>\n        <text-anchor>middle</text-anchor>\n        <font-weight>400</font-weight>\n        <font-style>normal</font-style>\n        <font-size>13</font-size>\n        <font-family>\"Arial\"</font-family>\n        <fill>#3E3E3E</fill>\n        <stroke>#3E3E3E</stroke>\n      </text>\n      <shape>\n        <x>363</x>\n        <y>452</y>\n        <width>100</width>\n        <height>50</height>\n        <r>3</r>\n        <stroke>#3E3E3E</stroke>\n        <fill>#FFF</fill>\n        <stroke-dasharray></stroke-dasharray>\n        <stroke-width>2</stroke-width>\n      </shape>\n    </node150600b962944b>\n    <node150600ba181bc>\n      <id>150600ba181bc</id>\n      <order>4</order>\n      <type>task</type>\n      <locked>false</locked>\n      <underline>null</underline>\n      <text>\n        <text>委内会签</text>\n        <x>502.84019145821685</x>\n        <y>233</y>\n        <text-anchor>middle</text-anchor>\n        <font-weight>400</font-weight>\n        <font-style>normal</font-style>\n        <font-size>13</font-size>\n        <font-family>\"Arial\"</font-family>\n        <fill>#3E3E3E</fill>\n        <stroke>#3E3E3E</stroke>\n      </text>\n      <shape>\n        <x>496</x>\n        <y>233</y>\n        <width>132</width>\n        <height>48</height>\n        <r>3</r>\n        <stroke>#3E3E3E</stroke>\n        <fill>#FFF</fill>\n        <stroke-dasharray></stroke-dasharray>\n        <stroke-width>2</stroke-width>\n      </shape>\n    </node150600ba181bc>\n    <node150600bac082db>\n      <id>150600bac082db</id>\n      <type>end</type>\n      <locked>false</locked>\n      <underline>null</underline>\n      <text>\n        <text>结束</text>\n        <x>1088</x>\n        <y>317</y>\n        <text-anchor>middle</text-anchor>\n        <font-weight>400</font-weight>\n        <font-style>normal</font-style>\n        <font-size>13</font-size>\n        <font-family>\"Arial\"</font-family>\n        <fill>#3E3E3E</fill>\n        <stroke>#3E3E3E</stroke>\n      </text>\n      <shape>\n        <x>1088</x>\n        <y>317</y>\n        <width>50</width>\n        <height>50</height>\n        <r>25</r>\n        <stroke>#d43f3a</stroke>\n        <fill>#FFF</fill>\n        <stroke-dasharray></stroke-dasharray>\n        <stroke-width>4</stroke-width>\n      </shape>\n    </node150600bac082db>\n    <node1506014776962c>\n      <id>1506014776962c</id>\n      <order>5</order>\n      <type>task</type>\n      <locked>false</locked>\n      <underline>null</underline>\n      <text>\n        <text>办公室审核</text>\n        <x>649.8402067397704</x>\n        <y>454</y>\n        <text-anchor>middle</text-anchor>\n        <font-weight>400</font-weight>\n        <font-style>normal</font-style>\n        <font-size>13</font-size>\n        <font-family>\"Arial\"</font-family>\n        <fill>#3E3E3E</fill>\n        <stroke>#3E3E3E</stroke>\n      </text>\n      <shape>\n        <x>643</x>\n        <y>454</y>\n        <width>137</width>\n        <height>44</height>\n        <r>3</r>\n        <stroke>#3E3E3E</stroke>\n        <fill>#FFF</fill>\n        <stroke-dasharray></stroke-dasharray>\n        <stroke-width>2</stroke-width>\n      </shape>\n    </node1506014776962c>\n    <node15060147effff7>\n      <id>15060147effff7</id>\n      <order>6</order>\n      <type>task</type>\n      <locked>false</locked>\n      <underline>null</underline>\n      <text>\n        <text>拟稿单位</text>\n        <x>760.8401914582168</x>\n        <y>245</y>\n        <text-anchor>middle</text-anchor>\n        <font-weight>400</font-weight>\n        <font-style>normal</font-style>\n        <font-size>13</font-size>\n        <font-family>\"Arial\"</font-family>\n        <fill>#3E3E3E</fill>\n        <stroke>#3E3E3E</stroke>\n      </text>\n      <shape>\n        <x>754</x>\n        <y>245</y>\n        <width>100</width>\n        <height>50</height>\n        <r>3</r>\n        <stroke>#3E3E3E</stroke>\n        <fill>#FFF</fill>\n        <stroke-dasharray></stroke-dasharray>\n        <stroke-width>2</stroke-width>\n      </shape>\n    </node15060147effff7>\n    <node150601487a01d1>\n      <id>150601487a01d1</id>\n      <order>7</order>\n      <type>task</type>\n      <locked>false</locked>\n      <underline>null</underline>\n      <text>\n        <text>校对</text>\n        <x>907.8402067397706</x>\n        <y>454</y>\n        <text-anchor>middle</text-anchor>\n        <font-weight>400</font-weight>\n        <font-style>normal</font-style>\n        <font-size>13</font-size>\n        <font-family>\"Arial\"</font-family>\n        <fill>#3E3E3E</fill>\n        <stroke>#3E3E3E</stroke>\n      </text>\n      <shape>\n        <x>901</x>\n        <y>454</y>\n        <width>100</width>\n        <height>50</height>\n        <r>3</r>\n        <stroke>#3E3E3E</stroke>\n        <fill>#FFF</fill>\n        <stroke-dasharray></stroke-dasharray>\n        <stroke-width>2</stroke-width>\n      </shape>\n    </node150601487a01d1>\n    <node150601711e0902>\n      <id>150601711e0902</id>\n      <order>8</order>\n      <type>task</type>\n      <locked>false</locked>\n      <underline>null</underline>\n      <text>\n        <text>标题</text>\n        <x>952.8402067397704</x>\n        <y>267</y>\n        <text-anchor>middle</text-anchor>\n        <font-weight>400</font-weight>\n        <font-style>normal</font-style>\n        <font-size>13</font-size>\n        <font-family>\"Arial\"</font-family>\n        <fill>#3E3E3E</fill>\n        <stroke>#3E3E3E</stroke>\n      </text>\n      <shape>\n        <x>946</x>\n        <y>267</y>\n        <width>100</width>\n        <height>50</height>\n        <r>3</r>\n        <stroke>#3E3E3E</stroke>\n        <fill>#FFF</fill>\n        <stroke-dasharray></stroke-dasharray>\n        <stroke-width>2</stroke-width>\n      </shape>\n    </node150601711e0902>\n  </nodes>\n  <lines>\n    <line150600e2ce404>\n      <id>150600e2ce404</id>\n      <type>normal</type>\n      <from>node150600b8258e6c</from>\n      <to>node150600b8850232</to>\n      <dots/>\n      <text>\n        <text></text>\n      </text>\n      <textPos>\n        <x></x>\n        <y></y>\n      </textPos>\n    </line150600e2ce404>\n    <line150600e3b83bc7>\n      <id>150600e3b83bc7</id>\n      <type>normal</type>\n      <from>node150600b8850232</from>\n      <to>node150600b9000a5f</to>\n      <rule>\n        <type>0</type>\n        <params/>\n        <filter>0</filter>\n      </rule>\n      <dots/>\n      <text>\n        <text></text>\n      </text>\n      <textPos>\n        <x></x>\n        <y></y>\n      </textPos>\n    </line150600e3b83bc7>\n    <line150600e43442ef>\n      <id>150600e43442ef</id>\n      <type>normal</type>\n      <from>node150600b9000a5f</from>\n      <to>node150600b962944b</to>\n      <rule>\n        <type>0</type>\n        <params/>\n        <filter>0</filter>\n      </rule>\n      <dots/>\n      <text>\n        <text></text>\n      </text>\n      <textPos>\n        <x></x>\n        <y></y>\n      </textPos>\n    </line150600e43442ef>\n    <line150600e5333408>\n      <id>150600e5333408</id>\n      <type>normal</type>\n      <from>node150600b962944b</from>\n      <to>node150600ba181bc</to>\n      <rule>\n        <type>0</type>\n        <params/>\n        <filter>0</filter>\n      </rule>\n      <dots/>\n      <text>\n        <text></text>\n      </text>\n      <textPos>\n        <x></x>\n        <y></y>\n      </textPos>\n    </line150600e5333408>\n    <line1506015e746175>\n      <id>1506015e746175</id>\n      <type>normal</type>\n      <from>node150600ba181bc</from>\n      <to>node1506014776962c</to>\n      <rule>\n        <type>0</type>\n        <params/>\n        <filter>0</filter>\n      </rule>\n      <dots/>\n      <text>\n        <text></text>\n      </text>\n      <textPos>\n        <x></x>\n        <y></y>\n      </textPos>\n    </line1506015e746175>\n    <line150601624d76b9>\n      <id>150601624d76b9</id>\n      <type>normal</type>\n      <from>node1506014776962c</from>\n      <to>node15060147effff7</to>\n      <rule>\n        <type>0</type>\n        <params/>\n        <filter>0</filter>\n      </rule>\n      <dots/>\n      <text>\n        <text></text>\n      </text>\n      <textPos>\n        <x></x>\n        <y></y>\n      </textPos>\n    </line150601624d76b9>\n    <line15060162cfec7b>\n      <id>15060162cfec7b</id>\n      <type>normal</type>\n      <from>node15060147effff7</from>\n      <to>node150601487a01d1</to>\n      <rule>\n        <type>0</type>\n        <params/>\n        <filter>0</filter>\n      </rule>\n      <dots/>\n      <text>\n        <text></text>\n      </text>\n      <textPos>\n        <x></x>\n        <y></y>\n      </textPos>\n    </line15060162cfec7b>\n    <line150601721aeccf>\n      <id>150601721aeccf</id>\n      <type>normal</type>\n      <from>node150601487a01d1</from>\n      <to>node150601711e0902</to>\n      <rule>\n        <type>0</type>\n        <params/>\n        <filter>0</filter>\n      </rule>\n      <dots/>\n      <text>\n        <text></text>\n      </text>\n      <textPos>\n        <x></x>\n        <y></y>\n      </textPos>\n    </line150601721aeccf>\n    <line1506017296eb49>\n      <id>1506017296eb49</id>\n      <type>normal</type>\n      <from>node150601711e0902</from>\n      <to>node150600bac082db</to>\n      <rule>\n        <type>0</type>\n        <params/>\n        <filter>0</filter>\n      </rule>\n      <dots/>\n      <text>\n        <text></text>\n      </text>\n      <textPos>\n        <x></x>\n        <y></y>\n      </textPos>\n    </line1506017296eb49>\n  </lines>\n  <pools/>\n  <property>\n    <mode>\n      <node150600b8850232>normal</node150600b8850232>\n      <node150600b9000a5f>normal</node150600b9000a5f>\n      <node150600b962944b>normal</node150600b962944b>\n      <node150600ba181bc>normal</node150600ba181bc>\n      <node1506014776962c>normal</node1506014776962c>\n      <node15060147effff7>normal</node15060147effff7>\n      <node150601487a01d1>normal</node150601487a01d1>\n      <node150601711e0902>normal</node150601711e0902>\n    </mode>\n    <selectusermode>\n      <node150600b8850232>list</node150600b8850232>\n      <node150600b9000a5f>list</node150600b9000a5f>\n      <node150600b962944b>list</node150600b962944b>\n      <node150600ba181bc>list</node150600ba181bc>\n      <node1506014776962c>list</node1506014776962c>\n      <node15060147effff7>list</node15060147effff7>\n      <node150601487a01d1>list</node150601487a01d1>\n      <node150601711e0902>list</node150601711e0902>\n    </selectusermode>\n    <allowmobilehandle>\n      <node150600b8850232>1</node150600b8850232>\n      <node150600b9000a5f>1</node150600b9000a5f>\n      <node150600b962944b>1</node150600b962944b>\n      <node150600ba181bc>1</node150600ba181bc>\n      <node1506014776962c>1</node1506014776962c>\n      <node15060147effff7>1</node15060147effff7>\n      <node150601487a01d1>1</node150601487a01d1>\n      <node150601711e0902>1</node150601711e0902>\n    </allowmobilehandle>\n    <innerloop>\n      <node150600b8850232>0</node150600b8850232>\n      <node150600b9000a5f>0</node150600b9000a5f>\n      <node150600b962944b>0</node150600b962944b>\n      <node150600ba181bc>0</node150600ba181bc>\n      <node1506014776962c>0</node1506014776962c>\n      <node15060147effff7>0</node15060147effff7>\n      <node150601487a01d1>0</node150601487a01d1>\n      <node150601711e0902>0</node150601711e0902>\n    </innerloop>\n    <allowsettingmobilehandle>\n      <node150600b8850232>1</node150600b8850232>\n      <node150600b9000a5f>1</node150600b9000a5f>\n      <node150600b962944b>1</node150600b962944b>\n      <node150600ba181bc>1</node150600ba181bc>\n      <node1506014776962c>1</node1506014776962c>\n      <node15060147effff7>1</node15060147effff7>\n      <node150601487a01d1>1</node150601487a01d1>\n      <node150601711e0902>1</node150601711e0902>\n    </allowsettingmobilehandle>\n    <priv>\n      <node150600b8850232>\n        <user>\n          <id>8,2,3,4,1,11,5,6,7,</id>\n          <name>曹可爱,马有才,林峰,淋雨燕,系统管理员,张的发,段志明,林涛,崔莹,</name>\n        </user>\n        <dept>\n          <id></id>\n          <name></name>\n        </dept>\n        <position>\n          <id></id>\n          <name></name>\n        </position>\n        <role>\n          <id></id>\n          <name></name>\n        </role>\n      </node150600b8850232>\n      <node150600b9000a5f>\n        <user>\n          <id>4,</id>\n          <name>淋雨燕,</name>\n        </user>\n        <dept>\n          <id></id>\n          <name></name>\n        </dept>\n        <position>\n          <id></id>\n          <name></name>\n        </position>\n        <role>\n          <id></id>\n          <name></name>\n        </role>\n      </node150600b9000a5f>\n      <node150600b962944b>\n        <user>\n          <id>3,</id>\n          <name>林峰,</name>\n        </user>\n        <dept>\n          <id></id>\n          <name></name>\n        </dept>\n        <position>\n          <id></id>\n          <name></name>\n        </position>\n        <role>\n          <id></id>\n          <name></name>\n        </role>\n      </node150600b962944b>\n      <node150600ba181bc>\n        <user>\n          <id>2,</id>\n          <name>马有才,</name>\n        </user>\n        <dept>\n          <id></id>\n          <name></name>\n        </dept>\n        <position>\n          <id></id>\n          <name></name>\n        </position>\n        <role>\n          <id></id>\n          <name></name>\n        </role>\n      </node150600ba181bc>\n      <node1506014776962c>\n        <user>\n          <id>4,</id>\n          <name>淋雨燕,</name>\n        </user>\n        <dept>\n          <id></id>\n          <name></name>\n        </dept>\n        <position>\n          <id></id>\n          <name></name>\n        </position>\n        <role>\n          <id></id>\n          <name></name>\n        </role>\n      </node1506014776962c>\n      <node15060147effff7>\n        <user>\n          <id>3,</id>\n          <name>林峰,</name>\n        </user>\n        <dept>\n          <id></id>\n          <name></name>\n        </dept>\n        <position>\n          <id></id>\n          <name></name>\n        </position>\n        <role>\n          <id></id>\n          <name></name>\n        </role>\n      </node15060147effff7>\n      <node150601487a01d1>\n        <user>\n          <id>8,</id>\n          <name>曹可爱,</name>\n        </user>\n        <dept>\n          <id></id>\n          <name></name>\n        </dept>\n        <position>\n          <id></id>\n          <name></name>\n        </position>\n        <role>\n          <id></id>\n          <name></name>\n        </role>\n      </node150601487a01d1>\n      <node150601711e0902>\n        <user>\n          <id>2,</id>\n          <name>马有才,</name>\n        </user>\n        <dept>\n          <id></id>\n          <name></name>\n        </dept>\n        <position>\n          <id></id>\n          <name></name>\n        </position>\n        <role>\n          <id></id>\n          <name></name>\n        </role>\n      </node150601711e0902>\n    </priv>\n    <plugins/>\n  </property>\n  <variable>\n    <v/>\n  </variable>\n</root>\n', null, '2', '1', '1');
INSERT INTO `wf_df_workflow` VALUES ('a95b83d3-3855-428b-79cc-a1c009c8bc4d', '0', '教师请假单', '1', '1446441872', '<?xml version=\"1.0\" encoding=\"UTF-8\"?>\n<root>\n  <nodes>\n    <node150c6aa50e40c8>\n      <id>150c6aa50e40c8</id>\n      <type>start</type>\n      <locked>false</locked>\n      <underline>null</underline>\n      <text>\n        <text>开始</text>\n        <x>42</x>\n        <y>229</y>\n        <text-anchor>middle</text-anchor>\n        <font-weight>400</font-weight>\n        <font-style>normal</font-style>\n        <font-size>13</font-size>\n        <font-family>\"Arial\"</font-family>\n        <fill>#3E3E3E</fill>\n        <stroke>#3E3E3E</stroke>\n      </text>\n      <shape>\n        <x>42</x>\n        <y>229</y>\n        <width>50</width>\n        <height>50</height>\n        <r>25</r>\n        <stroke>#398439</stroke>\n        <fill>#FFF</fill>\n        <stroke-dasharray></stroke-dasharray>\n        <stroke-width>2</stroke-width>\n      </shape>\n    </node150c6aa50e40c8>\n    <node150c6aa5523efd>\n      <id>150c6aa5523efd</id>\n      <type>end</type>\n      <locked>false</locked>\n      <underline>null</underline>\n      <text>\n        <text>结束</text>\n        <x>918</x>\n        <y>274</y>\n        <text-anchor>middle</text-anchor>\n        <font-weight>400</font-weight>\n        <font-style>normal</font-style>\n        <font-size>13</font-size>\n        <font-family>\"Arial\"</font-family>\n        <fill>#3E3E3E</fill>\n        <stroke>#3E3E3E</stroke>\n      </text>\n      <shape>\n        <x>918</x>\n        <y>274</y>\n        <width>50</width>\n        <height>50</height>\n        <r>25</r>\n        <stroke>#d43f3a</stroke>\n        <fill>#FFF</fill>\n        <stroke-dasharray></stroke-dasharray>\n        <stroke-width>4</stroke-width>\n      </shape>\n    </node150c6aa5523efd>\n    <node150c6ab02d13e6>\n      <id>150c6ab02d13e6</id>\n      <order>1</order>\n      <type>task</type>\n      <locked>false</locked>\n      <underline>null</underline>\n      <text>\n        <text>请假人</text>\n        <x>211.84017617666336</x>\n        <y>271</y>\n        <text-anchor>middle</text-anchor>\n        <font-weight>400</font-weight>\n        <font-style>normal</font-style>\n        <font-size>13</font-size>\n        <font-family>\"Arial\"</font-family>\n        <fill>#3E3E3E</fill>\n        <stroke>#3E3E3E</stroke>\n      </text>\n      <shape>\n        <x>205</x>\n        <y>271</y>\n        <width>136</width>\n        <height>55</height>\n        <r>3</r>\n        <stroke>#3E3E3E</stroke>\n        <fill>#FFF</fill>\n        <stroke-dasharray></stroke-dasharray>\n        <stroke-width>2</stroke-width>\n      </shape>\n    </node150c6ab02d13e6>\n    <node150c6cccbd308f>\n      <id>150c6cccbd308f</id>\n      <order>3</order>\n      <type>task</type>\n      <locked>false</locked>\n      <underline>null</underline>\n      <text>\n        <text>教导处调课</text>\n        <x>685.8401761766634</x>\n        <y>261</y>\n        <text-anchor>middle</text-anchor>\n        <font-weight>400</font-weight>\n        <font-style>normal</font-style>\n        <font-size>13</font-size>\n        <font-family>\"Arial\"</font-family>\n        <fill>#3E3E3E</fill>\n        <stroke>#3E3E3E</stroke>\n      </text>\n      <shape>\n        <x>679</x>\n        <y>261</y>\n        <width>160</width>\n        <height>54</height>\n        <r>3</r>\n        <stroke>#3E3E3E</stroke>\n        <fill>#FFF</fill>\n        <stroke-dasharray></stroke-dasharray>\n        <stroke-width>2</stroke-width>\n      </shape>\n    </node150c6cccbd308f>\n    <node150c6d7e0d186a>\n      <id>150c6d7e0d186a</id>\n      <order>2</order>\n      <type>task</type>\n      <locked>false</locked>\n      <underline>null</underline>\n      <text>\n        <text>审批人</text>\n        <x>437.84019145821685</x>\n        <y>248</y>\n        <text-anchor>middle</text-anchor>\n        <font-weight>400</font-weight>\n        <font-style>normal</font-style>\n        <font-size>13</font-size>\n        <font-family>\"Arial\"</font-family>\n        <fill>#3E3E3E</fill>\n        <stroke>#3E3E3E</stroke>\n      </text>\n      <shape>\n        <x>431</x>\n        <y>248</y>\n        <width>100</width>\n        <height>50</height>\n        <r>3</r>\n        <stroke>#3E3E3E</stroke>\n        <fill>#FFF</fill>\n        <stroke-dasharray></stroke-dasharray>\n        <stroke-width>2</stroke-width>\n      </shape>\n    </node150c6d7e0d186a>\n  </nodes>\n  <lines>\n    <line150c6abfe06b15>\n      <id>150c6abfe06b15</id>\n      <type>normal</type>\n      <from>node150c6aa50e40c8</from>\n      <to>node150c6ab02d13e6</to>\n      <dots/>\n      <text>\n        <text></text>\n      </text>\n      <textPos>\n        <x></x>\n        <y></y>\n      </textPos>\n    </line150c6abfe06b15>\n    <line150c6cd89ca883>\n      <id>150c6cd89ca883</id>\n      <type>normal</type>\n      <from>node150c6cccbd308f</from>\n      <to>node150c6aa5523efd</to>\n      <rule>\n        <type>0</type>\n        <params/>\n        <filter>0</filter>\n      </rule>\n      <dots/>\n      <text>\n        <text></text>\n      </text>\n      <textPos>\n        <x></x>\n        <y></y>\n      </textPos>\n    </line150c6cd89ca883>\n    <line150c6d829d84f8>\n      <id>150c6d829d84f8</id>\n      <type>normal</type>\n      <from>node150c6d7e0d186a</from>\n      <to>node150c6cccbd308f</to>\n      <rule>\n        <type>0</type>\n        <params/>\n        <filter>0</filter>\n      </rule>\n      <dots/>\n      <text>\n        <text></text>\n      </text>\n      <textPos>\n        <x></x>\n        <y></y>\n      </textPos>\n    </line150c6d829d84f8>\n    <line150c6d832d8c2>\n      <id>150c6d832d8c2</id>\n      <type>normal</type>\n      <from>node150c6ab02d13e6</from>\n      <to>node150c6d7e0d186a</to>\n      <rule>\n        <type>0</type>\n        <params/>\n        <filter>0</filter>\n      </rule>\n      <dots/>\n      <text>\n        <text></text>\n      </text>\n      <textPos>\n        <x></x>\n        <y></y>\n      </textPos>\n    </line150c6d832d8c2>\n  </lines>\n  <pools/>\n  <property>\n    <mode>\n      <node150c6ab02d13e6>normal</node150c6ab02d13e6>\n      <node150c6aa6194306>normal</node150c6aa6194306>\n      <node150c6aa6f84543>normal</node150c6aa6f84543>\n      <node150c6cccbd308f>normal</node150c6cccbd308f>\n      <node150c6d7e0d186a>normal</node150c6d7e0d186a>\n    </mode>\n    <selectusermode>\n      <node150c6ab02d13e6>list</node150c6ab02d13e6>\n      <node150c6aa6194306>list</node150c6aa6194306>\n      <node150c6aa6f84543>list</node150c6aa6f84543>\n      <node150c6cccbd308f>list</node150c6cccbd308f>\n      <node150c6d7e0d186a>list</node150c6d7e0d186a>\n    </selectusermode>\n    <allowmobilehandle>\n      <node150c6ab02d13e6>1</node150c6ab02d13e6>\n      <node150c6aa6194306>1</node150c6aa6194306>\n      <node150c6aa6f84543>1</node150c6aa6f84543>\n      <node150c6cccbd308f>1</node150c6cccbd308f>\n      <node150c6d7e0d186a>1</node150c6d7e0d186a>\n    </allowmobilehandle>\n    <innerloop>\n      <node150c6ab02d13e6>0</node150c6ab02d13e6>\n      <node150c6aa6194306>0</node150c6aa6194306>\n      <node150c6aa6f84543>0</node150c6aa6f84543>\n      <node150c6cccbd308f>0</node150c6cccbd308f>\n      <node150c6d7e0d186a>0</node150c6d7e0d186a>\n    </innerloop>\n    <allowsettingmobilehandle>\n      <node150c6ab02d13e6>1</node150c6ab02d13e6>\n      <node150c6aa6194306>1</node150c6aa6194306>\n      <node150c6aa6f84543>1</node150c6aa6f84543>\n      <node150c6cccbd308f>1</node150c6cccbd308f>\n      <node150c6d7e0d186a>1</node150c6d7e0d186a>\n    </allowsettingmobilehandle>\n    <priv>\n      <node150c6ab02d13e6>\n        <user>\n          <id>9,42,2,4,3,49,8,1,11,5,6,7,</id>\n          <name>李佳,测试,马有才,淋雨燕,林峰,花花,曹可爱,系统管理员,张的发,段志明,林涛,崔莹,</name>\n        </user>\n        <dept>\n          <id></id>\n          <name></name>\n        </dept>\n        <position>\n          <id></id>\n          <name></name>\n        </position>\n        <role>\n          <id></id>\n          <name></name>\n        </role>\n      </node150c6ab02d13e6>\n      <node150c6aa6194306>\n        <user>\n          <id>4,</id>\n          <name>淋雨燕,</name>\n        </user>\n        <dept>\n          <id></id>\n          <name></name>\n        </dept>\n        <position>\n          <id></id>\n          <name></name>\n        </position>\n        <role>\n          <id></id>\n          <name></name>\n        </role>\n      </node150c6aa6194306>\n      <node150c6aa6f84543>\n        <user>\n          <id>9,</id>\n          <name>李佳,</name>\n        </user>\n        <dept>\n          <id></id>\n          <name></name>\n        </dept>\n        <position>\n          <id></id>\n          <name></name>\n        </position>\n        <role>\n          <id></id>\n          <name></name>\n        </role>\n      </node150c6aa6f84543>\n      <node150c6cccbd308f>\n        <user>\n          <id>3,</id>\n          <name>林峰,</name>\n        </user>\n        <dept>\n          <id></id>\n          <name></name>\n        </dept>\n        <position>\n          <id></id>\n          <name></name>\n        </position>\n        <role>\n          <id></id>\n          <name></name>\n        </role>\n      </node150c6cccbd308f>\n      <node150c6d7e0d186a>\n        <user>\n          <id>4,</id>\n          <name>淋雨燕,</name>\n        </user>\n        <dept>\n          <id></id>\n          <name></name>\n        </dept>\n        <position>\n          <id></id>\n          <name></name>\n        </position>\n        <role>\n          <id></id>\n          <name></name>\n        </role>\n      </node150c6d7e0d186a>\n    </priv>\n    <plugins/>\n  </property>\n  <variable>\n    <v/>\n  </variable>\n</root>\n', null, '7', '3', '1');
INSERT INTO `wf_df_workflow` VALUES ('b89a6cd7-8389-6233-27b7-40b8f4d939fe', '0', '教师培训心得体会', '1', '1446434412', '<?xml version=\"1.0\" encoding=\"UTF-8\"?>\n<root>\n  <nodes>\n    <node150c63869d3ec1>\n      <id>150c63869d3ec1</id>\n      <type>start</type>\n      <locked>false</locked>\n      <underline>null</underline>\n      <text>\n        <text>开始</text>\n        <x>179</x>\n        <y>226</y>\n        <text-anchor>middle</text-anchor>\n        <font-weight>400</font-weight>\n        <font-style>normal</font-style>\n        <font-size>13</font-size>\n        <font-family>\"Arial\"</font-family>\n        <fill>#3E3E3E</fill>\n        <stroke>#3E3E3E</stroke>\n      </text>\n      <shape>\n        <x>179</x>\n        <y>226</y>\n        <width>50</width>\n        <height>50</height>\n        <r>25</r>\n        <stroke>#398439</stroke>\n        <fill>#FFF</fill>\n        <stroke-dasharray></stroke-dasharray>\n        <stroke-width>2</stroke-width>\n      </shape>\n    </node150c63869d3ec1>\n    <node150c6387053f58>\n      <id>150c6387053f58</id>\n      <order>1</order>\n      <type>task</type>\n      <locked>false</locked>\n      <underline>null</underline>\n      <text>\n        <text>填写人填写</text>\n        <x>435.34019145821685</x>\n        <y>243.5</y>\n        <text-anchor>middle</text-anchor>\n        <font-weight>400</font-weight>\n        <font-style>normal</font-style>\n        <font-size>13</font-size>\n        <font-family>\"Arial\"</font-family>\n        <fill>#3E3E3E</fill>\n        <stroke>#3E3E3E</stroke>\n      </text>\n      <shape>\n        <x>429</x>\n        <y>244</y>\n        <width>183</width>\n        <height>49</height>\n        <r>3</r>\n        <stroke>#3E3E3E</stroke>\n        <fill>#FFF</fill>\n        <stroke-dasharray></stroke-dasharray>\n        <stroke-width>2</stroke-width>\n      </shape>\n    </node150c6387053f58>\n    <node150c6387663512>\n      <id>150c6387663512</id>\n      <type>end</type>\n      <locked>false</locked>\n      <underline>null</underline>\n      <text>\n        <text>结束</text>\n        <x>657</x>\n        <y>255</y>\n        <text-anchor>middle</text-anchor>\n        <font-weight>400</font-weight>\n        <font-style>normal</font-style>\n        <font-size>13</font-size>\n        <font-family>\"Arial\"</font-family>\n        <fill>#3E3E3E</fill>\n        <stroke>#3E3E3E</stroke>\n      </text>\n      <shape>\n        <x>657</x>\n        <y>255</y>\n        <width>50</width>\n        <height>50</height>\n        <r>25</r>\n        <stroke>#d43f3a</stroke>\n        <fill>#FFF</fill>\n        <stroke-dasharray></stroke-dasharray>\n        <stroke-width>4</stroke-width>\n      </shape>\n    </node150c6387663512>\n  </nodes>\n  <lines>\n    <line150c6389e9e237>\n      <id>150c6389e9e237</id>\n      <type>normal</type>\n      <from>node150c63869d3ec1</from>\n      <to>node150c6387053f58</to>\n      <dots/>\n      <text>\n        <text></text>\n      </text>\n      <textPos>\n        <x></x>\n        <y></y>\n      </textPos>\n    </line150c6389e9e237>\n    <line150c638b2cef35>\n      <id>150c638b2cef35</id>\n      <type>normal</type>\n      <from>node150c6387053f58</from>\n      <to>node150c6387663512</to>\n      <rule>\n        <type>0</type>\n        <params/>\n        <filter>0</filter>\n      </rule>\n      <dots/>\n      <text>\n        <text></text>\n      </text>\n      <textPos>\n        <x></x>\n        <y></y>\n      </textPos>\n    </line150c638b2cef35>\n  </lines>\n  <pools/>\n  <property>\n    <mode>\n      <node150c6387053f58>normal</node150c6387053f58>\n    </mode>\n    <selectusermode>\n      <node150c6387053f58>list</node150c6387053f58>\n    </selectusermode>\n    <allowmobilehandle>\n      <node150c6387053f58>1</node150c6387053f58>\n    </allowmobilehandle>\n    <innerloop>\n      <node150c6387053f58>0</node150c6387053f58>\n    </innerloop>\n    <allowsettingmobilehandle>\n      <node150c6387053f58>1</node150c6387053f58>\n    </allowsettingmobilehandle>\n    <priv>\n      <node150c6387053f58>\n        <user>\n          <id></id>\n          <name></name>\n        </user>\n        <dept>\n          <id>1,2,3,9,10,11,12,13,14,15,16,17,18,19,20,21,8,7,6,5,4</id>\n          <name>校领导,办公室,教务处,教研组,语文教研组,数学教研组,外语教研组,物理教研组,化学教研组,历史教研组,地理教研组,生物教研组,体育教研组,音乐教研组,美术教研组,信息教研组,信息技术,电教处,科研处,总务处,校团委</name>\n        </dept>\n        <position>\n          <id></id>\n          <name></name>\n        </position>\n        <role>\n          <id></id>\n          <name></name>\n        </role>\n      </node150c6387053f58>\n    </priv>\n    <plugins/>\n  </property>\n  <variable>\n    <v/>\n  </variable>\n</root>\n', null, '7', '2', '1');
INSERT INTO `wf_df_workflow` VALUES ('c70cabea-b6c3-c22a-e2b9-3be70edf1994', '0', '公文发文', '1', '1388463920', '<?xml version=\"1.0\" encoding=\"UTF-8\"?>\n<root>\n  <nodes>\n    <node145404efd702de>\n      <id>145404efd702de</id>\n      <order>1</order>\n      <type>task</type>\n      <locked>false</locked>\n      <underline>null</underline>\n      <text>\n        <text>拟文</text>\n        <x>230.8401838174401</x>\n        <y>81</y>\n        <text-anchor>middle</text-anchor>\n        <font-weight>400</font-weight>\n        <font-style>normal</font-style>\n        <font-size>13</font-size>\n        <font-family>\"Arial\"</font-family>\n        <fill>#3E3E3E</fill>\n        <stroke>#3E3E3E</stroke>\n      </text>\n      <shape>\n        <x>224</x>\n        <y>81</y>\n        <width>100</width>\n        <height>50</height>\n        <r>3</r>\n        <stroke>#3E3E3E</stroke>\n        <fill>#FFF</fill>\n        <stroke-dasharray></stroke-dasharray>\n        <stroke-width>2</stroke-width>\n      </shape>\n    </node145404efd702de>\n    <node145404f03c4ae5>\n      <id>145404f03c4ae5</id>\n      <order>2</order>\n      <type>task</type>\n      <locked>false</locked>\n      <underline>null</underline>\n      <text>\n        <text>审核</text>\n        <x>419.8401838174401</x>\n        <y>81</y>\n        <text-anchor>middle</text-anchor>\n        <font-weight>400</font-weight>\n        <font-style>normal</font-style>\n        <font-size>13</font-size>\n        <font-family>\"Arial\"</font-family>\n        <fill>#3E3E3E</fill>\n        <stroke>#3E3E3E</stroke>\n      </text>\n      <shape>\n        <x>413</x>\n        <y>81</y>\n        <width>100</width>\n        <height>50</height>\n        <r>3</r>\n        <stroke>#3E3E3E</stroke>\n        <fill>#FFF</fill>\n        <stroke-dasharray></stroke-dasharray>\n        <stroke-width>2</stroke-width>\n      </shape>\n    </node145404f03c4ae5>\n    <node145404f0a8b72f>\n      <id>145404f0a8b72f</id>\n      <order>3</order>\n      <type>task</type>\n      <locked>false</locked>\n      <underline>null</underline>\n      <text>\n        <text>核稿</text>\n        <x>598.8401914582168</x>\n        <y>82</y>\n        <text-anchor>middle</text-anchor>\n        <font-weight>400</font-weight>\n        <font-style>normal</font-style>\n        <font-size>13</font-size>\n        <font-family>\"Arial\"</font-family>\n        <fill>#3E3E3E</fill>\n        <stroke>#3E3E3E</stroke>\n      </text>\n      <shape>\n        <x>592</x>\n        <y>82</y>\n        <width>100</width>\n        <height>50</height>\n        <r>3</r>\n        <stroke>#3E3E3E</stroke>\n        <fill>#FFF</fill>\n        <stroke-dasharray></stroke-dasharray>\n        <stroke-width>2</stroke-width>\n      </shape>\n    </node145404f0a8b72f>\n    <node145404f108b413>\n      <id>145404f108b413</id>\n      <order>4</order>\n      <type>task</type>\n      <locked>false</locked>\n      <underline>null</underline>\n      <text>\n        <text>复核签批</text>\n        <x>784.8401914582168</x>\n        <y>84</y>\n        <text-anchor>middle</text-anchor>\n        <font-weight>400</font-weight>\n        <font-style>normal</font-style>\n        <font-size>13</font-size>\n        <font-family>\"Arial\"</font-family>\n        <fill>#3E3E3E</fill>\n        <stroke>#3E3E3E</stroke>\n      </text>\n      <shape>\n        <x>778</x>\n        <y>84</y>\n        <width>100</width>\n        <height>50</height>\n        <r>3</r>\n        <stroke>#3E3E3E</stroke>\n        <fill>#FFF</fill>\n        <stroke-dasharray></stroke-dasharray>\n        <stroke-width>2</stroke-width>\n      </shape>\n    </node145404f108b413>\n    <node145404f1c9a234>\n      <id>145404f1c9a234</id>\n      <order>5</order>\n      <type>task</type>\n      <locked>false</locked>\n      <underline>null</underline>\n      <text>\n        <text>签发</text>\n        <x>963.8401914582168</x>\n        <y>82</y>\n        <text-anchor>middle</text-anchor>\n        <font-weight>400</font-weight>\n        <font-style>normal</font-style>\n        <font-size>13</font-size>\n        <font-family>\"Arial\"</font-family>\n        <fill>#3E3E3E</fill>\n        <stroke>#3E3E3E</stroke>\n      </text>\n      <shape>\n        <x>957</x>\n        <y>82</y>\n        <width>100</width>\n        <height>50</height>\n        <r>3</r>\n        <stroke>#3E3E3E</stroke>\n        <fill>#FFF</fill>\n        <stroke-dasharray></stroke-dasharray>\n        <stroke-width>2</stroke-width>\n      </shape>\n    </node145404f1c9a234>\n    <node145404fd9549eb>\n      <id>145404fd9549eb</id>\n      <order>6</order>\n      <type>task</type>\n      <locked>false</locked>\n      <underline>null</underline>\n      <text>\n        <text>校对</text>\n        <x>204.84017617666336</x>\n        <y>334</y>\n        <text-anchor>middle</text-anchor>\n        <font-weight>400</font-weight>\n        <font-style>normal</font-style>\n        <font-size>13</font-size>\n        <font-family>\"Arial\"</font-family>\n        <fill>#3E3E3E</fill>\n        <stroke>#3E3E3E</stroke>\n      </text>\n      <shape>\n        <x>198</x>\n        <y>334</y>\n        <width>100</width>\n        <height>50</height>\n        <r>3</r>\n        <stroke>#3E3E3E</stroke>\n        <fill>#FFF</fill>\n        <stroke-dasharray></stroke-dasharray>\n        <stroke-width>2</stroke-width>\n      </shape>\n    </node145404fd9549eb>\n    <node145404fdfbc95a>\n      <id>145404fdfbc95a</id>\n      <order>7</order>\n      <type>task</type>\n      <locked>false</locked>\n      <underline>null</underline>\n      <text>\n        <text>会签</text>\n        <x>413.84019145821685</x>\n        <y>242</y>\n        <text-anchor>middle</text-anchor>\n        <font-weight>400</font-weight>\n        <font-style>normal</font-style>\n        <font-size>13</font-size>\n        <font-family>\"Arial\"</font-family>\n        <fill>#3E3E3E</fill>\n        <stroke>#3E3E3E</stroke>\n      </text>\n      <shape>\n        <x>407</x>\n        <y>242</y>\n        <width>100</width>\n        <height>50</height>\n        <r>3</r>\n        <stroke>#3E3E3E</stroke>\n        <fill>#FFF</fill>\n        <stroke-dasharray></stroke-dasharray>\n        <stroke-width>2</stroke-width>\n      </shape>\n    </node145404fdfbc95a>\n    <node145404fea74af2>\n      <id>145404fea74af2</id>\n      <order>8</order>\n      <type>task</type>\n      <locked>false</locked>\n      <underline>null</underline>\n      <text>\n        <text>编号印制</text>\n        <x>599.8401761766634</x>\n        <y>296</y>\n        <text-anchor>middle</text-anchor>\n        <font-weight>400</font-weight>\n        <font-style>normal</font-style>\n        <font-size>13</font-size>\n        <font-family>\"Arial\"</font-family>\n        <fill>#3E3E3E</fill>\n        <stroke>#3E3E3E</stroke>\n      </text>\n      <shape>\n        <x>593</x>\n        <y>296</y>\n        <width>100</width>\n        <height>50</height>\n        <r>3</r>\n        <stroke>#3E3E3E</stroke>\n        <fill>#FFF</fill>\n        <stroke-dasharray></stroke-dasharray>\n        <stroke-width>2</stroke-width>\n      </shape>\n    </node145404fea74af2>\n    <node14540504ef2fff>\n      <id>14540504ef2fff</id>\n      <order>9</order>\n      <type>task</type>\n      <locked>false</locked>\n      <underline>null</underline>\n      <text>\n        <text>发文</text>\n        <x>602.8401761766634</x>\n        <y>383</y>\n        <text-anchor>middle</text-anchor>\n        <font-weight>400</font-weight>\n        <font-style>normal</font-style>\n        <font-size>13</font-size>\n        <font-family>\"Arial\"</font-family>\n        <fill>#3E3E3E</fill>\n        <stroke>#3E3E3E</stroke>\n      </text>\n      <shape>\n        <x>596</x>\n        <y>383</y>\n        <width>100</width>\n        <height>50</height>\n        <r>3</r>\n        <stroke>#3E3E3E</stroke>\n        <fill>#FFF</fill>\n        <stroke-dasharray></stroke-dasharray>\n        <stroke-width>2</stroke-width>\n      </shape>\n    </node14540504ef2fff>\n    <node14540505712498>\n      <id>14540505712498</id>\n      <order>10</order>\n      <type>task</type>\n      <locked>false</locked>\n      <underline>null</underline>\n      <text>\n        <text>归档</text>\n        <x>602.8402067397706</x>\n        <y>484</y>\n        <text-anchor>middle</text-anchor>\n        <font-weight>400</font-weight>\n        <font-style>normal</font-style>\n        <font-size>13</font-size>\n        <font-family>\"Arial\"</font-family>\n        <fill>#3E3E3E</fill>\n        <stroke>#3E3E3E</stroke>\n      </text>\n      <shape>\n        <x>596</x>\n        <y>484</y>\n        <width>100</width>\n        <height>50</height>\n        <r>3</r>\n        <stroke>#3E3E3E</stroke>\n        <fill>#FFF</fill>\n        <stroke-dasharray></stroke-dasharray>\n        <stroke-width>2</stroke-width>\n      </shape>\n    </node14540505712498>\n    <node14544304c62088>\n      <id>14544304c62088</id>\n      <type>start</type>\n      <locked>false</locked>\n      <underline>null</underline>\n      <text>\n        <text>开始</text>\n        <x>51</x>\n        <y>82</y>\n        <text-anchor>middle</text-anchor>\n        <font-weight>400</font-weight>\n        <font-style>normal</font-style>\n        <font-size>13</font-size>\n        <font-family>\"Arial\"</font-family>\n        <fill>#3E3E3E</fill>\n        <stroke>#3E3E3E</stroke>\n      </text>\n      <shape>\n        <x>51</x>\n        <y>82</y>\n        <width>50</width>\n        <height>50</height>\n        <r>25</r>\n        <stroke>#398439</stroke>\n        <fill>#FFF</fill>\n        <stroke-dasharray></stroke-dasharray>\n        <stroke-width>2</stroke-width>\n      </shape>\n    </node14544304c62088>\n    <node145443060f92e2>\n      <id>145443060f92e2</id>\n      <type>end</type>\n      <locked>false</locked>\n      <underline>null</underline>\n      <text>\n        <text>结束</text>\n        <x>56</x>\n        <y>482</y>\n        <text-anchor>middle</text-anchor>\n        <font-weight>400</font-weight>\n        <font-style>normal</font-style>\n        <font-size>13</font-size>\n        <font-family>\"Arial\"</font-family>\n        <fill>#3E3E3E</fill>\n        <stroke>#3E3E3E</stroke>\n      </text>\n      <shape>\n        <x>56</x>\n        <y>482</y>\n        <width>50</width>\n        <height>50</height>\n        <r>25</r>\n        <stroke>#d43f3a</stroke>\n        <fill>#FFF</fill>\n        <stroke-dasharray></stroke-dasharray>\n        <stroke-width>4</stroke-width>\n      </shape>\n    </node145443060f92e2>\n  </nodes>\n  <lines>\n    <line1454051ece3be6>\n      <id>1454051ece3be6</id>\n      <type>normal</type>\n      <from>node145404efd702de</from>\n      <to>node145404f03c4ae5</to>\n      <rule>\n        <type>0</type>\n        <params/>\n        <filter>0</filter>\n      </rule>\n      <dots/>\n      <text>\n        <text></text>\n      </text>\n      <textPos>\n        <x></x>\n        <y></y>\n      </textPos>\n    </line1454051ece3be6>\n    <line1454052060c1e4>\n      <id>1454052060c1e4</id>\n      <type>normal</type>\n      <from>node145404f03c4ae5</from>\n      <to>node145404f0a8b72f</to>\n      <rule>\n        <type>0</type>\n        <params/>\n        <filter>0</filter>\n      </rule>\n      <dots/>\n      <text>\n        <text></text>\n      </text>\n      <textPos>\n        <x></x>\n        <y></y>\n      </textPos>\n    </line1454052060c1e4>\n    <line14540520d8b6b5>\n      <id>14540520d8b6b5</id>\n      <type>normal</type>\n      <from>node145404f0a8b72f</from>\n      <to>node145404f108b413</to>\n      <rule>\n        <type>0</type>\n        <params/>\n        <filter>0</filter>\n      </rule>\n      <dots/>\n      <text>\n        <text></text>\n      </text>\n      <textPos>\n        <x></x>\n        <y></y>\n      </textPos>\n    </line14540520d8b6b5>\n    <line1454052164346a>\n      <id>1454052164346a</id>\n      <type>normal</type>\n      <from>node145404f108b413</from>\n      <to>node145404f1c9a234</to>\n      <rule>\n        <type>0</type>\n        <params/>\n        <filter>0</filter>\n      </rule>\n      <dots/>\n      <text>\n        <text></text>\n      </text>\n      <textPos>\n        <x></x>\n        <y></y>\n      </textPos>\n    </line1454052164346a>\n    <line14540522f2a5e1>\n      <id>14540522f2a5e1</id>\n      <type>normal</type>\n      <from>node145404f1c9a234</from>\n      <to>node145404fea74af2</to>\n      <rule>\n        <type>0</type>\n        <params/>\n        <filter>0</filter>\n      </rule>\n      <dots/>\n      <text>\n        <text></text>\n      </text>\n      <textPos>\n        <x></x>\n        <y></y>\n      </textPos>\n    </line14540522f2a5e1>\n    <line14540525fec6f2>\n      <id>14540525fec6f2</id>\n      <type>normal</type>\n      <from>node145404fea74af2</from>\n      <to>node145404fd9549eb</to>\n      <rule>\n        <type>0</type>\n        <params/>\n        <filter>0</filter>\n      </rule>\n      <dots/>\n      <text>\n        <text></text>\n      </text>\n      <textPos>\n        <x></x>\n        <y></y>\n      </textPos>\n    </line14540525fec6f2>\n    <line14540527012eb8>\n      <id>14540527012eb8</id>\n      <type>normal</type>\n      <from>node145404fd9549eb</from>\n      <to>node14540504ef2fff</to>\n      <rule>\n        <type>0</type>\n        <params/>\n        <filter>0</filter>\n      </rule>\n      <dots/>\n      <text>\n        <text></text>\n      </text>\n      <textPos>\n        <x></x>\n        <y></y>\n      </textPos>\n    </line14540527012eb8>\n    <line1454052735a046>\n      <id>1454052735a046</id>\n      <type>normal</type>\n      <from>node14540504ef2fff</from>\n      <to>node14540505712498</to>\n      <rule>\n        <type>0</type>\n        <params/>\n        <filter>0</filter>\n      </rule>\n      <dots/>\n      <text>\n        <text></text>\n      </text>\n      <textPos>\n        <x></x>\n        <y></y>\n      </textPos>\n    </line1454052735a046>\n    <line14540529814966>\n      <id>14540529814966</id>\n      <type>normal</type>\n      <from>node145404f03c4ae5</from>\n      <to>node145404efd702de</to>\n      <rule>\n        <type>0</type>\n        <params/>\n        <filter>0</filter>\n      </rule>\n      <dots/>\n      <text>\n        <text></text>\n      </text>\n      <textPos>\n        <x></x>\n        <y></y>\n      </textPos>\n    </line14540529814966>\n    <line1454052f4642a6>\n      <id>1454052f4642a6</id>\n      <type>normal</type>\n      <from>node145404f0a8b72f</from>\n      <to>node145404f03c4ae5</to>\n      <rule>\n        <type>0</type>\n        <params/>\n        <filter>0</filter>\n      </rule>\n      <dots/>\n      <text>\n        <text></text>\n      </text>\n      <textPos>\n        <x></x>\n        <y></y>\n      </textPos>\n    </line1454052f4642a6>\n    <line14540530fcc9d4>\n      <id>14540530fcc9d4</id>\n      <type>normal</type>\n      <from>node145404f108b413</from>\n      <to>node145404f0a8b72f</to>\n      <rule>\n        <type>0</type>\n        <params/>\n        <filter>0</filter>\n      </rule>\n      <dots/>\n      <text>\n        <text></text>\n      </text>\n      <textPos>\n        <x></x>\n        <y></y>\n      </textPos>\n    </line14540530fcc9d4>\n    <line1454053273b0d5>\n      <id>1454053273b0d5</id>\n      <type>normal</type>\n      <from>node145404f1c9a234</from>\n      <to>node145404f108b413</to>\n      <rule>\n        <type>0</type>\n        <params/>\n        <filter>0</filter>\n      </rule>\n      <dots/>\n      <text>\n        <text></text>\n      </text>\n      <textPos>\n        <x></x>\n        <y></y>\n      </textPos>\n    </line1454053273b0d5>\n    <line1454053594b84b>\n      <id>1454053594b84b</id>\n      <type>normal</type>\n      <from>node145404f108b413</from>\n      <to>node145404fea74af2</to>\n      <rule>\n        <type>0</type>\n        <params/>\n        <filter>0</filter>\n      </rule>\n      <dots/>\n      <text>\n        <text></text>\n      </text>\n      <textPos>\n        <x></x>\n        <y></y>\n      </textPos>\n    </line1454053594b84b>\n    <line145405387118ba>\n      <id>145405387118ba</id>\n      <type>normal</type>\n      <from>node145404f1c9a234</from>\n      <to>node14540505712498</to>\n      <rule>\n        <type>0</type>\n        <params/>\n        <filter>0</filter>\n      </rule>\n      <dots/>\n      <text>\n        <text></text>\n      </text>\n      <textPos>\n        <x></x>\n        <y></y>\n      </textPos>\n    </line145405387118ba>\n    <line1454053c8aad18>\n      <id>1454053c8aad18</id>\n      <type>normal</type>\n      <from>node145404f03c4ae5</from>\n      <to>node145404fdfbc95a</to>\n      <rule>\n        <type>0</type>\n        <params/>\n        <filter>0</filter>\n      </rule>\n      <dots/>\n      <text>\n        <text></text>\n      </text>\n      <textPos>\n        <x></x>\n        <y></y>\n      </textPos>\n    </line1454053c8aad18>\n    <line1454053d2c9de9>\n      <id>1454053d2c9de9</id>\n      <type>normal</type>\n      <from>node145404fdfbc95a</from>\n      <to>node145404f03c4ae5</to>\n      <rule>\n        <type>0</type>\n        <params/>\n        <filter>0</filter>\n      </rule>\n      <dots/>\n      <text>\n        <text></text>\n      </text>\n      <textPos>\n        <x></x>\n        <y></y>\n      </textPos>\n    </line1454053d2c9de9>\n    <line14544307b07f7a>\n      <id>14544307b07f7a</id>\n      <type>normal</type>\n      <from>node14544304c62088</from>\n      <to>node145404efd702de</to>\n      <dots/>\n      <text>\n        <text></text>\n      </text>\n      <textPos>\n        <x></x>\n        <y></y>\n      </textPos>\n    </line14544307b07f7a>\n    <line14544308ecf057>\n      <id>14544308ecf057</id>\n      <type>normal</type>\n      <from>node14540505712498</from>\n      <to>node145443060f92e2</to>\n      <rule>\n        <type>0</type>\n        <params/>\n        <filter>0</filter>\n      </rule>\n      <dots/>\n      <text>\n        <text></text>\n      </text>\n      <textPos>\n        <x></x>\n        <y></y>\n      </textPos>\n    </line14544308ecf057>\n  </lines>\n  <pools>\n    <pool1454056f22a1f2>\n      <id>1454056f22a1f2</id>\n      <type>lane-vertical</type>\n      <underline>null</underline>\n      <text>\n        <text>业务人员</text>\n        <x>225</x>\n        <y>25</y>\n        <text-anchor>middle</text-anchor>\n        <font-weight>400</font-weight>\n        <font-style>normal</font-style>\n        <font-size>13</font-size>\n        <font-family>\"Arial\"</font-family>\n        <fill>#3E3E3E</fill>\n        <stroke>#3E3E3E</stroke>\n      </text>\n      <shape>\n        <x>225</x>\n        <y>25</y>\n        <width>176</width>\n        <smallHeight>40</smallHeight>\n        <smallWidth>176</smallWidth>\n        <bigHeight>500</bigHeight>\n        <bigWidth>176</bigWidth>\n        <height>40</height>\n        <stroke>#3E3E3E</stroke>\n        <fill>#fff</fill>\n        <stroke-dasharray></stroke-dasharray>\n        <stroke-width>2</stroke-width>\n      </shape>\n    </pool1454056f22a1f2>\n    <pool14540573c6798f>\n      <id>14540573c6798f</id>\n      <type>lane-vertical</type>\n      <underline>null</underline>\n      <text>\n        <text>处室负责人</text>\n        <x>404</x>\n        <y>25</y>\n        <text-anchor>middle</text-anchor>\n        <font-weight>400</font-weight>\n        <font-style>normal</font-style>\n        <font-size>13</font-size>\n        <font-family>\"Arial\"</font-family>\n        <fill>#3E3E3E</fill>\n        <stroke>#3E3E3E</stroke>\n      </text>\n      <shape>\n        <x>404</x>\n        <y>25</y>\n        <width>182</width>\n        <smallHeight>40</smallHeight>\n        <smallWidth>182</smallWidth>\n        <bigHeight>500</bigHeight>\n        <bigWidth>182</bigWidth>\n        <height>40</height>\n        <stroke>#3E3E3E</stroke>\n        <fill>#fff</fill>\n        <stroke-dasharray></stroke-dasharray>\n        <stroke-width>2</stroke-width>\n      </shape>\n    </pool14540573c6798f>\n    <pool1454057c296444>\n      <id>1454057c296444</id>\n      <type>lane-vertical</type>\n      <underline>null</underline>\n      <text>\n        <text>办公室文秘人员</text>\n        <x>588</x>\n        <y>25</y>\n        <text-anchor>middle</text-anchor>\n        <font-weight>400</font-weight>\n        <font-style>normal</font-style>\n        <font-size>13</font-size>\n        <font-family>\"Arial\"</font-family>\n        <fill>#3E3E3E</fill>\n        <stroke>#3E3E3E</stroke>\n      </text>\n      <shape>\n        <x>588</x>\n        <y>25</y>\n        <width>185</width>\n        <smallHeight>40</smallHeight>\n        <smallWidth>185</smallWidth>\n        <bigHeight>500</bigHeight>\n        <bigWidth>185</bigWidth>\n        <height>40</height>\n        <stroke>#3E3E3E</stroke>\n        <fill>#fff</fill>\n        <stroke-dasharray></stroke-dasharray>\n        <stroke-width>2</stroke-width>\n      </shape>\n    </pool1454057c296444>\n    <pool1454057fe0ea96>\n      <id>1454057fe0ea96</id>\n      <type>lane-vertical</type>\n      <underline>null</underline>\n      <text>\n        <text>办公室领导</text>\n        <x>772</x>\n        <y>25</y>\n        <text-anchor>middle</text-anchor>\n        <font-weight>400</font-weight>\n        <font-style>normal</font-style>\n        <font-size>13</font-size>\n        <font-family>\"Arial\"</font-family>\n        <fill>#3E3E3E</fill>\n        <stroke>#3E3E3E</stroke>\n      </text>\n      <shape>\n        <x>772</x>\n        <y>25</y>\n        <width>183</width>\n        <smallHeight>40</smallHeight>\n        <smallWidth>183</smallWidth>\n        <bigHeight>500</bigHeight>\n        <bigWidth>183</bigWidth>\n        <height>40</height>\n        <stroke>#3E3E3E</stroke>\n        <fill>#fff</fill>\n        <stroke-dasharray></stroke-dasharray>\n        <stroke-width>2</stroke-width>\n      </shape>\n    </pool1454057fe0ea96>\n    <pool1454058521fe06>\n      <id>1454058521fe06</id>\n      <type>lane-vertical</type>\n      <underline>null</underline>\n      <text>\n        <text>局领导</text>\n        <x>949</x>\n        <y>25</y>\n        <text-anchor>middle</text-anchor>\n        <font-weight>400</font-weight>\n        <font-style>normal</font-style>\n        <font-size>13</font-size>\n        <font-family>\"Arial\"</font-family>\n        <fill>#3E3E3E</fill>\n        <stroke>#3E3E3E</stroke>\n      </text>\n      <shape>\n        <x>949</x>\n        <y>25</y>\n        <width>171</width>\n        <smallHeight>40</smallHeight>\n        <smallWidth>171</smallWidth>\n        <bigHeight>500</bigHeight>\n        <bigWidth>171</bigWidth>\n        <height>40</height>\n        <stroke>#3E3E3E</stroke>\n        <fill>#fff</fill>\n        <stroke-dasharray></stroke-dasharray>\n        <stroke-width>2</stroke-width>\n      </shape>\n    </pool1454058521fe06>\n  </pools>\n  <property>\n    <mode>\n      <node145404efd702de>normal</node145404efd702de>\n      <node145404f03c4ae5>normal</node145404f03c4ae5>\n      <node145404f0a8b72f>normal</node145404f0a8b72f>\n      <node145404f108b413>normal</node145404f108b413>\n      <node145404f1c9a234>normal</node145404f1c9a234>\n      <node145404fd9549eb>normal</node145404fd9549eb>\n      <node145404fdfbc95a>normal</node145404fdfbc95a>\n      <node145404fea74af2>normal</node145404fea74af2>\n      <node14540504ef2fff>normal</node14540504ef2fff>\n      <node14540505712498>normal</node14540505712498>\n    </mode>\n    <selectusermode>\n      <node145404efd702de>list</node145404efd702de>\n      <node145404f03c4ae5>list</node145404f03c4ae5>\n      <node145404f0a8b72f>list</node145404f0a8b72f>\n      <node145404f108b413>list</node145404f108b413>\n      <node145404f1c9a234>list</node145404f1c9a234>\n      <node145404fd9549eb>list</node145404fd9549eb>\n      <node145404fdfbc95a>list</node145404fdfbc95a>\n      <node145404fea74af2>list</node145404fea74af2>\n      <node14540504ef2fff>list</node14540504ef2fff>\n      <node14540505712498>list</node14540505712498>\n    </selectusermode>\n    <allowmobilehandle>\n      <node145404efd702de>1</node145404efd702de>\n      <node145404f03c4ae5>1</node145404f03c4ae5>\n      <node145404f0a8b72f>1</node145404f0a8b72f>\n      <node145404f108b413>1</node145404f108b413>\n      <node145404f1c9a234>1</node145404f1c9a234>\n      <node145404fd9549eb>1</node145404fd9549eb>\n      <node145404fdfbc95a>1</node145404fdfbc95a>\n      <node145404fea74af2>1</node145404fea74af2>\n      <node14540504ef2fff>1</node14540504ef2fff>\n      <node14540505712498>1</node14540505712498>\n    </allowmobilehandle>\n    <innerloop>\n      <node145404efd702de>0</node145404efd702de>\n      <node145404f03c4ae5>0</node145404f03c4ae5>\n      <node145404f0a8b72f>0</node145404f0a8b72f>\n      <node145404f108b413>0</node145404f108b413>\n      <node145404f1c9a234>0</node145404f1c9a234>\n      <node145404fd9549eb>0</node145404fd9549eb>\n      <node145404fdfbc95a>0</node145404fdfbc95a>\n      <node145404fea74af2>0</node145404fea74af2>\n      <node14540504ef2fff>0</node14540504ef2fff>\n      <node14540505712498>0</node14540505712498>\n    </innerloop>\n    <allowsettingmobilehandle>\n      <node145404efd702de>1</node145404efd702de>\n      <node145404f03c4ae5>1</node145404f03c4ae5>\n      <node145404f0a8b72f>1</node145404f0a8b72f>\n      <node145404f108b413>1</node145404f108b413>\n      <node145404f1c9a234>1</node145404f1c9a234>\n      <node145404fd9549eb>1</node145404fd9549eb>\n      <node145404fdfbc95a>1</node145404fdfbc95a>\n      <node145404fea74af2>1</node145404fea74af2>\n      <node14540504ef2fff>1</node14540504ef2fff>\n      <node14540505712498>1</node14540505712498>\n    </allowsettingmobilehandle>\n    <priv>\n      <node145404efd702de>\n        <user>\n          <id>1,4,5,6,7,</id>\n          <name>系统管理员,淋雨燕,段志明,林涛,崔莹,</name>\n        </user>\n        <dept>\n          <id></id>\n          <name></name>\n        </dept>\n        <position>\n          <id></id>\n          <name></name>\n        </position>\n        <role>\n          <id></id>\n          <name></name>\n        </role>\n      </node145404efd702de>\n      <node145404f03c4ae5>\n        <user>\n          <id>1,4,5,6,7,</id>\n          <name>系统管理员,淋雨燕,段志明,林涛,崔莹,</name>\n        </user>\n        <dept>\n          <id></id>\n          <name></name>\n        </dept>\n        <position>\n          <id></id>\n          <name></name>\n        </position>\n        <role>\n          <id></id>\n          <name></name>\n        </role>\n      </node145404f03c4ae5>\n      <node145404fdfbc95a>\n        <user>\n          <id>1,4,5,6,7,</id>\n          <name>系统管理员,淋雨燕,段志明,林涛,崔莹,</name>\n        </user>\n        <dept>\n          <id></id>\n          <name></name>\n        </dept>\n        <position>\n          <id></id>\n          <name></name>\n        </position>\n        <role>\n          <id></id>\n          <name></name>\n        </role>\n      </node145404fdfbc95a>\n      <node145404f0a8b72f>\n        <user>\n          <id>1,4,5,6,7,</id>\n          <name>系统管理员,淋雨燕,段志明,林涛,崔莹,</name>\n        </user>\n        <dept>\n          <id></id>\n          <name></name>\n        </dept>\n        <position>\n          <id></id>\n          <name></name>\n        </position>\n        <role>\n          <id></id>\n          <name></name>\n        </role>\n      </node145404f0a8b72f>\n      <node145404f108b413>\n        <user>\n          <id>1,4,5,6,7,</id>\n          <name>系统管理员,淋雨燕,段志明,林涛,崔莹,</name>\n        </user>\n        <dept>\n          <id></id>\n          <name></name>\n        </dept>\n        <position>\n          <id></id>\n          <name></name>\n        </position>\n        <role>\n          <id></id>\n          <name></name>\n        </role>\n      </node145404f108b413>\n      <node145404f1c9a234>\n        <user>\n          <id>1,4,5,6,7,</id>\n          <name>系统管理员,淋雨燕,段志明,林涛,崔莹,</name>\n        </user>\n        <dept>\n          <id></id>\n          <name></name>\n        </dept>\n        <position>\n          <id></id>\n          <name></name>\n        </position>\n        <role>\n          <id></id>\n          <name></name>\n        </role>\n      </node145404f1c9a234>\n      <node145404fea74af2>\n        <user>\n          <id>2,3,4,8,</id>\n          <name>马有才,林峰,淋雨燕,曹可爱,</name>\n        </user>\n        <dept>\n          <id></id>\n          <name></name>\n        </dept>\n        <position>\n          <id></id>\n          <name></name>\n        </position>\n        <role>\n          <id></id>\n          <name></name>\n        </role>\n      </node145404fea74af2>\n      <node145404fd9549eb>\n        <user>\n          <id>1,4,5,6,7,</id>\n          <name>系统管理员,淋雨燕,段志明,林涛,崔莹,</name>\n        </user>\n        <dept>\n          <id></id>\n          <name></name>\n        </dept>\n        <position>\n          <id></id>\n          <name></name>\n        </position>\n        <role>\n          <id></id>\n          <name></name>\n        </role>\n      </node145404fd9549eb>\n      <node14540504ef2fff>\n        <user>\n          <id>1,4,5,6,7,</id>\n          <name>系统管理员,淋雨燕,段志明,林涛,崔莹,</name>\n        </user>\n        <dept>\n          <id></id>\n          <name></name>\n        </dept>\n        <position>\n          <id></id>\n          <name></name>\n        </position>\n        <role>\n          <id></id>\n          <name></name>\n        </role>\n      </node14540504ef2fff>\n      <node14540505712498>\n        <user>\n          <id>1,4,5,6,7,</id>\n          <name>系统管理员,淋雨燕,段志明,林涛,崔莹,</name>\n        </user>\n        <dept>\n          <id></id>\n          <name></name>\n        </dept>\n        <position>\n          <id></id>\n          <name></name>\n        </position>\n        <role>\n          <id></id>\n          <name></name>\n        </role>\n      </node14540505712498>\n    </priv>\n    <plugins/>\n  </property>\n  <variable>\n    <v/>\n  </variable>\n</root>\n', '', '2', '1', '1');
INSERT INTO `wf_df_workflow` VALUES ('d8812148-e8e0-9a06-496a-0bfa7dd58069', '0', '工作交办', '1', '1388471924', '<?xml version=\"1.0\" encoding=\"UTF-8\"?>\n<root>\n  <nodes>\n    <node143476789e54cf>\n      <id>143476789e54cf</id>\n      <type>start</type>\n      <locked>false</locked>\n      <underline>null</underline>\n      <text>\n        <text>开始</text>\n        <x>58</x>\n        <y>235</y>\n        <text-anchor>middle</text-anchor>\n        <font-weight>400</font-weight>\n        <font-style>normal</font-style>\n        <font-size>13</font-size>\n        <font-family>\"Arial\"</font-family>\n        <fill>#3E3E3E</fill>\n        <stroke>#3E3E3E</stroke>\n      </text>\n      <shape>\n        <x>58</x>\n        <y>235</y>\n        <width>50</width>\n        <height>50</height>\n        <r>25</r>\n        <stroke>#398439</stroke>\n        <fill>#FFF</fill>\n        <stroke-dasharray></stroke-dasharray>\n        <stroke-width>2</stroke-width>\n      </shape>\n    </node143476789e54cf>\n    <node1434767938a302>\n      <id>1434767938a302</id>\n      <type>end</type>\n      <locked>false</locked>\n      <underline>null</underline>\n      <text>\n        <text>结束</text>\n        <x>945</x>\n        <y>252</y>\n        <text-anchor>middle</text-anchor>\n        <font-weight>400</font-weight>\n        <font-style>normal</font-style>\n        <font-size>13</font-size>\n        <font-family>\"Arial\"</font-family>\n        <fill>#3E3E3E</fill>\n        <stroke>#3E3E3E</stroke>\n      </text>\n      <shape>\n        <x>945</x>\n        <y>252</y>\n        <width>50</width>\n        <height>50</height>\n        <r>25</r>\n        <stroke>#d43f3a</stroke>\n        <fill>#FFF</fill>\n        <stroke-dasharray></stroke-dasharray>\n        <stroke-width>4</stroke-width>\n      </shape>\n    </node1434767938a302>\n    <node1434768cbf8618>\n      <id>1434768cbf8618</id>\n      <order>1</order>\n      <type>task</type>\n      <locked>false</locked>\n      <underline>null</underline>\n      <text>\n        <text>交办人交待工作</text>\n        <x>185.84019145821688</x>\n        <y>236</y>\n        <text-anchor>middle</text-anchor>\n        <font-weight>400</font-weight>\n        <font-style>normal</font-style>\n        <font-size>13</font-size>\n        <font-family>\"Arial\"</font-family>\n        <fill>#3E3E3E</fill>\n        <stroke>#3E3E3E</stroke>\n      </text>\n      <shape>\n        <x>179</x>\n        <y>236</y>\n        <width>100</width>\n        <height>50</height>\n        <r>3</r>\n        <stroke>#3E3E3E</stroke>\n        <fill>#FFF</fill>\n        <stroke-dasharray></stroke-dasharray>\n        <stroke-width>2</stroke-width>\n      </shape>\n    </node1434768cbf8618>\n    <node14347695b2c57e>\n      <id>14347695b2c57e</id>\n      <order>2</order>\n      <type>task</type>\n      <locked>false</locked>\n      <underline>null</underline>\n      <text>\n        <text>承办人办理</text>\n        <x>414.84019145821685</x>\n        <y>244</y>\n        <text-anchor>middle</text-anchor>\n        <font-weight>400</font-weight>\n        <font-style>normal</font-style>\n        <font-size>13</font-size>\n        <font-family>\"Arial\"</font-family>\n        <fill>#3E3E3E</fill>\n        <stroke>#3E3E3E</stroke>\n      </text>\n      <shape>\n        <x>408</x>\n        <y>244</y>\n        <width>100</width>\n        <height>50</height>\n        <r>3</r>\n        <stroke>#3E3E3E</stroke>\n        <fill>#FFF</fill>\n        <stroke-dasharray></stroke-dasharray>\n        <stroke-width>2</stroke-width>\n      </shape>\n    </node14347695b2c57e>\n    <node14347698875299>\n      <id>14347698875299</id>\n      <order>3</order>\n      <type>task</type>\n      <locked>false</locked>\n      <underline>null</underline>\n      <text>\n        <text>交办人意见</text>\n        <x>623.8401914582168</x>\n        <y>249</y>\n        <text-anchor>middle</text-anchor>\n        <font-weight>400</font-weight>\n        <font-style>normal</font-style>\n        <font-size>13</font-size>\n        <font-family>\"Arial\"</font-family>\n        <fill>#3E3E3E</fill>\n        <stroke>#3E3E3E</stroke>\n      </text>\n      <shape>\n        <x>617</x>\n        <y>249</y>\n        <width>100</width>\n        <height>50</height>\n        <r>3</r>\n        <stroke>#3E3E3E</stroke>\n        <fill>#FFF</fill>\n        <stroke-dasharray></stroke-dasharray>\n        <stroke-width>2</stroke-width>\n      </shape>\n    </node14347698875299>\n    <node1434769a2c4bc6>\n      <id>1434769a2c4bc6</id>\n      <order>4</order>\n      <type>task</type>\n      <locked>false</locked>\n      <underline>null</underline>\n      <text>\n        <text>承办人查阅</text>\n        <x>813.8401914582168</x>\n        <y>247</y>\n        <text-anchor>middle</text-anchor>\n        <font-weight>400</font-weight>\n        <font-style>normal</font-style>\n        <font-size>13</font-size>\n        <font-family>\"Arial\"</font-family>\n        <fill>#3E3E3E</fill>\n        <stroke>#3E3E3E</stroke>\n      </text>\n      <shape>\n        <x>807</x>\n        <y>247</y>\n        <width>100</width>\n        <height>50</height>\n        <r>3</r>\n        <stroke>#3E3E3E</stroke>\n        <fill>#FFF</fill>\n        <stroke-dasharray></stroke-dasharray>\n        <stroke-width>2</stroke-width>\n      </shape>\n    </node1434769a2c4bc6>\n  </nodes>\n  <lines>\n    <line1434769cabe85d>\n      <id>1434769cabe85d</id>\n      <type>normal</type>\n      <from>node143476789e54cf</from>\n      <to>node1434768cbf8618</to>\n      <dots/>\n      <text>\n        <text>TO 交办人交待工作</text>\n      </text>\n      <textPos>\n        <x></x>\n        <y></y>\n      </textPos>\n    </line1434769cabe85d>\n    <line1434769ce2901>\n      <id>1434769ce2901</id>\n      <type>normal</type>\n      <from>node1434768cbf8618</from>\n      <to>node14347695b2c57e</to>\n      <rule>\n        <type>0</type>\n        <params/>\n        <filter>0</filter>\n      </rule>\n      <dots/>\n      <text>\n        <text>TO 承办人办理</text>\n      </text>\n      <textPos>\n        <x></x>\n        <y></y>\n      </textPos>\n    </line1434769ce2901>\n    <line1434769d06b3ef>\n      <id>1434769d06b3ef</id>\n      <type>normal</type>\n      <from>node14347695b2c57e</from>\n      <to>node14347698875299</to>\n      <rule>\n        <type>0</type>\n        <params/>\n        <filter>0</filter>\n      </rule>\n      <dots/>\n      <text>\n        <text>TO 交办人意见</text>\n      </text>\n      <textPos>\n        <x></x>\n        <y></y>\n      </textPos>\n    </line1434769d06b3ef>\n    <line1434769d28e6f6>\n      <id>1434769d28e6f6</id>\n      <type>normal</type>\n      <from>node14347698875299</from>\n      <to>node1434769a2c4bc6</to>\n      <rule>\n        <type>0</type>\n        <params/>\n        <filter>0</filter>\n      </rule>\n      <dots/>\n      <text>\n        <text>TO 承办人查阅</text>\n      </text>\n      <textPos>\n        <x></x>\n        <y></y>\n      </textPos>\n    </line1434769d28e6f6>\n    <line1434769d5da9ec>\n      <id>1434769d5da9ec</id>\n      <type>normal</type>\n      <from>node1434769a2c4bc6</from>\n      <to>node1434767938a302</to>\n      <rule>\n        <type>0</type>\n        <params/>\n        <filter>0</filter>\n      </rule>\n      <dots/>\n      <text>\n        <text>TO 结束</text>\n      </text>\n      <textPos>\n        <x></x>\n        <y></y>\n      </textPos>\n    </line1434769d5da9ec>\n  </lines>\n  <pools/>\n  <property>\n    <mode>\n      <node1434768cbf8618>normal</node1434768cbf8618>\n      <node14347695b2c57e>normal</node14347695b2c57e>\n      <node14347698875299>normal</node14347698875299>\n      <node1434769a2c4bc6>normal</node1434769a2c4bc6>\n    </mode>\n    <selectusermode>\n      <node1434768cbf8618>list</node1434768cbf8618>\n      <node14347695b2c57e>list</node14347695b2c57e>\n      <node14347698875299>list</node14347698875299>\n      <node1434769a2c4bc6>list</node1434769a2c4bc6>\n    </selectusermode>\n    <allowmobilehandle>\n      <node1434768cbf8618>1</node1434768cbf8618>\n      <node14347695b2c57e>1</node14347695b2c57e>\n      <node14347698875299>1</node14347698875299>\n      <node1434769a2c4bc6>1</node1434769a2c4bc6>\n    </allowmobilehandle>\n    <innerloop>\n      <node1434768cbf8618>0</node1434768cbf8618>\n      <node14347695b2c57e>0</node14347695b2c57e>\n      <node14347698875299>0</node14347698875299>\n      <node1434769a2c4bc6>0</node1434769a2c4bc6>\n    </innerloop>\n    <allowsettingmobilehandle>\n      <node1434768cbf8618>1</node1434768cbf8618>\n      <node14347695b2c57e>1</node14347695b2c57e>\n      <node14347698875299>1</node14347698875299>\n      <node1434769a2c4bc6>1</node1434769a2c4bc6>\n    </allowsettingmobilehandle>\n    <priv>\n      <node1434768cbf8618>\n        <user>\n          <id></id>\n          <name></name>\n        </user>\n        <dept>\n          <id>1,2,3,4,5,6,7,9,10,11,12,13,14,15,16,17,18,20,19,21,8</id>\n          <name>校领导,办公室,教务处,校团委,总务处,科研处,电教处,教研组,语文教研组,数学教研组,外语教研组,物理教研组,化学教研组,历史教研组,地理教研组,生物教研组,体育教研组,美术教研组,音乐教研组,信息教研组,信息技术</name>\n        </dept>\n        <position>\n          <id></id>\n          <name></name>\n        </position>\n        <role>\n          <id></id>\n          <name></name>\n        </role>\n      </node1434768cbf8618>\n      <node14347695b2c57e>\n        <user>\n          <id>2,4,3,8,11,5,6,7,1,</id>\n          <name>马有才,淋雨燕,林峰,曹可爱,张的发,段志明,林涛,崔莹,系统管理员,</name>\n        </user>\n        <dept>\n          <id></id>\n          <name></name>\n        </dept>\n        <position>\n          <id></id>\n          <name></name>\n        </position>\n        <role>\n          <id></id>\n          <name></name>\n        </role>\n      </node14347695b2c57e>\n      <node14347698875299>\n        <user>\n          <id>2,3,4,8,1,11,5,6,7,</id>\n          <name>马有才,林峰,淋雨燕,曹可爱,系统管理员,张的发,段志明,林涛,崔莹,</name>\n        </user>\n        <dept>\n          <id>1,2,3,4,5,6,7,8,9,10,11,12,13,14,15,16,17,18,20,19,21</id>\n          <name>校领导,办公室,教务处,校团委,总务处,科研处,电教处,信息技术,教研组,语文教研组,数学教研组,外语教研组,物理教研组,化学教研组,历史教研组,地理教研组,生物教研组,体育教研组,美术教研组,音乐教研组,信息教研组</name>\n        </dept>\n        <position>\n          <id></id>\n          <name></name>\n        </position>\n        <role>\n          <id></id>\n          <name></name>\n        </role>\n      </node14347698875299>\n      <node1434769a2c4bc6>\n        <user>\n          <id>2,3,4,8,11,5,6,7,1,</id>\n          <name>马有才,林峰,淋雨燕,曹可爱,张的发,段志明,林涛,崔莹,系统管理员,</name>\n        </user>\n        <dept>\n          <id>1,2,3,5,4,6,7,8,9,10,11,12,13,14,15,16,17,18,20,19,21</id>\n          <name>校领导,办公室,教务处,总务处,校团委,科研处,电教处,信息技术,教研组,语文教研组,数学教研组,外语教研组,物理教研组,化学教研组,历史教研组,地理教研组,生物教研组,体育教研组,美术教研组,音乐教研组,信息教研组</name>\n        </dept>\n        <position>\n          <id></id>\n          <name></name>\n        </position>\n        <role>\n          <id></id>\n          <name></name>\n        </role>\n      </node1434769a2c4bc6>\n    </priv>\n    <plugins/>\n  </property>\n  <variable>\n    <v/>\n  </variable>\n</root>\n', '', '4', '1', '1');
INSERT INTO `wf_df_workflow` VALUES ('efae73b7-bb3e-ca45-cf31-633a4cdd63e2', '0', '物业报修单', '1', '1446446717', '<?xml version=\"1.0\" encoding=\"UTF-8\"?>\n<root>\n  <nodes>\n    <node150c700c0ea1d3>\n      <id>150c700c0ea1d3</id>\n      <type>start</type>\n      <locked>false</locked>\n      <underline>null</underline>\n      <text>\n        <text>开始</text>\n        <x>130</x>\n        <y>279</y>\n        <text-anchor>middle</text-anchor>\n        <font-weight>400</font-weight>\n        <font-style>normal</font-style>\n        <font-size>13</font-size>\n        <font-family>\"Arial\"</font-family>\n        <fill>#3E3E3E</fill>\n        <stroke>#3E3E3E</stroke>\n      </text>\n      <shape>\n        <x>130</x>\n        <y>279</y>\n        <width>50</width>\n        <height>50</height>\n        <r>25</r>\n        <stroke>#398439</stroke>\n        <fill>#FFF</fill>\n        <stroke-dasharray></stroke-dasharray>\n        <stroke-width>2</stroke-width>\n      </shape>\n    </node150c700c0ea1d3>\n    <node150c700ce8379e>\n      <id>150c700ce8379e</id>\n      <type>end</type>\n      <locked>false</locked>\n      <underline>null</underline>\n      <text>\n        <text>结束</text>\n        <x>1007</x>\n        <y>272</y>\n        <text-anchor>middle</text-anchor>\n        <font-weight>400</font-weight>\n        <font-style>normal</font-style>\n        <font-size>13</font-size>\n        <font-family>\"Arial\"</font-family>\n        <fill>#3E3E3E</fill>\n        <stroke>#3E3E3E</stroke>\n      </text>\n      <shape>\n        <x>1007</x>\n        <y>272</y>\n        <width>50</width>\n        <height>50</height>\n        <r>25</r>\n        <stroke>#d43f3a</stroke>\n        <fill>#FFF</fill>\n        <stroke-dasharray></stroke-dasharray>\n        <stroke-width>4</stroke-width>\n      </shape>\n    </node150c700ce8379e>\n    <node150c7014b34035>\n      <id>150c7014b34035</id>\n      <order>1</order>\n      <type>task</type>\n      <locked>false</locked>\n      <underline>null</underline>\n      <text>\n        <text>报修人</text>\n        <x>334.34017617666336</x>\n        <y>281</y>\n        <text-anchor>middle</text-anchor>\n        <font-weight>400</font-weight>\n        <font-style>normal</font-style>\n        <font-size>13</font-size>\n        <font-family>\"Arial\"</font-family>\n        <fill>#3E3E3E</fill>\n        <stroke>#3E3E3E</stroke>\n      </text>\n      <shape>\n        <x>328</x>\n        <y>281</y>\n        <width>137</width>\n        <height>46</height>\n        <r>3</r>\n        <stroke>#3E3E3E</stroke>\n        <fill>#FFF</fill>\n        <stroke-dasharray></stroke-dasharray>\n        <stroke-width>2</stroke-width>\n      </shape>\n    </node150c7014b34035>\n    <node150c7015159c55>\n      <id>150c7015159c55</id>\n      <order>2</order>\n      <type>task</type>\n      <locked>false</locked>\n      <underline>null</underline>\n      <text>\n        <text>意见</text>\n        <x>725.8401914582168</x>\n        <y>245</y>\n        <text-anchor>middle</text-anchor>\n        <font-weight>400</font-weight>\n        <font-style>normal</font-style>\n        <font-size>13</font-size>\n        <font-family>\"Arial\"</font-family>\n        <fill>#3E3E3E</fill>\n        <stroke>#3E3E3E</stroke>\n      </text>\n      <shape>\n        <x>719</x>\n        <y>245</y>\n        <width>100</width>\n        <height>50</height>\n        <r>3</r>\n        <stroke>#3E3E3E</stroke>\n        <fill>#FFF</fill>\n        <stroke-dasharray></stroke-dasharray>\n        <stroke-width>2</stroke-width>\n      </shape>\n    </node150c7015159c55>\n  </nodes>\n  <lines>\n    <line150c70211b50d5>\n      <id>150c70211b50d5</id>\n      <type>normal</type>\n      <from>node150c700c0ea1d3</from>\n      <to>node150c7014b34035</to>\n      <dots/>\n      <text>\n        <text></text>\n      </text>\n      <textPos>\n        <x></x>\n        <y></y>\n      </textPos>\n    </line150c70211b50d5>\n    <line150c70219f4f76>\n      <id>150c70219f4f76</id>\n      <type>normal</type>\n      <from>node150c7014b34035</from>\n      <to>node150c7015159c55</to>\n      <rule>\n        <type>0</type>\n        <params/>\n        <filter>0</filter>\n      </rule>\n      <dots/>\n      <text>\n        <text></text>\n      </text>\n      <textPos>\n        <x></x>\n        <y></y>\n      </textPos>\n    </line150c70219f4f76>\n    <line150c70221b4e45>\n      <id>150c70221b4e45</id>\n      <type>normal</type>\n      <from>node150c7015159c55</from>\n      <to>node150c700ce8379e</to>\n      <rule>\n        <type>0</type>\n        <params/>\n        <filter>0</filter>\n      </rule>\n      <dots/>\n      <text>\n        <text></text>\n      </text>\n      <textPos>\n        <x></x>\n        <y></y>\n      </textPos>\n    </line150c70221b4e45>\n  </lines>\n  <pools/>\n  <property>\n    <mode>\n      <node150c7014b34035>normal</node150c7014b34035>\n      <node150c7015159c55>normal</node150c7015159c55>\n    </mode>\n    <selectusermode>\n      <node150c7014b34035>list</node150c7014b34035>\n      <node150c7015159c55>list</node150c7015159c55>\n    </selectusermode>\n    <allowmobilehandle>\n      <node150c7014b34035>1</node150c7014b34035>\n      <node150c7015159c55>1</node150c7015159c55>\n    </allowmobilehandle>\n    <innerloop>\n      <node150c7014b34035>0</node150c7014b34035>\n      <node150c7015159c55>0</node150c7015159c55>\n    </innerloop>\n    <allowsettingmobilehandle>\n      <node150c7014b34035>1</node150c7014b34035>\n      <node150c7015159c55>1</node150c7015159c55>\n    </allowsettingmobilehandle>\n    <priv>\n      <node150c7014b34035>\n        <user>\n          <id>9,42,2,3,4,8,1,11,5,6,7,</id>\n          <name>李佳,测试,马有才,林峰,淋雨燕,曹可爱,系统管理员,张的发,段志明,林涛,崔莹,</name>\n        </user>\n        <dept>\n          <id></id>\n          <name></name>\n        </dept>\n        <position>\n          <id></id>\n          <name></name>\n        </position>\n        <role>\n          <id></id>\n          <name></name>\n        </role>\n      </node150c7014b34035>\n      <node150c7015159c55>\n        <user>\n          <id>3,</id>\n          <name>林峰,</name>\n        </user>\n        <dept>\n          <id></id>\n          <name></name>\n        </dept>\n        <position>\n          <id></id>\n          <name></name>\n        </position>\n        <role>\n          <id></id>\n          <name></name>\n        </role>\n      </node150c7015159c55>\n    </priv>\n    <plugins/>\n  </property>\n  <variable>\n    <v/>\n  </variable>\n</root>\n', null, '7', '4', '1');

-- ----------------------------
-- Table structure for wf_rt_application
-- ----------------------------
DROP TABLE IF EXISTS `wf_rt_application`;
CREATE TABLE `wf_rt_application` (
  `id` int(11) NOT NULL AUTO_INCREMENT,
  `application_id` char(36) NOT NULL,
  PRIMARY KEY (`id`),
  KEY `application_id` (`application_id`),
  CONSTRAINT `application_id` FOREIGN KEY (`application_id`) REFERENCES `wf_df_application` (`id`) ON UPDATE CASCADE
) ENGINE=InnoDB DEFAULT CHARSET=utf8;

-- ----------------------------
-- Records of wf_rt_application
-- ----------------------------

-- ----------------------------
-- Table structure for wf_rt_comment
-- ----------------------------
DROP TABLE IF EXISTS `wf_rt_comment`;
CREATE TABLE `wf_rt_comment` (
  `id` int(11) NOT NULL AUTO_INCREMENT COMMENT '自增主键',
  `process_id` char(36) NOT NULL COMMENT '流程实例ID',
  `task_id` char(36) NOT NULL COMMENT '任务ID',
  `content` text NOT NULL COMMENT '评论内容',
  `create_user` int(11) NOT NULL COMMENT '创建人',
  `create_time` int(11) NOT NULL COMMENT '创建时间',
  `reply_comment_id` int(11) NOT NULL COMMENT '父级评论ID',
  `comment_type` int(11) NOT NULL COMMENT '意见类型,0-批办,1-回退,2-局长回复意见',
  `user_org` varchar(255) NOT NULL COMMENT '创建人所属部门',
  PRIMARY KEY (`id`)
) ENGINE=InnoDB DEFAULT CHARSET=utf8 COMMENT='流程会签意见表';

-- ----------------------------
-- Records of wf_rt_comment
-- ----------------------------

-- ----------------------------
-- Table structure for wf_rt_hook
-- ----------------------------
DROP TABLE IF EXISTS `wf_rt_hook`;
CREATE TABLE `wf_rt_hook` (
  `id` int(11) NOT NULL AUTO_INCREMENT,
  `hook_name` varchar(255) NOT NULL,
  `hook_model` varchar(255) NOT NULL,
  `hook_desc` varchar(255) NOT NULL,
  `app_id` int(11) NOT NULL,
  `wf_df_application_id` varchar(255) NOT NULL,
  `xml_data` text NOT NULL,
  `status` int(11) NOT NULL DEFAULT '1',
  `is_sys` int(11) NOT NULL DEFAULT '0',
  PRIMARY KEY (`id`)
) ENGINE=InnoDB DEFAULT CHARSET=utf8;

-- ----------------------------
-- Records of wf_rt_hook
-- ----------------------------

-- ----------------------------
-- Table structure for wf_rt_log
-- ----------------------------
DROP TABLE IF EXISTS `wf_rt_log`;
CREATE TABLE `wf_rt_log` (
  `id` int(11) NOT NULL AUTO_INCREMENT,
  `process_id` varchar(36) NOT NULL,
  `log_type` smallint(1) NOT NULL,
  `create_user` int(11) NOT NULL,
  `create_time` int(10) NOT NULL,
  `content` text NOT NULL,
  `task_id` varchar(36) NOT NULL,
  PRIMARY KEY (`id`)
) ENGINE=InnoDB DEFAULT CHARSET=utf8;

-- ----------------------------
-- Records of wf_rt_log
-- ----------------------------

-- ----------------------------
-- Table structure for wf_rt_process
-- ----------------------------
DROP TABLE IF EXISTS `wf_rt_process`;
CREATE TABLE `wf_rt_process` (
  `id` char(36) NOT NULL,
  `workflow_id` char(36) NOT NULL COMMENT '模型ID',
  `status` smallint(1) NOT NULL COMMENT '实例状态',
  `create_user` int(11) NOT NULL COMMENT '创建人',
  `create_time` int(11) NOT NULL COMMENT '创建时间',
  `process_name` varchar(255) NOT NULL COMMENT '实例名称',
  `end_time` int(11) NOT NULL COMMENT '结束时间',
  `variable` text,
  `is_overtime` smallint(1) NOT NULL DEFAULT '0' COMMENT '0:不超时;1:超时',
  `model` varchar(255) NOT NULL,
  `pk` varchar(255) NOT NULL,
  PRIMARY KEY (`id`),
  KEY `idx_create_user` (`create_user`)
) ENGINE=InnoDB DEFAULT CHARSET=utf8;

-- ----------------------------
-- Records of wf_rt_process
-- ----------------------------

-- ----------------------------
-- Table structure for wf_rt_process_map
-- ----------------------------
DROP TABLE IF EXISTS `wf_rt_process_map`;
CREATE TABLE `wf_rt_process_map` (
  `id` int(11) NOT NULL AUTO_INCREMENT COMMENT '自增ID',
  `model` varchar(64) NOT NULL COMMENT '业务模型名称',
  `pk` varchar(36) NOT NULL COMMENT '业务数据主键',
  `process_id` char(36) NOT NULL COMMENT '流程实例ID',
  PRIMARY KEY (`id`),
  KEY `idx_process_id` (`process_id`),
  KEY `idx_mp` (`model`,`pk`)
) ENGINE=InnoDB DEFAULT CHARSET=utf8 COMMENT='流程实例与业务数据映射表';

-- ----------------------------
-- Records of wf_rt_process_map
-- ----------------------------

-- ----------------------------
-- Table structure for wf_rt_run_hook
-- ----------------------------
DROP TABLE IF EXISTS `wf_rt_run_hook`;
CREATE TABLE `wf_rt_run_hook` (
  `application_id` int(11) NOT NULL AUTO_INCREMENT,
  `model` varchar(255) NOT NULL,
  `pk` int(11) NOT NULL,
  PRIMARY KEY (`application_id`)
) ENGINE=InnoDB DEFAULT CHARSET=utf8;

-- ----------------------------
-- Records of wf_rt_run_hook
-- ----------------------------

-- ----------------------------
-- Table structure for wf_rt_task
-- ----------------------------
DROP TABLE IF EXISTS `wf_rt_task`;
CREATE TABLE `wf_rt_task` (
  `id` varchar(36) NOT NULL,
  `process_id` varchar(36) NOT NULL,
  `task_name` varchar(36) NOT NULL COMMENT '任务名称',
  `task_user` int(11) NOT NULL COMMENT '任务办理人',
  `task_id` varchar(36) NOT NULL COMMENT '任务ID',
  `task_num` int(11) NOT NULL COMMENT '任务序号',
  `status` smallint(1) NOT NULL COMMENT '0:停止;1:运行中;2:挂起',
  `create_user` int(11) NOT NULL,
  `create_time` int(11) NOT NULL,
  `start_time` int(11) NOT NULL COMMENT '开始办理时间',
  `end_time` int(11) NOT NULL COMMENT '结束办理时间',
  `delegate_user` int(11) NOT NULL DEFAULT '0' COMMENT '委托人',
  `end_task` int(1) NOT NULL COMMENT '0:非结束节点;1:结束节点',
  `allow_mobile_handle` smallint(1) NOT NULL DEFAULT '1' COMMENT '0:不允许移动端处理;1:允许移动端处理',
  `is_overtime` smallint(1) NOT NULL DEFAULT '0' COMMENT '0:不超时;1:超时',
  `limit_time` int(11) DEFAULT NULL COMMENT '办理时限',
  `from_node_id` varchar(36) NOT NULL COMMENT '转交节点',
  `is_new` tinyint(1) NOT NULL DEFAULT '1',
  `is_rollback` int(11) NOT NULL DEFAULT '0',
  `remind_num` int(5) NOT NULL COMMENT '超时提醒次数',
  `transition_receive_user` int(11) NOT NULL DEFAULT '0' COMMENT '最后一次工作移交的接收人',
  PRIMARY KEY (`id`),
  KEY `idx_process_id` (`process_id`),
  KEY `idx_task_user` (`task_user`),
  CONSTRAINT `wf_rt_task_ibfk_1` FOREIGN KEY (`process_id`) REFERENCES `wf_rt_process` (`id`) ON DELETE CASCADE ON UPDATE CASCADE
) ENGINE=InnoDB DEFAULT CHARSET=utf8;

-- ----------------------------
-- Records of wf_rt_task
-- ----------------------------

-- ----------------------------
-- Table structure for wf_rt_user
-- ----------------------------
DROP TABLE IF EXISTS `wf_rt_user`;
CREATE TABLE `wf_rt_user` (
  `id` int(11) NOT NULL AUTO_INCREMENT,
  `user_id` int(11) NOT NULL,
  `task_id` char(36) NOT NULL,
  `workflow_id` char(36) NOT NULL,
  `main_org` int(11) NOT NULL,
  `user_name` varchar(100) NOT NULL,
  `org_name` varchar(255) NOT NULL,
  `role` varchar(255) NOT NULL,
  `position_name` varchar(100) NOT NULL,
  `is_enabled` char(1) NOT NULL,
  `avatar` varchar(20) NOT NULL,
  `gender` tinyint(1) NOT NULL DEFAULT '0',
  `is_interface` tinyint(1) NOT NULL DEFAULT '0',
  `user_org_order` varchar(255) NOT NULL,
  `org_id` varchar(255) NOT NULL,
  `order_no` int(11) NOT NULL,
  `user_name_index` varchar(255) NOT NULL,
  PRIMARY KEY (`id`),
  KEY `idx_task_id` (`task_id`),
  KEY `idx_workflow_id` (`workflow_id`)
) ENGINE=InnoDB DEFAULT CHARSET=utf8;

-- ----------------------------
-- Records of wf_rt_user
-- ----------------------------

-- ----------------------------
-- View structure for edu_dormitory_adminview
-- ----------------------------
DROP VIEW IF EXISTS `edu_dormitory_adminview`;
CREATE ALGORITHM=UNDEFINED DEFINER=`root`@`127.0.0.1` SQL SECURITY DEFINER VIEW `edu_dormitory_adminview` AS select `edu_dormitory_admin`.`ID` AS `ID`,`edu_dormitory_admin`.`Name` AS `Name`,`edu_dormitory_admin`.`WorkType` AS `WorkType`,`edu_dormitory_admin`.`WorkTime` AS `WorkTime`,`edu_dormitory_admin`.`Dormitory` AS `Dormitory`,`edu_dormitory_items`.`BuildName` AS `DormitoryName`,`edu_dormitory_admin`.`Floor` AS `Floor`,`edu_dormitory_admin`.`Duty` AS `Duty`,`edu_dormitory_admin`.`Tel` AS `Tel`,`edu_dormitory_admin`.`Memo` AS `Memo` from (`edu_dormitory_admin` left join `edu_dormitory_items` on((`edu_dormitory_admin`.`Dormitory` = `edu_dormitory_items`.`ID`))) ;

-- ----------------------------
-- View structure for edu_dormitory_houseview
-- ----------------------------
DROP VIEW IF EXISTS `edu_dormitory_houseview`;
CREATE ALGORITHM=UNDEFINED DEFINER=`root`@`127.0.0.1` SQL SECURITY DEFINER VIEW `edu_dormitory_houseview` AS select `edu_dormitory_house`.`ID` AS `ID`,`edu_dormitory_house`.`DormitoryID` AS `DormitoryID`,`edu_dormitory_house`.`Floor` AS `Floor`,`edu_dormitory_house`.`Number` AS `Number`,`edu_dormitory_house`.`Area` AS `Area`,`edu_dormitory_house`.`BedNumber` AS `BedNumber`,`edu_dormitory_house`.`IsUse` AS `IsUse`,`edu_dormitory_items`.`BuildName` AS `DormitoryName`,`edu_dormitory_house`.`ResidueBed` AS `ResidueBed`,`edu_dormitory_house`.`StudentID` AS `StudentID`,`edu_dormitory_house`.`StudentName` AS `StudentName` from (`edu_dormitory_house` left join `edu_dormitory_items` on((`edu_dormitory_house`.`DormitoryID` = `edu_dormitory_items`.`ID`))) ;

-- ----------------------------
-- View structure for edu_moral_recordview
-- ----------------------------
DROP VIEW IF EXISTS `edu_moral_recordview`;
CREATE ALGORITHM=UNDEFINED DEFINER=`root`@`127.0.0.1` SQL SECURITY DEFINER VIEW `edu_moral_recordview` AS select `edu_moral_record`.`ID` AS `ID`,`edu_org`.`parent_id` AS `GradeID`,`edu_moral_record`.`ClassID` AS `ClassID`,`edu_org`.`long_name` AS `ClassName`,`edu_moral_record`.`Date` AS `Date`,`edu_moral_record`.`StudentsID` AS `StudentsID`,`edu_moral_record`.`StudentsName` AS `StudentsName`,`edu_moral_record`.`TypeName` AS `TypeName`,`edu_moral_record`.`Point` AS `Point`,`edu_moral_record`.`Memo` AS `Memo` from (`edu_moral_record` left join `edu_org` on((`edu_moral_record`.`ClassID` = `edu_org`.`id`))) ;

-- ----------------------------
-- View structure for edu_peerresponseview
-- ----------------------------
DROP VIEW IF EXISTS `edu_peerresponseview`;
CREATE ALGORITHM=UNDEFINED DEFINER=`root`@`127.0.0.1` SQL SECURITY DEFINER VIEW `edu_peerresponseview` AS select `edu_peerresponse`.`ID` AS `ID`,`edu_peerresponse`.`Year` AS `Year`,`edu_peerresponse`.`Range` AS `Range`,`edu_peerresponse`.`StudentID` AS `StudentID`,`edu_peerresponse`.`EvaluateStudentID` AS `EvaluateStudentID`,`edu_peerresponse`.`Socre` AS `Socre`,`edu_students_a`.`name` AS `StudentName`,`edu_students_a`.`org_id` AS `OrgID`,`edu_students_b`.`name` AS `EvaluateStudentName` from ((`edu_peerresponse` left join `edu_students` `edu_students_a` on((`edu_peerresponse`.`StudentID` = `edu_students_a`.`id`))) left join `edu_students` `edu_students_b` on((`edu_peerresponse`.`EvaluateStudentID` = `edu_students_b`.`id`))) ;
DROP TRIGGER IF EXISTS `trigger_message_insert`;
DELIMITER ;;
CREATE TRIGGER `trigger_message_insert` AFTER INSERT ON `message` FOR EACH ROW begin
select id, user1, user2 into @id, @user1, @user2 from message_relations where (user1=NEW.create_user and user2=NEW.to_uid) or (user1=NEW.to_uid and user2=NEW.create_user) limit 1;
if @id > 0 then
	set @count1 := (select count(id) from message where create_user=@user1 and to_uid=@user2);
	set @count2 := (select count(id) from message where create_user=@user2 and to_uid=@user1);
	update message_relations set counter1=@count1, counter2=@count2, msg_id=NEW.id, update_time=NEW.create_time where id=@id;
else
	set @user1 = new.create_user;
	set @user2 = new.to_uid;
	set @count1 = 1;
	set @count2 = 0;
	insert into message_relations (msg_id, update_time, user1, user2, counter1, counter2) values(NEW.id, NEW.create_time, @user1, @user2, @count1, @count2);
end if;
end
;;
DELIMITER ;
